{
  "r_values": [0.1, 0.15, 0.2, 0.25, 0.3],
  "alpha_values": [
    0.03,
    0.03857142857142857,
    0.04714285714285714,
    0.055714285714285716,
    0.06428571428571428,
    0.07285714285714286,
    0.08142857142857143,
    0.09,
    0.09857142857142857,
    0.10714285714285714,
    0.11571428571428571,
    0.12428571428571428,
    0.13285714285714287,
    0.14142857142857143,
    0.15
  ],
  "seeds_per_cell": 10
}
