failure_predicate,partition,simulator_id,address_id,directionality_estimand,effect_levels,spearman_delta_target_response,monotonic_response_fraction,endpoint_target_response_change,minimum_finite_response_rate,spearman_delta_target_contrast,monotonic_contrast_fraction,endpoint_target_contrast_change,spearman_delta_target,monotonic_fraction,endpoint_target_change,minimum_finite_rate,effect_curve_json
local_criterion_breach,confirmation,joint_empirical_cluster_bootstrap,2089c8ead568c49eba0d317f,target_response_from_simulated_null,4,,1.0,0.0,0.4765625,,1.0,0.0,,1.0,0.0,0.4765625,"[{""delta"":0.0,""finite_rate"":0.546875,""finite_response_rate"":0.546875,""mean_target_contrast"":0.0,""mean_target_response"":0.0},{""delta"":0.25,""finite_rate"":0.4765625,""finite_response_rate"":0.4765625,""mean_target_contrast"":0.0,""mean_target_response"":0.0},{""delta"":0.5,""finite_rate"":0.5078125,""finite_response_rate"":0.5078125,""mean_target_contrast"":0.0,""mean_target_response"":0.0},{""delta"":1.0,""finite_rate"":0.4765625,""finite_response_rate"":0.4765625,""mean_target_contrast"":0.0,""mean_target_response"":0.0}]"
local_criterion_breach,confirmation,joint_empirical_cluster_bootstrap,2f394559fbe5789c99da9eda,target_response_from_simulated_null,4,,1.0,0.0,0.859375,,1.0,0.0,,1.0,0.0,0.859375,"[{""delta"":0.0,""finite_rate"":0.9140625,""finite_response_rate"":0.9140625,""mean_target_contrast"":0.0,""mean_target_response"":0.0},{""delta"":0.25,""finite_rate"":0.90625,""finite_response_rate"":0.90625,""mean_target_contrast"":0.0,""mean_target_response"":0.0},{""delta"":0.5,""finite_rate"":0.859375,""finite_response_rate"":0.859375,""mean_target_contrast"":0.0,""mean_target_response"":0.0},{""delta"":1.0,""finite_rate"":0.8828125,""finite_response_rate"":0.8828125,""mean_target_contrast"":0.0,""mean_target_response"":0.0}]"
local_criterion_breach,confirmation,joint_empirical_cluster_bootstrap,63063743372cd08e7e4c4ed8,target_response_from_simulated_null,4,1.0,1.0,0.4833457341269841,1.0,1.0,1.0,0.4858158680745997,1.0,1.0,0.4833457341269841,1.0,"[{""delta"":0.0,""finite_rate"":1.0,""finite_response_rate"":1.0,""mean_target_contrast"":-0.014355697067094138,""mean_target_response"":0.0},{""delta"":0.25,""finite_rate"":1.0,""finite_response_rate"":1.0,""mean_target_contrast"":0.05856474782026252,""mean_target_response"":0.06909412202380953},{""delta"":0.5,""finite_rate"":1.0,""finite_response_rate"":1.0,""mean_target_contrast"":0.4161573748453344,""mean_target_response"":0.43080047123015874},{""delta"":1.0,""finite_rate"":1.0,""finite_response_rate"":1.0,""mean_target_contrast"":0.47146017100750554,""mean_target_response"":0.4833457341269841}]"
local_criterion_breach,confirmation,joint_empirical_cluster_bootstrap,9a1b8537bb0aac4dd2f70530,target_response_from_simulated_null,4,,1.0,0.0,0.9140625,-0.19999999999999998,0.6666666666666666,-0.012489464118049437,,1.0,0.0,0.9140625,"[{""delta"":0.0,""finite_rate"":0.9453125,""finite_response_rate"":0.9453125,""mean_target_contrast"":0.1555005924232954,""mean_target_response"":0.0},{""delta"":0.25,""finite_rate"":0.9453125,""finite_response_rate"":0.9453125,""mean_target_contrast"":0.1297744792883344,""mean_target_response"":0.0},{""delta"":0.5,""finite_rate"":0.96875,""finite_response_rate"":0.96875,""mean_target_contrast"":0.13206872191691926,""mean_target_response"":0.0},{""delta"":1.0,""finite_rate"":0.9140625,""finite_response_rate"":0.9140625,""mean_target_contrast"":0.14301112830524595,""mean_target_response"":0.0}]"
local_criterion_breach,confirmation,joint_empirical_cluster_bootstrap,a24a4754e3d139d456235b65,target_response_from_simulated_null,4,,1.0,0.0,0.59375,0.7999999999999999,0.6666666666666666,0.0022977285693909603,,1.0,0.0,0.59375,"[{""delta"":0.0,""finite_rate"":0.640625,""finite_response_rate"":0.640625,""mean_target_contrast"":-0.020663956639566397,""mean_target_response"":0.0},{""delta"":0.25,""finite_rate"":0.625,""finite_response_rate"":0.625,""mean_target_contrast"":-0.020399305555555556,""mean_target_response"":0.0},{""delta"":0.5,""finite_rate"":0.625,""finite_response_rate"":0.625,""mean_target_contrast"":-0.018055555555555554,""mean_target_response"":0.0},{""delta"":1.0,""finite_rate"":0.59375,""finite_response_rate"":0.59375,""mean_target_contrast"":-0.018366228070175437,""mean_target_response"":0.0}]"
local_criterion_breach,confirmation,joint_empirical_cluster_bootstrap,cba4ba2ba78612dd885992ab,target_response_from_simulated_null,4,,1.0,0.0,0.625,0.39999999999999997,0.6666666666666666,0.014647095837277108,,1.0,0.0,0.625,"[{""delta"":0.0,""finite_rate"":0.640625,""finite_response_rate"":0.640625,""mean_target_contrast"":0.06726321287980154,""mean_target_response"":0.0},{""delta"":0.25,""finite_rate"":0.640625,""finite_response_rate"":0.640625,""mean_target_contrast"":0.07510584543494808,""mean_target_response"":0.0},{""delta"":0.5,""finite_rate"":0.6328125,""finite_response_rate"":0.6328125,""mean_target_contrast"":0.06302332677890747,""mean_target_response"":0.0},{""delta"":1.0,""finite_rate"":0.625,""finite_response_rate"":0.625,""mean_target_contrast"":0.08191030871707865,""mean_target_response"":0.0}]"
local_criterion_breach,confirmation,joint_gaussian_regularized_cluster,2089c8ead568c49eba0d317f,target_response_from_simulated_null,4,1.0,1.0,0.033203125,1.0,1.0,1.0,0.03297061011904762,1.0,1.0,0.033203125,1.0,"[{""delta"":0.0,""finite_rate"":1.0,""finite_response_rate"":1.0,""mean_target_contrast"":0.004557291666666667,""mean_target_response"":0.0},{""delta"":0.25,""finite_rate"":1.0,""finite_response_rate"":1.0,""mean_target_contrast"":0.009765625,""mean_target_response"":0.00244140625},{""delta"":0.5,""finite_rate"":1.0,""finite_response_rate"":1.0,""mean_target_contrast"":0.023367745535714284,""mean_target_response"":0.01611328125},{""delta"":1.0,""finite_rate"":1.0,""finite_response_rate"":1.0,""mean_target_contrast"":0.03752790178571429,""mean_target_response"":0.033203125}]"
local_criterion_breach,confirmation,joint_gaussian_regularized_cluster,2f394559fbe5789c99da9eda,target_response_from_simulated_null,4,,1.0,0.0,1.0,,1.0,0.0,,1.0,0.0,1.0,"[{""delta"":0.0,""finite_rate"":1.0,""finite_response_rate"":1.0,""mean_target_contrast"":0.0,""mean_target_response"":0.0},{""delta"":0.25,""finite_rate"":1.0,""finite_response_rate"":1.0,""mean_target_contrast"":0.0,""mean_target_response"":0.0},{""delta"":0.5,""finite_rate"":1.0,""finite_response_rate"":1.0,""mean_target_contrast"":0.0,""mean_target_response"":0.0},{""delta"":1.0,""finite_rate"":1.0,""finite_response_rate"":1.0,""mean_target_contrast"":0.0,""mean_target_response"":0.0}]"
local_criterion_breach,confirmation,joint_gaussian_regularized_cluster,63063743372cd08e7e4c4ed8,target_response_from_simulated_null,4,1.0,1.0,0.09088541666666666,1.0,1.0,1.0,0.089453125,1.0,1.0,0.09088541666666666,1.0,"[{""delta"":0.0,""finite_rate"":1.0,""finite_response_rate"":1.0,""mean_target_contrast"":-0.026671006944444457,""mean_target_response"":0.0},{""delta"":0.25,""finite_rate"":1.0,""finite_response_rate"":1.0,""mean_target_contrast"":-0.0013020833333333487,""mean_target_response"":0.027473958333333333},{""delta"":0.5,""finite_rate"":1.0,""finite_response_rate"":1.0,""mean_target_contrast"":0.0298611111111111,""mean_target_response"":0.05651041666666667},{""delta"":1.0,""finite_rate"":1.0,""finite_response_rate"":1.0,""mean_target_contrast"":0.06278211805555554,""mean_target_response"":0.09088541666666666}]"
local_criterion_breach,confirmation,joint_gaussian_regularized_cluster,9a1b8537bb0aac4dd2f70530,target_response_from_simulated_null,4,1.0,1.0,0.030078125,1.0,0.39999999999999997,0.6666666666666666,0.038083400974025974,1.0,1.0,0.030078125,1.0,"[{""delta"":0.0,""finite_rate"":1.0,""finite_response_rate"":1.0,""mean_target_contrast"":0.03270934794372293,""mean_target_response"":0.0},{""delta"":0.25,""finite_rate"":1.0,""finite_response_rate"":1.0,""mean_target_contrast"":0.033291057900432894,""mean_target_response"":0.008203124999999999},{""delta"":0.5,""finite_rate"":1.0,""finite_response_rate"":1.0,""mean_target_contrast"":0.021611201298701293,""mean_target_response"":0.0109375},{""delta"":1.0,""finite_rate"":1.0,""finite_response_rate"":1.0,""mean_target_contrast"":0.07079274891774891,""mean_target_response"":0.030078125}]"
local_criterion_breach,confirmation,joint_gaussian_regularized_cluster,a24a4754e3d139d456235b65,target_response_from_simulated_null,4,1.0,1.0,0.04367897727272727,1.0,1.0,1.0,0.09002130681818182,1.0,1.0,0.04367897727272727,1.0,"[{""delta"":0.0,""finite_rate"":1.0,""finite_response_rate"":1.0,""mean_target_contrast"":-0.013592960858585865,""mean_target_response"":0.0},{""delta"":0.25,""finite_rate"":1.0,""finite_response_rate"":1.0,""mean_target_contrast"":-0.005109690656565663,""mean_target_response"":0.012073863636363636},{""delta"":0.5,""finite_rate"":1.0,""finite_response_rate"":1.0,""mean_target_contrast"":0.03101325757575757,""mean_target_response"":0.028409090909090908},{""delta"":1.0,""finite_rate"":1.0,""finite_response_rate"":1.0,""mean_target_contrast"":0.07642834595959595,""mean_target_response"":0.04367897727272727}]"
local_criterion_breach,confirmation,joint_gaussian_regularized_cluster,cba4ba2ba78612dd885992ab,target_response_from_simulated_null,4,1.0,1.0,0.0751953125,1.0,1.0,1.0,0.0801361125168691,1.0,1.0,0.0751953125,1.0,"[{""delta"":0.0,""finite_rate"":1.0,""finite_response_rate"":1.0,""mean_target_contrast"":0.012825784412955458,""mean_target_response"":0.0},{""delta"":0.25,""finite_rate"":1.0,""finite_response_rate"":1.0,""mean_target_contrast"":0.03748629385964911,""mean_target_response"":0.022135416666666664},{""delta"":0.5,""finite_rate"":1.0,""finite_response_rate"":1.0,""mean_target_contrast"":0.05161547950404857,""mean_target_response"":0.0546875},{""delta"":1.0,""finite_rate"":1.0,""finite_response_rate"":1.0,""mean_target_contrast"":0.09296189692982455,""mean_target_response"":0.0751953125}]"
local_criterion_breach,confirmation,joint_wild_cluster_rademacher,2089c8ead568c49eba0d317f,target_response_from_simulated_null,4,0.7745966692414834,1.0,0.056640625,1.0,0.7745966692414834,1.0,0.056640625,0.7745966692414834,1.0,0.056640625,1.0,"[{""delta"":0.0,""finite_rate"":1.0,""finite_response_rate"":1.0,""mean_target_contrast"":0.0,""mean_target_response"":0.0},{""delta"":0.25,""finite_rate"":1.0,""finite_response_rate"":1.0,""mean_target_contrast"":0.0,""mean_target_response"":0.0},{""delta"":0.5,""finite_rate"":1.0,""finite_response_rate"":1.0,""mean_target_contrast"":0.0,""mean_target_response"":0.0},{""delta"":1.0,""finite_rate"":1.0,""finite_response_rate"":1.0,""mean_target_contrast"":0.056640625,""mean_target_response"":0.056640625}]"
local_criterion_breach,confirmation,joint_wild_cluster_rademacher,2f394559fbe5789c99da9eda,target_response_from_simulated_null,4,,1.0,0.0,1.0,,1.0,0.0,,1.0,0.0,1.0,"[{""delta"":0.0,""finite_rate"":1.0,""finite_response_rate"":1.0,""mean_target_contrast"":0.0,""mean_target_response"":0.0},{""delta"":0.25,""finite_rate"":1.0,""finite_response_rate"":1.0,""mean_target_contrast"":0.0,""mean_target_response"":0.0},{""delta"":0.5,""finite_rate"":1.0,""finite_response_rate"":1.0,""mean_target_contrast"":0.0,""mean_target_response"":0.0},{""delta"":1.0,""finite_rate"":1.0,""finite_response_rate"":1.0,""mean_target_contrast"":0.0,""mean_target_response"":0.0}]"
local_criterion_breach,confirmation,joint_wild_cluster_rademacher,63063743372cd08e7e4c4ed8,target_response_from_simulated_null,4,1.0,1.0,0.29635416666666664,1.0,1.0,1.0,0.2961588541666667,1.0,1.0,0.29635416666666664,1.0,"[{""delta"":0.0,""finite_rate"":1.0,""finite_response_rate"":1.0,""mean_target_contrast"":-0.004839409722222236,""mean_target_response"":0.0},{""delta"":0.25,""finite_rate"":1.0,""finite_response_rate"":1.0,""mean_target_contrast"":0.06380208333333334,""mean_target_response"":0.06666666666666668},{""delta"":0.5,""finite_rate"":1.0,""finite_response_rate"":1.0,""mean_target_contrast"":0.2689887152777778,""mean_target_response"":0.271484375},{""delta"":1.0,""finite_rate"":1.0,""finite_response_rate"":1.0,""mean_target_contrast"":0.29131944444444446,""mean_target_response"":0.29635416666666664}]"
local_criterion_breach,confirmation,joint_wild_cluster_rademacher,9a1b8537bb0aac4dd2f70530,target_response_from_simulated_null,4,,1.0,0.0,1.0,,1.0,0.0,,1.0,0.0,1.0,"[{""delta"":0.0,""finite_rate"":1.0,""finite_response_rate"":1.0,""mean_target_contrast"":0.07575757575757575,""mean_target_response"":0.0},{""delta"":0.25,""finite_rate"":1.0,""finite_response_rate"":1.0,""mean_target_contrast"":0.07575757575757575,""mean_target_response"":0.0},{""delta"":0.5,""finite_rate"":1.0,""finite_response_rate"":1.0,""mean_target_contrast"":0.07575757575757575,""mean_target_response"":0.0},{""delta"":1.0,""finite_rate"":1.0,""finite_response_rate"":1.0,""mean_target_contrast"":0.07575757575757575,""mean_target_response"":0.0}]"
local_criterion_breach,confirmation,joint_wild_cluster_rademacher,a24a4754e3d139d456235b65,target_response_from_simulated_null,4,0.9486832980505139,1.0,0.14701704545454544,1.0,0.7999999999999999,0.6666666666666666,0.1125118371212121,0.9486832980505139,1.0,0.14701704545454544,1.0,"[{""delta"":0.0,""finite_rate"":1.0,""finite_response_rate"":1.0,""mean_target_contrast"":-0.1697048611111111,""mean_target_response"":0.0},{""delta"":0.25,""finite_rate"":1.0,""finite_response_rate"":1.0,""mean_target_contrast"":-0.17860243055555555,""mean_target_response"":0.0},{""delta"":0.5,""finite_rate"":1.0,""finite_response_rate"":1.0,""mean_target_contrast"":-0.11190025252525253,""mean_target_response"":0.12073863636363637},{""delta"":1.0,""finite_rate"":1.0,""finite_response_rate"":1.0,""mean_target_contrast"":-0.057193023989899006,""mean_target_response"":0.14701704545454544}]"
local_criterion_breach,confirmation,joint_wild_cluster_rademacher,cba4ba2ba78612dd885992ab,target_response_from_simulated_null,4,,1.0,0.0,1.0,-0.39999999999999997,0.3333333333333333,-0.017936593286099867,,1.0,0.0,1.0,"[{""delta"":0.0,""finite_rate"":1.0,""finite_response_rate"":1.0,""mean_target_contrast"":0.15112996584008095,""mean_target_response"":0.0},{""delta"":0.25,""finite_rate"":1.0,""finite_response_rate"":1.0,""mean_target_contrast"":0.1327400156039136,""mean_target_response"":0.0},{""delta"":0.5,""finite_rate"":1.0,""finite_response_rate"":1.0,""mean_target_contrast"":0.1393044660931174,""mean_target_response"":0.0},{""delta"":1.0,""finite_rate"":1.0,""finite_response_rate"":1.0,""mean_target_contrast"":0.1331933725539811,""mean_target_response"":0.0}]"
local_criterion_breach,discovery,joint_empirical_cluster_bootstrap,2089c8ead568c49eba0d317f,target_response_from_simulated_null,4,0.7745966692414834,1.0,0.04644731908511436,0.9921875,0.7745966692414834,1.0,0.04644731908511436,0.7745966692414834,1.0,0.04644731908511436,0.9921875,"[{""delta"":0.0,""finite_rate"":1.0,""finite_response_rate"":1.0,""mean_target_contrast"":0.0,""mean_target_response"":0.0},{""delta"":0.25,""finite_rate"":0.9921875,""finite_response_rate"":0.9921875,""mean_target_contrast"":0.0,""mean_target_response"":0.0},{""delta"":0.5,""finite_rate"":1.0,""finite_response_rate"":1.0,""mean_target_contrast"":0.0,""mean_target_response"":0.0},{""delta"":1.0,""finite_rate"":0.9921875,""finite_response_rate"":0.9921875,""mean_target_contrast"":0.04644731908511436,""mean_target_response"":0.04644731908511436}]"
local_criterion_breach,discovery,joint_empirical_cluster_bootstrap,2f394559fbe5789c99da9eda,target_response_from_simulated_null,4,0.7745966692414834,1.0,0.08333333333333333,0.6015625,0.7999999999999999,0.6666666666666666,0.08397165422481878,0.7745966692414834,1.0,0.08333333333333333,0.6015625,"[{""delta"":0.0,""finite_rate"":0.6171875,""finite_response_rate"":0.6171875,""mean_target_contrast"":-0.03657460682777138,""mean_target_response"":0.0},{""delta"":0.25,""finite_rate"":0.6328125,""finite_response_rate"":0.6328125,""mean_target_contrast"":0.0472003990522509,""mean_target_response"":0.08333333333333333},{""delta"":0.5,""finite_rate"":0.6015625,""finite_response_rate"":0.6015625,""mean_target_contrast"":0.04624163715072805,""mean_target_response"":0.08333333333333333},{""delta"":1.0,""finite_rate"":0.609375,""finite_response_rate"":0.609375,""mean_target_contrast"":0.04739704739704739,""mean_target_response"":0.08333333333333333}]"
local_criterion_breach,discovery,joint_empirical_cluster_bootstrap,63063743372cd08e7e4c4ed8,target_response_from_simulated_null,4,1.0,1.0,0.45296378968253964,1.0,1.0,1.0,0.4556802015601357,1.0,1.0,0.45296378968253964,1.0,"[{""delta"":0.0,""finite_rate"":1.0,""finite_response_rate"":1.0,""mean_target_contrast"":0.07006909391777812,""mean_target_response"":0.0},{""delta"":0.25,""finite_rate"":1.0,""finite_response_rate"":1.0,""mean_target_contrast"":0.2582581622507609,""mean_target_response"":0.1884114583333333},{""delta"":0.5,""finite_rate"":1.0,""finite_response_rate"":1.0,""mean_target_contrast"":0.31699839770974636,""mean_target_response"":0.24922495039682538},{""delta"":1.0,""finite_rate"":1.0,""finite_response_rate"":1.0,""mean_target_contrast"":0.5257492954779138,""mean_target_response"":0.45296378968253964}]"
local_criterion_breach,discovery,joint_empirical_cluster_bootstrap,9a1b8537bb0aac4dd2f70530,target_response_from_simulated_null,4,0.316227766016838,1.0,0.09999999999999999,0.671875,0.316227766016838,1.0,0.09999999999999999,0.316227766016838,1.0,0.09999999999999999,0.671875,"[{""delta"":0.0,""finite_rate"":0.75,""finite_response_rate"":0.75,""mean_target_contrast"":0.0,""mean_target_response"":0.0},{""delta"":0.25,""finite_rate"":0.734375,""finite_response_rate"":0.734375,""mean_target_contrast"":0.1,""mean_target_response"":0.1},{""delta"":0.5,""finite_rate"":0.7265625,""finite_response_rate"":0.7265625,""mean_target_contrast"":0.1,""mean_target_response"":0.1},{""delta"":1.0,""finite_rate"":0.671875,""finite_response_rate"":0.671875,""mean_target_contrast"":0.09999999999999999,""mean_target_response"":0.09999999999999999}]"
local_criterion_breach,discovery,joint_empirical_cluster_bootstrap,a24a4754e3d139d456235b65,target_response_from_simulated_null,4,,1.0,0.0,0.9296875,0.39999999999999997,0.6666666666666666,0.009453781512605036,,1.0,0.0,0.9296875,"[{""delta"":0.0,""finite_rate"":0.9296875,""finite_response_rate"":0.9296875,""mean_target_contrast"":-0.06722689075630252,""mean_target_response"":0.0},{""delta"":0.25,""finite_rate"":0.9375,""finite_response_rate"":0.9375,""mean_target_contrast"":-0.0546875,""mean_target_response"":0.0},{""delta"":0.5,""finite_rate"":0.9453125,""finite_response_rate"":0.9453125,""mean_target_contrast"":-0.0625,""mean_target_response"":0.0},{""delta"":1.0,""finite_rate"":0.9296875,""finite_response_rate"":0.9296875,""mean_target_contrast"":-0.05777310924369748,""mean_target_response"":0.0}]"
local_criterion_breach,discovery,joint_empirical_cluster_bootstrap,cba4ba2ba78612dd885992ab,target_response_from_simulated_null,4,0.7999999999999999,0.6666666666666666,0.339859437751004,0.6484375,0.39999999999999997,0.6666666666666666,0.305317775709342,0.7999999999999999,0.6666666666666666,0.339859437751004,0.6484375,"[{""delta"":0.0,""finite_rate"":0.703125,""finite_response_rate"":0.703125,""mean_target_contrast"":-0.08880998630998631,""mean_target_response"":0.0},{""delta"":0.25,""finite_rate"":0.78125,""finite_response_rate"":0.78125,""mean_target_contrast"":0.24188003663003663,""mean_target_response"":0.32875},{""delta"":0.5,""finite_rate"":0.6796875,""finite_response_rate"":0.6796875,""mean_target_contrast"":0.2508367111815388,""mean_target_response"":0.32375478927203066},{""delta"":1.0,""finite_rate"":0.6484375,""finite_response_rate"":0.6484375,""mean_target_contrast"":0.21650778939935567,""mean_target_response"":0.339859437751004}]"
local_criterion_breach,discovery,joint_gaussian_regularized_cluster,2089c8ead568c49eba0d317f,target_response_from_simulated_null,4,1.0,1.0,0.08643973214285715,1.0,1.0,1.0,0.07789749313186813,1.0,1.0,0.08643973214285715,1.0,"[{""delta"":0.0,""finite_rate"":1.0,""finite_response_rate"":1.0,""mean_target_contrast"":0.06704584478021978,""mean_target_response"":0.0},{""delta"":0.25,""finite_rate"":1.0,""finite_response_rate"":1.0,""mean_target_contrast"":0.06715745192307693,""mean_target_response"":0.019140625},{""delta"":0.5,""finite_rate"":1.0,""finite_response_rate"":1.0,""mean_target_contrast"":0.09236349587912089,""mean_target_response"":0.04146205357142858},{""delta"":1.0,""finite_rate"":1.0,""finite_response_rate"":1.0,""mean_target_contrast"":0.1449433379120879,""mean_target_response"":0.08643973214285715}]"
local_criterion_breach,discovery,joint_gaussian_regularized_cluster,2f394559fbe5789c99da9eda,target_response_from_simulated_null,4,1.0,1.0,0.0625,1.0,1.0,1.0,0.052734375,1.0,1.0,0.0625,1.0,"[{""delta"":0.0,""finite_rate"":1.0,""finite_response_rate"":1.0,""mean_target_contrast"":0.002170138888888889,""mean_target_response"":0.0},{""delta"":0.25,""finite_rate"":1.0,""finite_response_rate"":1.0,""mean_target_contrast"":0.01909722222222222,""mean_target_response"":0.020182291666666664},{""delta"":0.5,""finite_rate"":1.0,""finite_response_rate"":1.0,""mean_target_contrast"":0.04123263888888889,""mean_target_response"":0.04427083333333333},{""delta"":1.0,""finite_rate"":1.0,""finite_response_rate"":1.0,""mean_target_contrast"":0.05490451388888889,""mean_target_response"":0.0625}]"
local_criterion_breach,discovery,joint_gaussian_regularized_cluster,63063743372cd08e7e4c4ed8,target_response_from_simulated_null,4,1.0,1.0,0.13949652777777777,1.0,1.0,1.0,0.13430738304093565,1.0,1.0,0.13949652777777777,1.0,"[{""delta"":0.0,""finite_rate"":1.0,""finite_response_rate"":1.0,""mean_target_contrast"":0.010683479532163748,""mean_target_response"":0.0},{""delta"":0.25,""finite_rate"":1.0,""finite_response_rate"":1.0,""mean_target_contrast"":0.03087262426900585,""mean_target_response"":0.026041666666666668},{""delta"":0.5,""finite_rate"":1.0,""finite_response_rate"":1.0,""mean_target_contrast"":0.07946454678362573,""mean_target_response"":0.07265624999999999},{""delta"":1.0,""finite_rate"":1.0,""finite_response_rate"":1.0,""mean_target_contrast"":0.1449908625730994,""mean_target_response"":0.13949652777777777}]"
local_criterion_breach,discovery,joint_gaussian_regularized_cluster,9a1b8537bb0aac4dd2f70530,target_response_from_simulated_null,4,1.0,1.0,0.015625,1.0,0.39999999999999997,0.6666666666666666,0.010537386133603239,1.0,1.0,0.015625,1.0,"[{""delta"":0.0,""finite_rate"":1.0,""finite_response_rate"":1.0,""mean_target_contrast"":-0.0010580086032388656,""mean_target_response"":0.0},{""delta"":0.25,""finite_rate"":1.0,""finite_response_rate"":1.0,""mean_target_contrast"":0.01343781629554656,""mean_target_response"":0.003125},{""delta"":0.5,""finite_rate"":1.0,""finite_response_rate"":1.0,""mean_target_contrast"":0.014185855263157895,""mean_target_response"":0.008593749999999999},{""delta"":1.0,""finite_rate"":1.0,""finite_response_rate"":1.0,""mean_target_contrast"":0.009479377530364373,""mean_target_response"":0.015625}]"
local_criterion_breach,discovery,joint_gaussian_regularized_cluster,a24a4754e3d139d456235b65,target_response_from_simulated_null,4,1.0,1.0,0.05338541666666667,1.0,0.7999999999999999,0.6666666666666666,0.04616970486111111,1.0,1.0,0.05338541666666667,1.0,"[{""delta"":0.0,""finite_rate"":1.0,""finite_response_rate"":1.0,""mean_target_contrast"":-0.05430772569444444,""mean_target_response"":0.0},{""delta"":0.25,""finite_rate"":1.0,""finite_response_rate"":1.0,""mean_target_contrast"":-0.061197916666666664,""mean_target_response"":0.011067708333333336},{""delta"":0.5,""finite_rate"":1.0,""finite_response_rate"":1.0,""mean_target_contrast"":-0.023057725694444437,""mean_target_response"":0.0234375},{""delta"":1.0,""finite_rate"":1.0,""finite_response_rate"":1.0,""mean_target_contrast"":-0.008138020833333329,""mean_target_response"":0.05338541666666667}]"
local_criterion_breach,discovery,joint_gaussian_regularized_cluster,cba4ba2ba78612dd885992ab,target_response_from_simulated_null,4,1.0,1.0,0.078125,1.0,0.7999999999999999,0.6666666666666666,0.07291666666666669,1.0,1.0,0.078125,1.0,"[{""delta"":0.0,""finite_rate"":1.0,""finite_response_rate"":1.0,""mean_target_contrast"":0.2893880208333333,""mean_target_response"":0.0},{""delta"":0.25,""finite_rate"":1.0,""finite_response_rate"":1.0,""mean_target_contrast"":0.2822265625,""mean_target_response"":0.018229166666666664},{""delta"":0.5,""finite_rate"":1.0,""finite_response_rate"":1.0,""mean_target_contrast"":0.32194010416666663,""mean_target_response"":0.03515625},{""delta"":1.0,""finite_rate"":1.0,""finite_response_rate"":1.0,""mean_target_contrast"":0.3623046875,""mean_target_response"":0.078125}]"
local_criterion_breach,discovery,joint_wild_cluster_rademacher,2089c8ead568c49eba0d317f,target_response_from_simulated_null,4,1.0,1.0,0.07734375,1.0,1.0,1.0,0.07578125000000002,1.0,1.0,0.07734375,1.0,"[{""delta"":0.0,""finite_rate"":1.0,""finite_response_rate"":1.0,""mean_target_contrast"":0.05625,""mean_target_response"":0.0},{""delta"":0.25,""finite_rate"":1.0,""finite_response_rate"":1.0,""mean_target_contrast"":0.096875,""mean_target_response"":0.0484375},{""delta"":0.5,""finite_rate"":1.0,""finite_response_rate"":1.0,""mean_target_contrast"":0.10625000000000001,""mean_target_response"":0.053125000000000006},{""delta"":1.0,""finite_rate"":1.0,""finite_response_rate"":1.0,""mean_target_contrast"":0.13203125000000002,""mean_target_response"":0.07734375}]"
local_criterion_breach,discovery,joint_wild_cluster_rademacher,2f394559fbe5789c99da9eda,target_response_from_simulated_null,4,0.7745966692414834,1.0,0.08333333333333333,1.0,0.7745966692414834,1.0,0.08333333333333333,0.7745966692414834,1.0,0.08333333333333333,1.0,"[{""delta"":0.0,""finite_rate"":1.0,""finite_response_rate"":1.0,""mean_target_contrast"":-0.027777777777777776,""mean_target_response"":0.0},{""delta"":0.25,""finite_rate"":1.0,""finite_response_rate"":1.0,""mean_target_contrast"":0.05555555555555555,""mean_target_response"":0.08333333333333333},{""delta"":0.5,""finite_rate"":1.0,""finite_response_rate"":1.0,""mean_target_contrast"":0.05555555555555555,""mean_target_response"":0.08333333333333333},{""delta"":1.0,""finite_rate"":1.0,""finite_response_rate"":1.0,""mean_target_contrast"":0.05555555555555555,""mean_target_response"":0.08333333333333333}]"
local_criterion_breach,discovery,joint_wild_cluster_rademacher,63063743372cd08e7e4c4ed8,target_response_from_simulated_null,4,1.0,1.0,0.2755208333333333,1.0,1.0,1.0,0.2790625,1.0,1.0,0.2755208333333333,1.0,"[{""delta"":0.0,""finite_rate"":1.0,""finite_response_rate"":1.0,""mean_target_contrast"":0.03772478070175438,""mean_target_response"":0.0},{""delta"":0.25,""finite_rate"":1.0,""finite_response_rate"":1.0,""mean_target_contrast"":0.1393046418128655,""mean_target_response"":0.09869791666666666},{""delta"":0.5,""finite_rate"":1.0,""finite_response_rate"":1.0,""mean_target_contrast"":0.17986019736842104,""mean_target_response"":0.14505208333333333},{""delta"":1.0,""finite_rate"":1.0,""finite_response_rate"":1.0,""mean_target_contrast"":0.3167872807017544,""mean_target_response"":0.2755208333333333}]"
local_criterion_breach,discovery,joint_wild_cluster_rademacher,9a1b8537bb0aac4dd2f70530,target_response_from_simulated_null,4,0.19999999999999998,0.3333333333333333,0.046875,1.0,0.19999999999999998,0.3333333333333333,0.046875,0.19999999999999998,0.3333333333333333,0.046875,1.0,"[{""delta"":0.0,""finite_rate"":1.0,""finite_response_rate"":1.0,""mean_target_contrast"":0.0,""mean_target_response"":0.0},{""delta"":0.25,""finite_rate"":1.0,""finite_response_rate"":1.0,""mean_target_contrast"":0.0578125,""mean_target_response"":0.0578125},{""delta"":0.5,""finite_rate"":1.0,""finite_response_rate"":1.0,""mean_target_contrast"":0.05390625,""mean_target_response"":0.05390625},{""delta"":1.0,""finite_rate"":1.0,""finite_response_rate"":1.0,""mean_target_contrast"":0.046875,""mean_target_response"":0.046875}]"
local_criterion_breach,discovery,joint_wild_cluster_rademacher,a24a4754e3d139d456235b65,target_response_from_simulated_null,4,,1.0,0.0,1.0,0.0,0.3333333333333333,-0.00244140625,,1.0,0.0,1.0,"[{""delta"":0.0,""finite_rate"":1.0,""finite_response_rate"":1.0,""mean_target_contrast"":-0.0830078125,""mean_target_response"":0.0},{""delta"":0.25,""finite_rate"":1.0,""finite_response_rate"":1.0,""mean_target_contrast"":-0.08902994791666666,""mean_target_response"":0.0},{""delta"":0.5,""finite_rate"":1.0,""finite_response_rate"":1.0,""mean_target_contrast"":-0.07535807291666667,""mean_target_response"":0.0},{""delta"":1.0,""finite_rate"":1.0,""finite_response_rate"":1.0,""mean_target_contrast"":-0.08544921875,""mean_target_response"":0.0}]"
local_criterion_breach,discovery,joint_wild_cluster_rademacher,cba4ba2ba78612dd885992ab,target_response_from_simulated_null,4,1.0,1.0,0.322265625,1.0,1.0,1.0,0.3649088541666667,1.0,1.0,0.322265625,1.0,"[{""delta"":0.0,""finite_rate"":1.0,""finite_response_rate"":1.0,""mean_target_contrast"":0.08105468749999999,""mean_target_response"":0.0},{""delta"":0.25,""finite_rate"":1.0,""finite_response_rate"":1.0,""mean_target_contrast"":0.20768229166666663,""mean_target_response"":0.15299479166666666},{""delta"":0.5,""finite_rate"":1.0,""finite_response_rate"":1.0,""mean_target_contrast"":0.23404947916666663,""mean_target_response"":0.16406249999999997},{""delta"":1.0,""finite_rate"":1.0,""finite_response_rate"":1.0,""mean_target_contrast"":0.4459635416666667,""mean_target_response"":0.322265625}]"
log_loss_attenuation,confirmation,joint_empirical_cluster_bootstrap,3c58f494c94b8761a568ded4,target_response_from_simulated_null,4,1.0,1.0,0.012687288968321372,0.4375,1.0,1.0,0.012653960383454902,1.0,1.0,0.012687288968321372,0.4375,"[{""delta"":0.0,""finite_rate"":0.4453125,""finite_response_rate"":0.4453125,""mean_target_contrast"":-0.0014962613512785041,""mean_target_response"":0.0},{""delta"":0.25,""finite_rate"":0.4609375,""finite_response_rate"":0.4609375,""mean_target_contrast"":0.0013627339215443975,""mean_target_response"":0.0028953556885873144},{""delta"":0.5,""finite_rate"":0.4921875,""finite_response_rate"":0.4921875,""mean_target_contrast"":0.004372841046274423,""mean_target_response"":0.005968094447118169},{""delta"":1.0,""finite_rate"":0.4375,""finite_response_rate"":0.4375,""mean_target_contrast"":0.011157699032176397,""mean_target_response"":0.012687288968321372}]"
log_loss_attenuation,confirmation,joint_empirical_cluster_bootstrap,61cef129ca8cc734e59e4f58,target_response_from_simulated_null,4,1.0,1.0,0.03528272782325529,1.0,1.0,1.0,0.03702189815254485,1.0,1.0,0.03528272782325529,1.0,"[{""delta"":0.0,""finite_rate"":1.0,""finite_response_rate"":1.0,""mean_target_contrast"":0.0025038587214614542,""mean_target_response"":1.4094628242311558e-17},{""delta"":0.25,""finite_rate"":1.0,""finite_response_rate"":1.0,""mean_target_contrast"":0.012521774159403098,""mean_target_response"":0.00854774210162224},{""delta"":0.5,""finite_rate"":1.0,""finite_response_rate"":1.0,""mean_target_contrast"":0.023508943561393,""mean_target_response"":0.01623452801360313},{""delta"":1.0,""finite_rate"":1.0,""finite_response_rate"":1.0,""mean_target_contrast"":0.03952575687400631,""mean_target_response"":0.035282727823255304}]"
log_loss_attenuation,confirmation,joint_empirical_cluster_bootstrap,6474bf84525b5f8901e9c847,target_response_from_simulated_null,4,1.0,1.0,0.03274047182515193,0.6484375,1.0,1.0,0.045941618758474245,1.0,1.0,0.03274047182515193,0.6484375,"[{""delta"":0.0,""finite_rate"":0.6953125,""finite_response_rate"":0.6953125,""mean_target_contrast"":0.006676351186766155,""mean_target_response"":-4.989766402809692e-18},{""delta"":0.25,""finite_rate"":0.6640625,""finite_response_rate"":0.6640625,""mean_target_contrast"":0.01942208035217983,""mean_target_response"":0.007399175247461068},{""delta"":0.5,""finite_rate"":0.65625,""finite_response_rate"":0.65625,""mean_target_contrast"":0.01955885125940652,""mean_target_response"":0.01420908044696163},{""delta"":1.0,""finite_rate"":0.6484375,""finite_response_rate"":0.6484375,""mean_target_contrast"":0.0526179699452404,""mean_target_response"":0.032740471825151926}]"
log_loss_attenuation,confirmation,joint_empirical_cluster_bootstrap,7e1bf2a0d61851cecd7b6046,target_response_from_simulated_null,4,1.0,1.0,0.16583616126577994,0.390625,0.7999999999999999,0.6666666666666666,0.12379668313892822,1.0,1.0,0.16583616126577994,0.390625,"[{""delta"":0.0,""finite_rate"":0.453125,""finite_response_rate"":0.453125,""mean_target_contrast"":0.24600561054562253,""mean_target_response"":0.0},{""delta"":0.25,""finite_rate"":0.390625,""finite_response_rate"":0.390625,""mean_target_contrast"":0.22038238360762386,""mean_target_response"":0.040144856166441256},{""delta"":0.5,""finite_rate"":0.4765625,""finite_response_rate"":0.4765625,""mean_target_contrast"":0.2927018794299176,""mean_target_response"":0.0811774491248456},{""delta"":1.0,""finite_rate"":0.453125,""finite_response_rate"":0.453125,""mean_target_contrast"":0.36980229368455075,""mean_target_response"":0.16583616126577994}]"
log_loss_attenuation,confirmation,joint_empirical_cluster_bootstrap,abf87c205565392f1e00275c,target_response_from_simulated_null,4,1.0,1.0,0.057312755331633894,0.921875,0.39999999999999997,0.6666666666666666,0.03756297580025447,1.0,1.0,0.057312755331633894,0.921875,"[{""delta"":0.0,""finite_rate"":0.9453125,""finite_response_rate"":0.9453125,""mean_target_contrast"":0.14194359106149496,""mean_target_response"":0.0},{""delta"":0.25,""finite_rate"":0.953125,""finite_response_rate"":0.953125,""mean_target_contrast"":0.1650911428092112,""mean_target_response"":0.015480220387241126},{""delta"":0.5,""finite_rate"":0.921875,""finite_response_rate"":0.921875,""mean_target_contrast"":0.12112951815771501,""mean_target_response"":0.027273345145914982},{""delta"":1.0,""finite_rate"":0.921875,""finite_response_rate"":0.921875,""mean_target_contrast"":0.17950656686174943,""mean_target_response"":0.057312755331633894}]"
log_loss_attenuation,confirmation,joint_empirical_cluster_bootstrap,c7bb703a3930eb4a7b9b0754,target_response_from_simulated_null,4,1.0,1.0,0.11695712044232913,0.875,0.7999999999999999,0.6666666666666666,0.1212290698792,1.0,1.0,0.11695712044232913,0.875,"[{""delta"":0.0,""finite_rate"":0.9140625,""finite_response_rate"":0.9140625,""mean_target_contrast"":-0.021800196629704352,""mean_target_response"":0.0},{""delta"":0.25,""finite_rate"":0.90625,""finite_response_rate"":0.90625,""mean_target_contrast"":-0.07086114052782871,""mean_target_response"":0.030028360602509414},{""delta"":0.5,""finite_rate"":0.875,""finite_response_rate"":0.875,""mean_target_contrast"":0.045849647330928105,""mean_target_response"":0.05928665804444877},{""delta"":1.0,""finite_rate"":0.9140625,""finite_response_rate"":0.9140625,""mean_target_contrast"":0.09942887324949565,""mean_target_response"":0.11695712044232913}]"
log_loss_attenuation,confirmation,joint_gaussian_regularized_cluster,3c58f494c94b8761a568ded4,target_response_from_simulated_null,4,1.0,1.0,0.01121339598694226,1.0,1.0,1.0,0.011071811363068186,1.0,1.0,0.01121339598694226,1.0,"[{""delta"":0.0,""finite_rate"":1.0,""finite_response_rate"":1.0,""mean_target_contrast"":-0.00208942544627158,""mean_target_response"":0.0},{""delta"":0.25,""finite_rate"":1.0,""finite_response_rate"":1.0,""mean_target_contrast"":0.00046536370447798874,""mean_target_response"":0.0025781594149410975},{""delta"":0.5,""finite_rate"":1.0,""finite_response_rate"":1.0,""mean_target_contrast"":0.003083094421595679,""mean_target_response"":0.005288370593263431},{""delta"":1.0,""finite_rate"":1.0,""finite_response_rate"":1.0,""mean_target_contrast"":0.008982385916796606,""mean_target_response"":0.01121339598694226}]"
log_loss_attenuation,confirmation,joint_gaussian_regularized_cluster,61cef129ca8cc734e59e4f58,target_response_from_simulated_null,4,1.0,1.0,0.044860242263546464,1.0,1.0,1.0,0.04966089766750858,1.0,1.0,0.044860242263546464,1.0,"[{""delta"":0.0,""finite_rate"":1.0,""finite_response_rate"":1.0,""mean_target_contrast"":0.030739811631424384,""mean_target_response"":-3.3068166260807885e-18},{""delta"":0.25,""finite_rate"":1.0,""finite_response_rate"":1.0,""mean_target_contrast"":0.0467724154111337,""mean_target_response"":0.010740926993946685},{""delta"":0.5,""finite_rate"":1.0,""finite_response_rate"":1.0,""mean_target_contrast"":0.05506725225986587,""mean_target_response"":0.020997286381258817},{""delta"":1.0,""finite_rate"":1.0,""finite_response_rate"":1.0,""mean_target_contrast"":0.08040070929893296,""mean_target_response"":0.044860242263546464}]"
log_loss_attenuation,confirmation,joint_gaussian_regularized_cluster,6474bf84525b5f8901e9c847,target_response_from_simulated_null,4,1.0,1.0,0.042682161276923494,1.0,1.0,1.0,0.11331739702660905,1.0,1.0,0.042682161276923494,1.0,"[{""delta"":0.0,""finite_rate"":1.0,""finite_response_rate"":1.0,""mean_target_contrast"":-0.05892984736131467,""mean_target_response"":-1.5178830414797062e-18},{""delta"":0.25,""finite_rate"":1.0,""finite_response_rate"":1.0,""mean_target_contrast"":-0.022259827909739835,""mean_target_response"":0.00955843056723006},{""delta"":0.5,""finite_rate"":1.0,""finite_response_rate"":1.0,""mean_target_contrast"":-0.02084597982039197,""mean_target_response"":0.019879973744249935},{""delta"":1.0,""finite_rate"":1.0,""finite_response_rate"":1.0,""mean_target_contrast"":0.054387549665294375,""mean_target_response"":0.042682161276923494}]"
log_loss_attenuation,confirmation,joint_gaussian_regularized_cluster,7e1bf2a0d61851cecd7b6046,target_response_from_simulated_null,4,1.0,1.0,0.1959650492388666,1.0,1.0,1.0,0.3035449566465779,1.0,1.0,0.1959650492388666,1.0,"[{""delta"":0.0,""finite_rate"":1.0,""finite_response_rate"":1.0,""mean_target_contrast"":0.357445090123239,""mean_target_response"":1.1275702593849246e-17},{""delta"":0.25,""finite_rate"":1.0,""finite_response_rate"":1.0,""mean_target_contrast"":0.5011338651662073,""mean_target_response"":0.047606540405522424},{""delta"":0.5,""finite_rate"":1.0,""finite_response_rate"":1.0,""mean_target_contrast"":0.5474536591713999,""mean_target_response"":0.09629160557315833},{""delta"":1.0,""finite_rate"":1.0,""finite_response_rate"":1.0,""mean_target_contrast"":0.6609900467698169,""mean_target_response"":0.1959650492388666}]"
log_loss_attenuation,confirmation,joint_gaussian_regularized_cluster,abf87c205565392f1e00275c,target_response_from_simulated_null,4,1.0,1.0,0.04350807238084756,1.0,1.0,1.0,0.04765793475574195,1.0,1.0,0.04350807238084756,1.0,"[{""delta"":0.0,""finite_rate"":1.0,""finite_response_rate"":1.0,""mean_target_contrast"":-0.04221648774048156,""mean_target_response"":-8.673617379884035e-19},{""delta"":0.25,""finite_rate"":1.0,""finite_response_rate"":1.0,""mean_target_contrast"":-0.0241681112723708,""mean_target_response"":0.010156289657060969},{""delta"":0.5,""finite_rate"":1.0,""finite_response_rate"":1.0,""mean_target_contrast"":-0.019099208191344533,""mean_target_response"":0.019791183824444728},{""delta"":1.0,""finite_rate"":1.0,""finite_response_rate"":1.0,""mean_target_contrast"":0.005441447015260388,""mean_target_response"":0.04350807238084756}]"
log_loss_attenuation,confirmation,joint_gaussian_regularized_cluster,c7bb703a3930eb4a7b9b0754,target_response_from_simulated_null,4,1.0,1.0,0.13909962672161102,1.0,1.0,1.0,0.16616166338187763,1.0,1.0,0.13909962672161102,1.0,"[{""delta"":0.0,""finite_rate"":1.0,""finite_response_rate"":1.0,""mean_target_contrast"":-0.04373376175041354,""mean_target_response"":3.903127820947816e-18},{""delta"":0.25,""finite_rate"":1.0,""finite_response_rate"":1.0,""mean_target_contrast"":0.021174412874368394,""mean_target_response"":0.032154719470440414},{""delta"":0.5,""finite_rate"":1.0,""finite_response_rate"":1.0,""mean_target_contrast"":0.04361820424326326,""mean_target_response"":0.06521659289942591},{""delta"":1.0,""finite_rate"":1.0,""finite_response_rate"":1.0,""mean_target_contrast"":0.1224279016314641,""mean_target_response"":0.13909962672161102}]"
log_loss_attenuation,confirmation,joint_wild_cluster_rademacher,3c58f494c94b8761a568ded4,target_response_from_simulated_null,4,1.0,1.0,0.011117605318453619,1.0,1.0,1.0,0.011010645440467173,1.0,1.0,0.011117605318453619,1.0,"[{""delta"":0.0,""finite_rate"":1.0,""finite_response_rate"":1.0,""mean_target_contrast"":-0.001996770836120542,""mean_target_response"":0.0},{""delta"":0.25,""finite_rate"":1.0,""finite_response_rate"":1.0,""mean_target_contrast"":0.00039804248977283994,""mean_target_response"":0.0025657705545159763},{""delta"":0.5,""finite_rate"":1.0,""finite_response_rate"":1.0,""mean_target_contrast"":0.003107824379972308,""mean_target_response"":0.005211307433249439},{""delta"":1.0,""finite_rate"":1.0,""finite_response_rate"":1.0,""mean_target_contrast"":0.00901387460434663,""mean_target_response"":0.011117605318453619}]"
log_loss_attenuation,confirmation,joint_wild_cluster_rademacher,61cef129ca8cc734e59e4f58,target_response_from_simulated_null,4,1.0,1.0,0.03953416183271109,1.0,1.0,1.0,0.04023750057346148,1.0,1.0,0.03953416183271109,1.0,"[{""delta"":0.0,""finite_rate"":1.0,""finite_response_rate"":1.0,""mean_target_contrast"":0.02388927695850533,""mean_target_response"":0.0},{""delta"":0.25,""finite_rate"":1.0,""finite_response_rate"":1.0,""mean_target_contrast"":0.033144592901292846,""mean_target_response"":0.008636114878025453},{""delta"":0.5,""finite_rate"":1.0,""finite_response_rate"":1.0,""mean_target_contrast"":0.03976973044234354,""mean_target_response"":0.018292671764817796},{""delta"":1.0,""finite_rate"":1.0,""finite_response_rate"":1.0,""mean_target_contrast"":0.06412677753196681,""mean_target_response"":0.03953416183271109}]"
log_loss_attenuation,confirmation,joint_wild_cluster_rademacher,6474bf84525b5f8901e9c847,target_response_from_simulated_null,4,1.0,1.0,0.037068792637382615,1.0,0.0,0.6666666666666666,0.0334335800710847,1.0,1.0,0.037068792637382615,1.0,"[{""delta"":0.0,""finite_rate"":1.0,""finite_response_rate"":1.0,""mean_target_contrast"":-0.13223680661874423,""mean_target_response"":0.0},{""delta"":0.25,""finite_rate"":1.0,""finite_response_rate"":1.0,""mean_target_contrast"":-0.0858323446667932,""mean_target_response"":0.008659760876488586},{""delta"":0.5,""finite_rate"":1.0,""finite_response_rate"":1.0,""mean_target_contrast"":-0.1453583668807378,""mean_target_response"":0.018204837618168834},{""delta"":1.0,""finite_rate"":1.0,""finite_response_rate"":1.0,""mean_target_contrast"":-0.09880322654765954,""mean_target_response"":0.037068792637382615}]"
log_loss_attenuation,confirmation,joint_wild_cluster_rademacher,7e1bf2a0d61851cecd7b6046,target_response_from_simulated_null,4,1.0,1.0,0.19912344505052504,1.0,1.0,1.0,0.21560481730065695,1.0,1.0,0.19912344505052504,1.0,"[{""delta"":0.0,""finite_rate"":1.0,""finite_response_rate"":1.0,""mean_target_contrast"":0.3841962407735088,""mean_target_response"":3.469446951953614e-17},{""delta"":0.25,""finite_rate"":1.0,""finite_response_rate"":1.0,""mean_target_contrast"":0.402091444351531,""mean_target_response"":0.04748352549604018},{""delta"":0.5,""finite_rate"":1.0,""finite_response_rate"":1.0,""mean_target_contrast"":0.46918867001383596,""mean_target_response"":0.097025228946899},{""delta"":1.0,""finite_rate"":1.0,""finite_response_rate"":1.0,""mean_target_contrast"":0.5998010580741657,""mean_target_response"":0.19912344505052507}]"
log_loss_attenuation,confirmation,joint_wild_cluster_rademacher,abf87c205565392f1e00275c,target_response_from_simulated_null,4,1.0,1.0,0.04482515735080588,1.0,1.0,1.0,0.044465333321980646,1.0,1.0,0.04482515735080588,1.0,"[{""delta"":0.0,""finite_rate"":1.0,""finite_response_rate"":1.0,""mean_target_contrast"":-0.011340604991890614,""mean_target_response"":0.0},{""delta"":0.25,""finite_rate"":1.0,""finite_response_rate"":1.0,""mean_target_contrast"":0.0017450625700518062,""mean_target_response"":0.010837101535025482},{""delta"":0.5,""finite_rate"":1.0,""finite_response_rate"":1.0,""mean_target_contrast"":0.010957286154065611,""mean_target_response"":0.022276608437584867},{""delta"":1.0,""finite_rate"":1.0,""finite_response_rate"":1.0,""mean_target_contrast"":0.03312472833009003,""mean_target_response"":0.04482515735080588}]"
log_loss_attenuation,confirmation,joint_wild_cluster_rademacher,c7bb703a3930eb4a7b9b0754,target_response_from_simulated_null,4,1.0,1.0,0.13429142329022342,1.0,1.0,1.0,0.08392592577949323,1.0,1.0,0.13429142329022342,1.0,"[{""delta"":0.0,""finite_rate"":1.0,""finite_response_rate"":1.0,""mean_target_contrast"":-0.09581236326883368,""mean_target_response"":-3.209238430557093e-17},{""delta"":0.25,""finite_rate"":1.0,""finite_response_rate"":1.0,""mean_target_contrast"":-0.046173171056231005,""mean_target_response"":0.03191493328793927},{""delta"":0.5,""finite_rate"":1.0,""finite_response_rate"":1.0,""mean_target_contrast"":-0.029243879182074026,""mean_target_response"":0.06121956676685884},{""delta"":1.0,""finite_rate"":1.0,""finite_response_rate"":1.0,""mean_target_contrast"":-0.011886437489340446,""mean_target_response"":0.1342914232902234}]"
log_loss_attenuation,discovery,joint_empirical_cluster_bootstrap,3c58f494c94b8761a568ded4,target_response_from_simulated_null,4,1.0,1.0,0.01012719108239532,0.59375,1.0,1.0,0.00999440312615093,1.0,1.0,0.01012719108239532,0.59375,"[{""delta"":0.0,""finite_rate"":0.59375,""finite_response_rate"":0.59375,""mean_target_contrast"":0.0007496750173474908,""mean_target_response"":0.0},{""delta"":0.25,""finite_rate"":0.671875,""finite_response_rate"":0.671875,""mean_target_contrast"":0.0029842289557227646,""mean_target_response"":0.0023089233975337672},{""delta"":0.5,""finite_rate"":0.6328125,""finite_response_rate"":0.6328125,""mean_target_contrast"":0.005170969682085718,""mean_target_response"":0.004760723552236612},{""delta"":1.0,""finite_rate"":0.6328125,""finite_response_rate"":0.6328125,""mean_target_contrast"":0.010744078143498422,""mean_target_response"":0.01012719108239532}]"
log_loss_attenuation,discovery,joint_empirical_cluster_bootstrap,61cef129ca8cc734e59e4f58,target_response_from_simulated_null,4,1.0,1.0,0.07417902652428421,1.0,1.0,1.0,0.05634625004677296,1.0,1.0,0.07417902652428421,1.0,"[{""delta"":0.0,""finite_rate"":1.0,""finite_response_rate"":1.0,""mean_target_contrast"":0.07014161692555251,""mean_target_response"":1.734723475976807e-18},{""delta"":0.25,""finite_rate"":1.0,""finite_response_rate"":1.0,""mean_target_contrast"":0.09578447150640207,""mean_target_response"":0.02153366105688505},{""delta"":0.5,""finite_rate"":1.0,""finite_response_rate"":1.0,""mean_target_contrast"":0.10499991866034505,""mean_target_response"":0.03938141905734346},{""delta"":1.0,""finite_rate"":1.0,""finite_response_rate"":1.0,""mean_target_contrast"":0.12648786697232547,""mean_target_response"":0.07417902652428421}]"
log_loss_attenuation,discovery,joint_empirical_cluster_bootstrap,6474bf84525b5f8901e9c847,target_response_from_simulated_null,4,1.0,1.0,0.04555103010979048,0.90625,1.0,1.0,0.03625858265533456,1.0,1.0,0.04555103010979048,0.90625,"[{""delta"":0.0,""finite_rate"":0.9609375,""finite_response_rate"":0.9609375,""mean_target_contrast"":0.01208823310478912,""mean_target_response"":0.0},{""delta"":0.25,""finite_rate"":0.9453125,""finite_response_rate"":0.9453125,""mean_target_contrast"":0.015525606401102636,""mean_target_response"":0.01053395807433678},{""delta"":0.5,""finite_rate"":0.90625,""finite_response_rate"":0.90625,""mean_target_contrast"":0.023438861532224246,""mean_target_response"":0.021622155078297456},{""delta"":1.0,""finite_rate"":0.9453125,""finite_response_rate"":0.9453125,""mean_target_contrast"":0.04834681576012368,""mean_target_response"":0.04555103010979048}]"
log_loss_attenuation,discovery,joint_empirical_cluster_bootstrap,7e1bf2a0d61851cecd7b6046,target_response_from_simulated_null,4,1.0,1.0,1.460912371654085,0.9921875,1.0,1.0,1.464705754257678,1.0,1.0,1.460912371654085,0.9921875,"[{""delta"":0.0,""finite_rate"":0.9921875,""finite_response_rate"":0.9921875,""mean_target_contrast"":-0.00011901286801922619,""mean_target_response"":0.0},{""delta"":0.25,""finite_rate"":1.0,""finite_response_rate"":1.0,""mean_target_contrast"":0.2599436577762906,""mean_target_response"":0.24879682057746386},{""delta"":0.5,""finite_rate"":1.0,""finite_response_rate"":1.0,""mean_target_contrast"":0.553104469998017,""mean_target_response"":0.5678537619307026},{""delta"":1.0,""finite_rate"":0.9921875,""finite_response_rate"":0.9921875,""mean_target_contrast"":1.4645867413896587,""mean_target_response"":1.460912371654085}]"
log_loss_attenuation,discovery,joint_empirical_cluster_bootstrap,abf87c205565392f1e00275c,target_response_from_simulated_null,4,1.0,1.0,0.016947427485018637,0.65625,0.7999999999999999,0.6666666666666666,0.011644463566362404,1.0,1.0,0.016947427485018637,0.65625,"[{""delta"":0.0,""finite_rate"":0.734375,""finite_response_rate"":0.734375,""mean_target_contrast"":-0.013878490411331533,""mean_target_response"":0.0},{""delta"":0.25,""finite_rate"":0.65625,""finite_response_rate"":0.65625,""mean_target_contrast"":-0.014077301332082733,""mean_target_response"":0.003912968548849834},{""delta"":0.5,""finite_rate"":0.703125,""finite_response_rate"":0.703125,""mean_target_contrast"":-0.007764098924688031,""mean_target_response"":0.008035759075008335},{""delta"":1.0,""finite_rate"":0.6640625,""finite_response_rate"":0.6640625,""mean_target_contrast"":-0.00223402684496913,""mean_target_response"":0.016947427485018637}]"
log_loss_attenuation,discovery,joint_empirical_cluster_bootstrap,c7bb703a3930eb4a7b9b0754,target_response_from_simulated_null,4,1.0,1.0,0.11313133088844433,0.6328125,1.0,1.0,0.21105380545116698,1.0,1.0,0.11313133088844433,0.6328125,"[{""delta"":0.0,""finite_rate"":0.6484375,""finite_response_rate"":0.6484375,""mean_target_contrast"":-0.3686900114262737,""mean_target_response"":0.0},{""delta"":0.25,""finite_rate"":0.65625,""finite_response_rate"":0.65625,""mean_target_contrast"":-0.28767214827033055,""mean_target_response"":0.027999849293160933},{""delta"":0.5,""finite_rate"":0.6328125,""finite_response_rate"":0.6328125,""mean_target_contrast"":-0.15916057801189998,""mean_target_response"":0.056187476885557176},{""delta"":1.0,""finite_rate"":0.6640625,""finite_response_rate"":0.6640625,""mean_target_contrast"":-0.15763620597510675,""mean_target_response"":0.11313133088844433}]"
log_loss_attenuation,discovery,joint_gaussian_regularized_cluster,3c58f494c94b8761a568ded4,target_response_from_simulated_null,4,1.0,1.0,0.010838434394396686,1.0,1.0,1.0,0.010834570560307512,1.0,1.0,0.010838434394396686,1.0,"[{""delta"":0.0,""finite_rate"":1.0,""finite_response_rate"":1.0,""mean_target_contrast"":0.002641431489207866,""mean_target_response"":0.0},{""delta"":0.25,""finite_rate"":1.0,""finite_response_rate"":1.0,""mean_target_contrast"":0.005305070674368464,""mean_target_response"":0.0024945126301879664},{""delta"":0.5,""finite_rate"":1.0,""finite_response_rate"":1.0,""mean_target_contrast"":0.008029951864421531,""mean_target_response"":0.0051194379133592365},{""delta"":1.0,""finite_rate"":1.0,""finite_response_rate"":1.0,""mean_target_contrast"":0.013476002049515379,""mean_target_response"":0.010838434394396686}]"
log_loss_attenuation,discovery,joint_gaussian_regularized_cluster,61cef129ca8cc734e59e4f58,target_response_from_simulated_null,4,1.0,1.0,0.12889701244364984,1.0,1.0,1.0,0.12212147300706211,1.0,1.0,0.12889701244364984,1.0,"[{""delta"":0.0,""finite_rate"":1.0,""finite_response_rate"":1.0,""mean_target_contrast"":0.023623633157762412,""mean_target_response"":-4.7704895589362195e-18},{""delta"":0.25,""finite_rate"":1.0,""finite_response_rate"":1.0,""mean_target_contrast"":0.03796591734289308,""mean_target_response"":0.029552086521302933},{""delta"":0.5,""finite_rate"":1.0,""finite_response_rate"":1.0,""mean_target_contrast"":0.08431017406177607,""mean_target_response"":0.06480255445374204},{""delta"":1.0,""finite_rate"":1.0,""finite_response_rate"":1.0,""mean_target_contrast"":0.14574510616482453,""mean_target_response"":0.12889701244364984}]"
log_loss_attenuation,discovery,joint_gaussian_regularized_cluster,6474bf84525b5f8901e9c847,target_response_from_simulated_null,4,1.0,1.0,0.0735920814507753,1.0,1.0,1.0,0.08287972661145286,1.0,1.0,0.0735920814507753,1.0,"[{""delta"":0.0,""finite_rate"":1.0,""finite_response_rate"":1.0,""mean_target_contrast"":0.09579872589840101,""mean_target_response"":4.336808689942018e-19},{""delta"":0.25,""finite_rate"":1.0,""finite_response_rate"":1.0,""mean_target_contrast"":0.12714836627494996,""mean_target_response"":0.017924708632394905},{""delta"":0.5,""finite_rate"":1.0,""finite_response_rate"":1.0,""mean_target_contrast"":0.1410581361954362,""mean_target_response"":0.03576817637351426},{""delta"":1.0,""finite_rate"":1.0,""finite_response_rate"":1.0,""mean_target_contrast"":0.17867845250985387,""mean_target_response"":0.0735920814507753}]"
log_loss_attenuation,discovery,joint_gaussian_regularized_cluster,7e1bf2a0d61851cecd7b6046,target_response_from_simulated_null,4,1.0,1.0,1.4521189825027059,1.0,1.0,1.0,1.449216916833551,1.0,1.0,1.4521189825027059,1.0,"[{""delta"":0.0,""finite_rate"":1.0,""finite_response_rate"":1.0,""mean_target_contrast"":0.1545291782429346,""mean_target_response"":-4.9873299934333204e-18},{""delta"":0.25,""finite_rate"":1.0,""finite_response_rate"":1.0,""mean_target_contrast"":0.4413678529397475,""mean_target_response"":0.27315107225232826},{""delta"":0.5,""finite_rate"":1.0,""finite_response_rate"":1.0,""mean_target_contrast"":0.7816819801786304,""mean_target_response"":0.6098887463938202},{""delta"":1.0,""finite_rate"":1.0,""finite_response_rate"":1.0,""mean_target_contrast"":1.6037460950764855,""mean_target_response"":1.4521189825027059}]"
log_loss_attenuation,discovery,joint_gaussian_regularized_cluster,abf87c205565392f1e00275c,target_response_from_simulated_null,4,1.0,1.0,0.005575067636063835,1.0,0.39999999999999997,0.6666666666666666,0.00460793135859594,1.0,1.0,0.005575067636063835,1.0,"[{""delta"":0.0,""finite_rate"":1.0,""finite_response_rate"":1.0,""mean_target_contrast"":-0.03851881361875959,""mean_target_response"":0.0},{""delta"":0.25,""finite_rate"":1.0,""finite_response_rate"":1.0,""mean_target_contrast"":-0.041885335886636677,""mean_target_response"":0.001359941986833861},{""delta"":0.5,""finite_rate"":1.0,""finite_response_rate"":1.0,""mean_target_contrast"":-0.03898454961381823,""mean_target_response"":0.0031040880022375687},{""delta"":1.0,""finite_rate"":1.0,""finite_response_rate"":1.0,""mean_target_contrast"":-0.03391088226016365,""mean_target_response"":0.005575067636063835}]"
log_loss_attenuation,discovery,joint_gaussian_regularized_cluster,c7bb703a3930eb4a7b9b0754,target_response_from_simulated_null,4,1.0,1.0,0.059414737819283366,1.0,0.7999999999999999,0.6666666666666666,0.12557008913832401,1.0,1.0,0.059414737819283366,1.0,"[{""delta"":0.0,""finite_rate"":1.0,""finite_response_rate"":1.0,""mean_target_contrast"":-0.8714754206823014,""mean_target_response"":-4.336808689942018e-18},{""delta"":0.25,""finite_rate"":1.0,""finite_response_rate"":1.0,""mean_target_contrast"":-0.7714321587191889,""mean_target_response"":0.012705770018569025},{""delta"":0.5,""finite_rate"":1.0,""finite_response_rate"":1.0,""mean_target_contrast"":-0.8229436561565514,""mean_target_response"":0.029810607929497693},{""delta"":1.0,""finite_rate"":1.0,""finite_response_rate"":1.0,""mean_target_contrast"":-0.7459053315439774,""mean_target_response"":0.05941473781928336}]"
log_loss_attenuation,discovery,joint_wild_cluster_rademacher,3c58f494c94b8761a568ded4,target_response_from_simulated_null,4,1.0,1.0,0.01085888504160264,1.0,1.0,1.0,0.010740739026629718,1.0,1.0,0.01085888504160264,1.0,"[{""delta"":0.0,""finite_rate"":1.0,""finite_response_rate"":1.0,""mean_target_contrast"":0.0029335211808488603,""mean_target_response"":0.0},{""delta"":0.25,""finite_rate"":1.0,""finite_response_rate"":1.0,""mean_target_contrast"":0.005650142356807342,""mean_target_response"":0.00250199833663185},{""delta"":0.5,""finite_rate"":1.0,""finite_response_rate"":1.0,""mean_target_contrast"":0.007971834594733874,""mean_target_response"":0.005115484904294162},{""delta"":1.0,""finite_rate"":1.0,""finite_response_rate"":1.0,""mean_target_contrast"":0.013674260207478578,""mean_target_response"":0.01085888504160264}]"
log_loss_attenuation,discovery,joint_wild_cluster_rademacher,61cef129ca8cc734e59e4f58,target_response_from_simulated_null,4,1.0,1.0,0.10277419590641043,1.0,1.0,1.0,0.10638536839698184,1.0,1.0,0.10277419590641043,1.0,"[{""delta"":0.0,""finite_rate"":1.0,""finite_response_rate"":1.0,""mean_target_contrast"":-0.02613867384109184,""mean_target_response"":-3.426078865054194e-17},{""delta"":0.25,""finite_rate"":1.0,""finite_response_rate"":1.0,""mean_target_contrast"":0.006709962936449975,""mean_target_response"":0.024615545616595028},{""delta"":0.5,""finite_rate"":1.0,""finite_response_rate"":1.0,""mean_target_contrast"":0.021855648390724153,""mean_target_response"":0.04856785237018183},{""delta"":1.0,""finite_rate"":1.0,""finite_response_rate"":1.0,""mean_target_contrast"":0.08024669455589001,""mean_target_response"":0.1027741959064104}]"
log_loss_attenuation,discovery,joint_wild_cluster_rademacher,6474bf84525b5f8901e9c847,target_response_from_simulated_null,4,1.0,1.0,0.06286845004801216,1.0,1.0,1.0,0.07421879543309384,1.0,1.0,0.06286845004801216,1.0,"[{""delta"":0.0,""finite_rate"":1.0,""finite_response_rate"":1.0,""mean_target_contrast"":0.01138678463504192,""mean_target_response"":8.890457814381136e-18},{""delta"":0.25,""finite_rate"":1.0,""finite_response_rate"":1.0,""mean_target_contrast"":0.027239488093371966,""mean_target_response"":0.014275274494122112},{""delta"":0.5,""finite_rate"":1.0,""finite_response_rate"":1.0,""mean_target_contrast"":0.048896053012524116,""mean_target_response"":0.02880540145458781},{""delta"":1.0,""finite_rate"":1.0,""finite_response_rate"":1.0,""mean_target_contrast"":0.08560558006813576,""mean_target_response"":0.06286845004801217}]"
log_loss_attenuation,discovery,joint_wild_cluster_rademacher,7e1bf2a0d61851cecd7b6046,target_response_from_simulated_null,4,1.0,1.0,1.448260447604818,1.0,1.0,1.0,1.451394623324149,1.0,1.0,1.448260447604818,1.0,"[{""delta"":0.0,""finite_rate"":1.0,""finite_response_rate"":1.0,""mean_target_contrast"":0.1709808497507281,""mean_target_response"":1.474514954580286e-17},{""delta"":0.25,""finite_rate"":1.0,""finite_response_rate"":1.0,""mean_target_contrast"":0.45327904370491195,""mean_target_response"":0.25779447502884884},{""delta"":0.5,""finite_rate"":1.0,""finite_response_rate"":1.0,""mean_target_contrast"":0.7525450691529988,""mean_target_response"":0.5784258167163933},{""delta"":1.0,""finite_rate"":1.0,""finite_response_rate"":1.0,""mean_target_contrast"":1.6223754730748772,""mean_target_response"":1.448260447604818}]"
log_loss_attenuation,discovery,joint_wild_cluster_rademacher,abf87c205565392f1e00275c,target_response_from_simulated_null,4,1.0,1.0,0.008697058764304447,1.0,1.0,1.0,0.00864032641407671,1.0,1.0,0.008697058764304447,1.0,"[{""delta"":0.0,""finite_rate"":1.0,""finite_response_rate"":1.0,""mean_target_contrast"":-0.020834302034279432,""mean_target_response"":0.0},{""delta"":0.25,""finite_rate"":1.0,""finite_response_rate"":1.0,""mean_target_contrast"":-0.020087450042832328,""mean_target_response"":0.0019773969189761666},{""delta"":0.5,""finite_rate"":1.0,""finite_response_rate"":1.0,""mean_target_contrast"":-0.015285679245135431,""mean_target_response"":0.004664332344128931},{""delta"":1.0,""finite_rate"":1.0,""finite_response_rate"":1.0,""mean_target_contrast"":-0.012193975620202722,""mean_target_response"":0.008697058764304447}]"
log_loss_attenuation,discovery,joint_wild_cluster_rademacher,c7bb703a3930eb4a7b9b0754,target_response_from_simulated_null,4,1.0,1.0,0.05977588105642549,1.0,-0.7999999999999999,0.3333333333333333,-0.03136926811360352,1.0,1.0,0.05977588105642549,1.0,"[{""delta"":0.0,""finite_rate"":1.0,""finite_response_rate"":1.0,""mean_target_contrast"":-0.5200914949276378,""mean_target_response"":7.37257477290143e-18},{""delta"":0.25,""finite_rate"":1.0,""finite_response_rate"":1.0,""mean_target_contrast"":-0.550170358555302,""mean_target_response"":0.0142104111850382},{""delta"":0.5,""finite_rate"":1.0,""finite_response_rate"":1.0,""mean_target_contrast"":-0.5351476160879522,""mean_target_response"":0.034147185699953356},{""delta"":1.0,""finite_rate"":1.0,""finite_response_rate"":1.0,""mean_target_contrast"":-0.5514607630412414,""mean_target_response"":0.0597758810564255}]"
measurement_missingness_concentration,confirmation,joint_empirical_cluster_bootstrap,03ef63db7584762143dc3914,target_response_from_simulated_null,4,1.0,1.0,0.5356572218671314,0.984375,1.0,1.0,0.5356572218671314,1.0,1.0,0.5356572218671314,0.984375,"[{""delta"":0.0,""finite_rate"":0.9921875,""finite_response_rate"":0.9921875,""mean_target_contrast"":0.0,""mean_target_response"":0.0},{""delta"":0.25,""finite_rate"":0.9921875,""finite_response_rate"":0.9921875,""mean_target_contrast"":0.16760137360713892,""mean_target_response"":0.16760137360713892},{""delta"":0.5,""finite_rate"":0.984375,""finite_response_rate"":0.984375,""mean_target_contrast"":0.3091837048914178,""mean_target_response"":0.3091837048914178},{""delta"":1.0,""finite_rate"":1.0,""finite_response_rate"":1.0,""mean_target_contrast"":0.5356572218671314,""mean_target_response"":0.5356572218671314}]"
measurement_missingness_concentration,confirmation,joint_empirical_cluster_bootstrap,1cce3e5fe7c50070e58676c9,target_response_from_simulated_null,4,1.0,1.0,0.5231873822975518,0.2890625,1.0,1.0,0.5231873822975518,1.0,1.0,0.5231873822975518,0.2890625,"[{""delta"":0.0,""finite_rate"":0.2890625,""finite_response_rate"":0.2890625,""mean_target_contrast"":0.0,""mean_target_response"":0.0},{""delta"":0.25,""finite_rate"":0.4375,""finite_response_rate"":0.4375,""mean_target_contrast"":0.1994047619047619,""mean_target_response"":0.1994047619047619},{""delta"":0.5,""finite_rate"":0.46875,""finite_response_rate"":0.46875,""mean_target_contrast"":0.32465277777777773,""mean_target_response"":0.32465277777777773},{""delta"":1.0,""finite_rate"":0.4609375,""finite_response_rate"":0.4609375,""mean_target_contrast"":0.5231873822975518,""mean_target_response"":0.5231873822975518}]"
measurement_missingness_concentration,confirmation,joint_empirical_cluster_bootstrap,1dbc920edffba9363b404b4e,target_response_from_simulated_null,4,1.0,1.0,0.5011770244821092,0.375,1.0,1.0,0.5011770244821092,1.0,1.0,0.5011770244821092,0.375,"[{""delta"":0.0,""finite_rate"":0.4375,""finite_response_rate"":0.4375,""mean_target_contrast"":0.0,""mean_target_response"":0.0},{""delta"":0.25,""finite_rate"":0.375,""finite_response_rate"":0.375,""mean_target_contrast"":0.19791666666666666,""mean_target_response"":0.19791666666666666},{""delta"":0.5,""finite_rate"":0.4921875,""finite_response_rate"":0.4921875,""mean_target_contrast"":0.3024691358024691,""mean_target_response"":0.3024691358024691},{""delta"":1.0,""finite_rate"":0.4609375,""finite_response_rate"":0.4609375,""mean_target_contrast"":0.5011770244821092,""mean_target_response"":0.5011770244821092}]"
measurement_missingness_concentration,confirmation,joint_empirical_cluster_bootstrap,bfa569fbae807b7f50c3389f,target_response_from_simulated_null,4,1.0,1.0,0.5165754441369196,0.90625,1.0,1.0,0.5165754441369196,1.0,1.0,0.5165754441369196,0.90625,"[{""delta"":0.0,""finite_rate"":0.90625,""finite_response_rate"":0.90625,""mean_target_contrast"":0.0,""mean_target_response"":0.0},{""delta"":0.25,""finite_rate"":0.9453125,""finite_response_rate"":0.9453125,""mean_target_contrast"":0.18515740457889218,""mean_target_response"":0.18515740457889218},{""delta"":0.5,""finite_rate"":0.9609375,""finite_response_rate"":0.9609375,""mean_target_contrast"":0.3198221374512623,""mean_target_response"":0.3198221374512623},{""delta"":1.0,""finite_rate"":0.953125,""finite_response_rate"":0.953125,""mean_target_contrast"":0.5165754441369196,""mean_target_response"":0.5165754441369196}]"
measurement_missingness_concentration,confirmation,joint_empirical_cluster_bootstrap,d10b3aec4edc47fefb2bd92f,target_response_from_simulated_null,4,1.0,1.0,0.5257440550119578,0.875,1.0,1.0,0.5257440550119578,1.0,1.0,0.5257440550119578,0.875,"[{""delta"":0.0,""finite_rate"":0.9140625,""finite_response_rate"":0.9140625,""mean_target_contrast"":0.0,""mean_target_response"":0.0},{""delta"":0.25,""finite_rate"":0.9296875,""finite_response_rate"":0.9296875,""mean_target_contrast"":0.17943633548901233,""mean_target_response"":0.17943633548901233},{""delta"":0.5,""finite_rate"":0.875,""finite_response_rate"":0.875,""mean_target_contrast"":0.31275673498154205,""mean_target_response"":0.31275673498154205},{""delta"":1.0,""finite_rate"":0.9140625,""finite_response_rate"":0.9140625,""mean_target_contrast"":0.5257440550119578,""mean_target_response"":0.5257440550119578}]"
measurement_missingness_concentration,confirmation,joint_empirical_cluster_bootstrap,fe17c18b39eb86c6e9f982bd,target_response_from_simulated_null,4,1.0,1.0,0.5149329176114891,0.984375,1.0,1.0,0.5149329176114891,1.0,1.0,0.5149329176114891,0.984375,"[{""delta"":0.0,""finite_rate"":1.0,""finite_response_rate"":1.0,""mean_target_contrast"":0.0,""mean_target_response"":0.0},{""delta"":0.25,""finite_rate"":1.0,""finite_response_rate"":1.0,""mean_target_contrast"":0.16874534970238095,""mean_target_response"":0.16874534970238095},{""delta"":0.5,""finite_rate"":0.9921875,""finite_response_rate"":0.9921875,""mean_target_contrast"":0.2949850018747656,""mean_target_response"":0.2949850018747656},{""delta"":1.0,""finite_rate"":0.984375,""finite_response_rate"":0.984375,""mean_target_contrast"":0.5149329176114891,""mean_target_response"":0.5149329176114891}]"
measurement_missingness_concentration,confirmation,joint_gaussian_regularized_cluster,03ef63db7584762143dc3914,target_response_from_simulated_null,4,1.0,1.0,0.5360243055555556,1.0,1.0,1.0,0.5360243055555556,1.0,1.0,0.5360243055555556,1.0,"[{""delta"":0.0,""finite_rate"":1.0,""finite_response_rate"":1.0,""mean_target_contrast"":0.0,""mean_target_response"":0.0},{""delta"":0.25,""finite_rate"":1.0,""finite_response_rate"":1.0,""mean_target_contrast"":0.18541666666666665,""mean_target_response"":0.18541666666666665},{""delta"":0.5,""finite_rate"":1.0,""finite_response_rate"":1.0,""mean_target_contrast"":0.31059027777777776,""mean_target_response"":0.31059027777777776},{""delta"":1.0,""finite_rate"":1.0,""finite_response_rate"":1.0,""mean_target_contrast"":0.5360243055555556,""mean_target_response"":0.5360243055555556}]"
measurement_missingness_concentration,confirmation,joint_gaussian_regularized_cluster,1cce3e5fe7c50070e58676c9,target_response_from_simulated_null,4,1.0,1.0,0.5231119791666666,1.0,1.0,1.0,0.5231119791666666,1.0,1.0,0.5231119791666666,1.0,"[{""delta"":0.0,""finite_rate"":1.0,""finite_response_rate"":1.0,""mean_target_contrast"":0.0,""mean_target_response"":0.0},{""delta"":0.25,""finite_rate"":1.0,""finite_response_rate"":1.0,""mean_target_contrast"":0.16959635416666666,""mean_target_response"":0.16959635416666666},{""delta"":0.5,""finite_rate"":1.0,""finite_response_rate"":1.0,""mean_target_contrast"":0.3206380208333333,""mean_target_response"":0.3206380208333333},{""delta"":1.0,""finite_rate"":1.0,""finite_response_rate"":1.0,""mean_target_contrast"":0.5231119791666666,""mean_target_response"":0.5231119791666666}]"
measurement_missingness_concentration,confirmation,joint_gaussian_regularized_cluster,1dbc920edffba9363b404b4e,target_response_from_simulated_null,4,1.0,1.0,0.5221354166666666,1.0,1.0,1.0,0.5221354166666666,1.0,1.0,0.5221354166666666,1.0,"[{""delta"":0.0,""finite_rate"":1.0,""finite_response_rate"":1.0,""mean_target_contrast"":0.0,""mean_target_response"":0.0},{""delta"":0.25,""finite_rate"":1.0,""finite_response_rate"":1.0,""mean_target_contrast"":0.17122395833333331,""mean_target_response"":0.17122395833333331},{""delta"":0.5,""finite_rate"":1.0,""finite_response_rate"":1.0,""mean_target_contrast"":0.30859375,""mean_target_response"":0.30859375},{""delta"":1.0,""finite_rate"":1.0,""finite_response_rate"":1.0,""mean_target_contrast"":0.5221354166666666,""mean_target_response"":0.5221354166666666}]"
measurement_missingness_concentration,confirmation,joint_gaussian_regularized_cluster,bfa569fbae807b7f50c3389f,target_response_from_simulated_null,4,1.0,1.0,0.52685546875,1.0,1.0,1.0,0.52685546875,1.0,1.0,0.52685546875,1.0,"[{""delta"":0.0,""finite_rate"":1.0,""finite_response_rate"":1.0,""mean_target_contrast"":0.0,""mean_target_response"":0.0},{""delta"":0.25,""finite_rate"":1.0,""finite_response_rate"":1.0,""mean_target_contrast"":0.16861979166666666,""mean_target_response"":0.16861979166666666},{""delta"":0.5,""finite_rate"":1.0,""finite_response_rate"":1.0,""mean_target_contrast"":0.3107096354166667,""mean_target_response"":0.3107096354166667},{""delta"":1.0,""finite_rate"":1.0,""finite_response_rate"":1.0,""mean_target_contrast"":0.52685546875,""mean_target_response"":0.52685546875}]"
measurement_missingness_concentration,confirmation,joint_gaussian_regularized_cluster,d10b3aec4edc47fefb2bd92f,target_response_from_simulated_null,4,1.0,1.0,0.5327957887700535,1.0,1.0,1.0,0.5327957887700535,1.0,1.0,0.5327957887700535,1.0,"[{""delta"":0.0,""finite_rate"":1.0,""finite_response_rate"":1.0,""mean_target_contrast"":0.0,""mean_target_response"":0.0},{""delta"":0.25,""finite_rate"":1.0,""finite_response_rate"":1.0,""mean_target_contrast"":0.17590658422459893,""mean_target_response"":0.17590658422459893},{""delta"":0.5,""finite_rate"":1.0,""finite_response_rate"":1.0,""mean_target_contrast"":0.31016042780748665,""mean_target_response"":0.31016042780748665},{""delta"":1.0,""finite_rate"":1.0,""finite_response_rate"":1.0,""mean_target_contrast"":0.5327957887700535,""mean_target_response"":0.5327957887700535}]"
measurement_missingness_concentration,confirmation,joint_gaussian_regularized_cluster,fe17c18b39eb86c6e9f982bd,target_response_from_simulated_null,4,1.0,1.0,0.5125000000000001,1.0,1.0,1.0,0.5125000000000001,1.0,1.0,0.5125000000000001,1.0,"[{""delta"":0.0,""finite_rate"":1.0,""finite_response_rate"":1.0,""mean_target_contrast"":0.0,""mean_target_response"":0.0},{""delta"":0.25,""finite_rate"":1.0,""finite_response_rate"":1.0,""mean_target_contrast"":0.1796875,""mean_target_response"":0.1796875},{""delta"":0.5,""finite_rate"":1.0,""finite_response_rate"":1.0,""mean_target_contrast"":0.29453125,""mean_target_response"":0.29453125},{""delta"":1.0,""finite_rate"":1.0,""finite_response_rate"":1.0,""mean_target_contrast"":0.5125000000000001,""mean_target_response"":0.5125000000000001}]"
measurement_missingness_concentration,confirmation,joint_wild_cluster_rademacher,03ef63db7584762143dc3914,target_response_from_simulated_null,4,1.0,1.0,0.5044270833333333,1.0,1.0,1.0,0.5044270833333333,1.0,1.0,0.5044270833333333,1.0,"[{""delta"":0.0,""finite_rate"":1.0,""finite_response_rate"":1.0,""mean_target_contrast"":0.0,""mean_target_response"":0.0},{""delta"":0.25,""finite_rate"":1.0,""finite_response_rate"":1.0,""mean_target_contrast"":0.16857638888888887,""mean_target_response"":0.16857638888888887},{""delta"":0.5,""finite_rate"":1.0,""finite_response_rate"":1.0,""mean_target_contrast"":0.32578124999999997,""mean_target_response"":0.32578124999999997},{""delta"":1.0,""finite_rate"":1.0,""finite_response_rate"":1.0,""mean_target_contrast"":0.5044270833333333,""mean_target_response"":0.5044270833333333}]"
measurement_missingness_concentration,confirmation,joint_wild_cluster_rademacher,1cce3e5fe7c50070e58676c9,target_response_from_simulated_null,4,1.0,1.0,0.49674479166666663,1.0,1.0,1.0,0.49674479166666663,1.0,1.0,0.49674479166666663,1.0,"[{""delta"":0.0,""finite_rate"":1.0,""finite_response_rate"":1.0,""mean_target_contrast"":0.0,""mean_target_response"":0.0},{""delta"":0.25,""finite_rate"":1.0,""finite_response_rate"":1.0,""mean_target_contrast"":0.1650390625,""mean_target_response"":0.1650390625},{""delta"":0.5,""finite_rate"":1.0,""finite_response_rate"":1.0,""mean_target_contrast"":0.3147786458333333,""mean_target_response"":0.3147786458333333},{""delta"":1.0,""finite_rate"":1.0,""finite_response_rate"":1.0,""mean_target_contrast"":0.49674479166666663,""mean_target_response"":0.49674479166666663}]"
measurement_missingness_concentration,confirmation,joint_wild_cluster_rademacher,1dbc920edffba9363b404b4e,target_response_from_simulated_null,4,1.0,1.0,0.521484375,1.0,1.0,1.0,0.521484375,1.0,1.0,0.521484375,1.0,"[{""delta"":0.0,""finite_rate"":1.0,""finite_response_rate"":1.0,""mean_target_contrast"":0.0,""mean_target_response"":0.0},{""delta"":0.25,""finite_rate"":1.0,""finite_response_rate"":1.0,""mean_target_contrast"":0.15625,""mean_target_response"":0.15625},{""delta"":0.5,""finite_rate"":1.0,""finite_response_rate"":1.0,""mean_target_contrast"":0.3313802083333333,""mean_target_response"":0.3313802083333333},{""delta"":1.0,""finite_rate"":1.0,""finite_response_rate"":1.0,""mean_target_contrast"":0.521484375,""mean_target_response"":0.521484375}]"
measurement_missingness_concentration,confirmation,joint_wild_cluster_rademacher,bfa569fbae807b7f50c3389f,target_response_from_simulated_null,4,1.0,1.0,0.5113932291666666,1.0,1.0,1.0,0.5113932291666666,1.0,1.0,0.5113932291666666,1.0,"[{""delta"":0.0,""finite_rate"":1.0,""finite_response_rate"":1.0,""mean_target_contrast"":0.0,""mean_target_response"":0.0},{""delta"":0.25,""finite_rate"":1.0,""finite_response_rate"":1.0,""mean_target_contrast"":0.16064453125,""mean_target_response"":0.16064453125},{""delta"":0.5,""finite_rate"":1.0,""finite_response_rate"":1.0,""mean_target_contrast"":0.30615234375,""mean_target_response"":0.30615234375},{""delta"":1.0,""finite_rate"":1.0,""finite_response_rate"":1.0,""mean_target_contrast"":0.5113932291666666,""mean_target_response"":0.5113932291666666}]"
measurement_missingness_concentration,confirmation,joint_wild_cluster_rademacher,d10b3aec4edc47fefb2bd92f,target_response_from_simulated_null,4,1.0,1.0,0.5250250668449198,1.0,1.0,1.0,0.5250250668449198,1.0,1.0,0.5250250668449198,1.0,"[{""delta"":0.0,""finite_rate"":1.0,""finite_response_rate"":1.0,""mean_target_contrast"":0.0,""mean_target_response"":0.0},{""delta"":0.25,""finite_rate"":1.0,""finite_response_rate"":1.0,""mean_target_contrast"":0.16264204545454544,""mean_target_response"":0.16264204545454544},{""delta"":0.5,""finite_rate"":1.0,""finite_response_rate"":1.0,""mean_target_contrast"":0.3198947192513369,""mean_target_response"":0.3198947192513369},{""delta"":1.0,""finite_rate"":1.0,""finite_response_rate"":1.0,""mean_target_contrast"":0.5250250668449198,""mean_target_response"":0.5250250668449198}]"
measurement_missingness_concentration,confirmation,joint_wild_cluster_rademacher,fe17c18b39eb86c6e9f982bd,target_response_from_simulated_null,4,1.0,1.0,0.52265625,1.0,1.0,1.0,0.52265625,1.0,1.0,0.52265625,1.0,"[{""delta"":0.0,""finite_rate"":1.0,""finite_response_rate"":1.0,""mean_target_contrast"":0.0,""mean_target_response"":0.0},{""delta"":0.25,""finite_rate"":1.0,""finite_response_rate"":1.0,""mean_target_contrast"":0.1625,""mean_target_response"":0.1625},{""delta"":0.5,""finite_rate"":1.0,""finite_response_rate"":1.0,""mean_target_contrast"":0.32578125,""mean_target_response"":0.32578125},{""delta"":1.0,""finite_rate"":1.0,""finite_response_rate"":1.0,""mean_target_contrast"":0.52265625,""mean_target_response"":0.52265625}]"
measurement_missingness_concentration,discovery,joint_empirical_cluster_bootstrap,03ef63db7584762143dc3914,target_response_from_simulated_null,4,1.0,1.0,0.5246952663944852,0.984375,1.0,1.0,0.5246952663944852,1.0,1.0,0.5246952663944852,0.984375,"[{""delta"":0.0,""finite_rate"":0.9921875,""finite_response_rate"":0.9921875,""mean_target_contrast"":0.0,""mean_target_response"":0.0},{""delta"":0.25,""finite_rate"":1.0,""finite_response_rate"":1.0,""mean_target_contrast"":0.1723113926727208,""mean_target_response"":0.1723113926727208},{""delta"":0.5,""finite_rate"":0.984375,""finite_response_rate"":0.984375,""mean_target_contrast"":0.3178758374194882,""mean_target_response"":0.3178758374194882},{""delta"":1.0,""finite_rate"":1.0,""finite_response_rate"":1.0,""mean_target_contrast"":0.5246952663944852,""mean_target_response"":0.5246952663944852}]"
measurement_missingness_concentration,discovery,joint_empirical_cluster_bootstrap,1cce3e5fe7c50070e58676c9,target_response_from_simulated_null,4,1.0,1.0,0.5047637299869443,0.65625,1.0,1.0,0.5047637299869443,1.0,1.0,0.5047637299869443,0.65625,"[{""delta"":0.0,""finite_rate"":0.6796875,""finite_response_rate"":0.6796875,""mean_target_contrast"":0.0,""mean_target_response"":0.0},{""delta"":0.25,""finite_rate"":0.6875,""finite_response_rate"":0.6875,""mean_target_contrast"":0.16562356519742882,""mean_target_response"":0.16562356519742882},{""delta"":0.5,""finite_rate"":0.6796875,""finite_response_rate"":0.6796875,""mean_target_contrast"":0.32076719576719576,""mean_target_response"":0.32076719576719576},{""delta"":1.0,""finite_rate"":0.65625,""finite_response_rate"":0.65625,""mean_target_contrast"":0.5047637299869443,""mean_target_response"":0.5047637299869443}]"
measurement_missingness_concentration,discovery,joint_empirical_cluster_bootstrap,1dbc920edffba9363b404b4e,target_response_from_simulated_null,4,1.0,1.0,0.534323116219668,0.6015625,1.0,1.0,0.534323116219668,1.0,1.0,0.534323116219668,0.6015625,"[{""delta"":0.0,""finite_rate"":0.6015625,""finite_response_rate"":0.6015625,""mean_target_contrast"":0.0,""mean_target_response"":0.0},{""delta"":0.25,""finite_rate"":0.65625,""finite_response_rate"":0.65625,""mean_target_contrast"":0.1759259259259259,""mean_target_response"":0.1759259259259259},{""delta"":0.5,""finite_rate"":0.671875,""finite_response_rate"":0.671875,""mean_target_contrast"":0.3089470284237726,""mean_target_response"":0.3089470284237726},{""delta"":1.0,""finite_rate"":0.6796875,""finite_response_rate"":0.6796875,""mean_target_contrast"":0.534323116219668,""mean_target_response"":0.534323116219668}]"
measurement_missingness_concentration,discovery,joint_empirical_cluster_bootstrap,bfa569fbae807b7f50c3389f,target_response_from_simulated_null,4,1.0,1.0,0.5418359067093245,0.59375,1.0,1.0,0.5418359067093245,1.0,1.0,0.5418359067093245,0.59375,"[{""delta"":0.0,""finite_rate"":0.625,""finite_response_rate"":0.625,""mean_target_contrast"":0.0,""mean_target_response"":0.0},{""delta"":0.25,""finite_rate"":0.59375,""finite_response_rate"":0.59375,""mean_target_contrast"":0.19387230094466937,""mean_target_response"":0.19387230094466937},{""delta"":0.5,""finite_rate"":0.6875,""finite_response_rate"":0.6875,""mean_target_contrast"":0.31152597402597404,""mean_target_response"":0.31152597402597404},{""delta"":1.0,""finite_rate"":0.6171875,""finite_response_rate"":0.6171875,""mean_target_contrast"":0.5418359067093245,""mean_target_response"":0.5418359067093245}]"
measurement_missingness_concentration,discovery,joint_empirical_cluster_bootstrap,d10b3aec4edc47fefb2bd92f,target_response_from_simulated_null,4,1.0,1.0,0.5171734234234234,0.5625,1.0,1.0,0.5171734234234234,1.0,1.0,0.5171734234234234,0.5625,"[{""delta"":0.0,""finite_rate"":0.6875,""finite_response_rate"":0.6875,""mean_target_contrast"":0.0,""mean_target_response"":0.0},{""delta"":0.25,""finite_rate"":0.625,""finite_response_rate"":0.625,""mean_target_contrast"":0.16796875,""mean_target_response"":0.16796875},{""delta"":0.5,""finite_rate"":0.5625,""finite_response_rate"":0.5625,""mean_target_contrast"":0.3489583333333333,""mean_target_response"":0.3489583333333333},{""delta"":1.0,""finite_rate"":0.578125,""finite_response_rate"":0.578125,""mean_target_contrast"":0.5171734234234234,""mean_target_response"":0.5171734234234234}]"
measurement_missingness_concentration,discovery,joint_empirical_cluster_bootstrap,fe17c18b39eb86c6e9f982bd,target_response_from_simulated_null,4,1.0,1.0,0.5323939732142857,0.9921875,1.0,1.0,0.5323939732142857,1.0,1.0,0.5323939732142857,0.9921875,"[{""delta"":0.0,""finite_rate"":1.0,""finite_response_rate"":1.0,""mean_target_contrast"":0.0,""mean_target_response"":0.0},{""delta"":0.25,""finite_rate"":0.9921875,""finite_response_rate"":0.9921875,""mean_target_contrast"":0.1745031871016123,""mean_target_response"":0.1745031871016123},{""delta"":0.5,""finite_rate"":1.0,""finite_response_rate"":1.0,""mean_target_contrast"":0.3217261904761905,""mean_target_response"":0.3217261904761905},{""delta"":1.0,""finite_rate"":1.0,""finite_response_rate"":1.0,""mean_target_contrast"":0.5323939732142857,""mean_target_response"":0.5323939732142857}]"
measurement_missingness_concentration,discovery,joint_gaussian_regularized_cluster,03ef63db7584762143dc3914,target_response_from_simulated_null,4,1.0,1.0,0.5348090277777777,1.0,1.0,1.0,0.5348090277777777,1.0,1.0,0.5348090277777777,1.0,"[{""delta"":0.0,""finite_rate"":1.0,""finite_response_rate"":1.0,""mean_target_contrast"":0.0,""mean_target_response"":0.0},{""delta"":0.25,""finite_rate"":1.0,""finite_response_rate"":1.0,""mean_target_contrast"":0.1753472222222222,""mean_target_response"":0.1753472222222222},{""delta"":0.5,""finite_rate"":1.0,""finite_response_rate"":1.0,""mean_target_contrast"":0.31137152777777777,""mean_target_response"":0.31137152777777777},{""delta"":1.0,""finite_rate"":1.0,""finite_response_rate"":1.0,""mean_target_contrast"":0.5348090277777777,""mean_target_response"":0.5348090277777777}]"
measurement_missingness_concentration,discovery,joint_gaussian_regularized_cluster,1cce3e5fe7c50070e58676c9,target_response_from_simulated_null,4,1.0,1.0,0.5224609375,1.0,1.0,1.0,0.5224609375,1.0,1.0,0.5224609375,1.0,"[{""delta"":0.0,""finite_rate"":1.0,""finite_response_rate"":1.0,""mean_target_contrast"":0.0,""mean_target_response"":0.0},{""delta"":0.25,""finite_rate"":1.0,""finite_response_rate"":1.0,""mean_target_contrast"":0.17138671875,""mean_target_response"":0.17138671875},{""delta"":0.5,""finite_rate"":1.0,""finite_response_rate"":1.0,""mean_target_contrast"":0.31884765625,""mean_target_response"":0.31884765625},{""delta"":1.0,""finite_rate"":1.0,""finite_response_rate"":1.0,""mean_target_contrast"":0.5224609375,""mean_target_response"":0.5224609375}]"
measurement_missingness_concentration,discovery,joint_gaussian_regularized_cluster,1dbc920edffba9363b404b4e,target_response_from_simulated_null,4,1.0,1.0,0.5286458333333334,1.0,1.0,1.0,0.5286458333333334,1.0,1.0,0.5286458333333334,1.0,"[{""delta"":0.0,""finite_rate"":1.0,""finite_response_rate"":1.0,""mean_target_contrast"":0.0,""mean_target_response"":0.0},{""delta"":0.25,""finite_rate"":1.0,""finite_response_rate"":1.0,""mean_target_contrast"":0.17122395833333331,""mean_target_response"":0.17122395833333331},{""delta"":0.5,""finite_rate"":1.0,""finite_response_rate"":1.0,""mean_target_contrast"":0.3330078125,""mean_target_response"":0.3330078125},{""delta"":1.0,""finite_rate"":1.0,""finite_response_rate"":1.0,""mean_target_contrast"":0.5286458333333334,""mean_target_response"":0.5286458333333334}]"
measurement_missingness_concentration,discovery,joint_gaussian_regularized_cluster,bfa569fbae807b7f50c3389f,target_response_from_simulated_null,4,1.0,1.0,0.5194010416666667,1.0,1.0,1.0,0.5194010416666667,1.0,1.0,0.5194010416666667,1.0,"[{""delta"":0.0,""finite_rate"":1.0,""finite_response_rate"":1.0,""mean_target_contrast"":0.0,""mean_target_response"":0.0},{""delta"":0.25,""finite_rate"":1.0,""finite_response_rate"":1.0,""mean_target_contrast"":0.175,""mean_target_response"":0.175},{""delta"":0.5,""finite_rate"":1.0,""finite_response_rate"":1.0,""mean_target_contrast"":0.3138020833333333,""mean_target_response"":0.3138020833333333},{""delta"":1.0,""finite_rate"":1.0,""finite_response_rate"":1.0,""mean_target_contrast"":0.5194010416666667,""mean_target_response"":0.5194010416666667}]"
measurement_missingness_concentration,discovery,joint_gaussian_regularized_cluster,d10b3aec4edc47fefb2bd92f,target_response_from_simulated_null,4,1.0,1.0,0.5403645833333334,1.0,1.0,1.0,0.5403645833333334,1.0,1.0,0.5403645833333334,1.0,"[{""delta"":0.0,""finite_rate"":1.0,""finite_response_rate"":1.0,""mean_target_contrast"":0.0,""mean_target_response"":0.0},{""delta"":0.25,""finite_rate"":1.0,""finite_response_rate"":1.0,""mean_target_contrast"":0.1838107638888889,""mean_target_response"":0.1838107638888889},{""delta"":0.5,""finite_rate"":1.0,""finite_response_rate"":1.0,""mean_target_contrast"":0.3046875,""mean_target_response"":0.3046875},{""delta"":1.0,""finite_rate"":1.0,""finite_response_rate"":1.0,""mean_target_contrast"":0.5403645833333334,""mean_target_response"":0.5403645833333334}]"
measurement_missingness_concentration,discovery,joint_gaussian_regularized_cluster,fe17c18b39eb86c6e9f982bd,target_response_from_simulated_null,4,1.0,1.0,0.5296875,1.0,1.0,1.0,0.5296875,1.0,1.0,0.5296875,1.0,"[{""delta"":0.0,""finite_rate"":1.0,""finite_response_rate"":1.0,""mean_target_contrast"":0.0,""mean_target_response"":0.0},{""delta"":0.25,""finite_rate"":1.0,""finite_response_rate"":1.0,""mean_target_contrast"":0.1703125,""mean_target_response"":0.1703125},{""delta"":0.5,""finite_rate"":1.0,""finite_response_rate"":1.0,""mean_target_contrast"":0.32734375,""mean_target_response"":0.32734375},{""delta"":1.0,""finite_rate"":1.0,""finite_response_rate"":1.0,""mean_target_contrast"":0.5296875,""mean_target_response"":0.5296875}]"
measurement_missingness_concentration,discovery,joint_wild_cluster_rademacher,03ef63db7584762143dc3914,target_response_from_simulated_null,4,1.0,1.0,0.5214409722222222,1.0,1.0,1.0,0.5214409722222222,1.0,1.0,0.5214409722222222,1.0,"[{""delta"":0.0,""finite_rate"":1.0,""finite_response_rate"":1.0,""mean_target_contrast"":0.0,""mean_target_response"":0.0},{""delta"":0.25,""finite_rate"":1.0,""finite_response_rate"":1.0,""mean_target_contrast"":0.16484375,""mean_target_response"":0.16484375},{""delta"":0.5,""finite_rate"":1.0,""finite_response_rate"":1.0,""mean_target_contrast"":0.31475694444444446,""mean_target_response"":0.31475694444444446},{""delta"":1.0,""finite_rate"":1.0,""finite_response_rate"":1.0,""mean_target_contrast"":0.5214409722222222,""mean_target_response"":0.5214409722222222}]"
measurement_missingness_concentration,discovery,joint_wild_cluster_rademacher,1cce3e5fe7c50070e58676c9,target_response_from_simulated_null,4,1.0,1.0,0.53173828125,1.0,1.0,1.0,0.53173828125,1.0,1.0,0.53173828125,1.0,"[{""delta"":0.0,""finite_rate"":1.0,""finite_response_rate"":1.0,""mean_target_contrast"":0.0,""mean_target_response"":0.0},{""delta"":0.25,""finite_rate"":1.0,""finite_response_rate"":1.0,""mean_target_contrast"":0.166015625,""mean_target_response"":0.166015625},{""delta"":0.5,""finite_rate"":1.0,""finite_response_rate"":1.0,""mean_target_contrast"":0.31689453125,""mean_target_response"":0.31689453125},{""delta"":1.0,""finite_rate"":1.0,""finite_response_rate"":1.0,""mean_target_contrast"":0.53173828125,""mean_target_response"":0.53173828125}]"
measurement_missingness_concentration,discovery,joint_wild_cluster_rademacher,1dbc920edffba9363b404b4e,target_response_from_simulated_null,4,1.0,1.0,0.5289713541666666,1.0,1.0,1.0,0.5289713541666666,1.0,1.0,0.5289713541666666,1.0,"[{""delta"":0.0,""finite_rate"":1.0,""finite_response_rate"":1.0,""mean_target_contrast"":0.0,""mean_target_response"":0.0},{""delta"":0.25,""finite_rate"":1.0,""finite_response_rate"":1.0,""mean_target_contrast"":0.1748046875,""mean_target_response"":0.1748046875},{""delta"":0.5,""finite_rate"":1.0,""finite_response_rate"":1.0,""mean_target_contrast"":0.2939453125,""mean_target_response"":0.2939453125},{""delta"":1.0,""finite_rate"":1.0,""finite_response_rate"":1.0,""mean_target_contrast"":0.5289713541666666,""mean_target_response"":0.5289713541666666}]"
measurement_missingness_concentration,discovery,joint_wild_cluster_rademacher,bfa569fbae807b7f50c3389f,target_response_from_simulated_null,4,1.0,1.0,0.5281901041666667,1.0,1.0,1.0,0.5281901041666667,1.0,1.0,0.5281901041666667,1.0,"[{""delta"":0.0,""finite_rate"":1.0,""finite_response_rate"":1.0,""mean_target_contrast"":0.0,""mean_target_response"":0.0},{""delta"":0.25,""finite_rate"":1.0,""finite_response_rate"":1.0,""mean_target_contrast"":0.1794921875,""mean_target_response"":0.1794921875},{""delta"":0.5,""finite_rate"":1.0,""finite_response_rate"":1.0,""mean_target_contrast"":0.3108723958333333,""mean_target_response"":0.3108723958333333},{""delta"":1.0,""finite_rate"":1.0,""finite_response_rate"":1.0,""mean_target_contrast"":0.5281901041666667,""mean_target_response"":0.5281901041666667}]"
measurement_missingness_concentration,discovery,joint_wild_cluster_rademacher,d10b3aec4edc47fefb2bd92f,target_response_from_simulated_null,4,1.0,1.0,0.5084635416666666,1.0,1.0,1.0,0.5084635416666666,1.0,1.0,0.5084635416666666,1.0,"[{""delta"":0.0,""finite_rate"":1.0,""finite_response_rate"":1.0,""mean_target_contrast"":0.0,""mean_target_response"":0.0},{""delta"":0.25,""finite_rate"":1.0,""finite_response_rate"":1.0,""mean_target_contrast"":0.1642795138888889,""mean_target_response"":0.1642795138888889},{""delta"":0.5,""finite_rate"":1.0,""finite_response_rate"":1.0,""mean_target_contrast"":0.3177083333333333,""mean_target_response"":0.3177083333333333},{""delta"":1.0,""finite_rate"":1.0,""finite_response_rate"":1.0,""mean_target_contrast"":0.5084635416666666,""mean_target_response"":0.5084635416666666}]"
measurement_missingness_concentration,discovery,joint_wild_cluster_rademacher,fe17c18b39eb86c6e9f982bd,target_response_from_simulated_null,4,1.0,1.0,0.5171875,1.0,1.0,1.0,0.5171875,1.0,1.0,0.5171875,1.0,"[{""delta"":0.0,""finite_rate"":1.0,""finite_response_rate"":1.0,""mean_target_contrast"":0.0,""mean_target_response"":0.0},{""delta"":0.25,""finite_rate"":1.0,""finite_response_rate"":1.0,""mean_target_contrast"":0.16562500000000002,""mean_target_response"":0.16562500000000002},{""delta"":0.5,""finite_rate"":1.0,""finite_response_rate"":1.0,""mean_target_contrast"":0.28515625,""mean_target_response"":0.28515625},{""delta"":1.0,""finite_rate"":1.0,""finite_response_rate"":1.0,""mean_target_contrast"":0.5171875,""mean_target_response"":0.5171875}]"
relation_separation_attenuation,confirmation,joint_empirical_cluster_bootstrap,5664a919a73350d749e027dc,target_response_from_simulated_null,4,1.0,1.0,0.04726280598794817,0.8984375,0.39999999999999997,0.6666666666666666,0.05021907689078531,1.0,1.0,0.04726280598794817,0.8984375,"[{""delta"":0.0,""finite_rate"":0.9296875,""finite_response_rate"":0.9296875,""mean_target_contrast"":0.08036810521397339,""mean_target_response"":1.865921049790179e-18},{""delta"":0.25,""finite_rate"":0.9296875,""finite_response_rate"":0.9296875,""mean_target_contrast"":0.1477192325131606,""mean_target_response"":0.010950399051155985},{""delta"":0.5,""finite_rate"":0.9140625,""finite_response_rate"":0.9140625,""mean_target_contrast"":0.12937737316439588,""mean_target_response"":0.022956088568930277},{""delta"":1.0,""finite_rate"":0.8984375,""finite_response_rate"":0.8984375,""mean_target_contrast"":0.1305871821047587,""mean_target_response"":0.04726280598794817}]"
relation_separation_attenuation,confirmation,joint_empirical_cluster_bootstrap,571870560547b22e35e1ccb9,target_response_from_simulated_null,4,1.0,1.0,0.10724967158788311,0.421875,1.0,1.0,0.10895172464497924,1.0,1.0,0.10724967158788311,0.421875,"[{""delta"":0.0,""finite_rate"":0.4921875,""finite_response_rate"":0.4921875,""mean_target_contrast"":0.05719955313085914,""mean_target_response"":3.744799884648345e-18},{""delta"":0.25,""finite_rate"":0.5078125,""finite_response_rate"":0.5078125,""mean_target_contrast"":0.08362229832346518,""mean_target_response"":0.026835378662676965},{""delta"":0.5,""finite_rate"":0.4609375,""finite_response_rate"":0.4609375,""mean_target_contrast"":0.10544245585348594,""mean_target_response"":0.05368783272007748},{""delta"":1.0,""finite_rate"":0.421875,""finite_response_rate"":0.421875,""mean_target_contrast"":0.16615127777583838,""mean_target_response"":0.10724967158788311}]"
relation_separation_attenuation,confirmation,joint_empirical_cluster_bootstrap,71a9a769187d88ddfc17abe2,target_response_from_simulated_null,4,1.0,1.0,0.024052371804347716,0.4140625,1.0,1.0,0.02388465257748485,1.0,1.0,0.024052371804347716,0.4140625,"[{""delta"":0.0,""finite_rate"":0.421875,""finite_response_rate"":0.421875,""mean_target_contrast"":-0.002842176157581208,""mean_target_response"":0.0},{""delta"":0.25,""finite_rate"":0.484375,""finite_response_rate"":0.484375,""mean_target_contrast"":0.0024844343725083373,""mean_target_response"":0.005516305033640645},{""delta"":0.5,""finite_rate"":0.4140625,""finite_response_rate"":0.4140625,""mean_target_contrast"":0.008003923118434184,""mean_target_response"":0.011352841903910171},{""delta"":1.0,""finite_rate"":0.5234375,""finite_response_rate"":0.5234375,""mean_target_contrast"":0.021042476419903644,""mean_target_response"":0.024052371804347716}]"
relation_separation_attenuation,confirmation,joint_empirical_cluster_bootstrap,aa0c3dea0cb178601665f0a3,target_response_from_simulated_null,4,1.0,1.0,0.06779732808638454,0.8515625,0.7999999999999999,0.6666666666666666,0.06486307067859522,1.0,1.0,0.06779732808638454,0.8515625,"[{""delta"":0.0,""finite_rate"":0.890625,""finite_response_rate"":0.890625,""mean_target_contrast"":0.0654740116972528,""mean_target_response"":0.0},{""delta"":0.25,""finite_rate"":0.8515625,""finite_response_rate"":0.8515625,""mean_target_contrast"":0.0968528639711918,""mean_target_response"":0.017071805522060203},{""delta"":0.5,""finite_rate"":0.859375,""finite_response_rate"":0.859375,""mean_target_contrast"":0.09108375589712013,""mean_target_response"":0.03305630651300175},{""delta"":1.0,""finite_rate"":0.875,""finite_response_rate"":0.875,""mean_target_contrast"":0.130337082375848,""mean_target_response"":0.06779732808638454}]"
relation_separation_attenuation,confirmation,joint_empirical_cluster_bootstrap,c6528334f0026fa6a5d60d51,target_response_from_simulated_null,4,1.0,1.0,0.030905968048331192,1.0,1.0,1.0,0.03231165382128774,1.0,1.0,0.030905968048331192,1.0,"[{""delta"":0.0,""finite_rate"":1.0,""finite_response_rate"":1.0,""mean_target_contrast"":0.0013932946467617438,""mean_target_response"":0.0},{""delta"":0.25,""finite_rate"":1.0,""finite_response_rate"":1.0,""mean_target_contrast"":0.007811010765997077,""mean_target_response"":0.006951316135463281},{""delta"":0.5,""finite_rate"":1.0,""finite_response_rate"":1.0,""mean_target_contrast"":0.02228182194752972,""mean_target_response"":0.015330816936804097},{""delta"":1.0,""finite_rate"":1.0,""finite_response_rate"":1.0,""mean_target_contrast"":0.033704948468049487,""mean_target_response"":0.030905968048331192}]"
relation_separation_attenuation,confirmation,joint_empirical_cluster_bootstrap,f4f4a9de74337511940dbe01,target_response_from_simulated_null,4,1.0,1.0,0.04687002406376935,0.984375,1.0,1.0,0.04665247878090185,1.0,1.0,0.04687002406376935,0.984375,"[{""delta"":0.0,""finite_rate"":0.9921875,""finite_response_rate"":0.9921875,""mean_target_contrast"":0.0010943061498215072,""mean_target_response"":0.0},{""delta"":0.25,""finite_rate"":0.9921875,""finite_response_rate"":0.9921875,""mean_target_contrast"":0.012956412106317629,""mean_target_response"":0.011621923311645485},{""delta"":0.5,""finite_rate"":0.984375,""finite_response_rate"":0.984375,""mean_target_contrast"":0.024749198191983415,""mean_target_response"":0.023795128379478135},{""delta"":1.0,""finite_rate"":0.9921875,""finite_response_rate"":0.9921875,""mean_target_contrast"":0.04774678493072335,""mean_target_response"":0.04687002406376935}]"
relation_separation_attenuation,confirmation,joint_gaussian_regularized_cluster,5664a919a73350d749e027dc,target_response_from_simulated_null,4,1.0,1.0,0.04623190431575882,1.0,1.0,1.0,0.08162793123216652,1.0,1.0,0.04623190431575882,1.0,"[{""delta"":0.0,""finite_rate"":1.0,""finite_response_rate"":1.0,""mean_target_contrast"":-0.02776371724668865,""mean_target_response"":-4.119968255444917e-18},{""delta"":0.25,""finite_rate"":1.0,""finite_response_rate"":1.0,""mean_target_contrast"":-0.00652512060895809,""mean_target_response"":0.011151272725551106},{""delta"":0.5,""finite_rate"":1.0,""finite_response_rate"":1.0,""mean_target_contrast"":0.01564070791837078,""mean_target_response"":0.021996478648937837},{""delta"":1.0,""finite_rate"":1.0,""finite_response_rate"":1.0,""mean_target_contrast"":0.053864213985477874,""mean_target_response"":0.04623190431575881}]"
relation_separation_attenuation,confirmation,joint_gaussian_regularized_cluster,571870560547b22e35e1ccb9,target_response_from_simulated_null,4,1.0,1.0,0.06516613844264185,1.0,1.0,1.0,0.07101580710854397,1.0,1.0,0.06516613844264185,1.0,"[{""delta"":0.0,""finite_rate"":1.0,""finite_response_rate"":1.0,""mean_target_contrast"":0.05876573132749078,""mean_target_response"":2.6020852139652106e-18},{""delta"":0.25,""finite_rate"":1.0,""finite_response_rate"":1.0,""mean_target_contrast"":0.10555066519854649,""mean_target_response"":0.017317399936920552},{""delta"":0.5,""finite_rate"":1.0,""finite_response_rate"":1.0,""mean_target_contrast"":0.10855881392599748,""mean_target_response"":0.03367118237434951},{""delta"":1.0,""finite_rate"":1.0,""finite_response_rate"":1.0,""mean_target_contrast"":0.12978153843603474,""mean_target_response"":0.06516613844264185}]"
relation_separation_attenuation,confirmation,joint_gaussian_regularized_cluster,71a9a769187d88ddfc17abe2,target_response_from_simulated_null,4,1.0,1.0,0.02140728235813151,1.0,1.0,1.0,0.021172702621707635,1.0,1.0,0.02140728235813151,1.0,"[{""delta"":0.0,""finite_rate"":1.0,""finite_response_rate"":1.0,""mean_target_contrast"":-0.003757941993632958,""mean_target_response"":0.0},{""delta"":0.25,""finite_rate"":1.0,""finite_response_rate"":1.0,""mean_target_contrast"":0.0009940508391643923,""mean_target_response"":0.0049692992750030715},{""delta"":0.5,""finite_rate"":1.0,""finite_response_rate"":1.0,""mean_target_contrast"":0.006454772288803993,""mean_target_response"":0.010041964684123047},{""delta"":1.0,""finite_rate"":1.0,""finite_response_rate"":1.0,""mean_target_contrast"":0.017414760628074677,""mean_target_response"":0.02140728235813151}]"
relation_separation_attenuation,confirmation,joint_gaussian_regularized_cluster,aa0c3dea0cb178601665f0a3,target_response_from_simulated_null,4,1.0,1.0,0.0653672733802173,1.0,0.7999999999999999,0.6666666666666666,0.09470505486292279,1.0,1.0,0.0653672733802173,1.0,"[{""delta"":0.0,""finite_rate"":1.0,""finite_response_rate"":1.0,""mean_target_contrast"":0.00707262194248892,""mean_target_response"":-1.3010426069826053e-18},{""delta"":0.25,""finite_rate"":1.0,""finite_response_rate"":1.0,""mean_target_contrast"":0.046254448218408885,""mean_target_response"":0.01480776896701127},{""delta"":0.5,""finite_rate"":1.0,""finite_response_rate"":1.0,""mean_target_contrast"":0.03543279438351038,""mean_target_response"":0.0270098477861374},{""delta"":1.0,""finite_rate"":1.0,""finite_response_rate"":1.0,""mean_target_contrast"":0.10177767680541171,""mean_target_response"":0.0653672733802173}]"
relation_separation_attenuation,confirmation,joint_gaussian_regularized_cluster,c6528334f0026fa6a5d60d51,target_response_from_simulated_null,4,1.0,1.0,0.041229801375665766,1.0,1.0,1.0,0.04086621162023649,1.0,1.0,0.041229801375665766,1.0,"[{""delta"":0.0,""finite_rate"":1.0,""finite_response_rate"":1.0,""mean_target_contrast"":0.008709377579757364,""mean_target_response"":1.0842021724855044e-18},{""delta"":0.25,""finite_rate"":1.0,""finite_response_rate"":1.0,""mean_target_contrast"":0.018368378781684628,""mean_target_response"":0.00984152917844232},{""delta"":0.5,""finite_rate"":1.0,""finite_response_rate"":1.0,""mean_target_contrast"":0.027506503063448356,""mean_target_response"":0.019265389564210707},{""delta"":1.0,""finite_rate"":1.0,""finite_response_rate"":1.0,""mean_target_contrast"":0.04957558919999385,""mean_target_response"":0.041229801375665766}]"
relation_separation_attenuation,confirmation,joint_gaussian_regularized_cluster,f4f4a9de74337511940dbe01,target_response_from_simulated_null,4,1.0,1.0,0.052816722086477405,1.0,1.0,1.0,0.05295918134683122,1.0,1.0,0.052816722086477405,1.0,"[{""delta"":0.0,""finite_rate"":1.0,""finite_response_rate"":1.0,""mean_target_contrast"":0.0001822227669932353,""mean_target_response"":4.119968255444917e-18},{""delta"":0.25,""finite_rate"":1.0,""finite_response_rate"":1.0,""mean_target_contrast"":0.01394227387138567,""mean_target_response"":0.0128169441893035},{""delta"":0.5,""finite_rate"":1.0,""finite_response_rate"":1.0,""mean_target_contrast"":0.02507691019708513,""mean_target_response"":0.024983251113000985},{""delta"":1.0,""finite_rate"":1.0,""finite_response_rate"":1.0,""mean_target_contrast"":0.05314140411382445,""mean_target_response"":0.05281672208647741}]"
relation_separation_attenuation,confirmation,joint_wild_cluster_rademacher,5664a919a73350d749e027dc,target_response_from_simulated_null,4,1.0,1.0,0.04545379903616196,1.0,1.0,1.0,0.044810394291770764,1.0,1.0,0.04545379903616196,1.0,"[{""delta"":0.0,""finite_rate"":1.0,""finite_response_rate"":1.0,""mean_target_contrast"":0.046663180155171555,""mean_target_response"":0.0},{""delta"":0.25,""finite_rate"":1.0,""finite_response_rate"":1.0,""mean_target_contrast"":0.05402641459733492,""mean_target_response"":0.011321629166144462},{""delta"":0.5,""finite_rate"":1.0,""finite_response_rate"":1.0,""mean_target_contrast"":0.0574578537574441,""mean_target_response"":0.022923716891886468},{""delta"":1.0,""finite_rate"":1.0,""finite_response_rate"":1.0,""mean_target_contrast"":0.09147357444694232,""mean_target_response"":0.04545379903616196}]"
relation_separation_attenuation,confirmation,joint_wild_cluster_rademacher,571870560547b22e35e1ccb9,target_response_from_simulated_null,4,1.0,1.0,0.07398894152410196,1.0,1.0,1.0,0.05408953469721546,1.0,1.0,0.07398894152410196,1.0,"[{""delta"":0.0,""finite_rate"":1.0,""finite_response_rate"":1.0,""mean_target_contrast"":0.06966365107183828,""mean_target_response"":0.0},{""delta"":0.25,""finite_rate"":1.0,""finite_response_rate"":1.0,""mean_target_contrast"":0.08271273765431986,""mean_target_response"":0.018868838760771254},{""delta"":0.5,""finite_rate"":1.0,""finite_response_rate"":1.0,""mean_target_contrast"":0.0955495964237961,""mean_target_response"":0.03629623840802176},{""delta"":1.0,""finite_rate"":1.0,""finite_response_rate"":1.0,""mean_target_contrast"":0.12375318576905374,""mean_target_response"":0.07398894152410196}]"
relation_separation_attenuation,confirmation,joint_wild_cluster_rademacher,71a9a769187d88ddfc17abe2,target_response_from_simulated_null,4,1.0,1.0,0.021574880033746517,1.0,1.0,1.0,0.02155270975402643,1.0,1.0,0.021574880033746517,1.0,"[{""delta"":0.0,""finite_rate"":1.0,""finite_response_rate"":1.0,""mean_target_contrast"":-0.004013805505368808,""mean_target_response"":0.0},{""delta"":0.25,""finite_rate"":1.0,""finite_response_rate"":1.0,""mean_target_contrast"":0.0012848160135991308,""mean_target_response"":0.004978247568192758},{""delta"":0.5,""finite_rate"":1.0,""finite_response_rate"":1.0,""mean_target_contrast"":0.006113780728307445,""mean_target_response"":0.010093994395607073},{""delta"":1.0,""finite_rate"":1.0,""finite_response_rate"":1.0,""mean_target_contrast"":0.017538904248657623,""mean_target_response"":0.021574880033746517}]"
relation_separation_attenuation,confirmation,joint_wild_cluster_rademacher,aa0c3dea0cb178601665f0a3,target_response_from_simulated_null,4,1.0,1.0,0.059638146749034664,1.0,1.0,1.0,0.055332598725721,1.0,1.0,0.059638146749034664,1.0,"[{""delta"":0.0,""finite_rate"":1.0,""finite_response_rate"":1.0,""mean_target_contrast"":0.009716095936622086,""mean_target_response"":0.0},{""delta"":0.25,""finite_rate"":1.0,""finite_response_rate"":1.0,""mean_target_contrast"":0.02309372716043367,""mean_target_response"":0.013702038599652733},{""delta"":0.5,""finite_rate"":1.0,""finite_response_rate"":1.0,""mean_target_contrast"":0.027057608455921343,""mean_target_response"":0.028624951804161716},{""delta"":1.0,""finite_rate"":1.0,""finite_response_rate"":1.0,""mean_target_contrast"":0.06504869466234309,""mean_target_response"":0.059638146749034664}]"
relation_separation_attenuation,confirmation,joint_wild_cluster_rademacher,c6528334f0026fa6a5d60d51,target_response_from_simulated_null,4,1.0,1.0,0.03867906546257712,1.0,1.0,1.0,0.0383204180701356,1.0,1.0,0.03867906546257712,1.0,"[{""delta"":0.0,""finite_rate"":1.0,""finite_response_rate"":1.0,""mean_target_contrast"":0.008222319301394443,""mean_target_response"":-5.204170427930421e-18},{""delta"":0.25,""finite_rate"":1.0,""finite_response_rate"":1.0,""mean_target_contrast"":0.01584424853452903,""mean_target_response"":0.008763989502079045},{""delta"":0.5,""finite_rate"":1.0,""finite_response_rate"":1.0,""mean_target_contrast"":0.026103179991204584,""mean_target_response"":0.018237421347601472},{""delta"":1.0,""finite_rate"":1.0,""finite_response_rate"":1.0,""mean_target_contrast"":0.046542737371530044,""mean_target_response"":0.038679065462577114}]"
relation_separation_attenuation,confirmation,joint_wild_cluster_rademacher,f4f4a9de74337511940dbe01,target_response_from_simulated_null,4,1.0,1.0,0.05517399386991355,1.0,1.0,1.0,0.055389309384516354,1.0,1.0,0.05517399386991355,1.0,"[{""delta"":0.0,""finite_rate"":1.0,""finite_response_rate"":1.0,""mean_target_contrast"":0.00039414558758257227,""mean_target_response"":1.3877787807814457e-17},{""delta"":0.25,""finite_rate"":1.0,""finite_response_rate"":1.0,""mean_target_contrast"":0.012993055981585223,""mean_target_response"":0.012459979058180847},{""delta"":0.5,""finite_rate"":1.0,""finite_response_rate"":1.0,""mean_target_contrast"":0.026677945995835315,""mean_target_response"":0.02620987020419334},{""delta"":1.0,""finite_rate"":1.0,""finite_response_rate"":1.0,""mean_target_contrast"":0.055783454972098925,""mean_target_response"":0.05517399386991356}]"
relation_separation_attenuation,discovery,joint_empirical_cluster_bootstrap,5664a919a73350d749e027dc,target_response_from_simulated_null,4,1.0,1.0,0.020373955812993685,0.609375,0.39999999999999997,0.6666666666666666,0.013763498135805317,1.0,1.0,0.020373955812993685,0.609375,"[{""delta"":0.0,""finite_rate"":0.609375,""finite_response_rate"":0.609375,""mean_target_contrast"":-0.010443774293904983,""mean_target_response"":0.0},{""delta"":0.25,""finite_rate"":0.703125,""finite_response_rate"":0.703125,""mean_target_contrast"":-0.017395466708757277,""mean_target_response"":0.0048355757698938075},{""delta"":0.5,""finite_rate"":0.7109375,""finite_response_rate"":0.7109375,""mean_target_contrast"":-0.014961502933116625,""mean_target_response"":0.009799845021948451},{""delta"":1.0,""finite_rate"":0.6640625,""finite_response_rate"":0.6640625,""mean_target_contrast"":0.003319723841900335,""mean_target_response"":0.020373955812993685}]"
relation_separation_attenuation,discovery,joint_empirical_cluster_bootstrap,571870560547b22e35e1ccb9,target_response_from_simulated_null,4,1.0,1.0,0.10117410739807858,0.59375,1.0,1.0,0.10691918232333965,1.0,1.0,0.10117410739807858,0.59375,"[{""delta"":0.0,""finite_rate"":0.65625,""finite_response_rate"":0.65625,""mean_target_contrast"":0.0100907599371274,""mean_target_response"":0.0},{""delta"":0.25,""finite_rate"":0.609375,""finite_response_rate"":0.609375,""mean_target_contrast"":0.029804948601312393,""mean_target_response"":0.02476467819479211},{""delta"":0.5,""finite_rate"":0.59375,""finite_response_rate"":0.59375,""mean_target_contrast"":0.051413305079202214,""mean_target_response"":0.04990442042818782},{""delta"":1.0,""finite_rate"":0.6171875,""finite_response_rate"":0.6171875,""mean_target_contrast"":0.11700994226046704,""mean_target_response"":0.10117410739807858}]"
relation_separation_attenuation,discovery,joint_empirical_cluster_bootstrap,71a9a769187d88ddfc17abe2,target_response_from_simulated_null,4,1.0,1.0,0.019387263053900927,0.6328125,1.0,1.0,0.020213177878421997,1.0,1.0,0.019387263053900927,0.6328125,"[{""delta"":0.0,""finite_rate"":0.6328125,""finite_response_rate"":0.6328125,""mean_target_contrast"":0.0007480680047625492,""mean_target_response"":0.0},{""delta"":0.25,""finite_rate"":0.6328125,""finite_response_rate"":0.6328125,""mean_target_contrast"":0.005897244692420476,""mean_target_response"":0.004437930582070537},{""delta"":0.5,""finite_rate"":0.671875,""finite_response_rate"":0.671875,""mean_target_contrast"":0.0099984981949451,""mean_target_response"":0.009138960604857305},{""delta"":1.0,""finite_rate"":0.6328125,""finite_response_rate"":0.6328125,""mean_target_contrast"":0.020961245883184546,""mean_target_response"":0.019387263053900927}]"
relation_separation_attenuation,discovery,joint_empirical_cluster_bootstrap,aa0c3dea0cb178601665f0a3,target_response_from_simulated_null,4,1.0,1.0,0.045622586066622305,0.65625,0.39999999999999997,0.6666666666666666,0.03933852500867497,1.0,1.0,0.045622586066622305,0.65625,"[{""delta"":0.0,""finite_rate"":0.7890625,""finite_response_rate"":0.7890625,""mean_target_contrast"":-0.08881704567265986,""mean_target_response"":7.91446116564468e-17},{""delta"":0.25,""finite_rate"":0.6640625,""finite_response_rate"":0.6640625,""mean_target_contrast"":-0.0687173276290266,""mean_target_response"":0.010977330830317277},{""delta"":0.5,""finite_rate"":0.7109375,""finite_response_rate"":0.7109375,""mean_target_contrast"":-0.08985674995318864,""mean_target_response"":0.022246210133958885},{""delta"":1.0,""finite_rate"":0.65625,""finite_response_rate"":0.65625,""mean_target_contrast"":-0.049478520663984886,""mean_target_response"":0.04562258606662238}]"
relation_separation_attenuation,discovery,joint_empirical_cluster_bootstrap,c6528334f0026fa6a5d60d51,target_response_from_simulated_null,4,1.0,1.0,0.029420633140470498,1.0,1.0,1.0,0.028617639862051045,1.0,1.0,0.029420633140470498,1.0,"[{""delta"":0.0,""finite_rate"":1.0,""finite_response_rate"":1.0,""mean_target_contrast"":0.018985712722318398,""mean_target_response"":0.0},{""delta"":0.25,""finite_rate"":1.0,""finite_response_rate"":1.0,""mean_target_contrast"":0.03176554862643545,""mean_target_response"":0.007177619802141372},{""delta"":0.5,""finite_rate"":1.0,""finite_response_rate"":1.0,""mean_target_contrast"":0.03634096947364876,""mean_target_response"":0.014098724946213986},{""delta"":1.0,""finite_rate"":1.0,""finite_response_rate"":1.0,""mean_target_contrast"":0.04760335258436944,""mean_target_response"":0.029420633140470498}]"
relation_separation_attenuation,discovery,joint_empirical_cluster_bootstrap,f4f4a9de74337511940dbe01,target_response_from_simulated_null,4,1.0,1.0,0.047546606401289035,0.9921875,1.0,1.0,0.04754660640128905,1.0,1.0,0.047546606401289035,0.9921875,"[{""delta"":0.0,""finite_rate"":1.0,""finite_response_rate"":1.0,""mean_target_contrast"":1.5612511283791264e-17,""mean_target_response"":0.0},{""delta"":0.25,""finite_rate"":1.0,""finite_response_rate"":1.0,""mean_target_contrast"":0.01180125791824094,""mean_target_response"":0.011801257918240925},{""delta"":0.5,""finite_rate"":0.9921875,""finite_response_rate"":0.9921875,""mean_target_contrast"":0.02326710199548987,""mean_target_response"":0.023267101995489856},{""delta"":1.0,""finite_rate"":1.0,""finite_response_rate"":1.0,""mean_target_contrast"":0.04754660640128906,""mean_target_response"":0.047546606401289035}]"
relation_separation_attenuation,discovery,joint_gaussian_regularized_cluster,5664a919a73350d749e027dc,target_response_from_simulated_null,4,1.0,1.0,0.010588102123907706,1.0,1.0,1.0,0.019008979106764426,1.0,1.0,0.010588102123907706,1.0,"[{""delta"":0.0,""finite_rate"":1.0,""finite_response_rate"":1.0,""mean_target_contrast"":-0.0652183361876011,""mean_target_response"":-1.734723475976807e-18},{""delta"":0.25,""finite_rate"":1.0,""finite_response_rate"":1.0,""mean_target_contrast"":-0.05834730506355317,""mean_target_response"":0.002180166681233278},{""delta"":0.5,""finite_rate"":1.0,""finite_response_rate"":1.0,""mean_target_contrast"":-0.054206156160036205,""mean_target_response"":0.005163915677599331},{""delta"":1.0,""finite_rate"":1.0,""finite_response_rate"":1.0,""mean_target_contrast"":-0.04620935708083668,""mean_target_response"":0.010588102123907704}]"
relation_separation_attenuation,discovery,joint_gaussian_regularized_cluster,571870560547b22e35e1ccb9,target_response_from_simulated_null,4,1.0,1.0,0.0819727663186356,1.0,1.0,1.0,0.07386091669513387,1.0,1.0,0.0819727663186356,1.0,"[{""delta"":0.0,""finite_rate"":1.0,""finite_response_rate"":1.0,""mean_target_contrast"":0.1899521144024022,""mean_target_response"":4.1470733097570545e-18},{""delta"":0.25,""finite_rate"":1.0,""finite_response_rate"":1.0,""mean_target_contrast"":0.22853405698847526,""mean_target_response"":0.020002165146001824},{""delta"":0.5,""finite_rate"":1.0,""finite_response_rate"":1.0,""mean_target_contrast"":0.24238231057106652,""mean_target_response"":0.04180313210419283},{""delta"":1.0,""finite_rate"":1.0,""finite_response_rate"":1.0,""mean_target_contrast"":0.26381303109753607,""mean_target_response"":0.0819727663186356}]"
relation_separation_attenuation,discovery,joint_gaussian_regularized_cluster,71a9a769187d88ddfc17abe2,target_response_from_simulated_null,4,1.0,1.0,0.020741662478291924,1.0,1.0,1.0,0.02057734740057831,1.0,1.0,0.020741662478291924,1.0,"[{""delta"":0.0,""finite_rate"":1.0,""finite_response_rate"":1.0,""mean_target_contrast"":0.005551266387747675,""mean_target_response"":0.0},{""delta"":0.25,""finite_rate"":1.0,""finite_response_rate"":1.0,""mean_target_contrast"":0.01016667444641963,""mean_target_response"":0.004769505841377717},{""delta"":0.5,""finite_rate"":1.0,""finite_response_rate"":1.0,""mean_target_contrast"":0.014998093522123451,""mean_target_response"":0.009880318224926365},{""delta"":1.0,""finite_rate"":1.0,""finite_response_rate"":1.0,""mean_target_contrast"":0.026128613788325983,""mean_target_response"":0.020741662478291924}]"
relation_separation_attenuation,discovery,joint_gaussian_regularized_cluster,aa0c3dea0cb178601665f0a3,target_response_from_simulated_null,4,1.0,1.0,0.026374775810022934,1.0,0.39999999999999997,0.6666666666666666,0.019129773427987218,1.0,1.0,0.026374775810022934,1.0,"[{""delta"":0.0,""finite_rate"":1.0,""finite_response_rate"":1.0,""mean_target_contrast"":-0.11022582892712275,""mean_target_response"":-8.673617379884035e-19},{""delta"":0.25,""finite_rate"":1.0,""finite_response_rate"":1.0,""mean_target_contrast"":-0.10853722007278227,""mean_target_response"":0.006317804416521975},{""delta"":0.5,""finite_rate"":1.0,""finite_response_rate"":1.0,""mean_target_contrast"":-0.11127128569206433,""mean_target_response"":0.011757668935643967},{""delta"":1.0,""finite_rate"":1.0,""finite_response_rate"":1.0,""mean_target_contrast"":-0.09109605549913553,""mean_target_response"":0.026374775810022934}]"
relation_separation_attenuation,discovery,joint_gaussian_regularized_cluster,c6528334f0026fa6a5d60d51,target_response_from_simulated_null,4,1.0,1.0,0.07755198177654922,1.0,1.0,1.0,0.08349901382562508,1.0,1.0,0.07755198177654922,1.0,"[{""delta"":0.0,""finite_rate"":1.0,""finite_response_rate"":1.0,""mean_target_contrast"":0.05603229619151944,""mean_target_response"":-1.0842021724855044e-19},{""delta"":0.25,""finite_rate"":1.0,""finite_response_rate"":1.0,""mean_target_contrast"":0.07198123535880643,""mean_target_response"":0.01666735099874863},{""delta"":0.5,""finite_rate"":1.0,""finite_response_rate"":1.0,""mean_target_contrast"":0.0936156794119033,""mean_target_response"":0.03549169237919451},{""delta"":1.0,""finite_rate"":1.0,""finite_response_rate"":1.0,""mean_target_contrast"":0.13953131001714453,""mean_target_response"":0.07755198177654922}]"
relation_separation_attenuation,discovery,joint_gaussian_regularized_cluster,f4f4a9de74337511940dbe01,target_response_from_simulated_null,4,1.0,1.0,0.05883261951788486,1.0,1.0,1.0,0.05883261951788486,1.0,1.0,0.05883261951788486,1.0,"[{""delta"":0.0,""finite_rate"":1.0,""finite_response_rate"":1.0,""mean_target_contrast"":4.2825985813177425e-18,""mean_target_response"":-1.0842021724855044e-18},{""delta"":0.25,""finite_rate"":1.0,""finite_response_rate"":1.0,""mean_target_contrast"":0.01462898231142071,""mean_target_response"":0.014628982311420706},{""delta"":0.5,""finite_rate"":1.0,""finite_response_rate"":1.0,""mean_target_contrast"":0.03151000149265518,""mean_target_response"":0.031510001492655176},{""delta"":1.0,""finite_rate"":1.0,""finite_response_rate"":1.0,""mean_target_contrast"":0.05883261951788487,""mean_target_response"":0.05883261951788486}]"
relation_separation_attenuation,discovery,joint_wild_cluster_rademacher,5664a919a73350d749e027dc,target_response_from_simulated_null,4,1.0,1.0,0.012542133691496232,1.0,0.7999999999999999,0.6666666666666666,0.01603418869258353,1.0,1.0,0.012542133691496232,1.0,"[{""delta"":0.0,""finite_rate"":1.0,""finite_response_rate"":1.0,""mean_target_contrast"":-0.04162544128336686,""mean_target_response"":0.0},{""delta"":0.25,""finite_rate"":1.0,""finite_response_rate"":1.0,""mean_target_contrast"":-0.04180235000564076,""mean_target_response"":0.002844930573784434},{""delta"":0.5,""finite_rate"":1.0,""finite_response_rate"":1.0,""mean_target_contrast"":-0.035422251272714755,""mean_target_response"":0.005595149137622468},{""delta"":1.0,""finite_rate"":1.0,""finite_response_rate"":1.0,""mean_target_contrast"":-0.025591252590783327,""mean_target_response"":0.012542133691496232}]"
relation_separation_attenuation,discovery,joint_wild_cluster_rademacher,571870560547b22e35e1ccb9,target_response_from_simulated_null,4,1.0,1.0,0.07961613792724796,1.0,0.7999999999999999,0.6666666666666666,0.10079634331375675,1.0,1.0,0.07961613792724796,1.0,"[{""delta"":0.0,""finite_rate"":1.0,""finite_response_rate"":1.0,""mean_target_contrast"":0.19563179756128263,""mean_target_response"":0.0},{""delta"":0.25,""finite_rate"":1.0,""finite_response_rate"":1.0,""mean_target_contrast"":0.18784446235549535,""mean_target_response"":0.020654706232451712},{""delta"":0.5,""finite_rate"":1.0,""finite_response_rate"":1.0,""mean_target_contrast"":0.21766426564887853,""mean_target_response"":0.041444415702496185},{""delta"":1.0,""finite_rate"":1.0,""finite_response_rate"":1.0,""mean_target_contrast"":0.2964281408750394,""mean_target_response"":0.07961613792724796}]"
relation_separation_attenuation,discovery,joint_wild_cluster_rademacher,71a9a769187d88ddfc17abe2,target_response_from_simulated_null,4,1.0,1.0,0.020755630330932046,1.0,1.0,1.0,0.020202545944642235,1.0,1.0,0.020755630330932046,1.0,"[{""delta"":0.0,""finite_rate"":1.0,""finite_response_rate"":1.0,""mean_target_contrast"":0.005938680974786714,""mean_target_response"":0.0},{""delta"":0.25,""finite_rate"":1.0,""finite_response_rate"":1.0,""mean_target_contrast"":0.009645471828620664,""mean_target_response"":0.004719743521476619},{""delta"":0.5,""finite_rate"":1.0,""finite_response_rate"":1.0,""mean_target_contrast"":0.014959866340039471,""mean_target_response"":0.009735705047673196},{""delta"":1.0,""finite_rate"":1.0,""finite_response_rate"":1.0,""mean_target_contrast"":0.02614122691942895,""mean_target_response"":0.020755630330932046}]"
relation_separation_attenuation,discovery,joint_wild_cluster_rademacher,aa0c3dea0cb178601665f0a3,target_response_from_simulated_null,4,1.0,1.0,0.028844458694477916,1.0,1.0,1.0,0.028329085028497028,1.0,1.0,0.028844458694477916,1.0,"[{""delta"":0.0,""finite_rate"":1.0,""finite_response_rate"":1.0,""mean_target_contrast"":-0.09450255147842865,""mean_target_response"":0.0},{""delta"":0.25,""finite_rate"":1.0,""finite_response_rate"":1.0,""mean_target_contrast"":-0.08265060118289662,""mean_target_response"":0.006747489622976129},{""delta"":0.5,""finite_rate"":1.0,""finite_response_rate"":1.0,""mean_target_contrast"":-0.0807965678283367,""mean_target_response"":0.012926469653817062},{""delta"":1.0,""finite_rate"":1.0,""finite_response_rate"":1.0,""mean_target_contrast"":-0.06617346644993162,""mean_target_response"":0.028844458694477916}]"
relation_separation_attenuation,discovery,joint_wild_cluster_rademacher,c6528334f0026fa6a5d60d51,target_response_from_simulated_null,4,1.0,1.0,0.07842860656910951,1.0,1.0,1.0,0.07742176101465326,1.0,1.0,0.07842860656910951,1.0,"[{""delta"":0.0,""finite_rate"":1.0,""finite_response_rate"":1.0,""mean_target_contrast"":0.019648487376260283,""mean_target_response"":9.540979117872439e-18},{""delta"":0.25,""finite_rate"":1.0,""finite_response_rate"":1.0,""mean_target_contrast"":0.038849729642909,""mean_target_response"":0.019138348199709936},{""delta"":0.5,""finite_rate"":1.0,""finite_response_rate"":1.0,""mean_target_contrast"":0.05667257358113796,""mean_target_response"":0.03818268913050952},{""delta"":1.0,""finite_rate"":1.0,""finite_response_rate"":1.0,""mean_target_contrast"":0.09707024839091354,""mean_target_response"":0.07842860656910952}]"
relation_separation_attenuation,discovery,joint_wild_cluster_rademacher,f4f4a9de74337511940dbe01,target_response_from_simulated_null,4,1.0,1.0,0.06539707095500243,1.0,1.0,1.0,0.06539707095500243,1.0,1.0,0.06539707095500243,1.0,"[{""delta"":0.0,""finite_rate"":1.0,""finite_response_rate"":1.0,""mean_target_contrast"":1.6046192152785466e-17,""mean_target_response"":0.0},{""delta"":0.25,""finite_rate"":1.0,""finite_response_rate"":1.0,""mean_target_contrast"":0.015981691940011526,""mean_target_response"":0.01598169194001152},{""delta"":0.5,""finite_rate"":1.0,""finite_response_rate"":1.0,""mean_target_contrast"":0.03266391637158622,""mean_target_response"":0.03266391637158621},{""delta"":1.0,""finite_rate"":1.0,""finite_response_rate"":1.0,""mean_target_contrast"":0.06539707095500244,""mean_target_response"":0.06539707095500243}]"
