address_id,record_id,support_id,relation,carrier,entitlement_status,partition,simulator_id,delta,control_response_lambda,target_gate_passage_probability,minimum_tested_cluster_count,threshold_status
03ef63db7584762143dc3914,three_way__no_window,114bd7932e0008f8ef79,three_way,no_window,fl3_entitlement_capped,confirmation,joint_gaussian_regularized_cluster,0.0,0.0,0.5,,not_reached_on_tested_grid
03ef63db7584762143dc3914,three_way__no_window,114bd7932e0008f8ef79,three_way,no_window,fl3_entitlement_capped,confirmation,joint_gaussian_regularized_cluster,0.0,0.0,0.8,,not_reached_on_tested_grid
03ef63db7584762143dc3914,three_way__no_window,114bd7932e0008f8ef79,three_way,no_window,fl3_entitlement_capped,confirmation,joint_gaussian_regularized_cluster,0.0,0.0,0.9,,not_reached_on_tested_grid
03ef63db7584762143dc3914,three_way__no_window,114bd7932e0008f8ef79,three_way,no_window,fl3_entitlement_capped,confirmation,joint_gaussian_regularized_cluster,0.25,0.0,0.5,10.0,reached_on_tested_grid
03ef63db7584762143dc3914,three_way__no_window,114bd7932e0008f8ef79,three_way,no_window,fl3_entitlement_capped,confirmation,joint_gaussian_regularized_cluster,0.25,0.0,0.8,,not_reached_on_tested_grid
03ef63db7584762143dc3914,three_way__no_window,114bd7932e0008f8ef79,three_way,no_window,fl3_entitlement_capped,confirmation,joint_gaussian_regularized_cluster,0.25,0.0,0.9,,not_reached_on_tested_grid
03ef63db7584762143dc3914,three_way__no_window,114bd7932e0008f8ef79,three_way,no_window,fl3_entitlement_capped,confirmation,joint_gaussian_regularized_cluster,0.25,0.25,0.5,10.0,reached_on_tested_grid
03ef63db7584762143dc3914,three_way__no_window,114bd7932e0008f8ef79,three_way,no_window,fl3_entitlement_capped,confirmation,joint_gaussian_regularized_cluster,0.25,0.25,0.8,,not_reached_on_tested_grid
03ef63db7584762143dc3914,three_way__no_window,114bd7932e0008f8ef79,three_way,no_window,fl3_entitlement_capped,confirmation,joint_gaussian_regularized_cluster,0.25,0.25,0.9,,not_reached_on_tested_grid
03ef63db7584762143dc3914,three_way__no_window,114bd7932e0008f8ef79,three_way,no_window,fl3_entitlement_capped,confirmation,joint_gaussian_regularized_cluster,0.25,0.5,0.5,12.0,reached_on_tested_grid
03ef63db7584762143dc3914,three_way__no_window,114bd7932e0008f8ef79,three_way,no_window,fl3_entitlement_capped,confirmation,joint_gaussian_regularized_cluster,0.25,0.5,0.8,,not_reached_on_tested_grid
03ef63db7584762143dc3914,three_way__no_window,114bd7932e0008f8ef79,three_way,no_window,fl3_entitlement_capped,confirmation,joint_gaussian_regularized_cluster,0.25,0.5,0.9,,not_reached_on_tested_grid
03ef63db7584762143dc3914,three_way__no_window,114bd7932e0008f8ef79,three_way,no_window,fl3_entitlement_capped,confirmation,joint_gaussian_regularized_cluster,0.25,1.0,0.5,,not_reached_on_tested_grid
03ef63db7584762143dc3914,three_way__no_window,114bd7932e0008f8ef79,three_way,no_window,fl3_entitlement_capped,confirmation,joint_gaussian_regularized_cluster,0.25,1.0,0.8,,not_reached_on_tested_grid
03ef63db7584762143dc3914,three_way__no_window,114bd7932e0008f8ef79,three_way,no_window,fl3_entitlement_capped,confirmation,joint_gaussian_regularized_cluster,0.25,1.0,0.9,,not_reached_on_tested_grid
03ef63db7584762143dc3914,three_way__no_window,114bd7932e0008f8ef79,three_way,no_window,fl3_entitlement_capped,confirmation,joint_gaussian_regularized_cluster,0.5,0.0,0.5,8.0,reached_on_tested_grid
03ef63db7584762143dc3914,three_way__no_window,114bd7932e0008f8ef79,three_way,no_window,fl3_entitlement_capped,confirmation,joint_gaussian_regularized_cluster,0.5,0.0,0.8,12.0,reached_on_tested_grid
03ef63db7584762143dc3914,three_way__no_window,114bd7932e0008f8ef79,three_way,no_window,fl3_entitlement_capped,confirmation,joint_gaussian_regularized_cluster,0.5,0.0,0.9,,not_reached_on_tested_grid
03ef63db7584762143dc3914,three_way__no_window,114bd7932e0008f8ef79,three_way,no_window,fl3_entitlement_capped,confirmation,joint_gaussian_regularized_cluster,0.5,0.25,0.5,8.0,reached_on_tested_grid
03ef63db7584762143dc3914,three_way__no_window,114bd7932e0008f8ef79,three_way,no_window,fl3_entitlement_capped,confirmation,joint_gaussian_regularized_cluster,0.5,0.25,0.8,12.0,reached_on_tested_grid
03ef63db7584762143dc3914,three_way__no_window,114bd7932e0008f8ef79,three_way,no_window,fl3_entitlement_capped,confirmation,joint_gaussian_regularized_cluster,0.5,0.25,0.9,,not_reached_on_tested_grid
03ef63db7584762143dc3914,three_way__no_window,114bd7932e0008f8ef79,three_way,no_window,fl3_entitlement_capped,confirmation,joint_gaussian_regularized_cluster,0.5,0.5,0.5,10.0,reached_on_tested_grid
03ef63db7584762143dc3914,three_way__no_window,114bd7932e0008f8ef79,three_way,no_window,fl3_entitlement_capped,confirmation,joint_gaussian_regularized_cluster,0.5,0.5,0.8,,not_reached_on_tested_grid
03ef63db7584762143dc3914,three_way__no_window,114bd7932e0008f8ef79,three_way,no_window,fl3_entitlement_capped,confirmation,joint_gaussian_regularized_cluster,0.5,0.5,0.9,,not_reached_on_tested_grid
03ef63db7584762143dc3914,three_way__no_window,114bd7932e0008f8ef79,three_way,no_window,fl3_entitlement_capped,confirmation,joint_gaussian_regularized_cluster,0.5,1.0,0.5,,not_reached_on_tested_grid
03ef63db7584762143dc3914,three_way__no_window,114bd7932e0008f8ef79,three_way,no_window,fl3_entitlement_capped,confirmation,joint_gaussian_regularized_cluster,0.5,1.0,0.8,,not_reached_on_tested_grid
03ef63db7584762143dc3914,three_way__no_window,114bd7932e0008f8ef79,three_way,no_window,fl3_entitlement_capped,confirmation,joint_gaussian_regularized_cluster,0.5,1.0,0.9,,not_reached_on_tested_grid
03ef63db7584762143dc3914,three_way__no_window,114bd7932e0008f8ef79,three_way,no_window,fl3_entitlement_capped,confirmation,joint_gaussian_regularized_cluster,0.75,0.0,0.5,8.0,reached_on_tested_grid
03ef63db7584762143dc3914,three_way__no_window,114bd7932e0008f8ef79,three_way,no_window,fl3_entitlement_capped,confirmation,joint_gaussian_regularized_cluster,0.75,0.0,0.8,10.0,reached_on_tested_grid
03ef63db7584762143dc3914,three_way__no_window,114bd7932e0008f8ef79,three_way,no_window,fl3_entitlement_capped,confirmation,joint_gaussian_regularized_cluster,0.75,0.0,0.9,12.0,reached_on_tested_grid
03ef63db7584762143dc3914,three_way__no_window,114bd7932e0008f8ef79,three_way,no_window,fl3_entitlement_capped,confirmation,joint_gaussian_regularized_cluster,0.75,0.25,0.5,8.0,reached_on_tested_grid
03ef63db7584762143dc3914,three_way__no_window,114bd7932e0008f8ef79,three_way,no_window,fl3_entitlement_capped,confirmation,joint_gaussian_regularized_cluster,0.75,0.25,0.8,10.0,reached_on_tested_grid
03ef63db7584762143dc3914,three_way__no_window,114bd7932e0008f8ef79,three_way,no_window,fl3_entitlement_capped,confirmation,joint_gaussian_regularized_cluster,0.75,0.25,0.9,12.0,reached_on_tested_grid
03ef63db7584762143dc3914,three_way__no_window,114bd7932e0008f8ef79,three_way,no_window,fl3_entitlement_capped,confirmation,joint_gaussian_regularized_cluster,0.75,0.5,0.5,8.0,reached_on_tested_grid
03ef63db7584762143dc3914,three_way__no_window,114bd7932e0008f8ef79,three_way,no_window,fl3_entitlement_capped,confirmation,joint_gaussian_regularized_cluster,0.75,0.5,0.8,12.0,reached_on_tested_grid
03ef63db7584762143dc3914,three_way__no_window,114bd7932e0008f8ef79,three_way,no_window,fl3_entitlement_capped,confirmation,joint_gaussian_regularized_cluster,0.75,0.5,0.9,,not_reached_on_tested_grid
03ef63db7584762143dc3914,three_way__no_window,114bd7932e0008f8ef79,three_way,no_window,fl3_entitlement_capped,confirmation,joint_gaussian_regularized_cluster,0.75,1.0,0.5,,not_reached_on_tested_grid
03ef63db7584762143dc3914,three_way__no_window,114bd7932e0008f8ef79,three_way,no_window,fl3_entitlement_capped,confirmation,joint_gaussian_regularized_cluster,0.75,1.0,0.8,,not_reached_on_tested_grid
03ef63db7584762143dc3914,three_way__no_window,114bd7932e0008f8ef79,three_way,no_window,fl3_entitlement_capped,confirmation,joint_gaussian_regularized_cluster,0.75,1.0,0.9,,not_reached_on_tested_grid
03ef63db7584762143dc3914,three_way__no_window,114bd7932e0008f8ef79,three_way,no_window,fl3_entitlement_capped,confirmation,joint_gaussian_regularized_cluster,1.0,0.0,0.5,8.0,reached_on_tested_grid
03ef63db7584762143dc3914,three_way__no_window,114bd7932e0008f8ef79,three_way,no_window,fl3_entitlement_capped,confirmation,joint_gaussian_regularized_cluster,1.0,0.0,0.8,10.0,reached_on_tested_grid
03ef63db7584762143dc3914,three_way__no_window,114bd7932e0008f8ef79,three_way,no_window,fl3_entitlement_capped,confirmation,joint_gaussian_regularized_cluster,1.0,0.0,0.9,12.0,reached_on_tested_grid
03ef63db7584762143dc3914,three_way__no_window,114bd7932e0008f8ef79,three_way,no_window,fl3_entitlement_capped,confirmation,joint_gaussian_regularized_cluster,1.0,0.25,0.5,8.0,reached_on_tested_grid
03ef63db7584762143dc3914,three_way__no_window,114bd7932e0008f8ef79,three_way,no_window,fl3_entitlement_capped,confirmation,joint_gaussian_regularized_cluster,1.0,0.25,0.8,10.0,reached_on_tested_grid
03ef63db7584762143dc3914,three_way__no_window,114bd7932e0008f8ef79,three_way,no_window,fl3_entitlement_capped,confirmation,joint_gaussian_regularized_cluster,1.0,0.25,0.9,12.0,reached_on_tested_grid
03ef63db7584762143dc3914,three_way__no_window,114bd7932e0008f8ef79,three_way,no_window,fl3_entitlement_capped,confirmation,joint_gaussian_regularized_cluster,1.0,0.5,0.5,8.0,reached_on_tested_grid
03ef63db7584762143dc3914,three_way__no_window,114bd7932e0008f8ef79,three_way,no_window,fl3_entitlement_capped,confirmation,joint_gaussian_regularized_cluster,1.0,0.5,0.8,12.0,reached_on_tested_grid
03ef63db7584762143dc3914,three_way__no_window,114bd7932e0008f8ef79,three_way,no_window,fl3_entitlement_capped,confirmation,joint_gaussian_regularized_cluster,1.0,0.5,0.9,,not_reached_on_tested_grid
03ef63db7584762143dc3914,three_way__no_window,114bd7932e0008f8ef79,three_way,no_window,fl3_entitlement_capped,confirmation,joint_gaussian_regularized_cluster,1.0,1.0,0.5,,not_reached_on_tested_grid
03ef63db7584762143dc3914,three_way__no_window,114bd7932e0008f8ef79,three_way,no_window,fl3_entitlement_capped,confirmation,joint_gaussian_regularized_cluster,1.0,1.0,0.8,,not_reached_on_tested_grid
03ef63db7584762143dc3914,three_way__no_window,114bd7932e0008f8ef79,three_way,no_window,fl3_entitlement_capped,confirmation,joint_gaussian_regularized_cluster,1.0,1.0,0.9,,not_reached_on_tested_grid
03ef63db7584762143dc3914,three_way__no_window,114bd7932e0008f8ef79,three_way,no_window,fl3_entitlement_capped,confirmation,joint_gaussian_regularized_cluster,1.5,0.0,0.5,8.0,reached_on_tested_grid
03ef63db7584762143dc3914,three_way__no_window,114bd7932e0008f8ef79,three_way,no_window,fl3_entitlement_capped,confirmation,joint_gaussian_regularized_cluster,1.5,0.0,0.8,10.0,reached_on_tested_grid
03ef63db7584762143dc3914,three_way__no_window,114bd7932e0008f8ef79,three_way,no_window,fl3_entitlement_capped,confirmation,joint_gaussian_regularized_cluster,1.5,0.0,0.9,12.0,reached_on_tested_grid
03ef63db7584762143dc3914,three_way__no_window,114bd7932e0008f8ef79,three_way,no_window,fl3_entitlement_capped,confirmation,joint_gaussian_regularized_cluster,1.5,0.25,0.5,8.0,reached_on_tested_grid
03ef63db7584762143dc3914,three_way__no_window,114bd7932e0008f8ef79,three_way,no_window,fl3_entitlement_capped,confirmation,joint_gaussian_regularized_cluster,1.5,0.25,0.8,10.0,reached_on_tested_grid
03ef63db7584762143dc3914,three_way__no_window,114bd7932e0008f8ef79,three_way,no_window,fl3_entitlement_capped,confirmation,joint_gaussian_regularized_cluster,1.5,0.25,0.9,12.0,reached_on_tested_grid
03ef63db7584762143dc3914,three_way__no_window,114bd7932e0008f8ef79,three_way,no_window,fl3_entitlement_capped,confirmation,joint_gaussian_regularized_cluster,1.5,0.5,0.5,8.0,reached_on_tested_grid
03ef63db7584762143dc3914,three_way__no_window,114bd7932e0008f8ef79,three_way,no_window,fl3_entitlement_capped,confirmation,joint_gaussian_regularized_cluster,1.5,0.5,0.8,12.0,reached_on_tested_grid
03ef63db7584762143dc3914,three_way__no_window,114bd7932e0008f8ef79,three_way,no_window,fl3_entitlement_capped,confirmation,joint_gaussian_regularized_cluster,1.5,0.5,0.9,12.0,reached_on_tested_grid
03ef63db7584762143dc3914,three_way__no_window,114bd7932e0008f8ef79,three_way,no_window,fl3_entitlement_capped,confirmation,joint_gaussian_regularized_cluster,1.5,1.0,0.5,,not_reached_on_tested_grid
03ef63db7584762143dc3914,three_way__no_window,114bd7932e0008f8ef79,three_way,no_window,fl3_entitlement_capped,confirmation,joint_gaussian_regularized_cluster,1.5,1.0,0.8,,not_reached_on_tested_grid
03ef63db7584762143dc3914,three_way__no_window,114bd7932e0008f8ef79,three_way,no_window,fl3_entitlement_capped,confirmation,joint_gaussian_regularized_cluster,1.5,1.0,0.9,,not_reached_on_tested_grid
03ef63db7584762143dc3914,three_way__no_window,114bd7932e0008f8ef79,three_way,no_window,fl3_entitlement_capped,confirmation,joint_gaussian_regularized_cluster,2.0,0.0,0.5,8.0,reached_on_tested_grid
03ef63db7584762143dc3914,three_way__no_window,114bd7932e0008f8ef79,three_way,no_window,fl3_entitlement_capped,confirmation,joint_gaussian_regularized_cluster,2.0,0.0,0.8,10.0,reached_on_tested_grid
03ef63db7584762143dc3914,three_way__no_window,114bd7932e0008f8ef79,three_way,no_window,fl3_entitlement_capped,confirmation,joint_gaussian_regularized_cluster,2.0,0.0,0.9,12.0,reached_on_tested_grid
03ef63db7584762143dc3914,three_way__no_window,114bd7932e0008f8ef79,three_way,no_window,fl3_entitlement_capped,confirmation,joint_gaussian_regularized_cluster,2.0,0.25,0.5,8.0,reached_on_tested_grid
03ef63db7584762143dc3914,three_way__no_window,114bd7932e0008f8ef79,three_way,no_window,fl3_entitlement_capped,confirmation,joint_gaussian_regularized_cluster,2.0,0.25,0.8,10.0,reached_on_tested_grid
03ef63db7584762143dc3914,three_way__no_window,114bd7932e0008f8ef79,three_way,no_window,fl3_entitlement_capped,confirmation,joint_gaussian_regularized_cluster,2.0,0.25,0.9,12.0,reached_on_tested_grid
03ef63db7584762143dc3914,three_way__no_window,114bd7932e0008f8ef79,three_way,no_window,fl3_entitlement_capped,confirmation,joint_gaussian_regularized_cluster,2.0,0.5,0.5,8.0,reached_on_tested_grid
03ef63db7584762143dc3914,three_way__no_window,114bd7932e0008f8ef79,three_way,no_window,fl3_entitlement_capped,confirmation,joint_gaussian_regularized_cluster,2.0,0.5,0.8,10.0,reached_on_tested_grid
03ef63db7584762143dc3914,three_way__no_window,114bd7932e0008f8ef79,three_way,no_window,fl3_entitlement_capped,confirmation,joint_gaussian_regularized_cluster,2.0,0.5,0.9,12.0,reached_on_tested_grid
03ef63db7584762143dc3914,three_way__no_window,114bd7932e0008f8ef79,three_way,no_window,fl3_entitlement_capped,confirmation,joint_gaussian_regularized_cluster,2.0,1.0,0.5,,not_reached_on_tested_grid
03ef63db7584762143dc3914,three_way__no_window,114bd7932e0008f8ef79,three_way,no_window,fl3_entitlement_capped,confirmation,joint_gaussian_regularized_cluster,2.0,1.0,0.8,,not_reached_on_tested_grid
03ef63db7584762143dc3914,three_way__no_window,114bd7932e0008f8ef79,three_way,no_window,fl3_entitlement_capped,confirmation,joint_gaussian_regularized_cluster,2.0,1.0,0.9,,not_reached_on_tested_grid
03ef63db7584762143dc3914,three_way__no_window,114bd7932e0008f8ef79,three_way,no_window,fl3_entitlement_capped,confirmation,joint_wild_cluster_rademacher,0.0,0.0,0.5,,not_reached_on_tested_grid
03ef63db7584762143dc3914,three_way__no_window,114bd7932e0008f8ef79,three_way,no_window,fl3_entitlement_capped,confirmation,joint_wild_cluster_rademacher,0.0,0.0,0.8,,not_reached_on_tested_grid
03ef63db7584762143dc3914,three_way__no_window,114bd7932e0008f8ef79,three_way,no_window,fl3_entitlement_capped,confirmation,joint_wild_cluster_rademacher,0.0,0.0,0.9,,not_reached_on_tested_grid
03ef63db7584762143dc3914,three_way__no_window,114bd7932e0008f8ef79,three_way,no_window,fl3_entitlement_capped,confirmation,joint_wild_cluster_rademacher,0.25,0.0,0.5,10.0,reached_on_tested_grid
03ef63db7584762143dc3914,three_way__no_window,114bd7932e0008f8ef79,three_way,no_window,fl3_entitlement_capped,confirmation,joint_wild_cluster_rademacher,0.25,0.0,0.8,,not_reached_on_tested_grid
03ef63db7584762143dc3914,three_way__no_window,114bd7932e0008f8ef79,three_way,no_window,fl3_entitlement_capped,confirmation,joint_wild_cluster_rademacher,0.25,0.0,0.9,,not_reached_on_tested_grid
03ef63db7584762143dc3914,three_way__no_window,114bd7932e0008f8ef79,three_way,no_window,fl3_entitlement_capped,confirmation,joint_wild_cluster_rademacher,0.25,0.25,0.5,10.0,reached_on_tested_grid
03ef63db7584762143dc3914,three_way__no_window,114bd7932e0008f8ef79,three_way,no_window,fl3_entitlement_capped,confirmation,joint_wild_cluster_rademacher,0.25,0.25,0.8,,not_reached_on_tested_grid
03ef63db7584762143dc3914,three_way__no_window,114bd7932e0008f8ef79,three_way,no_window,fl3_entitlement_capped,confirmation,joint_wild_cluster_rademacher,0.25,0.25,0.9,,not_reached_on_tested_grid
03ef63db7584762143dc3914,three_way__no_window,114bd7932e0008f8ef79,three_way,no_window,fl3_entitlement_capped,confirmation,joint_wild_cluster_rademacher,0.25,0.5,0.5,12.0,reached_on_tested_grid
03ef63db7584762143dc3914,three_way__no_window,114bd7932e0008f8ef79,three_way,no_window,fl3_entitlement_capped,confirmation,joint_wild_cluster_rademacher,0.25,0.5,0.8,,not_reached_on_tested_grid
03ef63db7584762143dc3914,three_way__no_window,114bd7932e0008f8ef79,three_way,no_window,fl3_entitlement_capped,confirmation,joint_wild_cluster_rademacher,0.25,0.5,0.9,,not_reached_on_tested_grid
03ef63db7584762143dc3914,three_way__no_window,114bd7932e0008f8ef79,three_way,no_window,fl3_entitlement_capped,confirmation,joint_wild_cluster_rademacher,0.25,1.0,0.5,,not_reached_on_tested_grid
03ef63db7584762143dc3914,three_way__no_window,114bd7932e0008f8ef79,three_way,no_window,fl3_entitlement_capped,confirmation,joint_wild_cluster_rademacher,0.25,1.0,0.8,,not_reached_on_tested_grid
03ef63db7584762143dc3914,three_way__no_window,114bd7932e0008f8ef79,three_way,no_window,fl3_entitlement_capped,confirmation,joint_wild_cluster_rademacher,0.25,1.0,0.9,,not_reached_on_tested_grid
03ef63db7584762143dc3914,three_way__no_window,114bd7932e0008f8ef79,three_way,no_window,fl3_entitlement_capped,confirmation,joint_wild_cluster_rademacher,0.5,0.0,0.5,8.0,reached_on_tested_grid
03ef63db7584762143dc3914,three_way__no_window,114bd7932e0008f8ef79,three_way,no_window,fl3_entitlement_capped,confirmation,joint_wild_cluster_rademacher,0.5,0.0,0.8,12.0,reached_on_tested_grid
03ef63db7584762143dc3914,three_way__no_window,114bd7932e0008f8ef79,three_way,no_window,fl3_entitlement_capped,confirmation,joint_wild_cluster_rademacher,0.5,0.0,0.9,,not_reached_on_tested_grid
03ef63db7584762143dc3914,three_way__no_window,114bd7932e0008f8ef79,three_way,no_window,fl3_entitlement_capped,confirmation,joint_wild_cluster_rademacher,0.5,0.25,0.5,8.0,reached_on_tested_grid
03ef63db7584762143dc3914,three_way__no_window,114bd7932e0008f8ef79,three_way,no_window,fl3_entitlement_capped,confirmation,joint_wild_cluster_rademacher,0.5,0.25,0.8,12.0,reached_on_tested_grid
03ef63db7584762143dc3914,three_way__no_window,114bd7932e0008f8ef79,three_way,no_window,fl3_entitlement_capped,confirmation,joint_wild_cluster_rademacher,0.5,0.25,0.9,12.0,reached_on_tested_grid
03ef63db7584762143dc3914,three_way__no_window,114bd7932e0008f8ef79,three_way,no_window,fl3_entitlement_capped,confirmation,joint_wild_cluster_rademacher,0.5,0.5,0.5,10.0,reached_on_tested_grid
03ef63db7584762143dc3914,three_way__no_window,114bd7932e0008f8ef79,three_way,no_window,fl3_entitlement_capped,confirmation,joint_wild_cluster_rademacher,0.5,0.5,0.8,,not_reached_on_tested_grid
03ef63db7584762143dc3914,three_way__no_window,114bd7932e0008f8ef79,three_way,no_window,fl3_entitlement_capped,confirmation,joint_wild_cluster_rademacher,0.5,0.5,0.9,,not_reached_on_tested_grid
03ef63db7584762143dc3914,three_way__no_window,114bd7932e0008f8ef79,three_way,no_window,fl3_entitlement_capped,confirmation,joint_wild_cluster_rademacher,0.5,1.0,0.5,,not_reached_on_tested_grid
03ef63db7584762143dc3914,three_way__no_window,114bd7932e0008f8ef79,three_way,no_window,fl3_entitlement_capped,confirmation,joint_wild_cluster_rademacher,0.5,1.0,0.8,,not_reached_on_tested_grid
03ef63db7584762143dc3914,three_way__no_window,114bd7932e0008f8ef79,three_way,no_window,fl3_entitlement_capped,confirmation,joint_wild_cluster_rademacher,0.5,1.0,0.9,,not_reached_on_tested_grid
03ef63db7584762143dc3914,three_way__no_window,114bd7932e0008f8ef79,three_way,no_window,fl3_entitlement_capped,confirmation,joint_wild_cluster_rademacher,0.75,0.0,0.5,8.0,reached_on_tested_grid
03ef63db7584762143dc3914,three_way__no_window,114bd7932e0008f8ef79,three_way,no_window,fl3_entitlement_capped,confirmation,joint_wild_cluster_rademacher,0.75,0.0,0.8,10.0,reached_on_tested_grid
03ef63db7584762143dc3914,three_way__no_window,114bd7932e0008f8ef79,three_way,no_window,fl3_entitlement_capped,confirmation,joint_wild_cluster_rademacher,0.75,0.0,0.9,12.0,reached_on_tested_grid
03ef63db7584762143dc3914,three_way__no_window,114bd7932e0008f8ef79,three_way,no_window,fl3_entitlement_capped,confirmation,joint_wild_cluster_rademacher,0.75,0.25,0.5,8.0,reached_on_tested_grid
03ef63db7584762143dc3914,three_way__no_window,114bd7932e0008f8ef79,three_way,no_window,fl3_entitlement_capped,confirmation,joint_wild_cluster_rademacher,0.75,0.25,0.8,10.0,reached_on_tested_grid
03ef63db7584762143dc3914,three_way__no_window,114bd7932e0008f8ef79,three_way,no_window,fl3_entitlement_capped,confirmation,joint_wild_cluster_rademacher,0.75,0.25,0.9,12.0,reached_on_tested_grid
03ef63db7584762143dc3914,three_way__no_window,114bd7932e0008f8ef79,three_way,no_window,fl3_entitlement_capped,confirmation,joint_wild_cluster_rademacher,0.75,0.5,0.5,8.0,reached_on_tested_grid
03ef63db7584762143dc3914,three_way__no_window,114bd7932e0008f8ef79,three_way,no_window,fl3_entitlement_capped,confirmation,joint_wild_cluster_rademacher,0.75,0.5,0.8,12.0,reached_on_tested_grid
03ef63db7584762143dc3914,three_way__no_window,114bd7932e0008f8ef79,three_way,no_window,fl3_entitlement_capped,confirmation,joint_wild_cluster_rademacher,0.75,0.5,0.9,,not_reached_on_tested_grid
03ef63db7584762143dc3914,three_way__no_window,114bd7932e0008f8ef79,three_way,no_window,fl3_entitlement_capped,confirmation,joint_wild_cluster_rademacher,0.75,1.0,0.5,,not_reached_on_tested_grid
03ef63db7584762143dc3914,three_way__no_window,114bd7932e0008f8ef79,three_way,no_window,fl3_entitlement_capped,confirmation,joint_wild_cluster_rademacher,0.75,1.0,0.8,,not_reached_on_tested_grid
03ef63db7584762143dc3914,three_way__no_window,114bd7932e0008f8ef79,three_way,no_window,fl3_entitlement_capped,confirmation,joint_wild_cluster_rademacher,0.75,1.0,0.9,,not_reached_on_tested_grid
03ef63db7584762143dc3914,three_way__no_window,114bd7932e0008f8ef79,three_way,no_window,fl3_entitlement_capped,confirmation,joint_wild_cluster_rademacher,1.0,0.0,0.5,8.0,reached_on_tested_grid
03ef63db7584762143dc3914,three_way__no_window,114bd7932e0008f8ef79,three_way,no_window,fl3_entitlement_capped,confirmation,joint_wild_cluster_rademacher,1.0,0.0,0.8,10.0,reached_on_tested_grid
03ef63db7584762143dc3914,three_way__no_window,114bd7932e0008f8ef79,three_way,no_window,fl3_entitlement_capped,confirmation,joint_wild_cluster_rademacher,1.0,0.0,0.9,12.0,reached_on_tested_grid
03ef63db7584762143dc3914,three_way__no_window,114bd7932e0008f8ef79,three_way,no_window,fl3_entitlement_capped,confirmation,joint_wild_cluster_rademacher,1.0,0.25,0.5,8.0,reached_on_tested_grid
03ef63db7584762143dc3914,three_way__no_window,114bd7932e0008f8ef79,three_way,no_window,fl3_entitlement_capped,confirmation,joint_wild_cluster_rademacher,1.0,0.25,0.8,10.0,reached_on_tested_grid
03ef63db7584762143dc3914,three_way__no_window,114bd7932e0008f8ef79,three_way,no_window,fl3_entitlement_capped,confirmation,joint_wild_cluster_rademacher,1.0,0.25,0.9,12.0,reached_on_tested_grid
03ef63db7584762143dc3914,three_way__no_window,114bd7932e0008f8ef79,three_way,no_window,fl3_entitlement_capped,confirmation,joint_wild_cluster_rademacher,1.0,0.5,0.5,8.0,reached_on_tested_grid
03ef63db7584762143dc3914,three_way__no_window,114bd7932e0008f8ef79,three_way,no_window,fl3_entitlement_capped,confirmation,joint_wild_cluster_rademacher,1.0,0.5,0.8,12.0,reached_on_tested_grid
03ef63db7584762143dc3914,three_way__no_window,114bd7932e0008f8ef79,three_way,no_window,fl3_entitlement_capped,confirmation,joint_wild_cluster_rademacher,1.0,0.5,0.9,12.0,reached_on_tested_grid
03ef63db7584762143dc3914,three_way__no_window,114bd7932e0008f8ef79,three_way,no_window,fl3_entitlement_capped,confirmation,joint_wild_cluster_rademacher,1.0,1.0,0.5,,not_reached_on_tested_grid
03ef63db7584762143dc3914,three_way__no_window,114bd7932e0008f8ef79,three_way,no_window,fl3_entitlement_capped,confirmation,joint_wild_cluster_rademacher,1.0,1.0,0.8,,not_reached_on_tested_grid
03ef63db7584762143dc3914,three_way__no_window,114bd7932e0008f8ef79,three_way,no_window,fl3_entitlement_capped,confirmation,joint_wild_cluster_rademacher,1.0,1.0,0.9,,not_reached_on_tested_grid
03ef63db7584762143dc3914,three_way__no_window,114bd7932e0008f8ef79,three_way,no_window,fl3_entitlement_capped,confirmation,joint_wild_cluster_rademacher,1.5,0.0,0.5,8.0,reached_on_tested_grid
03ef63db7584762143dc3914,three_way__no_window,114bd7932e0008f8ef79,three_way,no_window,fl3_entitlement_capped,confirmation,joint_wild_cluster_rademacher,1.5,0.0,0.8,10.0,reached_on_tested_grid
03ef63db7584762143dc3914,three_way__no_window,114bd7932e0008f8ef79,three_way,no_window,fl3_entitlement_capped,confirmation,joint_wild_cluster_rademacher,1.5,0.0,0.9,12.0,reached_on_tested_grid
03ef63db7584762143dc3914,three_way__no_window,114bd7932e0008f8ef79,three_way,no_window,fl3_entitlement_capped,confirmation,joint_wild_cluster_rademacher,1.5,0.25,0.5,8.0,reached_on_tested_grid
03ef63db7584762143dc3914,three_way__no_window,114bd7932e0008f8ef79,three_way,no_window,fl3_entitlement_capped,confirmation,joint_wild_cluster_rademacher,1.5,0.25,0.8,10.0,reached_on_tested_grid
03ef63db7584762143dc3914,three_way__no_window,114bd7932e0008f8ef79,three_way,no_window,fl3_entitlement_capped,confirmation,joint_wild_cluster_rademacher,1.5,0.25,0.9,12.0,reached_on_tested_grid
03ef63db7584762143dc3914,three_way__no_window,114bd7932e0008f8ef79,three_way,no_window,fl3_entitlement_capped,confirmation,joint_wild_cluster_rademacher,1.5,0.5,0.5,8.0,reached_on_tested_grid
03ef63db7584762143dc3914,three_way__no_window,114bd7932e0008f8ef79,three_way,no_window,fl3_entitlement_capped,confirmation,joint_wild_cluster_rademacher,1.5,0.5,0.8,10.0,reached_on_tested_grid
03ef63db7584762143dc3914,three_way__no_window,114bd7932e0008f8ef79,three_way,no_window,fl3_entitlement_capped,confirmation,joint_wild_cluster_rademacher,1.5,0.5,0.9,12.0,reached_on_tested_grid
03ef63db7584762143dc3914,three_way__no_window,114bd7932e0008f8ef79,three_way,no_window,fl3_entitlement_capped,confirmation,joint_wild_cluster_rademacher,1.5,1.0,0.5,,not_reached_on_tested_grid
03ef63db7584762143dc3914,three_way__no_window,114bd7932e0008f8ef79,three_way,no_window,fl3_entitlement_capped,confirmation,joint_wild_cluster_rademacher,1.5,1.0,0.8,,not_reached_on_tested_grid
03ef63db7584762143dc3914,three_way__no_window,114bd7932e0008f8ef79,three_way,no_window,fl3_entitlement_capped,confirmation,joint_wild_cluster_rademacher,1.5,1.0,0.9,,not_reached_on_tested_grid
03ef63db7584762143dc3914,three_way__no_window,114bd7932e0008f8ef79,three_way,no_window,fl3_entitlement_capped,confirmation,joint_wild_cluster_rademacher,2.0,0.0,0.5,8.0,reached_on_tested_grid
03ef63db7584762143dc3914,three_way__no_window,114bd7932e0008f8ef79,three_way,no_window,fl3_entitlement_capped,confirmation,joint_wild_cluster_rademacher,2.0,0.0,0.8,10.0,reached_on_tested_grid
03ef63db7584762143dc3914,three_way__no_window,114bd7932e0008f8ef79,three_way,no_window,fl3_entitlement_capped,confirmation,joint_wild_cluster_rademacher,2.0,0.0,0.9,12.0,reached_on_tested_grid
03ef63db7584762143dc3914,three_way__no_window,114bd7932e0008f8ef79,three_way,no_window,fl3_entitlement_capped,confirmation,joint_wild_cluster_rademacher,2.0,0.25,0.5,8.0,reached_on_tested_grid
03ef63db7584762143dc3914,three_way__no_window,114bd7932e0008f8ef79,three_way,no_window,fl3_entitlement_capped,confirmation,joint_wild_cluster_rademacher,2.0,0.25,0.8,10.0,reached_on_tested_grid
03ef63db7584762143dc3914,three_way__no_window,114bd7932e0008f8ef79,three_way,no_window,fl3_entitlement_capped,confirmation,joint_wild_cluster_rademacher,2.0,0.25,0.9,12.0,reached_on_tested_grid
03ef63db7584762143dc3914,three_way__no_window,114bd7932e0008f8ef79,three_way,no_window,fl3_entitlement_capped,confirmation,joint_wild_cluster_rademacher,2.0,0.5,0.5,8.0,reached_on_tested_grid
03ef63db7584762143dc3914,three_way__no_window,114bd7932e0008f8ef79,three_way,no_window,fl3_entitlement_capped,confirmation,joint_wild_cluster_rademacher,2.0,0.5,0.8,10.0,reached_on_tested_grid
03ef63db7584762143dc3914,three_way__no_window,114bd7932e0008f8ef79,three_way,no_window,fl3_entitlement_capped,confirmation,joint_wild_cluster_rademacher,2.0,0.5,0.9,12.0,reached_on_tested_grid
03ef63db7584762143dc3914,three_way__no_window,114bd7932e0008f8ef79,three_way,no_window,fl3_entitlement_capped,confirmation,joint_wild_cluster_rademacher,2.0,1.0,0.5,,not_reached_on_tested_grid
03ef63db7584762143dc3914,three_way__no_window,114bd7932e0008f8ef79,three_way,no_window,fl3_entitlement_capped,confirmation,joint_wild_cluster_rademacher,2.0,1.0,0.8,,not_reached_on_tested_grid
03ef63db7584762143dc3914,three_way__no_window,114bd7932e0008f8ef79,three_way,no_window,fl3_entitlement_capped,confirmation,joint_wild_cluster_rademacher,2.0,1.0,0.9,,not_reached_on_tested_grid
03ef63db7584762143dc3914,three_way__no_window,114bd7932e0008f8ef79,three_way,no_window,fl3_entitlement_capped,discovery,joint_gaussian_regularized_cluster,0.0,0.0,0.5,,not_reached_on_tested_grid
03ef63db7584762143dc3914,three_way__no_window,114bd7932e0008f8ef79,three_way,no_window,fl3_entitlement_capped,discovery,joint_gaussian_regularized_cluster,0.0,0.0,0.8,,not_reached_on_tested_grid
03ef63db7584762143dc3914,three_way__no_window,114bd7932e0008f8ef79,three_way,no_window,fl3_entitlement_capped,discovery,joint_gaussian_regularized_cluster,0.0,0.0,0.9,,not_reached_on_tested_grid
03ef63db7584762143dc3914,three_way__no_window,114bd7932e0008f8ef79,three_way,no_window,fl3_entitlement_capped,discovery,joint_gaussian_regularized_cluster,0.25,0.0,0.5,8.0,reached_on_tested_grid
03ef63db7584762143dc3914,three_way__no_window,114bd7932e0008f8ef79,three_way,no_window,fl3_entitlement_capped,discovery,joint_gaussian_regularized_cluster,0.25,0.0,0.8,10.0,reached_on_tested_grid
03ef63db7584762143dc3914,three_way__no_window,114bd7932e0008f8ef79,three_way,no_window,fl3_entitlement_capped,discovery,joint_gaussian_regularized_cluster,0.25,0.0,0.9,,not_reached_on_tested_grid
03ef63db7584762143dc3914,three_way__no_window,114bd7932e0008f8ef79,three_way,no_window,fl3_entitlement_capped,discovery,joint_gaussian_regularized_cluster,0.25,0.25,0.5,8.0,reached_on_tested_grid
03ef63db7584762143dc3914,three_way__no_window,114bd7932e0008f8ef79,three_way,no_window,fl3_entitlement_capped,discovery,joint_gaussian_regularized_cluster,0.25,0.25,0.8,12.0,reached_on_tested_grid
03ef63db7584762143dc3914,three_way__no_window,114bd7932e0008f8ef79,three_way,no_window,fl3_entitlement_capped,discovery,joint_gaussian_regularized_cluster,0.25,0.25,0.9,,not_reached_on_tested_grid
03ef63db7584762143dc3914,three_way__no_window,114bd7932e0008f8ef79,three_way,no_window,fl3_entitlement_capped,discovery,joint_gaussian_regularized_cluster,0.25,0.5,0.5,8.0,reached_on_tested_grid
03ef63db7584762143dc3914,three_way__no_window,114bd7932e0008f8ef79,three_way,no_window,fl3_entitlement_capped,discovery,joint_gaussian_regularized_cluster,0.25,0.5,0.8,,not_reached_on_tested_grid
03ef63db7584762143dc3914,three_way__no_window,114bd7932e0008f8ef79,three_way,no_window,fl3_entitlement_capped,discovery,joint_gaussian_regularized_cluster,0.25,0.5,0.9,,not_reached_on_tested_grid
03ef63db7584762143dc3914,three_way__no_window,114bd7932e0008f8ef79,three_way,no_window,fl3_entitlement_capped,discovery,joint_gaussian_regularized_cluster,0.25,1.0,0.5,,not_reached_on_tested_grid
03ef63db7584762143dc3914,three_way__no_window,114bd7932e0008f8ef79,three_way,no_window,fl3_entitlement_capped,discovery,joint_gaussian_regularized_cluster,0.25,1.0,0.8,,not_reached_on_tested_grid
03ef63db7584762143dc3914,three_way__no_window,114bd7932e0008f8ef79,three_way,no_window,fl3_entitlement_capped,discovery,joint_gaussian_regularized_cluster,0.25,1.0,0.9,,not_reached_on_tested_grid
03ef63db7584762143dc3914,three_way__no_window,114bd7932e0008f8ef79,three_way,no_window,fl3_entitlement_capped,discovery,joint_gaussian_regularized_cluster,0.5,0.0,0.5,6.0,reached_on_tested_grid
03ef63db7584762143dc3914,three_way__no_window,114bd7932e0008f8ef79,three_way,no_window,fl3_entitlement_capped,discovery,joint_gaussian_regularized_cluster,0.5,0.0,0.8,8.0,reached_on_tested_grid
03ef63db7584762143dc3914,three_way__no_window,114bd7932e0008f8ef79,three_way,no_window,fl3_entitlement_capped,discovery,joint_gaussian_regularized_cluster,0.5,0.0,0.9,10.0,reached_on_tested_grid
03ef63db7584762143dc3914,three_way__no_window,114bd7932e0008f8ef79,three_way,no_window,fl3_entitlement_capped,discovery,joint_gaussian_regularized_cluster,0.5,0.25,0.5,6.0,reached_on_tested_grid
03ef63db7584762143dc3914,three_way__no_window,114bd7932e0008f8ef79,three_way,no_window,fl3_entitlement_capped,discovery,joint_gaussian_regularized_cluster,0.5,0.25,0.8,8.0,reached_on_tested_grid
03ef63db7584762143dc3914,three_way__no_window,114bd7932e0008f8ef79,three_way,no_window,fl3_entitlement_capped,discovery,joint_gaussian_regularized_cluster,0.5,0.25,0.9,10.0,reached_on_tested_grid
03ef63db7584762143dc3914,three_way__no_window,114bd7932e0008f8ef79,three_way,no_window,fl3_entitlement_capped,discovery,joint_gaussian_regularized_cluster,0.5,0.5,0.5,6.0,reached_on_tested_grid
03ef63db7584762143dc3914,three_way__no_window,114bd7932e0008f8ef79,three_way,no_window,fl3_entitlement_capped,discovery,joint_gaussian_regularized_cluster,0.5,0.5,0.8,10.0,reached_on_tested_grid
03ef63db7584762143dc3914,three_way__no_window,114bd7932e0008f8ef79,three_way,no_window,fl3_entitlement_capped,discovery,joint_gaussian_regularized_cluster,0.5,0.5,0.9,12.0,reached_on_tested_grid
03ef63db7584762143dc3914,three_way__no_window,114bd7932e0008f8ef79,three_way,no_window,fl3_entitlement_capped,discovery,joint_gaussian_regularized_cluster,0.5,1.0,0.5,,not_reached_on_tested_grid
03ef63db7584762143dc3914,three_way__no_window,114bd7932e0008f8ef79,three_way,no_window,fl3_entitlement_capped,discovery,joint_gaussian_regularized_cluster,0.5,1.0,0.8,,not_reached_on_tested_grid
03ef63db7584762143dc3914,three_way__no_window,114bd7932e0008f8ef79,three_way,no_window,fl3_entitlement_capped,discovery,joint_gaussian_regularized_cluster,0.5,1.0,0.9,,not_reached_on_tested_grid
03ef63db7584762143dc3914,three_way__no_window,114bd7932e0008f8ef79,three_way,no_window,fl3_entitlement_capped,discovery,joint_gaussian_regularized_cluster,0.75,0.0,0.5,5.0,reached_on_tested_grid
03ef63db7584762143dc3914,three_way__no_window,114bd7932e0008f8ef79,three_way,no_window,fl3_entitlement_capped,discovery,joint_gaussian_regularized_cluster,0.75,0.0,0.8,8.0,reached_on_tested_grid
03ef63db7584762143dc3914,three_way__no_window,114bd7932e0008f8ef79,three_way,no_window,fl3_entitlement_capped,discovery,joint_gaussian_regularized_cluster,0.75,0.0,0.9,8.0,reached_on_tested_grid
03ef63db7584762143dc3914,three_way__no_window,114bd7932e0008f8ef79,three_way,no_window,fl3_entitlement_capped,discovery,joint_gaussian_regularized_cluster,0.75,0.25,0.5,5.0,reached_on_tested_grid
03ef63db7584762143dc3914,three_way__no_window,114bd7932e0008f8ef79,three_way,no_window,fl3_entitlement_capped,discovery,joint_gaussian_regularized_cluster,0.75,0.25,0.8,8.0,reached_on_tested_grid
03ef63db7584762143dc3914,three_way__no_window,114bd7932e0008f8ef79,three_way,no_window,fl3_entitlement_capped,discovery,joint_gaussian_regularized_cluster,0.75,0.25,0.9,8.0,reached_on_tested_grid
03ef63db7584762143dc3914,three_way__no_window,114bd7932e0008f8ef79,three_way,no_window,fl3_entitlement_capped,discovery,joint_gaussian_regularized_cluster,0.75,0.5,0.5,6.0,reached_on_tested_grid
03ef63db7584762143dc3914,three_way__no_window,114bd7932e0008f8ef79,three_way,no_window,fl3_entitlement_capped,discovery,joint_gaussian_regularized_cluster,0.75,0.5,0.8,8.0,reached_on_tested_grid
03ef63db7584762143dc3914,three_way__no_window,114bd7932e0008f8ef79,three_way,no_window,fl3_entitlement_capped,discovery,joint_gaussian_regularized_cluster,0.75,0.5,0.9,10.0,reached_on_tested_grid
03ef63db7584762143dc3914,three_way__no_window,114bd7932e0008f8ef79,three_way,no_window,fl3_entitlement_capped,discovery,joint_gaussian_regularized_cluster,0.75,1.0,0.5,,not_reached_on_tested_grid
03ef63db7584762143dc3914,three_way__no_window,114bd7932e0008f8ef79,three_way,no_window,fl3_entitlement_capped,discovery,joint_gaussian_regularized_cluster,0.75,1.0,0.8,,not_reached_on_tested_grid
03ef63db7584762143dc3914,three_way__no_window,114bd7932e0008f8ef79,three_way,no_window,fl3_entitlement_capped,discovery,joint_gaussian_regularized_cluster,0.75,1.0,0.9,,not_reached_on_tested_grid
03ef63db7584762143dc3914,three_way__no_window,114bd7932e0008f8ef79,three_way,no_window,fl3_entitlement_capped,discovery,joint_gaussian_regularized_cluster,1.0,0.0,0.5,5.0,reached_on_tested_grid
03ef63db7584762143dc3914,three_way__no_window,114bd7932e0008f8ef79,three_way,no_window,fl3_entitlement_capped,discovery,joint_gaussian_regularized_cluster,1.0,0.0,0.8,8.0,reached_on_tested_grid
03ef63db7584762143dc3914,three_way__no_window,114bd7932e0008f8ef79,three_way,no_window,fl3_entitlement_capped,discovery,joint_gaussian_regularized_cluster,1.0,0.0,0.9,8.0,reached_on_tested_grid
03ef63db7584762143dc3914,three_way__no_window,114bd7932e0008f8ef79,three_way,no_window,fl3_entitlement_capped,discovery,joint_gaussian_regularized_cluster,1.0,0.25,0.5,5.0,reached_on_tested_grid
03ef63db7584762143dc3914,three_way__no_window,114bd7932e0008f8ef79,three_way,no_window,fl3_entitlement_capped,discovery,joint_gaussian_regularized_cluster,1.0,0.25,0.8,8.0,reached_on_tested_grid
03ef63db7584762143dc3914,three_way__no_window,114bd7932e0008f8ef79,three_way,no_window,fl3_entitlement_capped,discovery,joint_gaussian_regularized_cluster,1.0,0.25,0.9,8.0,reached_on_tested_grid
03ef63db7584762143dc3914,three_way__no_window,114bd7932e0008f8ef79,three_way,no_window,fl3_entitlement_capped,discovery,joint_gaussian_regularized_cluster,1.0,0.5,0.5,5.0,reached_on_tested_grid
03ef63db7584762143dc3914,three_way__no_window,114bd7932e0008f8ef79,three_way,no_window,fl3_entitlement_capped,discovery,joint_gaussian_regularized_cluster,1.0,0.5,0.8,8.0,reached_on_tested_grid
03ef63db7584762143dc3914,three_way__no_window,114bd7932e0008f8ef79,three_way,no_window,fl3_entitlement_capped,discovery,joint_gaussian_regularized_cluster,1.0,0.5,0.9,8.0,reached_on_tested_grid
03ef63db7584762143dc3914,three_way__no_window,114bd7932e0008f8ef79,three_way,no_window,fl3_entitlement_capped,discovery,joint_gaussian_regularized_cluster,1.0,1.0,0.5,,not_reached_on_tested_grid
03ef63db7584762143dc3914,three_way__no_window,114bd7932e0008f8ef79,three_way,no_window,fl3_entitlement_capped,discovery,joint_gaussian_regularized_cluster,1.0,1.0,0.8,,not_reached_on_tested_grid
03ef63db7584762143dc3914,three_way__no_window,114bd7932e0008f8ef79,three_way,no_window,fl3_entitlement_capped,discovery,joint_gaussian_regularized_cluster,1.0,1.0,0.9,,not_reached_on_tested_grid
03ef63db7584762143dc3914,three_way__no_window,114bd7932e0008f8ef79,three_way,no_window,fl3_entitlement_capped,discovery,joint_gaussian_regularized_cluster,1.5,0.0,0.5,5.0,reached_on_tested_grid
03ef63db7584762143dc3914,three_way__no_window,114bd7932e0008f8ef79,three_way,no_window,fl3_entitlement_capped,discovery,joint_gaussian_regularized_cluster,1.5,0.0,0.8,6.0,reached_on_tested_grid
03ef63db7584762143dc3914,three_way__no_window,114bd7932e0008f8ef79,three_way,no_window,fl3_entitlement_capped,discovery,joint_gaussian_regularized_cluster,1.5,0.0,0.9,8.0,reached_on_tested_grid
03ef63db7584762143dc3914,three_way__no_window,114bd7932e0008f8ef79,three_way,no_window,fl3_entitlement_capped,discovery,joint_gaussian_regularized_cluster,1.5,0.25,0.5,5.0,reached_on_tested_grid
03ef63db7584762143dc3914,three_way__no_window,114bd7932e0008f8ef79,three_way,no_window,fl3_entitlement_capped,discovery,joint_gaussian_regularized_cluster,1.5,0.25,0.8,6.0,reached_on_tested_grid
03ef63db7584762143dc3914,three_way__no_window,114bd7932e0008f8ef79,three_way,no_window,fl3_entitlement_capped,discovery,joint_gaussian_regularized_cluster,1.5,0.25,0.9,8.0,reached_on_tested_grid
03ef63db7584762143dc3914,three_way__no_window,114bd7932e0008f8ef79,three_way,no_window,fl3_entitlement_capped,discovery,joint_gaussian_regularized_cluster,1.5,0.5,0.5,5.0,reached_on_tested_grid
03ef63db7584762143dc3914,three_way__no_window,114bd7932e0008f8ef79,three_way,no_window,fl3_entitlement_capped,discovery,joint_gaussian_regularized_cluster,1.5,0.5,0.8,8.0,reached_on_tested_grid
03ef63db7584762143dc3914,three_way__no_window,114bd7932e0008f8ef79,three_way,no_window,fl3_entitlement_capped,discovery,joint_gaussian_regularized_cluster,1.5,0.5,0.9,8.0,reached_on_tested_grid
03ef63db7584762143dc3914,three_way__no_window,114bd7932e0008f8ef79,three_way,no_window,fl3_entitlement_capped,discovery,joint_gaussian_regularized_cluster,1.5,1.0,0.5,,not_reached_on_tested_grid
03ef63db7584762143dc3914,three_way__no_window,114bd7932e0008f8ef79,three_way,no_window,fl3_entitlement_capped,discovery,joint_gaussian_regularized_cluster,1.5,1.0,0.8,,not_reached_on_tested_grid
03ef63db7584762143dc3914,three_way__no_window,114bd7932e0008f8ef79,three_way,no_window,fl3_entitlement_capped,discovery,joint_gaussian_regularized_cluster,1.5,1.0,0.9,,not_reached_on_tested_grid
03ef63db7584762143dc3914,three_way__no_window,114bd7932e0008f8ef79,three_way,no_window,fl3_entitlement_capped,discovery,joint_gaussian_regularized_cluster,2.0,0.0,0.5,5.0,reached_on_tested_grid
03ef63db7584762143dc3914,three_way__no_window,114bd7932e0008f8ef79,three_way,no_window,fl3_entitlement_capped,discovery,joint_gaussian_regularized_cluster,2.0,0.0,0.8,6.0,reached_on_tested_grid
03ef63db7584762143dc3914,three_way__no_window,114bd7932e0008f8ef79,three_way,no_window,fl3_entitlement_capped,discovery,joint_gaussian_regularized_cluster,2.0,0.0,0.9,8.0,reached_on_tested_grid
03ef63db7584762143dc3914,three_way__no_window,114bd7932e0008f8ef79,three_way,no_window,fl3_entitlement_capped,discovery,joint_gaussian_regularized_cluster,2.0,0.25,0.5,5.0,reached_on_tested_grid
03ef63db7584762143dc3914,three_way__no_window,114bd7932e0008f8ef79,three_way,no_window,fl3_entitlement_capped,discovery,joint_gaussian_regularized_cluster,2.0,0.25,0.8,6.0,reached_on_tested_grid
03ef63db7584762143dc3914,three_way__no_window,114bd7932e0008f8ef79,three_way,no_window,fl3_entitlement_capped,discovery,joint_gaussian_regularized_cluster,2.0,0.25,0.9,8.0,reached_on_tested_grid
03ef63db7584762143dc3914,three_way__no_window,114bd7932e0008f8ef79,three_way,no_window,fl3_entitlement_capped,discovery,joint_gaussian_regularized_cluster,2.0,0.5,0.5,5.0,reached_on_tested_grid
03ef63db7584762143dc3914,three_way__no_window,114bd7932e0008f8ef79,three_way,no_window,fl3_entitlement_capped,discovery,joint_gaussian_regularized_cluster,2.0,0.5,0.8,6.0,reached_on_tested_grid
03ef63db7584762143dc3914,three_way__no_window,114bd7932e0008f8ef79,three_way,no_window,fl3_entitlement_capped,discovery,joint_gaussian_regularized_cluster,2.0,0.5,0.9,8.0,reached_on_tested_grid
03ef63db7584762143dc3914,three_way__no_window,114bd7932e0008f8ef79,three_way,no_window,fl3_entitlement_capped,discovery,joint_gaussian_regularized_cluster,2.0,1.0,0.5,,not_reached_on_tested_grid
03ef63db7584762143dc3914,three_way__no_window,114bd7932e0008f8ef79,three_way,no_window,fl3_entitlement_capped,discovery,joint_gaussian_regularized_cluster,2.0,1.0,0.8,,not_reached_on_tested_grid
03ef63db7584762143dc3914,three_way__no_window,114bd7932e0008f8ef79,three_way,no_window,fl3_entitlement_capped,discovery,joint_gaussian_regularized_cluster,2.0,1.0,0.9,,not_reached_on_tested_grid
03ef63db7584762143dc3914,three_way__no_window,114bd7932e0008f8ef79,three_way,no_window,fl3_entitlement_capped,discovery,joint_wild_cluster_rademacher,0.0,0.0,0.5,,not_reached_on_tested_grid
03ef63db7584762143dc3914,three_way__no_window,114bd7932e0008f8ef79,three_way,no_window,fl3_entitlement_capped,discovery,joint_wild_cluster_rademacher,0.0,0.0,0.8,,not_reached_on_tested_grid
03ef63db7584762143dc3914,three_way__no_window,114bd7932e0008f8ef79,three_way,no_window,fl3_entitlement_capped,discovery,joint_wild_cluster_rademacher,0.0,0.0,0.9,,not_reached_on_tested_grid
03ef63db7584762143dc3914,three_way__no_window,114bd7932e0008f8ef79,three_way,no_window,fl3_entitlement_capped,discovery,joint_wild_cluster_rademacher,0.25,0.0,0.5,8.0,reached_on_tested_grid
03ef63db7584762143dc3914,three_way__no_window,114bd7932e0008f8ef79,three_way,no_window,fl3_entitlement_capped,discovery,joint_wild_cluster_rademacher,0.25,0.0,0.8,10.0,reached_on_tested_grid
03ef63db7584762143dc3914,three_way__no_window,114bd7932e0008f8ef79,three_way,no_window,fl3_entitlement_capped,discovery,joint_wild_cluster_rademacher,0.25,0.0,0.9,,not_reached_on_tested_grid
03ef63db7584762143dc3914,three_way__no_window,114bd7932e0008f8ef79,three_way,no_window,fl3_entitlement_capped,discovery,joint_wild_cluster_rademacher,0.25,0.25,0.5,8.0,reached_on_tested_grid
03ef63db7584762143dc3914,three_way__no_window,114bd7932e0008f8ef79,three_way,no_window,fl3_entitlement_capped,discovery,joint_wild_cluster_rademacher,0.25,0.25,0.8,12.0,reached_on_tested_grid
03ef63db7584762143dc3914,three_way__no_window,114bd7932e0008f8ef79,three_way,no_window,fl3_entitlement_capped,discovery,joint_wild_cluster_rademacher,0.25,0.25,0.9,,not_reached_on_tested_grid
03ef63db7584762143dc3914,three_way__no_window,114bd7932e0008f8ef79,three_way,no_window,fl3_entitlement_capped,discovery,joint_wild_cluster_rademacher,0.25,0.5,0.5,8.0,reached_on_tested_grid
03ef63db7584762143dc3914,three_way__no_window,114bd7932e0008f8ef79,three_way,no_window,fl3_entitlement_capped,discovery,joint_wild_cluster_rademacher,0.25,0.5,0.8,,not_reached_on_tested_grid
03ef63db7584762143dc3914,three_way__no_window,114bd7932e0008f8ef79,three_way,no_window,fl3_entitlement_capped,discovery,joint_wild_cluster_rademacher,0.25,0.5,0.9,,not_reached_on_tested_grid
03ef63db7584762143dc3914,three_way__no_window,114bd7932e0008f8ef79,three_way,no_window,fl3_entitlement_capped,discovery,joint_wild_cluster_rademacher,0.25,1.0,0.5,,not_reached_on_tested_grid
03ef63db7584762143dc3914,three_way__no_window,114bd7932e0008f8ef79,three_way,no_window,fl3_entitlement_capped,discovery,joint_wild_cluster_rademacher,0.25,1.0,0.8,,not_reached_on_tested_grid
03ef63db7584762143dc3914,three_way__no_window,114bd7932e0008f8ef79,three_way,no_window,fl3_entitlement_capped,discovery,joint_wild_cluster_rademacher,0.25,1.0,0.9,,not_reached_on_tested_grid
03ef63db7584762143dc3914,three_way__no_window,114bd7932e0008f8ef79,three_way,no_window,fl3_entitlement_capped,discovery,joint_wild_cluster_rademacher,0.5,0.0,0.5,6.0,reached_on_tested_grid
03ef63db7584762143dc3914,three_way__no_window,114bd7932e0008f8ef79,three_way,no_window,fl3_entitlement_capped,discovery,joint_wild_cluster_rademacher,0.5,0.0,0.8,8.0,reached_on_tested_grid
03ef63db7584762143dc3914,three_way__no_window,114bd7932e0008f8ef79,three_way,no_window,fl3_entitlement_capped,discovery,joint_wild_cluster_rademacher,0.5,0.0,0.9,8.0,reached_on_tested_grid
03ef63db7584762143dc3914,three_way__no_window,114bd7932e0008f8ef79,three_way,no_window,fl3_entitlement_capped,discovery,joint_wild_cluster_rademacher,0.5,0.25,0.5,6.0,reached_on_tested_grid
03ef63db7584762143dc3914,three_way__no_window,114bd7932e0008f8ef79,three_way,no_window,fl3_entitlement_capped,discovery,joint_wild_cluster_rademacher,0.5,0.25,0.8,8.0,reached_on_tested_grid
03ef63db7584762143dc3914,three_way__no_window,114bd7932e0008f8ef79,three_way,no_window,fl3_entitlement_capped,discovery,joint_wild_cluster_rademacher,0.5,0.25,0.9,8.0,reached_on_tested_grid
03ef63db7584762143dc3914,three_way__no_window,114bd7932e0008f8ef79,three_way,no_window,fl3_entitlement_capped,discovery,joint_wild_cluster_rademacher,0.5,0.5,0.5,6.0,reached_on_tested_grid
03ef63db7584762143dc3914,three_way__no_window,114bd7932e0008f8ef79,three_way,no_window,fl3_entitlement_capped,discovery,joint_wild_cluster_rademacher,0.5,0.5,0.8,8.0,reached_on_tested_grid
03ef63db7584762143dc3914,three_way__no_window,114bd7932e0008f8ef79,three_way,no_window,fl3_entitlement_capped,discovery,joint_wild_cluster_rademacher,0.5,0.5,0.9,12.0,reached_on_tested_grid
03ef63db7584762143dc3914,three_way__no_window,114bd7932e0008f8ef79,three_way,no_window,fl3_entitlement_capped,discovery,joint_wild_cluster_rademacher,0.5,1.0,0.5,,not_reached_on_tested_grid
03ef63db7584762143dc3914,three_way__no_window,114bd7932e0008f8ef79,three_way,no_window,fl3_entitlement_capped,discovery,joint_wild_cluster_rademacher,0.5,1.0,0.8,,not_reached_on_tested_grid
03ef63db7584762143dc3914,three_way__no_window,114bd7932e0008f8ef79,three_way,no_window,fl3_entitlement_capped,discovery,joint_wild_cluster_rademacher,0.5,1.0,0.9,,not_reached_on_tested_grid
03ef63db7584762143dc3914,three_way__no_window,114bd7932e0008f8ef79,three_way,no_window,fl3_entitlement_capped,discovery,joint_wild_cluster_rademacher,0.75,0.0,0.5,5.0,reached_on_tested_grid
03ef63db7584762143dc3914,three_way__no_window,114bd7932e0008f8ef79,three_way,no_window,fl3_entitlement_capped,discovery,joint_wild_cluster_rademacher,0.75,0.0,0.8,8.0,reached_on_tested_grid
03ef63db7584762143dc3914,three_way__no_window,114bd7932e0008f8ef79,three_way,no_window,fl3_entitlement_capped,discovery,joint_wild_cluster_rademacher,0.75,0.0,0.9,8.0,reached_on_tested_grid
03ef63db7584762143dc3914,three_way__no_window,114bd7932e0008f8ef79,three_way,no_window,fl3_entitlement_capped,discovery,joint_wild_cluster_rademacher,0.75,0.25,0.5,5.0,reached_on_tested_grid
03ef63db7584762143dc3914,three_way__no_window,114bd7932e0008f8ef79,three_way,no_window,fl3_entitlement_capped,discovery,joint_wild_cluster_rademacher,0.75,0.25,0.8,8.0,reached_on_tested_grid
03ef63db7584762143dc3914,three_way__no_window,114bd7932e0008f8ef79,three_way,no_window,fl3_entitlement_capped,discovery,joint_wild_cluster_rademacher,0.75,0.25,0.9,8.0,reached_on_tested_grid
03ef63db7584762143dc3914,three_way__no_window,114bd7932e0008f8ef79,three_way,no_window,fl3_entitlement_capped,discovery,joint_wild_cluster_rademacher,0.75,0.5,0.5,5.0,reached_on_tested_grid
03ef63db7584762143dc3914,three_way__no_window,114bd7932e0008f8ef79,three_way,no_window,fl3_entitlement_capped,discovery,joint_wild_cluster_rademacher,0.75,0.5,0.8,8.0,reached_on_tested_grid
03ef63db7584762143dc3914,three_way__no_window,114bd7932e0008f8ef79,three_way,no_window,fl3_entitlement_capped,discovery,joint_wild_cluster_rademacher,0.75,0.5,0.9,10.0,reached_on_tested_grid
03ef63db7584762143dc3914,three_way__no_window,114bd7932e0008f8ef79,three_way,no_window,fl3_entitlement_capped,discovery,joint_wild_cluster_rademacher,0.75,1.0,0.5,,not_reached_on_tested_grid
03ef63db7584762143dc3914,three_way__no_window,114bd7932e0008f8ef79,three_way,no_window,fl3_entitlement_capped,discovery,joint_wild_cluster_rademacher,0.75,1.0,0.8,,not_reached_on_tested_grid
03ef63db7584762143dc3914,three_way__no_window,114bd7932e0008f8ef79,three_way,no_window,fl3_entitlement_capped,discovery,joint_wild_cluster_rademacher,0.75,1.0,0.9,,not_reached_on_tested_grid
03ef63db7584762143dc3914,three_way__no_window,114bd7932e0008f8ef79,three_way,no_window,fl3_entitlement_capped,discovery,joint_wild_cluster_rademacher,1.0,0.0,0.5,5.0,reached_on_tested_grid
03ef63db7584762143dc3914,three_way__no_window,114bd7932e0008f8ef79,three_way,no_window,fl3_entitlement_capped,discovery,joint_wild_cluster_rademacher,1.0,0.0,0.8,6.0,reached_on_tested_grid
03ef63db7584762143dc3914,three_way__no_window,114bd7932e0008f8ef79,three_way,no_window,fl3_entitlement_capped,discovery,joint_wild_cluster_rademacher,1.0,0.0,0.9,8.0,reached_on_tested_grid
03ef63db7584762143dc3914,three_way__no_window,114bd7932e0008f8ef79,three_way,no_window,fl3_entitlement_capped,discovery,joint_wild_cluster_rademacher,1.0,0.25,0.5,5.0,reached_on_tested_grid
03ef63db7584762143dc3914,three_way__no_window,114bd7932e0008f8ef79,three_way,no_window,fl3_entitlement_capped,discovery,joint_wild_cluster_rademacher,1.0,0.25,0.8,8.0,reached_on_tested_grid
03ef63db7584762143dc3914,three_way__no_window,114bd7932e0008f8ef79,three_way,no_window,fl3_entitlement_capped,discovery,joint_wild_cluster_rademacher,1.0,0.25,0.9,8.0,reached_on_tested_grid
03ef63db7584762143dc3914,three_way__no_window,114bd7932e0008f8ef79,three_way,no_window,fl3_entitlement_capped,discovery,joint_wild_cluster_rademacher,1.0,0.5,0.5,5.0,reached_on_tested_grid
03ef63db7584762143dc3914,three_way__no_window,114bd7932e0008f8ef79,three_way,no_window,fl3_entitlement_capped,discovery,joint_wild_cluster_rademacher,1.0,0.5,0.8,8.0,reached_on_tested_grid
03ef63db7584762143dc3914,three_way__no_window,114bd7932e0008f8ef79,three_way,no_window,fl3_entitlement_capped,discovery,joint_wild_cluster_rademacher,1.0,0.5,0.9,8.0,reached_on_tested_grid
03ef63db7584762143dc3914,three_way__no_window,114bd7932e0008f8ef79,three_way,no_window,fl3_entitlement_capped,discovery,joint_wild_cluster_rademacher,1.0,1.0,0.5,,not_reached_on_tested_grid
03ef63db7584762143dc3914,three_way__no_window,114bd7932e0008f8ef79,three_way,no_window,fl3_entitlement_capped,discovery,joint_wild_cluster_rademacher,1.0,1.0,0.8,,not_reached_on_tested_grid
03ef63db7584762143dc3914,three_way__no_window,114bd7932e0008f8ef79,three_way,no_window,fl3_entitlement_capped,discovery,joint_wild_cluster_rademacher,1.0,1.0,0.9,,not_reached_on_tested_grid
03ef63db7584762143dc3914,three_way__no_window,114bd7932e0008f8ef79,three_way,no_window,fl3_entitlement_capped,discovery,joint_wild_cluster_rademacher,1.5,0.0,0.5,5.0,reached_on_tested_grid
03ef63db7584762143dc3914,three_way__no_window,114bd7932e0008f8ef79,three_way,no_window,fl3_entitlement_capped,discovery,joint_wild_cluster_rademacher,1.5,0.0,0.8,6.0,reached_on_tested_grid
03ef63db7584762143dc3914,three_way__no_window,114bd7932e0008f8ef79,three_way,no_window,fl3_entitlement_capped,discovery,joint_wild_cluster_rademacher,1.5,0.0,0.9,8.0,reached_on_tested_grid
03ef63db7584762143dc3914,three_way__no_window,114bd7932e0008f8ef79,three_way,no_window,fl3_entitlement_capped,discovery,joint_wild_cluster_rademacher,1.5,0.25,0.5,5.0,reached_on_tested_grid
03ef63db7584762143dc3914,three_way__no_window,114bd7932e0008f8ef79,three_way,no_window,fl3_entitlement_capped,discovery,joint_wild_cluster_rademacher,1.5,0.25,0.8,6.0,reached_on_tested_grid
03ef63db7584762143dc3914,three_way__no_window,114bd7932e0008f8ef79,three_way,no_window,fl3_entitlement_capped,discovery,joint_wild_cluster_rademacher,1.5,0.25,0.9,8.0,reached_on_tested_grid
03ef63db7584762143dc3914,three_way__no_window,114bd7932e0008f8ef79,three_way,no_window,fl3_entitlement_capped,discovery,joint_wild_cluster_rademacher,1.5,0.5,0.5,5.0,reached_on_tested_grid
03ef63db7584762143dc3914,three_way__no_window,114bd7932e0008f8ef79,three_way,no_window,fl3_entitlement_capped,discovery,joint_wild_cluster_rademacher,1.5,0.5,0.8,6.0,reached_on_tested_grid
03ef63db7584762143dc3914,three_way__no_window,114bd7932e0008f8ef79,three_way,no_window,fl3_entitlement_capped,discovery,joint_wild_cluster_rademacher,1.5,0.5,0.9,8.0,reached_on_tested_grid
03ef63db7584762143dc3914,three_way__no_window,114bd7932e0008f8ef79,three_way,no_window,fl3_entitlement_capped,discovery,joint_wild_cluster_rademacher,1.5,1.0,0.5,,not_reached_on_tested_grid
03ef63db7584762143dc3914,three_way__no_window,114bd7932e0008f8ef79,three_way,no_window,fl3_entitlement_capped,discovery,joint_wild_cluster_rademacher,1.5,1.0,0.8,,not_reached_on_tested_grid
03ef63db7584762143dc3914,three_way__no_window,114bd7932e0008f8ef79,three_way,no_window,fl3_entitlement_capped,discovery,joint_wild_cluster_rademacher,1.5,1.0,0.9,,not_reached_on_tested_grid
03ef63db7584762143dc3914,three_way__no_window,114bd7932e0008f8ef79,three_way,no_window,fl3_entitlement_capped,discovery,joint_wild_cluster_rademacher,2.0,0.0,0.5,5.0,reached_on_tested_grid
03ef63db7584762143dc3914,three_way__no_window,114bd7932e0008f8ef79,three_way,no_window,fl3_entitlement_capped,discovery,joint_wild_cluster_rademacher,2.0,0.0,0.8,6.0,reached_on_tested_grid
03ef63db7584762143dc3914,three_way__no_window,114bd7932e0008f8ef79,three_way,no_window,fl3_entitlement_capped,discovery,joint_wild_cluster_rademacher,2.0,0.0,0.9,8.0,reached_on_tested_grid
03ef63db7584762143dc3914,three_way__no_window,114bd7932e0008f8ef79,three_way,no_window,fl3_entitlement_capped,discovery,joint_wild_cluster_rademacher,2.0,0.25,0.5,5.0,reached_on_tested_grid
03ef63db7584762143dc3914,three_way__no_window,114bd7932e0008f8ef79,three_way,no_window,fl3_entitlement_capped,discovery,joint_wild_cluster_rademacher,2.0,0.25,0.8,6.0,reached_on_tested_grid
03ef63db7584762143dc3914,three_way__no_window,114bd7932e0008f8ef79,three_way,no_window,fl3_entitlement_capped,discovery,joint_wild_cluster_rademacher,2.0,0.25,0.9,8.0,reached_on_tested_grid
03ef63db7584762143dc3914,three_way__no_window,114bd7932e0008f8ef79,three_way,no_window,fl3_entitlement_capped,discovery,joint_wild_cluster_rademacher,2.0,0.5,0.5,5.0,reached_on_tested_grid
03ef63db7584762143dc3914,three_way__no_window,114bd7932e0008f8ef79,three_way,no_window,fl3_entitlement_capped,discovery,joint_wild_cluster_rademacher,2.0,0.5,0.8,6.0,reached_on_tested_grid
03ef63db7584762143dc3914,three_way__no_window,114bd7932e0008f8ef79,three_way,no_window,fl3_entitlement_capped,discovery,joint_wild_cluster_rademacher,2.0,0.5,0.9,8.0,reached_on_tested_grid
03ef63db7584762143dc3914,three_way__no_window,114bd7932e0008f8ef79,three_way,no_window,fl3_entitlement_capped,discovery,joint_wild_cluster_rademacher,2.0,1.0,0.5,,not_reached_on_tested_grid
03ef63db7584762143dc3914,three_way__no_window,114bd7932e0008f8ef79,three_way,no_window,fl3_entitlement_capped,discovery,joint_wild_cluster_rademacher,2.0,1.0,0.8,,not_reached_on_tested_grid
03ef63db7584762143dc3914,three_way__no_window,114bd7932e0008f8ef79,three_way,no_window,fl3_entitlement_capped,discovery,joint_wild_cluster_rademacher,2.0,1.0,0.9,,not_reached_on_tested_grid
1cce3e5fe7c50070e58676c9,Cp2_vs_Cp3__strict_numeric_all,0262d70dda595cb6cda6,Cp2_vs_Cp3,strict_numeric_all,fl3_entitlement_capped,confirmation,joint_gaussian_regularized_cluster,0.0,0.0,0.5,,not_reached_on_tested_grid
1cce3e5fe7c50070e58676c9,Cp2_vs_Cp3__strict_numeric_all,0262d70dda595cb6cda6,Cp2_vs_Cp3,strict_numeric_all,fl3_entitlement_capped,confirmation,joint_gaussian_regularized_cluster,0.0,0.0,0.8,,not_reached_on_tested_grid
1cce3e5fe7c50070e58676c9,Cp2_vs_Cp3__strict_numeric_all,0262d70dda595cb6cda6,Cp2_vs_Cp3,strict_numeric_all,fl3_entitlement_capped,confirmation,joint_gaussian_regularized_cluster,0.0,0.0,0.9,,not_reached_on_tested_grid
1cce3e5fe7c50070e58676c9,Cp2_vs_Cp3__strict_numeric_all,0262d70dda595cb6cda6,Cp2_vs_Cp3,strict_numeric_all,fl3_entitlement_capped,confirmation,joint_gaussian_regularized_cluster,0.25,0.0,0.5,,not_reached_on_tested_grid
1cce3e5fe7c50070e58676c9,Cp2_vs_Cp3__strict_numeric_all,0262d70dda595cb6cda6,Cp2_vs_Cp3,strict_numeric_all,fl3_entitlement_capped,confirmation,joint_gaussian_regularized_cluster,0.25,0.0,0.8,,not_reached_on_tested_grid
1cce3e5fe7c50070e58676c9,Cp2_vs_Cp3__strict_numeric_all,0262d70dda595cb6cda6,Cp2_vs_Cp3,strict_numeric_all,fl3_entitlement_capped,confirmation,joint_gaussian_regularized_cluster,0.25,0.0,0.9,,not_reached_on_tested_grid
1cce3e5fe7c50070e58676c9,Cp2_vs_Cp3__strict_numeric_all,0262d70dda595cb6cda6,Cp2_vs_Cp3,strict_numeric_all,fl3_entitlement_capped,confirmation,joint_gaussian_regularized_cluster,0.25,0.25,0.5,,not_reached_on_tested_grid
1cce3e5fe7c50070e58676c9,Cp2_vs_Cp3__strict_numeric_all,0262d70dda595cb6cda6,Cp2_vs_Cp3,strict_numeric_all,fl3_entitlement_capped,confirmation,joint_gaussian_regularized_cluster,0.25,0.25,0.8,,not_reached_on_tested_grid
1cce3e5fe7c50070e58676c9,Cp2_vs_Cp3__strict_numeric_all,0262d70dda595cb6cda6,Cp2_vs_Cp3,strict_numeric_all,fl3_entitlement_capped,confirmation,joint_gaussian_regularized_cluster,0.25,0.25,0.9,,not_reached_on_tested_grid
1cce3e5fe7c50070e58676c9,Cp2_vs_Cp3__strict_numeric_all,0262d70dda595cb6cda6,Cp2_vs_Cp3,strict_numeric_all,fl3_entitlement_capped,confirmation,joint_gaussian_regularized_cluster,0.25,0.5,0.5,,not_reached_on_tested_grid
1cce3e5fe7c50070e58676c9,Cp2_vs_Cp3__strict_numeric_all,0262d70dda595cb6cda6,Cp2_vs_Cp3,strict_numeric_all,fl3_entitlement_capped,confirmation,joint_gaussian_regularized_cluster,0.25,0.5,0.8,,not_reached_on_tested_grid
1cce3e5fe7c50070e58676c9,Cp2_vs_Cp3__strict_numeric_all,0262d70dda595cb6cda6,Cp2_vs_Cp3,strict_numeric_all,fl3_entitlement_capped,confirmation,joint_gaussian_regularized_cluster,0.25,0.5,0.9,,not_reached_on_tested_grid
1cce3e5fe7c50070e58676c9,Cp2_vs_Cp3__strict_numeric_all,0262d70dda595cb6cda6,Cp2_vs_Cp3,strict_numeric_all,fl3_entitlement_capped,confirmation,joint_gaussian_regularized_cluster,0.25,1.0,0.5,,not_reached_on_tested_grid
1cce3e5fe7c50070e58676c9,Cp2_vs_Cp3__strict_numeric_all,0262d70dda595cb6cda6,Cp2_vs_Cp3,strict_numeric_all,fl3_entitlement_capped,confirmation,joint_gaussian_regularized_cluster,0.25,1.0,0.8,,not_reached_on_tested_grid
1cce3e5fe7c50070e58676c9,Cp2_vs_Cp3__strict_numeric_all,0262d70dda595cb6cda6,Cp2_vs_Cp3,strict_numeric_all,fl3_entitlement_capped,confirmation,joint_gaussian_regularized_cluster,0.25,1.0,0.9,,not_reached_on_tested_grid
1cce3e5fe7c50070e58676c9,Cp2_vs_Cp3__strict_numeric_all,0262d70dda595cb6cda6,Cp2_vs_Cp3,strict_numeric_all,fl3_entitlement_capped,confirmation,joint_gaussian_regularized_cluster,0.5,0.0,0.5,,not_reached_on_tested_grid
1cce3e5fe7c50070e58676c9,Cp2_vs_Cp3__strict_numeric_all,0262d70dda595cb6cda6,Cp2_vs_Cp3,strict_numeric_all,fl3_entitlement_capped,confirmation,joint_gaussian_regularized_cluster,0.5,0.0,0.8,,not_reached_on_tested_grid
1cce3e5fe7c50070e58676c9,Cp2_vs_Cp3__strict_numeric_all,0262d70dda595cb6cda6,Cp2_vs_Cp3,strict_numeric_all,fl3_entitlement_capped,confirmation,joint_gaussian_regularized_cluster,0.5,0.0,0.9,,not_reached_on_tested_grid
1cce3e5fe7c50070e58676c9,Cp2_vs_Cp3__strict_numeric_all,0262d70dda595cb6cda6,Cp2_vs_Cp3,strict_numeric_all,fl3_entitlement_capped,confirmation,joint_gaussian_regularized_cluster,0.5,0.25,0.5,,not_reached_on_tested_grid
1cce3e5fe7c50070e58676c9,Cp2_vs_Cp3__strict_numeric_all,0262d70dda595cb6cda6,Cp2_vs_Cp3,strict_numeric_all,fl3_entitlement_capped,confirmation,joint_gaussian_regularized_cluster,0.5,0.25,0.8,,not_reached_on_tested_grid
1cce3e5fe7c50070e58676c9,Cp2_vs_Cp3__strict_numeric_all,0262d70dda595cb6cda6,Cp2_vs_Cp3,strict_numeric_all,fl3_entitlement_capped,confirmation,joint_gaussian_regularized_cluster,0.5,0.25,0.9,,not_reached_on_tested_grid
1cce3e5fe7c50070e58676c9,Cp2_vs_Cp3__strict_numeric_all,0262d70dda595cb6cda6,Cp2_vs_Cp3,strict_numeric_all,fl3_entitlement_capped,confirmation,joint_gaussian_regularized_cluster,0.5,0.5,0.5,,not_reached_on_tested_grid
1cce3e5fe7c50070e58676c9,Cp2_vs_Cp3__strict_numeric_all,0262d70dda595cb6cda6,Cp2_vs_Cp3,strict_numeric_all,fl3_entitlement_capped,confirmation,joint_gaussian_regularized_cluster,0.5,0.5,0.8,,not_reached_on_tested_grid
1cce3e5fe7c50070e58676c9,Cp2_vs_Cp3__strict_numeric_all,0262d70dda595cb6cda6,Cp2_vs_Cp3,strict_numeric_all,fl3_entitlement_capped,confirmation,joint_gaussian_regularized_cluster,0.5,0.5,0.9,,not_reached_on_tested_grid
1cce3e5fe7c50070e58676c9,Cp2_vs_Cp3__strict_numeric_all,0262d70dda595cb6cda6,Cp2_vs_Cp3,strict_numeric_all,fl3_entitlement_capped,confirmation,joint_gaussian_regularized_cluster,0.5,1.0,0.5,,not_reached_on_tested_grid
1cce3e5fe7c50070e58676c9,Cp2_vs_Cp3__strict_numeric_all,0262d70dda595cb6cda6,Cp2_vs_Cp3,strict_numeric_all,fl3_entitlement_capped,confirmation,joint_gaussian_regularized_cluster,0.5,1.0,0.8,,not_reached_on_tested_grid
1cce3e5fe7c50070e58676c9,Cp2_vs_Cp3__strict_numeric_all,0262d70dda595cb6cda6,Cp2_vs_Cp3,strict_numeric_all,fl3_entitlement_capped,confirmation,joint_gaussian_regularized_cluster,0.5,1.0,0.9,,not_reached_on_tested_grid
1cce3e5fe7c50070e58676c9,Cp2_vs_Cp3__strict_numeric_all,0262d70dda595cb6cda6,Cp2_vs_Cp3,strict_numeric_all,fl3_entitlement_capped,confirmation,joint_gaussian_regularized_cluster,0.75,0.0,0.5,,not_reached_on_tested_grid
1cce3e5fe7c50070e58676c9,Cp2_vs_Cp3__strict_numeric_all,0262d70dda595cb6cda6,Cp2_vs_Cp3,strict_numeric_all,fl3_entitlement_capped,confirmation,joint_gaussian_regularized_cluster,0.75,0.0,0.8,,not_reached_on_tested_grid
1cce3e5fe7c50070e58676c9,Cp2_vs_Cp3__strict_numeric_all,0262d70dda595cb6cda6,Cp2_vs_Cp3,strict_numeric_all,fl3_entitlement_capped,confirmation,joint_gaussian_regularized_cluster,0.75,0.0,0.9,,not_reached_on_tested_grid
1cce3e5fe7c50070e58676c9,Cp2_vs_Cp3__strict_numeric_all,0262d70dda595cb6cda6,Cp2_vs_Cp3,strict_numeric_all,fl3_entitlement_capped,confirmation,joint_gaussian_regularized_cluster,0.75,0.25,0.5,,not_reached_on_tested_grid
1cce3e5fe7c50070e58676c9,Cp2_vs_Cp3__strict_numeric_all,0262d70dda595cb6cda6,Cp2_vs_Cp3,strict_numeric_all,fl3_entitlement_capped,confirmation,joint_gaussian_regularized_cluster,0.75,0.25,0.8,,not_reached_on_tested_grid
1cce3e5fe7c50070e58676c9,Cp2_vs_Cp3__strict_numeric_all,0262d70dda595cb6cda6,Cp2_vs_Cp3,strict_numeric_all,fl3_entitlement_capped,confirmation,joint_gaussian_regularized_cluster,0.75,0.25,0.9,,not_reached_on_tested_grid
1cce3e5fe7c50070e58676c9,Cp2_vs_Cp3__strict_numeric_all,0262d70dda595cb6cda6,Cp2_vs_Cp3,strict_numeric_all,fl3_entitlement_capped,confirmation,joint_gaussian_regularized_cluster,0.75,0.5,0.5,,not_reached_on_tested_grid
1cce3e5fe7c50070e58676c9,Cp2_vs_Cp3__strict_numeric_all,0262d70dda595cb6cda6,Cp2_vs_Cp3,strict_numeric_all,fl3_entitlement_capped,confirmation,joint_gaussian_regularized_cluster,0.75,0.5,0.8,,not_reached_on_tested_grid
1cce3e5fe7c50070e58676c9,Cp2_vs_Cp3__strict_numeric_all,0262d70dda595cb6cda6,Cp2_vs_Cp3,strict_numeric_all,fl3_entitlement_capped,confirmation,joint_gaussian_regularized_cluster,0.75,0.5,0.9,,not_reached_on_tested_grid
1cce3e5fe7c50070e58676c9,Cp2_vs_Cp3__strict_numeric_all,0262d70dda595cb6cda6,Cp2_vs_Cp3,strict_numeric_all,fl3_entitlement_capped,confirmation,joint_gaussian_regularized_cluster,0.75,1.0,0.5,,not_reached_on_tested_grid
1cce3e5fe7c50070e58676c9,Cp2_vs_Cp3__strict_numeric_all,0262d70dda595cb6cda6,Cp2_vs_Cp3,strict_numeric_all,fl3_entitlement_capped,confirmation,joint_gaussian_regularized_cluster,0.75,1.0,0.8,,not_reached_on_tested_grid
1cce3e5fe7c50070e58676c9,Cp2_vs_Cp3__strict_numeric_all,0262d70dda595cb6cda6,Cp2_vs_Cp3,strict_numeric_all,fl3_entitlement_capped,confirmation,joint_gaussian_regularized_cluster,0.75,1.0,0.9,,not_reached_on_tested_grid
1cce3e5fe7c50070e58676c9,Cp2_vs_Cp3__strict_numeric_all,0262d70dda595cb6cda6,Cp2_vs_Cp3,strict_numeric_all,fl3_entitlement_capped,confirmation,joint_gaussian_regularized_cluster,1.0,0.0,0.5,,not_reached_on_tested_grid
1cce3e5fe7c50070e58676c9,Cp2_vs_Cp3__strict_numeric_all,0262d70dda595cb6cda6,Cp2_vs_Cp3,strict_numeric_all,fl3_entitlement_capped,confirmation,joint_gaussian_regularized_cluster,1.0,0.0,0.8,,not_reached_on_tested_grid
1cce3e5fe7c50070e58676c9,Cp2_vs_Cp3__strict_numeric_all,0262d70dda595cb6cda6,Cp2_vs_Cp3,strict_numeric_all,fl3_entitlement_capped,confirmation,joint_gaussian_regularized_cluster,1.0,0.0,0.9,,not_reached_on_tested_grid
1cce3e5fe7c50070e58676c9,Cp2_vs_Cp3__strict_numeric_all,0262d70dda595cb6cda6,Cp2_vs_Cp3,strict_numeric_all,fl3_entitlement_capped,confirmation,joint_gaussian_regularized_cluster,1.0,0.25,0.5,,not_reached_on_tested_grid
1cce3e5fe7c50070e58676c9,Cp2_vs_Cp3__strict_numeric_all,0262d70dda595cb6cda6,Cp2_vs_Cp3,strict_numeric_all,fl3_entitlement_capped,confirmation,joint_gaussian_regularized_cluster,1.0,0.25,0.8,,not_reached_on_tested_grid
1cce3e5fe7c50070e58676c9,Cp2_vs_Cp3__strict_numeric_all,0262d70dda595cb6cda6,Cp2_vs_Cp3,strict_numeric_all,fl3_entitlement_capped,confirmation,joint_gaussian_regularized_cluster,1.0,0.25,0.9,,not_reached_on_tested_grid
1cce3e5fe7c50070e58676c9,Cp2_vs_Cp3__strict_numeric_all,0262d70dda595cb6cda6,Cp2_vs_Cp3,strict_numeric_all,fl3_entitlement_capped,confirmation,joint_gaussian_regularized_cluster,1.0,0.5,0.5,,not_reached_on_tested_grid
1cce3e5fe7c50070e58676c9,Cp2_vs_Cp3__strict_numeric_all,0262d70dda595cb6cda6,Cp2_vs_Cp3,strict_numeric_all,fl3_entitlement_capped,confirmation,joint_gaussian_regularized_cluster,1.0,0.5,0.8,,not_reached_on_tested_grid
1cce3e5fe7c50070e58676c9,Cp2_vs_Cp3__strict_numeric_all,0262d70dda595cb6cda6,Cp2_vs_Cp3,strict_numeric_all,fl3_entitlement_capped,confirmation,joint_gaussian_regularized_cluster,1.0,0.5,0.9,,not_reached_on_tested_grid
1cce3e5fe7c50070e58676c9,Cp2_vs_Cp3__strict_numeric_all,0262d70dda595cb6cda6,Cp2_vs_Cp3,strict_numeric_all,fl3_entitlement_capped,confirmation,joint_gaussian_regularized_cluster,1.0,1.0,0.5,,not_reached_on_tested_grid
1cce3e5fe7c50070e58676c9,Cp2_vs_Cp3__strict_numeric_all,0262d70dda595cb6cda6,Cp2_vs_Cp3,strict_numeric_all,fl3_entitlement_capped,confirmation,joint_gaussian_regularized_cluster,1.0,1.0,0.8,,not_reached_on_tested_grid
1cce3e5fe7c50070e58676c9,Cp2_vs_Cp3__strict_numeric_all,0262d70dda595cb6cda6,Cp2_vs_Cp3,strict_numeric_all,fl3_entitlement_capped,confirmation,joint_gaussian_regularized_cluster,1.0,1.0,0.9,,not_reached_on_tested_grid
1cce3e5fe7c50070e58676c9,Cp2_vs_Cp3__strict_numeric_all,0262d70dda595cb6cda6,Cp2_vs_Cp3,strict_numeric_all,fl3_entitlement_capped,confirmation,joint_gaussian_regularized_cluster,1.5,0.0,0.5,,not_reached_on_tested_grid
1cce3e5fe7c50070e58676c9,Cp2_vs_Cp3__strict_numeric_all,0262d70dda595cb6cda6,Cp2_vs_Cp3,strict_numeric_all,fl3_entitlement_capped,confirmation,joint_gaussian_regularized_cluster,1.5,0.0,0.8,,not_reached_on_tested_grid
1cce3e5fe7c50070e58676c9,Cp2_vs_Cp3__strict_numeric_all,0262d70dda595cb6cda6,Cp2_vs_Cp3,strict_numeric_all,fl3_entitlement_capped,confirmation,joint_gaussian_regularized_cluster,1.5,0.0,0.9,,not_reached_on_tested_grid
1cce3e5fe7c50070e58676c9,Cp2_vs_Cp3__strict_numeric_all,0262d70dda595cb6cda6,Cp2_vs_Cp3,strict_numeric_all,fl3_entitlement_capped,confirmation,joint_gaussian_regularized_cluster,1.5,0.25,0.5,,not_reached_on_tested_grid
1cce3e5fe7c50070e58676c9,Cp2_vs_Cp3__strict_numeric_all,0262d70dda595cb6cda6,Cp2_vs_Cp3,strict_numeric_all,fl3_entitlement_capped,confirmation,joint_gaussian_regularized_cluster,1.5,0.25,0.8,,not_reached_on_tested_grid
1cce3e5fe7c50070e58676c9,Cp2_vs_Cp3__strict_numeric_all,0262d70dda595cb6cda6,Cp2_vs_Cp3,strict_numeric_all,fl3_entitlement_capped,confirmation,joint_gaussian_regularized_cluster,1.5,0.25,0.9,,not_reached_on_tested_grid
1cce3e5fe7c50070e58676c9,Cp2_vs_Cp3__strict_numeric_all,0262d70dda595cb6cda6,Cp2_vs_Cp3,strict_numeric_all,fl3_entitlement_capped,confirmation,joint_gaussian_regularized_cluster,1.5,0.5,0.5,,not_reached_on_tested_grid
1cce3e5fe7c50070e58676c9,Cp2_vs_Cp3__strict_numeric_all,0262d70dda595cb6cda6,Cp2_vs_Cp3,strict_numeric_all,fl3_entitlement_capped,confirmation,joint_gaussian_regularized_cluster,1.5,0.5,0.8,,not_reached_on_tested_grid
1cce3e5fe7c50070e58676c9,Cp2_vs_Cp3__strict_numeric_all,0262d70dda595cb6cda6,Cp2_vs_Cp3,strict_numeric_all,fl3_entitlement_capped,confirmation,joint_gaussian_regularized_cluster,1.5,0.5,0.9,,not_reached_on_tested_grid
1cce3e5fe7c50070e58676c9,Cp2_vs_Cp3__strict_numeric_all,0262d70dda595cb6cda6,Cp2_vs_Cp3,strict_numeric_all,fl3_entitlement_capped,confirmation,joint_gaussian_regularized_cluster,1.5,1.0,0.5,,not_reached_on_tested_grid
1cce3e5fe7c50070e58676c9,Cp2_vs_Cp3__strict_numeric_all,0262d70dda595cb6cda6,Cp2_vs_Cp3,strict_numeric_all,fl3_entitlement_capped,confirmation,joint_gaussian_regularized_cluster,1.5,1.0,0.8,,not_reached_on_tested_grid
1cce3e5fe7c50070e58676c9,Cp2_vs_Cp3__strict_numeric_all,0262d70dda595cb6cda6,Cp2_vs_Cp3,strict_numeric_all,fl3_entitlement_capped,confirmation,joint_gaussian_regularized_cluster,1.5,1.0,0.9,,not_reached_on_tested_grid
1cce3e5fe7c50070e58676c9,Cp2_vs_Cp3__strict_numeric_all,0262d70dda595cb6cda6,Cp2_vs_Cp3,strict_numeric_all,fl3_entitlement_capped,confirmation,joint_gaussian_regularized_cluster,2.0,0.0,0.5,,not_reached_on_tested_grid
1cce3e5fe7c50070e58676c9,Cp2_vs_Cp3__strict_numeric_all,0262d70dda595cb6cda6,Cp2_vs_Cp3,strict_numeric_all,fl3_entitlement_capped,confirmation,joint_gaussian_regularized_cluster,2.0,0.0,0.8,,not_reached_on_tested_grid
1cce3e5fe7c50070e58676c9,Cp2_vs_Cp3__strict_numeric_all,0262d70dda595cb6cda6,Cp2_vs_Cp3,strict_numeric_all,fl3_entitlement_capped,confirmation,joint_gaussian_regularized_cluster,2.0,0.0,0.9,,not_reached_on_tested_grid
1cce3e5fe7c50070e58676c9,Cp2_vs_Cp3__strict_numeric_all,0262d70dda595cb6cda6,Cp2_vs_Cp3,strict_numeric_all,fl3_entitlement_capped,confirmation,joint_gaussian_regularized_cluster,2.0,0.25,0.5,,not_reached_on_tested_grid
1cce3e5fe7c50070e58676c9,Cp2_vs_Cp3__strict_numeric_all,0262d70dda595cb6cda6,Cp2_vs_Cp3,strict_numeric_all,fl3_entitlement_capped,confirmation,joint_gaussian_regularized_cluster,2.0,0.25,0.8,,not_reached_on_tested_grid
1cce3e5fe7c50070e58676c9,Cp2_vs_Cp3__strict_numeric_all,0262d70dda595cb6cda6,Cp2_vs_Cp3,strict_numeric_all,fl3_entitlement_capped,confirmation,joint_gaussian_regularized_cluster,2.0,0.25,0.9,,not_reached_on_tested_grid
1cce3e5fe7c50070e58676c9,Cp2_vs_Cp3__strict_numeric_all,0262d70dda595cb6cda6,Cp2_vs_Cp3,strict_numeric_all,fl3_entitlement_capped,confirmation,joint_gaussian_regularized_cluster,2.0,0.5,0.5,,not_reached_on_tested_grid
1cce3e5fe7c50070e58676c9,Cp2_vs_Cp3__strict_numeric_all,0262d70dda595cb6cda6,Cp2_vs_Cp3,strict_numeric_all,fl3_entitlement_capped,confirmation,joint_gaussian_regularized_cluster,2.0,0.5,0.8,,not_reached_on_tested_grid
1cce3e5fe7c50070e58676c9,Cp2_vs_Cp3__strict_numeric_all,0262d70dda595cb6cda6,Cp2_vs_Cp3,strict_numeric_all,fl3_entitlement_capped,confirmation,joint_gaussian_regularized_cluster,2.0,0.5,0.9,,not_reached_on_tested_grid
1cce3e5fe7c50070e58676c9,Cp2_vs_Cp3__strict_numeric_all,0262d70dda595cb6cda6,Cp2_vs_Cp3,strict_numeric_all,fl3_entitlement_capped,confirmation,joint_gaussian_regularized_cluster,2.0,1.0,0.5,,not_reached_on_tested_grid
1cce3e5fe7c50070e58676c9,Cp2_vs_Cp3__strict_numeric_all,0262d70dda595cb6cda6,Cp2_vs_Cp3,strict_numeric_all,fl3_entitlement_capped,confirmation,joint_gaussian_regularized_cluster,2.0,1.0,0.8,,not_reached_on_tested_grid
1cce3e5fe7c50070e58676c9,Cp2_vs_Cp3__strict_numeric_all,0262d70dda595cb6cda6,Cp2_vs_Cp3,strict_numeric_all,fl3_entitlement_capped,confirmation,joint_gaussian_regularized_cluster,2.0,1.0,0.9,,not_reached_on_tested_grid
1cce3e5fe7c50070e58676c9,Cp2_vs_Cp3__strict_numeric_all,0262d70dda595cb6cda6,Cp2_vs_Cp3,strict_numeric_all,fl3_entitlement_capped,confirmation,joint_wild_cluster_rademacher,0.0,0.0,0.5,,not_reached_on_tested_grid
1cce3e5fe7c50070e58676c9,Cp2_vs_Cp3__strict_numeric_all,0262d70dda595cb6cda6,Cp2_vs_Cp3,strict_numeric_all,fl3_entitlement_capped,confirmation,joint_wild_cluster_rademacher,0.0,0.0,0.8,,not_reached_on_tested_grid
1cce3e5fe7c50070e58676c9,Cp2_vs_Cp3__strict_numeric_all,0262d70dda595cb6cda6,Cp2_vs_Cp3,strict_numeric_all,fl3_entitlement_capped,confirmation,joint_wild_cluster_rademacher,0.0,0.0,0.9,,not_reached_on_tested_grid
1cce3e5fe7c50070e58676c9,Cp2_vs_Cp3__strict_numeric_all,0262d70dda595cb6cda6,Cp2_vs_Cp3,strict_numeric_all,fl3_entitlement_capped,confirmation,joint_wild_cluster_rademacher,0.25,0.0,0.5,,not_reached_on_tested_grid
1cce3e5fe7c50070e58676c9,Cp2_vs_Cp3__strict_numeric_all,0262d70dda595cb6cda6,Cp2_vs_Cp3,strict_numeric_all,fl3_entitlement_capped,confirmation,joint_wild_cluster_rademacher,0.25,0.0,0.8,,not_reached_on_tested_grid
1cce3e5fe7c50070e58676c9,Cp2_vs_Cp3__strict_numeric_all,0262d70dda595cb6cda6,Cp2_vs_Cp3,strict_numeric_all,fl3_entitlement_capped,confirmation,joint_wild_cluster_rademacher,0.25,0.0,0.9,,not_reached_on_tested_grid
1cce3e5fe7c50070e58676c9,Cp2_vs_Cp3__strict_numeric_all,0262d70dda595cb6cda6,Cp2_vs_Cp3,strict_numeric_all,fl3_entitlement_capped,confirmation,joint_wild_cluster_rademacher,0.25,0.25,0.5,,not_reached_on_tested_grid
1cce3e5fe7c50070e58676c9,Cp2_vs_Cp3__strict_numeric_all,0262d70dda595cb6cda6,Cp2_vs_Cp3,strict_numeric_all,fl3_entitlement_capped,confirmation,joint_wild_cluster_rademacher,0.25,0.25,0.8,,not_reached_on_tested_grid
1cce3e5fe7c50070e58676c9,Cp2_vs_Cp3__strict_numeric_all,0262d70dda595cb6cda6,Cp2_vs_Cp3,strict_numeric_all,fl3_entitlement_capped,confirmation,joint_wild_cluster_rademacher,0.25,0.25,0.9,,not_reached_on_tested_grid
1cce3e5fe7c50070e58676c9,Cp2_vs_Cp3__strict_numeric_all,0262d70dda595cb6cda6,Cp2_vs_Cp3,strict_numeric_all,fl3_entitlement_capped,confirmation,joint_wild_cluster_rademacher,0.25,0.5,0.5,,not_reached_on_tested_grid
1cce3e5fe7c50070e58676c9,Cp2_vs_Cp3__strict_numeric_all,0262d70dda595cb6cda6,Cp2_vs_Cp3,strict_numeric_all,fl3_entitlement_capped,confirmation,joint_wild_cluster_rademacher,0.25,0.5,0.8,,not_reached_on_tested_grid
1cce3e5fe7c50070e58676c9,Cp2_vs_Cp3__strict_numeric_all,0262d70dda595cb6cda6,Cp2_vs_Cp3,strict_numeric_all,fl3_entitlement_capped,confirmation,joint_wild_cluster_rademacher,0.25,0.5,0.9,,not_reached_on_tested_grid
1cce3e5fe7c50070e58676c9,Cp2_vs_Cp3__strict_numeric_all,0262d70dda595cb6cda6,Cp2_vs_Cp3,strict_numeric_all,fl3_entitlement_capped,confirmation,joint_wild_cluster_rademacher,0.25,1.0,0.5,,not_reached_on_tested_grid
1cce3e5fe7c50070e58676c9,Cp2_vs_Cp3__strict_numeric_all,0262d70dda595cb6cda6,Cp2_vs_Cp3,strict_numeric_all,fl3_entitlement_capped,confirmation,joint_wild_cluster_rademacher,0.25,1.0,0.8,,not_reached_on_tested_grid
1cce3e5fe7c50070e58676c9,Cp2_vs_Cp3__strict_numeric_all,0262d70dda595cb6cda6,Cp2_vs_Cp3,strict_numeric_all,fl3_entitlement_capped,confirmation,joint_wild_cluster_rademacher,0.25,1.0,0.9,,not_reached_on_tested_grid
1cce3e5fe7c50070e58676c9,Cp2_vs_Cp3__strict_numeric_all,0262d70dda595cb6cda6,Cp2_vs_Cp3,strict_numeric_all,fl3_entitlement_capped,confirmation,joint_wild_cluster_rademacher,0.5,0.0,0.5,,not_reached_on_tested_grid
1cce3e5fe7c50070e58676c9,Cp2_vs_Cp3__strict_numeric_all,0262d70dda595cb6cda6,Cp2_vs_Cp3,strict_numeric_all,fl3_entitlement_capped,confirmation,joint_wild_cluster_rademacher,0.5,0.0,0.8,,not_reached_on_tested_grid
1cce3e5fe7c50070e58676c9,Cp2_vs_Cp3__strict_numeric_all,0262d70dda595cb6cda6,Cp2_vs_Cp3,strict_numeric_all,fl3_entitlement_capped,confirmation,joint_wild_cluster_rademacher,0.5,0.0,0.9,,not_reached_on_tested_grid
1cce3e5fe7c50070e58676c9,Cp2_vs_Cp3__strict_numeric_all,0262d70dda595cb6cda6,Cp2_vs_Cp3,strict_numeric_all,fl3_entitlement_capped,confirmation,joint_wild_cluster_rademacher,0.5,0.25,0.5,,not_reached_on_tested_grid
1cce3e5fe7c50070e58676c9,Cp2_vs_Cp3__strict_numeric_all,0262d70dda595cb6cda6,Cp2_vs_Cp3,strict_numeric_all,fl3_entitlement_capped,confirmation,joint_wild_cluster_rademacher,0.5,0.25,0.8,,not_reached_on_tested_grid
1cce3e5fe7c50070e58676c9,Cp2_vs_Cp3__strict_numeric_all,0262d70dda595cb6cda6,Cp2_vs_Cp3,strict_numeric_all,fl3_entitlement_capped,confirmation,joint_wild_cluster_rademacher,0.5,0.25,0.9,,not_reached_on_tested_grid
1cce3e5fe7c50070e58676c9,Cp2_vs_Cp3__strict_numeric_all,0262d70dda595cb6cda6,Cp2_vs_Cp3,strict_numeric_all,fl3_entitlement_capped,confirmation,joint_wild_cluster_rademacher,0.5,0.5,0.5,,not_reached_on_tested_grid
1cce3e5fe7c50070e58676c9,Cp2_vs_Cp3__strict_numeric_all,0262d70dda595cb6cda6,Cp2_vs_Cp3,strict_numeric_all,fl3_entitlement_capped,confirmation,joint_wild_cluster_rademacher,0.5,0.5,0.8,,not_reached_on_tested_grid
1cce3e5fe7c50070e58676c9,Cp2_vs_Cp3__strict_numeric_all,0262d70dda595cb6cda6,Cp2_vs_Cp3,strict_numeric_all,fl3_entitlement_capped,confirmation,joint_wild_cluster_rademacher,0.5,0.5,0.9,,not_reached_on_tested_grid
1cce3e5fe7c50070e58676c9,Cp2_vs_Cp3__strict_numeric_all,0262d70dda595cb6cda6,Cp2_vs_Cp3,strict_numeric_all,fl3_entitlement_capped,confirmation,joint_wild_cluster_rademacher,0.5,1.0,0.5,,not_reached_on_tested_grid
1cce3e5fe7c50070e58676c9,Cp2_vs_Cp3__strict_numeric_all,0262d70dda595cb6cda6,Cp2_vs_Cp3,strict_numeric_all,fl3_entitlement_capped,confirmation,joint_wild_cluster_rademacher,0.5,1.0,0.8,,not_reached_on_tested_grid
1cce3e5fe7c50070e58676c9,Cp2_vs_Cp3__strict_numeric_all,0262d70dda595cb6cda6,Cp2_vs_Cp3,strict_numeric_all,fl3_entitlement_capped,confirmation,joint_wild_cluster_rademacher,0.5,1.0,0.9,,not_reached_on_tested_grid
1cce3e5fe7c50070e58676c9,Cp2_vs_Cp3__strict_numeric_all,0262d70dda595cb6cda6,Cp2_vs_Cp3,strict_numeric_all,fl3_entitlement_capped,confirmation,joint_wild_cluster_rademacher,0.75,0.0,0.5,,not_reached_on_tested_grid
1cce3e5fe7c50070e58676c9,Cp2_vs_Cp3__strict_numeric_all,0262d70dda595cb6cda6,Cp2_vs_Cp3,strict_numeric_all,fl3_entitlement_capped,confirmation,joint_wild_cluster_rademacher,0.75,0.0,0.8,,not_reached_on_tested_grid
1cce3e5fe7c50070e58676c9,Cp2_vs_Cp3__strict_numeric_all,0262d70dda595cb6cda6,Cp2_vs_Cp3,strict_numeric_all,fl3_entitlement_capped,confirmation,joint_wild_cluster_rademacher,0.75,0.0,0.9,,not_reached_on_tested_grid
1cce3e5fe7c50070e58676c9,Cp2_vs_Cp3__strict_numeric_all,0262d70dda595cb6cda6,Cp2_vs_Cp3,strict_numeric_all,fl3_entitlement_capped,confirmation,joint_wild_cluster_rademacher,0.75,0.25,0.5,,not_reached_on_tested_grid
1cce3e5fe7c50070e58676c9,Cp2_vs_Cp3__strict_numeric_all,0262d70dda595cb6cda6,Cp2_vs_Cp3,strict_numeric_all,fl3_entitlement_capped,confirmation,joint_wild_cluster_rademacher,0.75,0.25,0.8,,not_reached_on_tested_grid
1cce3e5fe7c50070e58676c9,Cp2_vs_Cp3__strict_numeric_all,0262d70dda595cb6cda6,Cp2_vs_Cp3,strict_numeric_all,fl3_entitlement_capped,confirmation,joint_wild_cluster_rademacher,0.75,0.25,0.9,,not_reached_on_tested_grid
1cce3e5fe7c50070e58676c9,Cp2_vs_Cp3__strict_numeric_all,0262d70dda595cb6cda6,Cp2_vs_Cp3,strict_numeric_all,fl3_entitlement_capped,confirmation,joint_wild_cluster_rademacher,0.75,0.5,0.5,,not_reached_on_tested_grid
1cce3e5fe7c50070e58676c9,Cp2_vs_Cp3__strict_numeric_all,0262d70dda595cb6cda6,Cp2_vs_Cp3,strict_numeric_all,fl3_entitlement_capped,confirmation,joint_wild_cluster_rademacher,0.75,0.5,0.8,,not_reached_on_tested_grid
1cce3e5fe7c50070e58676c9,Cp2_vs_Cp3__strict_numeric_all,0262d70dda595cb6cda6,Cp2_vs_Cp3,strict_numeric_all,fl3_entitlement_capped,confirmation,joint_wild_cluster_rademacher,0.75,0.5,0.9,,not_reached_on_tested_grid
1cce3e5fe7c50070e58676c9,Cp2_vs_Cp3__strict_numeric_all,0262d70dda595cb6cda6,Cp2_vs_Cp3,strict_numeric_all,fl3_entitlement_capped,confirmation,joint_wild_cluster_rademacher,0.75,1.0,0.5,,not_reached_on_tested_grid
1cce3e5fe7c50070e58676c9,Cp2_vs_Cp3__strict_numeric_all,0262d70dda595cb6cda6,Cp2_vs_Cp3,strict_numeric_all,fl3_entitlement_capped,confirmation,joint_wild_cluster_rademacher,0.75,1.0,0.8,,not_reached_on_tested_grid
1cce3e5fe7c50070e58676c9,Cp2_vs_Cp3__strict_numeric_all,0262d70dda595cb6cda6,Cp2_vs_Cp3,strict_numeric_all,fl3_entitlement_capped,confirmation,joint_wild_cluster_rademacher,0.75,1.0,0.9,,not_reached_on_tested_grid
1cce3e5fe7c50070e58676c9,Cp2_vs_Cp3__strict_numeric_all,0262d70dda595cb6cda6,Cp2_vs_Cp3,strict_numeric_all,fl3_entitlement_capped,confirmation,joint_wild_cluster_rademacher,1.0,0.0,0.5,,not_reached_on_tested_grid
1cce3e5fe7c50070e58676c9,Cp2_vs_Cp3__strict_numeric_all,0262d70dda595cb6cda6,Cp2_vs_Cp3,strict_numeric_all,fl3_entitlement_capped,confirmation,joint_wild_cluster_rademacher,1.0,0.0,0.8,,not_reached_on_tested_grid
1cce3e5fe7c50070e58676c9,Cp2_vs_Cp3__strict_numeric_all,0262d70dda595cb6cda6,Cp2_vs_Cp3,strict_numeric_all,fl3_entitlement_capped,confirmation,joint_wild_cluster_rademacher,1.0,0.0,0.9,,not_reached_on_tested_grid
1cce3e5fe7c50070e58676c9,Cp2_vs_Cp3__strict_numeric_all,0262d70dda595cb6cda6,Cp2_vs_Cp3,strict_numeric_all,fl3_entitlement_capped,confirmation,joint_wild_cluster_rademacher,1.0,0.25,0.5,,not_reached_on_tested_grid
1cce3e5fe7c50070e58676c9,Cp2_vs_Cp3__strict_numeric_all,0262d70dda595cb6cda6,Cp2_vs_Cp3,strict_numeric_all,fl3_entitlement_capped,confirmation,joint_wild_cluster_rademacher,1.0,0.25,0.8,,not_reached_on_tested_grid
1cce3e5fe7c50070e58676c9,Cp2_vs_Cp3__strict_numeric_all,0262d70dda595cb6cda6,Cp2_vs_Cp3,strict_numeric_all,fl3_entitlement_capped,confirmation,joint_wild_cluster_rademacher,1.0,0.25,0.9,,not_reached_on_tested_grid
1cce3e5fe7c50070e58676c9,Cp2_vs_Cp3__strict_numeric_all,0262d70dda595cb6cda6,Cp2_vs_Cp3,strict_numeric_all,fl3_entitlement_capped,confirmation,joint_wild_cluster_rademacher,1.0,0.5,0.5,,not_reached_on_tested_grid
1cce3e5fe7c50070e58676c9,Cp2_vs_Cp3__strict_numeric_all,0262d70dda595cb6cda6,Cp2_vs_Cp3,strict_numeric_all,fl3_entitlement_capped,confirmation,joint_wild_cluster_rademacher,1.0,0.5,0.8,,not_reached_on_tested_grid
1cce3e5fe7c50070e58676c9,Cp2_vs_Cp3__strict_numeric_all,0262d70dda595cb6cda6,Cp2_vs_Cp3,strict_numeric_all,fl3_entitlement_capped,confirmation,joint_wild_cluster_rademacher,1.0,0.5,0.9,,not_reached_on_tested_grid
1cce3e5fe7c50070e58676c9,Cp2_vs_Cp3__strict_numeric_all,0262d70dda595cb6cda6,Cp2_vs_Cp3,strict_numeric_all,fl3_entitlement_capped,confirmation,joint_wild_cluster_rademacher,1.0,1.0,0.5,,not_reached_on_tested_grid
1cce3e5fe7c50070e58676c9,Cp2_vs_Cp3__strict_numeric_all,0262d70dda595cb6cda6,Cp2_vs_Cp3,strict_numeric_all,fl3_entitlement_capped,confirmation,joint_wild_cluster_rademacher,1.0,1.0,0.8,,not_reached_on_tested_grid
1cce3e5fe7c50070e58676c9,Cp2_vs_Cp3__strict_numeric_all,0262d70dda595cb6cda6,Cp2_vs_Cp3,strict_numeric_all,fl3_entitlement_capped,confirmation,joint_wild_cluster_rademacher,1.0,1.0,0.9,,not_reached_on_tested_grid
1cce3e5fe7c50070e58676c9,Cp2_vs_Cp3__strict_numeric_all,0262d70dda595cb6cda6,Cp2_vs_Cp3,strict_numeric_all,fl3_entitlement_capped,confirmation,joint_wild_cluster_rademacher,1.5,0.0,0.5,,not_reached_on_tested_grid
1cce3e5fe7c50070e58676c9,Cp2_vs_Cp3__strict_numeric_all,0262d70dda595cb6cda6,Cp2_vs_Cp3,strict_numeric_all,fl3_entitlement_capped,confirmation,joint_wild_cluster_rademacher,1.5,0.0,0.8,,not_reached_on_tested_grid
1cce3e5fe7c50070e58676c9,Cp2_vs_Cp3__strict_numeric_all,0262d70dda595cb6cda6,Cp2_vs_Cp3,strict_numeric_all,fl3_entitlement_capped,confirmation,joint_wild_cluster_rademacher,1.5,0.0,0.9,,not_reached_on_tested_grid
1cce3e5fe7c50070e58676c9,Cp2_vs_Cp3__strict_numeric_all,0262d70dda595cb6cda6,Cp2_vs_Cp3,strict_numeric_all,fl3_entitlement_capped,confirmation,joint_wild_cluster_rademacher,1.5,0.25,0.5,,not_reached_on_tested_grid
1cce3e5fe7c50070e58676c9,Cp2_vs_Cp3__strict_numeric_all,0262d70dda595cb6cda6,Cp2_vs_Cp3,strict_numeric_all,fl3_entitlement_capped,confirmation,joint_wild_cluster_rademacher,1.5,0.25,0.8,,not_reached_on_tested_grid
1cce3e5fe7c50070e58676c9,Cp2_vs_Cp3__strict_numeric_all,0262d70dda595cb6cda6,Cp2_vs_Cp3,strict_numeric_all,fl3_entitlement_capped,confirmation,joint_wild_cluster_rademacher,1.5,0.25,0.9,,not_reached_on_tested_grid
1cce3e5fe7c50070e58676c9,Cp2_vs_Cp3__strict_numeric_all,0262d70dda595cb6cda6,Cp2_vs_Cp3,strict_numeric_all,fl3_entitlement_capped,confirmation,joint_wild_cluster_rademacher,1.5,0.5,0.5,,not_reached_on_tested_grid
1cce3e5fe7c50070e58676c9,Cp2_vs_Cp3__strict_numeric_all,0262d70dda595cb6cda6,Cp2_vs_Cp3,strict_numeric_all,fl3_entitlement_capped,confirmation,joint_wild_cluster_rademacher,1.5,0.5,0.8,,not_reached_on_tested_grid
1cce3e5fe7c50070e58676c9,Cp2_vs_Cp3__strict_numeric_all,0262d70dda595cb6cda6,Cp2_vs_Cp3,strict_numeric_all,fl3_entitlement_capped,confirmation,joint_wild_cluster_rademacher,1.5,0.5,0.9,,not_reached_on_tested_grid
1cce3e5fe7c50070e58676c9,Cp2_vs_Cp3__strict_numeric_all,0262d70dda595cb6cda6,Cp2_vs_Cp3,strict_numeric_all,fl3_entitlement_capped,confirmation,joint_wild_cluster_rademacher,1.5,1.0,0.5,,not_reached_on_tested_grid
1cce3e5fe7c50070e58676c9,Cp2_vs_Cp3__strict_numeric_all,0262d70dda595cb6cda6,Cp2_vs_Cp3,strict_numeric_all,fl3_entitlement_capped,confirmation,joint_wild_cluster_rademacher,1.5,1.0,0.8,,not_reached_on_tested_grid
1cce3e5fe7c50070e58676c9,Cp2_vs_Cp3__strict_numeric_all,0262d70dda595cb6cda6,Cp2_vs_Cp3,strict_numeric_all,fl3_entitlement_capped,confirmation,joint_wild_cluster_rademacher,1.5,1.0,0.9,,not_reached_on_tested_grid
1cce3e5fe7c50070e58676c9,Cp2_vs_Cp3__strict_numeric_all,0262d70dda595cb6cda6,Cp2_vs_Cp3,strict_numeric_all,fl3_entitlement_capped,confirmation,joint_wild_cluster_rademacher,2.0,0.0,0.5,,not_reached_on_tested_grid
1cce3e5fe7c50070e58676c9,Cp2_vs_Cp3__strict_numeric_all,0262d70dda595cb6cda6,Cp2_vs_Cp3,strict_numeric_all,fl3_entitlement_capped,confirmation,joint_wild_cluster_rademacher,2.0,0.0,0.8,,not_reached_on_tested_grid
1cce3e5fe7c50070e58676c9,Cp2_vs_Cp3__strict_numeric_all,0262d70dda595cb6cda6,Cp2_vs_Cp3,strict_numeric_all,fl3_entitlement_capped,confirmation,joint_wild_cluster_rademacher,2.0,0.0,0.9,,not_reached_on_tested_grid
1cce3e5fe7c50070e58676c9,Cp2_vs_Cp3__strict_numeric_all,0262d70dda595cb6cda6,Cp2_vs_Cp3,strict_numeric_all,fl3_entitlement_capped,confirmation,joint_wild_cluster_rademacher,2.0,0.25,0.5,,not_reached_on_tested_grid
1cce3e5fe7c50070e58676c9,Cp2_vs_Cp3__strict_numeric_all,0262d70dda595cb6cda6,Cp2_vs_Cp3,strict_numeric_all,fl3_entitlement_capped,confirmation,joint_wild_cluster_rademacher,2.0,0.25,0.8,,not_reached_on_tested_grid
1cce3e5fe7c50070e58676c9,Cp2_vs_Cp3__strict_numeric_all,0262d70dda595cb6cda6,Cp2_vs_Cp3,strict_numeric_all,fl3_entitlement_capped,confirmation,joint_wild_cluster_rademacher,2.0,0.25,0.9,,not_reached_on_tested_grid
1cce3e5fe7c50070e58676c9,Cp2_vs_Cp3__strict_numeric_all,0262d70dda595cb6cda6,Cp2_vs_Cp3,strict_numeric_all,fl3_entitlement_capped,confirmation,joint_wild_cluster_rademacher,2.0,0.5,0.5,,not_reached_on_tested_grid
1cce3e5fe7c50070e58676c9,Cp2_vs_Cp3__strict_numeric_all,0262d70dda595cb6cda6,Cp2_vs_Cp3,strict_numeric_all,fl3_entitlement_capped,confirmation,joint_wild_cluster_rademacher,2.0,0.5,0.8,,not_reached_on_tested_grid
1cce3e5fe7c50070e58676c9,Cp2_vs_Cp3__strict_numeric_all,0262d70dda595cb6cda6,Cp2_vs_Cp3,strict_numeric_all,fl3_entitlement_capped,confirmation,joint_wild_cluster_rademacher,2.0,0.5,0.9,,not_reached_on_tested_grid
1cce3e5fe7c50070e58676c9,Cp2_vs_Cp3__strict_numeric_all,0262d70dda595cb6cda6,Cp2_vs_Cp3,strict_numeric_all,fl3_entitlement_capped,confirmation,joint_wild_cluster_rademacher,2.0,1.0,0.5,,not_reached_on_tested_grid
1cce3e5fe7c50070e58676c9,Cp2_vs_Cp3__strict_numeric_all,0262d70dda595cb6cda6,Cp2_vs_Cp3,strict_numeric_all,fl3_entitlement_capped,confirmation,joint_wild_cluster_rademacher,2.0,1.0,0.8,,not_reached_on_tested_grid
1cce3e5fe7c50070e58676c9,Cp2_vs_Cp3__strict_numeric_all,0262d70dda595cb6cda6,Cp2_vs_Cp3,strict_numeric_all,fl3_entitlement_capped,confirmation,joint_wild_cluster_rademacher,2.0,1.0,0.9,,not_reached_on_tested_grid
1cce3e5fe7c50070e58676c9,Cp2_vs_Cp3__strict_numeric_all,0262d70dda595cb6cda6,Cp2_vs_Cp3,strict_numeric_all,fl3_entitlement_capped,discovery,joint_gaussian_regularized_cluster,0.0,0.0,0.5,,not_reached_on_tested_grid
1cce3e5fe7c50070e58676c9,Cp2_vs_Cp3__strict_numeric_all,0262d70dda595cb6cda6,Cp2_vs_Cp3,strict_numeric_all,fl3_entitlement_capped,discovery,joint_gaussian_regularized_cluster,0.0,0.0,0.8,,not_reached_on_tested_grid
1cce3e5fe7c50070e58676c9,Cp2_vs_Cp3__strict_numeric_all,0262d70dda595cb6cda6,Cp2_vs_Cp3,strict_numeric_all,fl3_entitlement_capped,discovery,joint_gaussian_regularized_cluster,0.0,0.0,0.9,,not_reached_on_tested_grid
1cce3e5fe7c50070e58676c9,Cp2_vs_Cp3__strict_numeric_all,0262d70dda595cb6cda6,Cp2_vs_Cp3,strict_numeric_all,fl3_entitlement_capped,discovery,joint_gaussian_regularized_cluster,0.25,0.0,0.5,,not_reached_on_tested_grid
1cce3e5fe7c50070e58676c9,Cp2_vs_Cp3__strict_numeric_all,0262d70dda595cb6cda6,Cp2_vs_Cp3,strict_numeric_all,fl3_entitlement_capped,discovery,joint_gaussian_regularized_cluster,0.25,0.0,0.8,,not_reached_on_tested_grid
1cce3e5fe7c50070e58676c9,Cp2_vs_Cp3__strict_numeric_all,0262d70dda595cb6cda6,Cp2_vs_Cp3,strict_numeric_all,fl3_entitlement_capped,discovery,joint_gaussian_regularized_cluster,0.25,0.0,0.9,,not_reached_on_tested_grid
1cce3e5fe7c50070e58676c9,Cp2_vs_Cp3__strict_numeric_all,0262d70dda595cb6cda6,Cp2_vs_Cp3,strict_numeric_all,fl3_entitlement_capped,discovery,joint_gaussian_regularized_cluster,0.25,0.25,0.5,,not_reached_on_tested_grid
1cce3e5fe7c50070e58676c9,Cp2_vs_Cp3__strict_numeric_all,0262d70dda595cb6cda6,Cp2_vs_Cp3,strict_numeric_all,fl3_entitlement_capped,discovery,joint_gaussian_regularized_cluster,0.25,0.25,0.8,,not_reached_on_tested_grid
1cce3e5fe7c50070e58676c9,Cp2_vs_Cp3__strict_numeric_all,0262d70dda595cb6cda6,Cp2_vs_Cp3,strict_numeric_all,fl3_entitlement_capped,discovery,joint_gaussian_regularized_cluster,0.25,0.25,0.9,,not_reached_on_tested_grid
1cce3e5fe7c50070e58676c9,Cp2_vs_Cp3__strict_numeric_all,0262d70dda595cb6cda6,Cp2_vs_Cp3,strict_numeric_all,fl3_entitlement_capped,discovery,joint_gaussian_regularized_cluster,0.25,0.5,0.5,,not_reached_on_tested_grid
1cce3e5fe7c50070e58676c9,Cp2_vs_Cp3__strict_numeric_all,0262d70dda595cb6cda6,Cp2_vs_Cp3,strict_numeric_all,fl3_entitlement_capped,discovery,joint_gaussian_regularized_cluster,0.25,0.5,0.8,,not_reached_on_tested_grid
1cce3e5fe7c50070e58676c9,Cp2_vs_Cp3__strict_numeric_all,0262d70dda595cb6cda6,Cp2_vs_Cp3,strict_numeric_all,fl3_entitlement_capped,discovery,joint_gaussian_regularized_cluster,0.25,0.5,0.9,,not_reached_on_tested_grid
1cce3e5fe7c50070e58676c9,Cp2_vs_Cp3__strict_numeric_all,0262d70dda595cb6cda6,Cp2_vs_Cp3,strict_numeric_all,fl3_entitlement_capped,discovery,joint_gaussian_regularized_cluster,0.25,1.0,0.5,,not_reached_on_tested_grid
1cce3e5fe7c50070e58676c9,Cp2_vs_Cp3__strict_numeric_all,0262d70dda595cb6cda6,Cp2_vs_Cp3,strict_numeric_all,fl3_entitlement_capped,discovery,joint_gaussian_regularized_cluster,0.25,1.0,0.8,,not_reached_on_tested_grid
1cce3e5fe7c50070e58676c9,Cp2_vs_Cp3__strict_numeric_all,0262d70dda595cb6cda6,Cp2_vs_Cp3,strict_numeric_all,fl3_entitlement_capped,discovery,joint_gaussian_regularized_cluster,0.25,1.0,0.9,,not_reached_on_tested_grid
1cce3e5fe7c50070e58676c9,Cp2_vs_Cp3__strict_numeric_all,0262d70dda595cb6cda6,Cp2_vs_Cp3,strict_numeric_all,fl3_entitlement_capped,discovery,joint_gaussian_regularized_cluster,0.5,0.0,0.5,,not_reached_on_tested_grid
1cce3e5fe7c50070e58676c9,Cp2_vs_Cp3__strict_numeric_all,0262d70dda595cb6cda6,Cp2_vs_Cp3,strict_numeric_all,fl3_entitlement_capped,discovery,joint_gaussian_regularized_cluster,0.5,0.0,0.8,,not_reached_on_tested_grid
1cce3e5fe7c50070e58676c9,Cp2_vs_Cp3__strict_numeric_all,0262d70dda595cb6cda6,Cp2_vs_Cp3,strict_numeric_all,fl3_entitlement_capped,discovery,joint_gaussian_regularized_cluster,0.5,0.0,0.9,,not_reached_on_tested_grid
1cce3e5fe7c50070e58676c9,Cp2_vs_Cp3__strict_numeric_all,0262d70dda595cb6cda6,Cp2_vs_Cp3,strict_numeric_all,fl3_entitlement_capped,discovery,joint_gaussian_regularized_cluster,0.5,0.25,0.5,,not_reached_on_tested_grid
1cce3e5fe7c50070e58676c9,Cp2_vs_Cp3__strict_numeric_all,0262d70dda595cb6cda6,Cp2_vs_Cp3,strict_numeric_all,fl3_entitlement_capped,discovery,joint_gaussian_regularized_cluster,0.5,0.25,0.8,,not_reached_on_tested_grid
1cce3e5fe7c50070e58676c9,Cp2_vs_Cp3__strict_numeric_all,0262d70dda595cb6cda6,Cp2_vs_Cp3,strict_numeric_all,fl3_entitlement_capped,discovery,joint_gaussian_regularized_cluster,0.5,0.25,0.9,,not_reached_on_tested_grid
1cce3e5fe7c50070e58676c9,Cp2_vs_Cp3__strict_numeric_all,0262d70dda595cb6cda6,Cp2_vs_Cp3,strict_numeric_all,fl3_entitlement_capped,discovery,joint_gaussian_regularized_cluster,0.5,0.5,0.5,,not_reached_on_tested_grid
1cce3e5fe7c50070e58676c9,Cp2_vs_Cp3__strict_numeric_all,0262d70dda595cb6cda6,Cp2_vs_Cp3,strict_numeric_all,fl3_entitlement_capped,discovery,joint_gaussian_regularized_cluster,0.5,0.5,0.8,,not_reached_on_tested_grid
1cce3e5fe7c50070e58676c9,Cp2_vs_Cp3__strict_numeric_all,0262d70dda595cb6cda6,Cp2_vs_Cp3,strict_numeric_all,fl3_entitlement_capped,discovery,joint_gaussian_regularized_cluster,0.5,0.5,0.9,,not_reached_on_tested_grid
1cce3e5fe7c50070e58676c9,Cp2_vs_Cp3__strict_numeric_all,0262d70dda595cb6cda6,Cp2_vs_Cp3,strict_numeric_all,fl3_entitlement_capped,discovery,joint_gaussian_regularized_cluster,0.5,1.0,0.5,,not_reached_on_tested_grid
1cce3e5fe7c50070e58676c9,Cp2_vs_Cp3__strict_numeric_all,0262d70dda595cb6cda6,Cp2_vs_Cp3,strict_numeric_all,fl3_entitlement_capped,discovery,joint_gaussian_regularized_cluster,0.5,1.0,0.8,,not_reached_on_tested_grid
1cce3e5fe7c50070e58676c9,Cp2_vs_Cp3__strict_numeric_all,0262d70dda595cb6cda6,Cp2_vs_Cp3,strict_numeric_all,fl3_entitlement_capped,discovery,joint_gaussian_regularized_cluster,0.5,1.0,0.9,,not_reached_on_tested_grid
1cce3e5fe7c50070e58676c9,Cp2_vs_Cp3__strict_numeric_all,0262d70dda595cb6cda6,Cp2_vs_Cp3,strict_numeric_all,fl3_entitlement_capped,discovery,joint_gaussian_regularized_cluster,0.75,0.0,0.5,,not_reached_on_tested_grid
1cce3e5fe7c50070e58676c9,Cp2_vs_Cp3__strict_numeric_all,0262d70dda595cb6cda6,Cp2_vs_Cp3,strict_numeric_all,fl3_entitlement_capped,discovery,joint_gaussian_regularized_cluster,0.75,0.0,0.8,,not_reached_on_tested_grid
1cce3e5fe7c50070e58676c9,Cp2_vs_Cp3__strict_numeric_all,0262d70dda595cb6cda6,Cp2_vs_Cp3,strict_numeric_all,fl3_entitlement_capped,discovery,joint_gaussian_regularized_cluster,0.75,0.0,0.9,,not_reached_on_tested_grid
1cce3e5fe7c50070e58676c9,Cp2_vs_Cp3__strict_numeric_all,0262d70dda595cb6cda6,Cp2_vs_Cp3,strict_numeric_all,fl3_entitlement_capped,discovery,joint_gaussian_regularized_cluster,0.75,0.25,0.5,,not_reached_on_tested_grid
1cce3e5fe7c50070e58676c9,Cp2_vs_Cp3__strict_numeric_all,0262d70dda595cb6cda6,Cp2_vs_Cp3,strict_numeric_all,fl3_entitlement_capped,discovery,joint_gaussian_regularized_cluster,0.75,0.25,0.8,,not_reached_on_tested_grid
1cce3e5fe7c50070e58676c9,Cp2_vs_Cp3__strict_numeric_all,0262d70dda595cb6cda6,Cp2_vs_Cp3,strict_numeric_all,fl3_entitlement_capped,discovery,joint_gaussian_regularized_cluster,0.75,0.25,0.9,,not_reached_on_tested_grid
1cce3e5fe7c50070e58676c9,Cp2_vs_Cp3__strict_numeric_all,0262d70dda595cb6cda6,Cp2_vs_Cp3,strict_numeric_all,fl3_entitlement_capped,discovery,joint_gaussian_regularized_cluster,0.75,0.5,0.5,,not_reached_on_tested_grid
1cce3e5fe7c50070e58676c9,Cp2_vs_Cp3__strict_numeric_all,0262d70dda595cb6cda6,Cp2_vs_Cp3,strict_numeric_all,fl3_entitlement_capped,discovery,joint_gaussian_regularized_cluster,0.75,0.5,0.8,,not_reached_on_tested_grid
1cce3e5fe7c50070e58676c9,Cp2_vs_Cp3__strict_numeric_all,0262d70dda595cb6cda6,Cp2_vs_Cp3,strict_numeric_all,fl3_entitlement_capped,discovery,joint_gaussian_regularized_cluster,0.75,0.5,0.9,,not_reached_on_tested_grid
1cce3e5fe7c50070e58676c9,Cp2_vs_Cp3__strict_numeric_all,0262d70dda595cb6cda6,Cp2_vs_Cp3,strict_numeric_all,fl3_entitlement_capped,discovery,joint_gaussian_regularized_cluster,0.75,1.0,0.5,,not_reached_on_tested_grid
1cce3e5fe7c50070e58676c9,Cp2_vs_Cp3__strict_numeric_all,0262d70dda595cb6cda6,Cp2_vs_Cp3,strict_numeric_all,fl3_entitlement_capped,discovery,joint_gaussian_regularized_cluster,0.75,1.0,0.8,,not_reached_on_tested_grid
1cce3e5fe7c50070e58676c9,Cp2_vs_Cp3__strict_numeric_all,0262d70dda595cb6cda6,Cp2_vs_Cp3,strict_numeric_all,fl3_entitlement_capped,discovery,joint_gaussian_regularized_cluster,0.75,1.0,0.9,,not_reached_on_tested_grid
1cce3e5fe7c50070e58676c9,Cp2_vs_Cp3__strict_numeric_all,0262d70dda595cb6cda6,Cp2_vs_Cp3,strict_numeric_all,fl3_entitlement_capped,discovery,joint_gaussian_regularized_cluster,1.0,0.0,0.5,,not_reached_on_tested_grid
1cce3e5fe7c50070e58676c9,Cp2_vs_Cp3__strict_numeric_all,0262d70dda595cb6cda6,Cp2_vs_Cp3,strict_numeric_all,fl3_entitlement_capped,discovery,joint_gaussian_regularized_cluster,1.0,0.0,0.8,,not_reached_on_tested_grid
1cce3e5fe7c50070e58676c9,Cp2_vs_Cp3__strict_numeric_all,0262d70dda595cb6cda6,Cp2_vs_Cp3,strict_numeric_all,fl3_entitlement_capped,discovery,joint_gaussian_regularized_cluster,1.0,0.0,0.9,,not_reached_on_tested_grid
1cce3e5fe7c50070e58676c9,Cp2_vs_Cp3__strict_numeric_all,0262d70dda595cb6cda6,Cp2_vs_Cp3,strict_numeric_all,fl3_entitlement_capped,discovery,joint_gaussian_regularized_cluster,1.0,0.25,0.5,,not_reached_on_tested_grid
1cce3e5fe7c50070e58676c9,Cp2_vs_Cp3__strict_numeric_all,0262d70dda595cb6cda6,Cp2_vs_Cp3,strict_numeric_all,fl3_entitlement_capped,discovery,joint_gaussian_regularized_cluster,1.0,0.25,0.8,,not_reached_on_tested_grid
1cce3e5fe7c50070e58676c9,Cp2_vs_Cp3__strict_numeric_all,0262d70dda595cb6cda6,Cp2_vs_Cp3,strict_numeric_all,fl3_entitlement_capped,discovery,joint_gaussian_regularized_cluster,1.0,0.25,0.9,,not_reached_on_tested_grid
1cce3e5fe7c50070e58676c9,Cp2_vs_Cp3__strict_numeric_all,0262d70dda595cb6cda6,Cp2_vs_Cp3,strict_numeric_all,fl3_entitlement_capped,discovery,joint_gaussian_regularized_cluster,1.0,0.5,0.5,,not_reached_on_tested_grid
1cce3e5fe7c50070e58676c9,Cp2_vs_Cp3__strict_numeric_all,0262d70dda595cb6cda6,Cp2_vs_Cp3,strict_numeric_all,fl3_entitlement_capped,discovery,joint_gaussian_regularized_cluster,1.0,0.5,0.8,,not_reached_on_tested_grid
1cce3e5fe7c50070e58676c9,Cp2_vs_Cp3__strict_numeric_all,0262d70dda595cb6cda6,Cp2_vs_Cp3,strict_numeric_all,fl3_entitlement_capped,discovery,joint_gaussian_regularized_cluster,1.0,0.5,0.9,,not_reached_on_tested_grid
1cce3e5fe7c50070e58676c9,Cp2_vs_Cp3__strict_numeric_all,0262d70dda595cb6cda6,Cp2_vs_Cp3,strict_numeric_all,fl3_entitlement_capped,discovery,joint_gaussian_regularized_cluster,1.0,1.0,0.5,,not_reached_on_tested_grid
1cce3e5fe7c50070e58676c9,Cp2_vs_Cp3__strict_numeric_all,0262d70dda595cb6cda6,Cp2_vs_Cp3,strict_numeric_all,fl3_entitlement_capped,discovery,joint_gaussian_regularized_cluster,1.0,1.0,0.8,,not_reached_on_tested_grid
1cce3e5fe7c50070e58676c9,Cp2_vs_Cp3__strict_numeric_all,0262d70dda595cb6cda6,Cp2_vs_Cp3,strict_numeric_all,fl3_entitlement_capped,discovery,joint_gaussian_regularized_cluster,1.0,1.0,0.9,,not_reached_on_tested_grid
1cce3e5fe7c50070e58676c9,Cp2_vs_Cp3__strict_numeric_all,0262d70dda595cb6cda6,Cp2_vs_Cp3,strict_numeric_all,fl3_entitlement_capped,discovery,joint_gaussian_regularized_cluster,1.5,0.0,0.5,,not_reached_on_tested_grid
1cce3e5fe7c50070e58676c9,Cp2_vs_Cp3__strict_numeric_all,0262d70dda595cb6cda6,Cp2_vs_Cp3,strict_numeric_all,fl3_entitlement_capped,discovery,joint_gaussian_regularized_cluster,1.5,0.0,0.8,,not_reached_on_tested_grid
1cce3e5fe7c50070e58676c9,Cp2_vs_Cp3__strict_numeric_all,0262d70dda595cb6cda6,Cp2_vs_Cp3,strict_numeric_all,fl3_entitlement_capped,discovery,joint_gaussian_regularized_cluster,1.5,0.0,0.9,,not_reached_on_tested_grid
1cce3e5fe7c50070e58676c9,Cp2_vs_Cp3__strict_numeric_all,0262d70dda595cb6cda6,Cp2_vs_Cp3,strict_numeric_all,fl3_entitlement_capped,discovery,joint_gaussian_regularized_cluster,1.5,0.25,0.5,,not_reached_on_tested_grid
1cce3e5fe7c50070e58676c9,Cp2_vs_Cp3__strict_numeric_all,0262d70dda595cb6cda6,Cp2_vs_Cp3,strict_numeric_all,fl3_entitlement_capped,discovery,joint_gaussian_regularized_cluster,1.5,0.25,0.8,,not_reached_on_tested_grid
1cce3e5fe7c50070e58676c9,Cp2_vs_Cp3__strict_numeric_all,0262d70dda595cb6cda6,Cp2_vs_Cp3,strict_numeric_all,fl3_entitlement_capped,discovery,joint_gaussian_regularized_cluster,1.5,0.25,0.9,,not_reached_on_tested_grid
1cce3e5fe7c50070e58676c9,Cp2_vs_Cp3__strict_numeric_all,0262d70dda595cb6cda6,Cp2_vs_Cp3,strict_numeric_all,fl3_entitlement_capped,discovery,joint_gaussian_regularized_cluster,1.5,0.5,0.5,,not_reached_on_tested_grid
1cce3e5fe7c50070e58676c9,Cp2_vs_Cp3__strict_numeric_all,0262d70dda595cb6cda6,Cp2_vs_Cp3,strict_numeric_all,fl3_entitlement_capped,discovery,joint_gaussian_regularized_cluster,1.5,0.5,0.8,,not_reached_on_tested_grid
1cce3e5fe7c50070e58676c9,Cp2_vs_Cp3__strict_numeric_all,0262d70dda595cb6cda6,Cp2_vs_Cp3,strict_numeric_all,fl3_entitlement_capped,discovery,joint_gaussian_regularized_cluster,1.5,0.5,0.9,,not_reached_on_tested_grid
1cce3e5fe7c50070e58676c9,Cp2_vs_Cp3__strict_numeric_all,0262d70dda595cb6cda6,Cp2_vs_Cp3,strict_numeric_all,fl3_entitlement_capped,discovery,joint_gaussian_regularized_cluster,1.5,1.0,0.5,,not_reached_on_tested_grid
1cce3e5fe7c50070e58676c9,Cp2_vs_Cp3__strict_numeric_all,0262d70dda595cb6cda6,Cp2_vs_Cp3,strict_numeric_all,fl3_entitlement_capped,discovery,joint_gaussian_regularized_cluster,1.5,1.0,0.8,,not_reached_on_tested_grid
1cce3e5fe7c50070e58676c9,Cp2_vs_Cp3__strict_numeric_all,0262d70dda595cb6cda6,Cp2_vs_Cp3,strict_numeric_all,fl3_entitlement_capped,discovery,joint_gaussian_regularized_cluster,1.5,1.0,0.9,,not_reached_on_tested_grid
1cce3e5fe7c50070e58676c9,Cp2_vs_Cp3__strict_numeric_all,0262d70dda595cb6cda6,Cp2_vs_Cp3,strict_numeric_all,fl3_entitlement_capped,discovery,joint_gaussian_regularized_cluster,2.0,0.0,0.5,,not_reached_on_tested_grid
1cce3e5fe7c50070e58676c9,Cp2_vs_Cp3__strict_numeric_all,0262d70dda595cb6cda6,Cp2_vs_Cp3,strict_numeric_all,fl3_entitlement_capped,discovery,joint_gaussian_regularized_cluster,2.0,0.0,0.8,,not_reached_on_tested_grid
1cce3e5fe7c50070e58676c9,Cp2_vs_Cp3__strict_numeric_all,0262d70dda595cb6cda6,Cp2_vs_Cp3,strict_numeric_all,fl3_entitlement_capped,discovery,joint_gaussian_regularized_cluster,2.0,0.0,0.9,,not_reached_on_tested_grid
1cce3e5fe7c50070e58676c9,Cp2_vs_Cp3__strict_numeric_all,0262d70dda595cb6cda6,Cp2_vs_Cp3,strict_numeric_all,fl3_entitlement_capped,discovery,joint_gaussian_regularized_cluster,2.0,0.25,0.5,,not_reached_on_tested_grid
1cce3e5fe7c50070e58676c9,Cp2_vs_Cp3__strict_numeric_all,0262d70dda595cb6cda6,Cp2_vs_Cp3,strict_numeric_all,fl3_entitlement_capped,discovery,joint_gaussian_regularized_cluster,2.0,0.25,0.8,,not_reached_on_tested_grid
1cce3e5fe7c50070e58676c9,Cp2_vs_Cp3__strict_numeric_all,0262d70dda595cb6cda6,Cp2_vs_Cp3,strict_numeric_all,fl3_entitlement_capped,discovery,joint_gaussian_regularized_cluster,2.0,0.25,0.9,,not_reached_on_tested_grid
1cce3e5fe7c50070e58676c9,Cp2_vs_Cp3__strict_numeric_all,0262d70dda595cb6cda6,Cp2_vs_Cp3,strict_numeric_all,fl3_entitlement_capped,discovery,joint_gaussian_regularized_cluster,2.0,0.5,0.5,,not_reached_on_tested_grid
1cce3e5fe7c50070e58676c9,Cp2_vs_Cp3__strict_numeric_all,0262d70dda595cb6cda6,Cp2_vs_Cp3,strict_numeric_all,fl3_entitlement_capped,discovery,joint_gaussian_regularized_cluster,2.0,0.5,0.8,,not_reached_on_tested_grid
1cce3e5fe7c50070e58676c9,Cp2_vs_Cp3__strict_numeric_all,0262d70dda595cb6cda6,Cp2_vs_Cp3,strict_numeric_all,fl3_entitlement_capped,discovery,joint_gaussian_regularized_cluster,2.0,0.5,0.9,,not_reached_on_tested_grid
1cce3e5fe7c50070e58676c9,Cp2_vs_Cp3__strict_numeric_all,0262d70dda595cb6cda6,Cp2_vs_Cp3,strict_numeric_all,fl3_entitlement_capped,discovery,joint_gaussian_regularized_cluster,2.0,1.0,0.5,,not_reached_on_tested_grid
1cce3e5fe7c50070e58676c9,Cp2_vs_Cp3__strict_numeric_all,0262d70dda595cb6cda6,Cp2_vs_Cp3,strict_numeric_all,fl3_entitlement_capped,discovery,joint_gaussian_regularized_cluster,2.0,1.0,0.8,,not_reached_on_tested_grid
1cce3e5fe7c50070e58676c9,Cp2_vs_Cp3__strict_numeric_all,0262d70dda595cb6cda6,Cp2_vs_Cp3,strict_numeric_all,fl3_entitlement_capped,discovery,joint_gaussian_regularized_cluster,2.0,1.0,0.9,,not_reached_on_tested_grid
1cce3e5fe7c50070e58676c9,Cp2_vs_Cp3__strict_numeric_all,0262d70dda595cb6cda6,Cp2_vs_Cp3,strict_numeric_all,fl3_entitlement_capped,discovery,joint_wild_cluster_rademacher,0.0,0.0,0.5,,not_reached_on_tested_grid
1cce3e5fe7c50070e58676c9,Cp2_vs_Cp3__strict_numeric_all,0262d70dda595cb6cda6,Cp2_vs_Cp3,strict_numeric_all,fl3_entitlement_capped,discovery,joint_wild_cluster_rademacher,0.0,0.0,0.8,,not_reached_on_tested_grid
1cce3e5fe7c50070e58676c9,Cp2_vs_Cp3__strict_numeric_all,0262d70dda595cb6cda6,Cp2_vs_Cp3,strict_numeric_all,fl3_entitlement_capped,discovery,joint_wild_cluster_rademacher,0.0,0.0,0.9,,not_reached_on_tested_grid
1cce3e5fe7c50070e58676c9,Cp2_vs_Cp3__strict_numeric_all,0262d70dda595cb6cda6,Cp2_vs_Cp3,strict_numeric_all,fl3_entitlement_capped,discovery,joint_wild_cluster_rademacher,0.25,0.0,0.5,,not_reached_on_tested_grid
1cce3e5fe7c50070e58676c9,Cp2_vs_Cp3__strict_numeric_all,0262d70dda595cb6cda6,Cp2_vs_Cp3,strict_numeric_all,fl3_entitlement_capped,discovery,joint_wild_cluster_rademacher,0.25,0.0,0.8,,not_reached_on_tested_grid
1cce3e5fe7c50070e58676c9,Cp2_vs_Cp3__strict_numeric_all,0262d70dda595cb6cda6,Cp2_vs_Cp3,strict_numeric_all,fl3_entitlement_capped,discovery,joint_wild_cluster_rademacher,0.25,0.0,0.9,,not_reached_on_tested_grid
1cce3e5fe7c50070e58676c9,Cp2_vs_Cp3__strict_numeric_all,0262d70dda595cb6cda6,Cp2_vs_Cp3,strict_numeric_all,fl3_entitlement_capped,discovery,joint_wild_cluster_rademacher,0.25,0.25,0.5,,not_reached_on_tested_grid
1cce3e5fe7c50070e58676c9,Cp2_vs_Cp3__strict_numeric_all,0262d70dda595cb6cda6,Cp2_vs_Cp3,strict_numeric_all,fl3_entitlement_capped,discovery,joint_wild_cluster_rademacher,0.25,0.25,0.8,,not_reached_on_tested_grid
1cce3e5fe7c50070e58676c9,Cp2_vs_Cp3__strict_numeric_all,0262d70dda595cb6cda6,Cp2_vs_Cp3,strict_numeric_all,fl3_entitlement_capped,discovery,joint_wild_cluster_rademacher,0.25,0.25,0.9,,not_reached_on_tested_grid
1cce3e5fe7c50070e58676c9,Cp2_vs_Cp3__strict_numeric_all,0262d70dda595cb6cda6,Cp2_vs_Cp3,strict_numeric_all,fl3_entitlement_capped,discovery,joint_wild_cluster_rademacher,0.25,0.5,0.5,,not_reached_on_tested_grid
1cce3e5fe7c50070e58676c9,Cp2_vs_Cp3__strict_numeric_all,0262d70dda595cb6cda6,Cp2_vs_Cp3,strict_numeric_all,fl3_entitlement_capped,discovery,joint_wild_cluster_rademacher,0.25,0.5,0.8,,not_reached_on_tested_grid
1cce3e5fe7c50070e58676c9,Cp2_vs_Cp3__strict_numeric_all,0262d70dda595cb6cda6,Cp2_vs_Cp3,strict_numeric_all,fl3_entitlement_capped,discovery,joint_wild_cluster_rademacher,0.25,0.5,0.9,,not_reached_on_tested_grid
1cce3e5fe7c50070e58676c9,Cp2_vs_Cp3__strict_numeric_all,0262d70dda595cb6cda6,Cp2_vs_Cp3,strict_numeric_all,fl3_entitlement_capped,discovery,joint_wild_cluster_rademacher,0.25,1.0,0.5,,not_reached_on_tested_grid
1cce3e5fe7c50070e58676c9,Cp2_vs_Cp3__strict_numeric_all,0262d70dda595cb6cda6,Cp2_vs_Cp3,strict_numeric_all,fl3_entitlement_capped,discovery,joint_wild_cluster_rademacher,0.25,1.0,0.8,,not_reached_on_tested_grid
1cce3e5fe7c50070e58676c9,Cp2_vs_Cp3__strict_numeric_all,0262d70dda595cb6cda6,Cp2_vs_Cp3,strict_numeric_all,fl3_entitlement_capped,discovery,joint_wild_cluster_rademacher,0.25,1.0,0.9,,not_reached_on_tested_grid
1cce3e5fe7c50070e58676c9,Cp2_vs_Cp3__strict_numeric_all,0262d70dda595cb6cda6,Cp2_vs_Cp3,strict_numeric_all,fl3_entitlement_capped,discovery,joint_wild_cluster_rademacher,0.5,0.0,0.5,,not_reached_on_tested_grid
1cce3e5fe7c50070e58676c9,Cp2_vs_Cp3__strict_numeric_all,0262d70dda595cb6cda6,Cp2_vs_Cp3,strict_numeric_all,fl3_entitlement_capped,discovery,joint_wild_cluster_rademacher,0.5,0.0,0.8,,not_reached_on_tested_grid
1cce3e5fe7c50070e58676c9,Cp2_vs_Cp3__strict_numeric_all,0262d70dda595cb6cda6,Cp2_vs_Cp3,strict_numeric_all,fl3_entitlement_capped,discovery,joint_wild_cluster_rademacher,0.5,0.0,0.9,,not_reached_on_tested_grid
1cce3e5fe7c50070e58676c9,Cp2_vs_Cp3__strict_numeric_all,0262d70dda595cb6cda6,Cp2_vs_Cp3,strict_numeric_all,fl3_entitlement_capped,discovery,joint_wild_cluster_rademacher,0.5,0.25,0.5,,not_reached_on_tested_grid
1cce3e5fe7c50070e58676c9,Cp2_vs_Cp3__strict_numeric_all,0262d70dda595cb6cda6,Cp2_vs_Cp3,strict_numeric_all,fl3_entitlement_capped,discovery,joint_wild_cluster_rademacher,0.5,0.25,0.8,,not_reached_on_tested_grid
1cce3e5fe7c50070e58676c9,Cp2_vs_Cp3__strict_numeric_all,0262d70dda595cb6cda6,Cp2_vs_Cp3,strict_numeric_all,fl3_entitlement_capped,discovery,joint_wild_cluster_rademacher,0.5,0.25,0.9,,not_reached_on_tested_grid
1cce3e5fe7c50070e58676c9,Cp2_vs_Cp3__strict_numeric_all,0262d70dda595cb6cda6,Cp2_vs_Cp3,strict_numeric_all,fl3_entitlement_capped,discovery,joint_wild_cluster_rademacher,0.5,0.5,0.5,,not_reached_on_tested_grid
1cce3e5fe7c50070e58676c9,Cp2_vs_Cp3__strict_numeric_all,0262d70dda595cb6cda6,Cp2_vs_Cp3,strict_numeric_all,fl3_entitlement_capped,discovery,joint_wild_cluster_rademacher,0.5,0.5,0.8,,not_reached_on_tested_grid
1cce3e5fe7c50070e58676c9,Cp2_vs_Cp3__strict_numeric_all,0262d70dda595cb6cda6,Cp2_vs_Cp3,strict_numeric_all,fl3_entitlement_capped,discovery,joint_wild_cluster_rademacher,0.5,0.5,0.9,,not_reached_on_tested_grid
1cce3e5fe7c50070e58676c9,Cp2_vs_Cp3__strict_numeric_all,0262d70dda595cb6cda6,Cp2_vs_Cp3,strict_numeric_all,fl3_entitlement_capped,discovery,joint_wild_cluster_rademacher,0.5,1.0,0.5,,not_reached_on_tested_grid
1cce3e5fe7c50070e58676c9,Cp2_vs_Cp3__strict_numeric_all,0262d70dda595cb6cda6,Cp2_vs_Cp3,strict_numeric_all,fl3_entitlement_capped,discovery,joint_wild_cluster_rademacher,0.5,1.0,0.8,,not_reached_on_tested_grid
1cce3e5fe7c50070e58676c9,Cp2_vs_Cp3__strict_numeric_all,0262d70dda595cb6cda6,Cp2_vs_Cp3,strict_numeric_all,fl3_entitlement_capped,discovery,joint_wild_cluster_rademacher,0.5,1.0,0.9,,not_reached_on_tested_grid
1cce3e5fe7c50070e58676c9,Cp2_vs_Cp3__strict_numeric_all,0262d70dda595cb6cda6,Cp2_vs_Cp3,strict_numeric_all,fl3_entitlement_capped,discovery,joint_wild_cluster_rademacher,0.75,0.0,0.5,,not_reached_on_tested_grid
1cce3e5fe7c50070e58676c9,Cp2_vs_Cp3__strict_numeric_all,0262d70dda595cb6cda6,Cp2_vs_Cp3,strict_numeric_all,fl3_entitlement_capped,discovery,joint_wild_cluster_rademacher,0.75,0.0,0.8,,not_reached_on_tested_grid
1cce3e5fe7c50070e58676c9,Cp2_vs_Cp3__strict_numeric_all,0262d70dda595cb6cda6,Cp2_vs_Cp3,strict_numeric_all,fl3_entitlement_capped,discovery,joint_wild_cluster_rademacher,0.75,0.0,0.9,,not_reached_on_tested_grid
1cce3e5fe7c50070e58676c9,Cp2_vs_Cp3__strict_numeric_all,0262d70dda595cb6cda6,Cp2_vs_Cp3,strict_numeric_all,fl3_entitlement_capped,discovery,joint_wild_cluster_rademacher,0.75,0.25,0.5,,not_reached_on_tested_grid
1cce3e5fe7c50070e58676c9,Cp2_vs_Cp3__strict_numeric_all,0262d70dda595cb6cda6,Cp2_vs_Cp3,strict_numeric_all,fl3_entitlement_capped,discovery,joint_wild_cluster_rademacher,0.75,0.25,0.8,,not_reached_on_tested_grid
1cce3e5fe7c50070e58676c9,Cp2_vs_Cp3__strict_numeric_all,0262d70dda595cb6cda6,Cp2_vs_Cp3,strict_numeric_all,fl3_entitlement_capped,discovery,joint_wild_cluster_rademacher,0.75,0.25,0.9,,not_reached_on_tested_grid
1cce3e5fe7c50070e58676c9,Cp2_vs_Cp3__strict_numeric_all,0262d70dda595cb6cda6,Cp2_vs_Cp3,strict_numeric_all,fl3_entitlement_capped,discovery,joint_wild_cluster_rademacher,0.75,0.5,0.5,,not_reached_on_tested_grid
1cce3e5fe7c50070e58676c9,Cp2_vs_Cp3__strict_numeric_all,0262d70dda595cb6cda6,Cp2_vs_Cp3,strict_numeric_all,fl3_entitlement_capped,discovery,joint_wild_cluster_rademacher,0.75,0.5,0.8,,not_reached_on_tested_grid
1cce3e5fe7c50070e58676c9,Cp2_vs_Cp3__strict_numeric_all,0262d70dda595cb6cda6,Cp2_vs_Cp3,strict_numeric_all,fl3_entitlement_capped,discovery,joint_wild_cluster_rademacher,0.75,0.5,0.9,,not_reached_on_tested_grid
1cce3e5fe7c50070e58676c9,Cp2_vs_Cp3__strict_numeric_all,0262d70dda595cb6cda6,Cp2_vs_Cp3,strict_numeric_all,fl3_entitlement_capped,discovery,joint_wild_cluster_rademacher,0.75,1.0,0.5,,not_reached_on_tested_grid
1cce3e5fe7c50070e58676c9,Cp2_vs_Cp3__strict_numeric_all,0262d70dda595cb6cda6,Cp2_vs_Cp3,strict_numeric_all,fl3_entitlement_capped,discovery,joint_wild_cluster_rademacher,0.75,1.0,0.8,,not_reached_on_tested_grid
1cce3e5fe7c50070e58676c9,Cp2_vs_Cp3__strict_numeric_all,0262d70dda595cb6cda6,Cp2_vs_Cp3,strict_numeric_all,fl3_entitlement_capped,discovery,joint_wild_cluster_rademacher,0.75,1.0,0.9,,not_reached_on_tested_grid
1cce3e5fe7c50070e58676c9,Cp2_vs_Cp3__strict_numeric_all,0262d70dda595cb6cda6,Cp2_vs_Cp3,strict_numeric_all,fl3_entitlement_capped,discovery,joint_wild_cluster_rademacher,1.0,0.0,0.5,,not_reached_on_tested_grid
1cce3e5fe7c50070e58676c9,Cp2_vs_Cp3__strict_numeric_all,0262d70dda595cb6cda6,Cp2_vs_Cp3,strict_numeric_all,fl3_entitlement_capped,discovery,joint_wild_cluster_rademacher,1.0,0.0,0.8,,not_reached_on_tested_grid
1cce3e5fe7c50070e58676c9,Cp2_vs_Cp3__strict_numeric_all,0262d70dda595cb6cda6,Cp2_vs_Cp3,strict_numeric_all,fl3_entitlement_capped,discovery,joint_wild_cluster_rademacher,1.0,0.0,0.9,,not_reached_on_tested_grid
1cce3e5fe7c50070e58676c9,Cp2_vs_Cp3__strict_numeric_all,0262d70dda595cb6cda6,Cp2_vs_Cp3,strict_numeric_all,fl3_entitlement_capped,discovery,joint_wild_cluster_rademacher,1.0,0.25,0.5,,not_reached_on_tested_grid
1cce3e5fe7c50070e58676c9,Cp2_vs_Cp3__strict_numeric_all,0262d70dda595cb6cda6,Cp2_vs_Cp3,strict_numeric_all,fl3_entitlement_capped,discovery,joint_wild_cluster_rademacher,1.0,0.25,0.8,,not_reached_on_tested_grid
1cce3e5fe7c50070e58676c9,Cp2_vs_Cp3__strict_numeric_all,0262d70dda595cb6cda6,Cp2_vs_Cp3,strict_numeric_all,fl3_entitlement_capped,discovery,joint_wild_cluster_rademacher,1.0,0.25,0.9,,not_reached_on_tested_grid
1cce3e5fe7c50070e58676c9,Cp2_vs_Cp3__strict_numeric_all,0262d70dda595cb6cda6,Cp2_vs_Cp3,strict_numeric_all,fl3_entitlement_capped,discovery,joint_wild_cluster_rademacher,1.0,0.5,0.5,,not_reached_on_tested_grid
1cce3e5fe7c50070e58676c9,Cp2_vs_Cp3__strict_numeric_all,0262d70dda595cb6cda6,Cp2_vs_Cp3,strict_numeric_all,fl3_entitlement_capped,discovery,joint_wild_cluster_rademacher,1.0,0.5,0.8,,not_reached_on_tested_grid
1cce3e5fe7c50070e58676c9,Cp2_vs_Cp3__strict_numeric_all,0262d70dda595cb6cda6,Cp2_vs_Cp3,strict_numeric_all,fl3_entitlement_capped,discovery,joint_wild_cluster_rademacher,1.0,0.5,0.9,,not_reached_on_tested_grid
1cce3e5fe7c50070e58676c9,Cp2_vs_Cp3__strict_numeric_all,0262d70dda595cb6cda6,Cp2_vs_Cp3,strict_numeric_all,fl3_entitlement_capped,discovery,joint_wild_cluster_rademacher,1.0,1.0,0.5,,not_reached_on_tested_grid
1cce3e5fe7c50070e58676c9,Cp2_vs_Cp3__strict_numeric_all,0262d70dda595cb6cda6,Cp2_vs_Cp3,strict_numeric_all,fl3_entitlement_capped,discovery,joint_wild_cluster_rademacher,1.0,1.0,0.8,,not_reached_on_tested_grid
1cce3e5fe7c50070e58676c9,Cp2_vs_Cp3__strict_numeric_all,0262d70dda595cb6cda6,Cp2_vs_Cp3,strict_numeric_all,fl3_entitlement_capped,discovery,joint_wild_cluster_rademacher,1.0,1.0,0.9,,not_reached_on_tested_grid
1cce3e5fe7c50070e58676c9,Cp2_vs_Cp3__strict_numeric_all,0262d70dda595cb6cda6,Cp2_vs_Cp3,strict_numeric_all,fl3_entitlement_capped,discovery,joint_wild_cluster_rademacher,1.5,0.0,0.5,,not_reached_on_tested_grid
1cce3e5fe7c50070e58676c9,Cp2_vs_Cp3__strict_numeric_all,0262d70dda595cb6cda6,Cp2_vs_Cp3,strict_numeric_all,fl3_entitlement_capped,discovery,joint_wild_cluster_rademacher,1.5,0.0,0.8,,not_reached_on_tested_grid
1cce3e5fe7c50070e58676c9,Cp2_vs_Cp3__strict_numeric_all,0262d70dda595cb6cda6,Cp2_vs_Cp3,strict_numeric_all,fl3_entitlement_capped,discovery,joint_wild_cluster_rademacher,1.5,0.0,0.9,,not_reached_on_tested_grid
1cce3e5fe7c50070e58676c9,Cp2_vs_Cp3__strict_numeric_all,0262d70dda595cb6cda6,Cp2_vs_Cp3,strict_numeric_all,fl3_entitlement_capped,discovery,joint_wild_cluster_rademacher,1.5,0.25,0.5,,not_reached_on_tested_grid
1cce3e5fe7c50070e58676c9,Cp2_vs_Cp3__strict_numeric_all,0262d70dda595cb6cda6,Cp2_vs_Cp3,strict_numeric_all,fl3_entitlement_capped,discovery,joint_wild_cluster_rademacher,1.5,0.25,0.8,,not_reached_on_tested_grid
1cce3e5fe7c50070e58676c9,Cp2_vs_Cp3__strict_numeric_all,0262d70dda595cb6cda6,Cp2_vs_Cp3,strict_numeric_all,fl3_entitlement_capped,discovery,joint_wild_cluster_rademacher,1.5,0.25,0.9,,not_reached_on_tested_grid
1cce3e5fe7c50070e58676c9,Cp2_vs_Cp3__strict_numeric_all,0262d70dda595cb6cda6,Cp2_vs_Cp3,strict_numeric_all,fl3_entitlement_capped,discovery,joint_wild_cluster_rademacher,1.5,0.5,0.5,,not_reached_on_tested_grid
1cce3e5fe7c50070e58676c9,Cp2_vs_Cp3__strict_numeric_all,0262d70dda595cb6cda6,Cp2_vs_Cp3,strict_numeric_all,fl3_entitlement_capped,discovery,joint_wild_cluster_rademacher,1.5,0.5,0.8,,not_reached_on_tested_grid
1cce3e5fe7c50070e58676c9,Cp2_vs_Cp3__strict_numeric_all,0262d70dda595cb6cda6,Cp2_vs_Cp3,strict_numeric_all,fl3_entitlement_capped,discovery,joint_wild_cluster_rademacher,1.5,0.5,0.9,,not_reached_on_tested_grid
1cce3e5fe7c50070e58676c9,Cp2_vs_Cp3__strict_numeric_all,0262d70dda595cb6cda6,Cp2_vs_Cp3,strict_numeric_all,fl3_entitlement_capped,discovery,joint_wild_cluster_rademacher,1.5,1.0,0.5,,not_reached_on_tested_grid
1cce3e5fe7c50070e58676c9,Cp2_vs_Cp3__strict_numeric_all,0262d70dda595cb6cda6,Cp2_vs_Cp3,strict_numeric_all,fl3_entitlement_capped,discovery,joint_wild_cluster_rademacher,1.5,1.0,0.8,,not_reached_on_tested_grid
1cce3e5fe7c50070e58676c9,Cp2_vs_Cp3__strict_numeric_all,0262d70dda595cb6cda6,Cp2_vs_Cp3,strict_numeric_all,fl3_entitlement_capped,discovery,joint_wild_cluster_rademacher,1.5,1.0,0.9,,not_reached_on_tested_grid
1cce3e5fe7c50070e58676c9,Cp2_vs_Cp3__strict_numeric_all,0262d70dda595cb6cda6,Cp2_vs_Cp3,strict_numeric_all,fl3_entitlement_capped,discovery,joint_wild_cluster_rademacher,2.0,0.0,0.5,,not_reached_on_tested_grid
1cce3e5fe7c50070e58676c9,Cp2_vs_Cp3__strict_numeric_all,0262d70dda595cb6cda6,Cp2_vs_Cp3,strict_numeric_all,fl3_entitlement_capped,discovery,joint_wild_cluster_rademacher,2.0,0.0,0.8,,not_reached_on_tested_grid
1cce3e5fe7c50070e58676c9,Cp2_vs_Cp3__strict_numeric_all,0262d70dda595cb6cda6,Cp2_vs_Cp3,strict_numeric_all,fl3_entitlement_capped,discovery,joint_wild_cluster_rademacher,2.0,0.0,0.9,,not_reached_on_tested_grid
1cce3e5fe7c50070e58676c9,Cp2_vs_Cp3__strict_numeric_all,0262d70dda595cb6cda6,Cp2_vs_Cp3,strict_numeric_all,fl3_entitlement_capped,discovery,joint_wild_cluster_rademacher,2.0,0.25,0.5,,not_reached_on_tested_grid
1cce3e5fe7c50070e58676c9,Cp2_vs_Cp3__strict_numeric_all,0262d70dda595cb6cda6,Cp2_vs_Cp3,strict_numeric_all,fl3_entitlement_capped,discovery,joint_wild_cluster_rademacher,2.0,0.25,0.8,,not_reached_on_tested_grid
1cce3e5fe7c50070e58676c9,Cp2_vs_Cp3__strict_numeric_all,0262d70dda595cb6cda6,Cp2_vs_Cp3,strict_numeric_all,fl3_entitlement_capped,discovery,joint_wild_cluster_rademacher,2.0,0.25,0.9,,not_reached_on_tested_grid
1cce3e5fe7c50070e58676c9,Cp2_vs_Cp3__strict_numeric_all,0262d70dda595cb6cda6,Cp2_vs_Cp3,strict_numeric_all,fl3_entitlement_capped,discovery,joint_wild_cluster_rademacher,2.0,0.5,0.5,,not_reached_on_tested_grid
1cce3e5fe7c50070e58676c9,Cp2_vs_Cp3__strict_numeric_all,0262d70dda595cb6cda6,Cp2_vs_Cp3,strict_numeric_all,fl3_entitlement_capped,discovery,joint_wild_cluster_rademacher,2.0,0.5,0.8,,not_reached_on_tested_grid
1cce3e5fe7c50070e58676c9,Cp2_vs_Cp3__strict_numeric_all,0262d70dda595cb6cda6,Cp2_vs_Cp3,strict_numeric_all,fl3_entitlement_capped,discovery,joint_wild_cluster_rademacher,2.0,0.5,0.9,,not_reached_on_tested_grid
1cce3e5fe7c50070e58676c9,Cp2_vs_Cp3__strict_numeric_all,0262d70dda595cb6cda6,Cp2_vs_Cp3,strict_numeric_all,fl3_entitlement_capped,discovery,joint_wild_cluster_rademacher,2.0,1.0,0.5,,not_reached_on_tested_grid
1cce3e5fe7c50070e58676c9,Cp2_vs_Cp3__strict_numeric_all,0262d70dda595cb6cda6,Cp2_vs_Cp3,strict_numeric_all,fl3_entitlement_capped,discovery,joint_wild_cluster_rademacher,2.0,1.0,0.8,,not_reached_on_tested_grid
1cce3e5fe7c50070e58676c9,Cp2_vs_Cp3__strict_numeric_all,0262d70dda595cb6cda6,Cp2_vs_Cp3,strict_numeric_all,fl3_entitlement_capped,discovery,joint_wild_cluster_rademacher,2.0,1.0,0.9,,not_reached_on_tested_grid
1dbc920edffba9363b404b4e,Cp2_vs_Cp3__stability_plus_geometry,3e971f0bc08c8189f389,Cp2_vs_Cp3,stability_plus_geometry,fl3_entitled,confirmation,joint_gaussian_regularized_cluster,0.0,0.0,0.5,,not_reached_on_tested_grid
1dbc920edffba9363b404b4e,Cp2_vs_Cp3__stability_plus_geometry,3e971f0bc08c8189f389,Cp2_vs_Cp3,stability_plus_geometry,fl3_entitled,confirmation,joint_gaussian_regularized_cluster,0.0,0.0,0.8,,not_reached_on_tested_grid
1dbc920edffba9363b404b4e,Cp2_vs_Cp3__stability_plus_geometry,3e971f0bc08c8189f389,Cp2_vs_Cp3,stability_plus_geometry,fl3_entitled,confirmation,joint_gaussian_regularized_cluster,0.0,0.0,0.9,,not_reached_on_tested_grid
1dbc920edffba9363b404b4e,Cp2_vs_Cp3__stability_plus_geometry,3e971f0bc08c8189f389,Cp2_vs_Cp3,stability_plus_geometry,fl3_entitled,confirmation,joint_gaussian_regularized_cluster,0.25,0.0,0.5,,not_reached_on_tested_grid
1dbc920edffba9363b404b4e,Cp2_vs_Cp3__stability_plus_geometry,3e971f0bc08c8189f389,Cp2_vs_Cp3,stability_plus_geometry,fl3_entitled,confirmation,joint_gaussian_regularized_cluster,0.25,0.0,0.8,,not_reached_on_tested_grid
1dbc920edffba9363b404b4e,Cp2_vs_Cp3__stability_plus_geometry,3e971f0bc08c8189f389,Cp2_vs_Cp3,stability_plus_geometry,fl3_entitled,confirmation,joint_gaussian_regularized_cluster,0.25,0.0,0.9,,not_reached_on_tested_grid
1dbc920edffba9363b404b4e,Cp2_vs_Cp3__stability_plus_geometry,3e971f0bc08c8189f389,Cp2_vs_Cp3,stability_plus_geometry,fl3_entitled,confirmation,joint_gaussian_regularized_cluster,0.25,0.25,0.5,,not_reached_on_tested_grid
1dbc920edffba9363b404b4e,Cp2_vs_Cp3__stability_plus_geometry,3e971f0bc08c8189f389,Cp2_vs_Cp3,stability_plus_geometry,fl3_entitled,confirmation,joint_gaussian_regularized_cluster,0.25,0.25,0.8,,not_reached_on_tested_grid
1dbc920edffba9363b404b4e,Cp2_vs_Cp3__stability_plus_geometry,3e971f0bc08c8189f389,Cp2_vs_Cp3,stability_plus_geometry,fl3_entitled,confirmation,joint_gaussian_regularized_cluster,0.25,0.25,0.9,,not_reached_on_tested_grid
1dbc920edffba9363b404b4e,Cp2_vs_Cp3__stability_plus_geometry,3e971f0bc08c8189f389,Cp2_vs_Cp3,stability_plus_geometry,fl3_entitled,confirmation,joint_gaussian_regularized_cluster,0.25,0.5,0.5,,not_reached_on_tested_grid
1dbc920edffba9363b404b4e,Cp2_vs_Cp3__stability_plus_geometry,3e971f0bc08c8189f389,Cp2_vs_Cp3,stability_plus_geometry,fl3_entitled,confirmation,joint_gaussian_regularized_cluster,0.25,0.5,0.8,,not_reached_on_tested_grid
1dbc920edffba9363b404b4e,Cp2_vs_Cp3__stability_plus_geometry,3e971f0bc08c8189f389,Cp2_vs_Cp3,stability_plus_geometry,fl3_entitled,confirmation,joint_gaussian_regularized_cluster,0.25,0.5,0.9,,not_reached_on_tested_grid
1dbc920edffba9363b404b4e,Cp2_vs_Cp3__stability_plus_geometry,3e971f0bc08c8189f389,Cp2_vs_Cp3,stability_plus_geometry,fl3_entitled,confirmation,joint_gaussian_regularized_cluster,0.25,1.0,0.5,,not_reached_on_tested_grid
1dbc920edffba9363b404b4e,Cp2_vs_Cp3__stability_plus_geometry,3e971f0bc08c8189f389,Cp2_vs_Cp3,stability_plus_geometry,fl3_entitled,confirmation,joint_gaussian_regularized_cluster,0.25,1.0,0.8,,not_reached_on_tested_grid
1dbc920edffba9363b404b4e,Cp2_vs_Cp3__stability_plus_geometry,3e971f0bc08c8189f389,Cp2_vs_Cp3,stability_plus_geometry,fl3_entitled,confirmation,joint_gaussian_regularized_cluster,0.25,1.0,0.9,,not_reached_on_tested_grid
1dbc920edffba9363b404b4e,Cp2_vs_Cp3__stability_plus_geometry,3e971f0bc08c8189f389,Cp2_vs_Cp3,stability_plus_geometry,fl3_entitled,confirmation,joint_gaussian_regularized_cluster,0.5,0.0,0.5,,not_reached_on_tested_grid
1dbc920edffba9363b404b4e,Cp2_vs_Cp3__stability_plus_geometry,3e971f0bc08c8189f389,Cp2_vs_Cp3,stability_plus_geometry,fl3_entitled,confirmation,joint_gaussian_regularized_cluster,0.5,0.0,0.8,,not_reached_on_tested_grid
1dbc920edffba9363b404b4e,Cp2_vs_Cp3__stability_plus_geometry,3e971f0bc08c8189f389,Cp2_vs_Cp3,stability_plus_geometry,fl3_entitled,confirmation,joint_gaussian_regularized_cluster,0.5,0.0,0.9,,not_reached_on_tested_grid
1dbc920edffba9363b404b4e,Cp2_vs_Cp3__stability_plus_geometry,3e971f0bc08c8189f389,Cp2_vs_Cp3,stability_plus_geometry,fl3_entitled,confirmation,joint_gaussian_regularized_cluster,0.5,0.25,0.5,,not_reached_on_tested_grid
1dbc920edffba9363b404b4e,Cp2_vs_Cp3__stability_plus_geometry,3e971f0bc08c8189f389,Cp2_vs_Cp3,stability_plus_geometry,fl3_entitled,confirmation,joint_gaussian_regularized_cluster,0.5,0.25,0.8,,not_reached_on_tested_grid
1dbc920edffba9363b404b4e,Cp2_vs_Cp3__stability_plus_geometry,3e971f0bc08c8189f389,Cp2_vs_Cp3,stability_plus_geometry,fl3_entitled,confirmation,joint_gaussian_regularized_cluster,0.5,0.25,0.9,,not_reached_on_tested_grid
1dbc920edffba9363b404b4e,Cp2_vs_Cp3__stability_plus_geometry,3e971f0bc08c8189f389,Cp2_vs_Cp3,stability_plus_geometry,fl3_entitled,confirmation,joint_gaussian_regularized_cluster,0.5,0.5,0.5,,not_reached_on_tested_grid
1dbc920edffba9363b404b4e,Cp2_vs_Cp3__stability_plus_geometry,3e971f0bc08c8189f389,Cp2_vs_Cp3,stability_plus_geometry,fl3_entitled,confirmation,joint_gaussian_regularized_cluster,0.5,0.5,0.8,,not_reached_on_tested_grid
1dbc920edffba9363b404b4e,Cp2_vs_Cp3__stability_plus_geometry,3e971f0bc08c8189f389,Cp2_vs_Cp3,stability_plus_geometry,fl3_entitled,confirmation,joint_gaussian_regularized_cluster,0.5,0.5,0.9,,not_reached_on_tested_grid
1dbc920edffba9363b404b4e,Cp2_vs_Cp3__stability_plus_geometry,3e971f0bc08c8189f389,Cp2_vs_Cp3,stability_plus_geometry,fl3_entitled,confirmation,joint_gaussian_regularized_cluster,0.5,1.0,0.5,,not_reached_on_tested_grid
1dbc920edffba9363b404b4e,Cp2_vs_Cp3__stability_plus_geometry,3e971f0bc08c8189f389,Cp2_vs_Cp3,stability_plus_geometry,fl3_entitled,confirmation,joint_gaussian_regularized_cluster,0.5,1.0,0.8,,not_reached_on_tested_grid
1dbc920edffba9363b404b4e,Cp2_vs_Cp3__stability_plus_geometry,3e971f0bc08c8189f389,Cp2_vs_Cp3,stability_plus_geometry,fl3_entitled,confirmation,joint_gaussian_regularized_cluster,0.5,1.0,0.9,,not_reached_on_tested_grid
1dbc920edffba9363b404b4e,Cp2_vs_Cp3__stability_plus_geometry,3e971f0bc08c8189f389,Cp2_vs_Cp3,stability_plus_geometry,fl3_entitled,confirmation,joint_gaussian_regularized_cluster,0.75,0.0,0.5,,not_reached_on_tested_grid
1dbc920edffba9363b404b4e,Cp2_vs_Cp3__stability_plus_geometry,3e971f0bc08c8189f389,Cp2_vs_Cp3,stability_plus_geometry,fl3_entitled,confirmation,joint_gaussian_regularized_cluster,0.75,0.0,0.8,,not_reached_on_tested_grid
1dbc920edffba9363b404b4e,Cp2_vs_Cp3__stability_plus_geometry,3e971f0bc08c8189f389,Cp2_vs_Cp3,stability_plus_geometry,fl3_entitled,confirmation,joint_gaussian_regularized_cluster,0.75,0.0,0.9,,not_reached_on_tested_grid
1dbc920edffba9363b404b4e,Cp2_vs_Cp3__stability_plus_geometry,3e971f0bc08c8189f389,Cp2_vs_Cp3,stability_plus_geometry,fl3_entitled,confirmation,joint_gaussian_regularized_cluster,0.75,0.25,0.5,,not_reached_on_tested_grid
1dbc920edffba9363b404b4e,Cp2_vs_Cp3__stability_plus_geometry,3e971f0bc08c8189f389,Cp2_vs_Cp3,stability_plus_geometry,fl3_entitled,confirmation,joint_gaussian_regularized_cluster,0.75,0.25,0.8,,not_reached_on_tested_grid
1dbc920edffba9363b404b4e,Cp2_vs_Cp3__stability_plus_geometry,3e971f0bc08c8189f389,Cp2_vs_Cp3,stability_plus_geometry,fl3_entitled,confirmation,joint_gaussian_regularized_cluster,0.75,0.25,0.9,,not_reached_on_tested_grid
1dbc920edffba9363b404b4e,Cp2_vs_Cp3__stability_plus_geometry,3e971f0bc08c8189f389,Cp2_vs_Cp3,stability_plus_geometry,fl3_entitled,confirmation,joint_gaussian_regularized_cluster,0.75,0.5,0.5,,not_reached_on_tested_grid
1dbc920edffba9363b404b4e,Cp2_vs_Cp3__stability_plus_geometry,3e971f0bc08c8189f389,Cp2_vs_Cp3,stability_plus_geometry,fl3_entitled,confirmation,joint_gaussian_regularized_cluster,0.75,0.5,0.8,,not_reached_on_tested_grid
1dbc920edffba9363b404b4e,Cp2_vs_Cp3__stability_plus_geometry,3e971f0bc08c8189f389,Cp2_vs_Cp3,stability_plus_geometry,fl3_entitled,confirmation,joint_gaussian_regularized_cluster,0.75,0.5,0.9,,not_reached_on_tested_grid
1dbc920edffba9363b404b4e,Cp2_vs_Cp3__stability_plus_geometry,3e971f0bc08c8189f389,Cp2_vs_Cp3,stability_plus_geometry,fl3_entitled,confirmation,joint_gaussian_regularized_cluster,0.75,1.0,0.5,,not_reached_on_tested_grid
1dbc920edffba9363b404b4e,Cp2_vs_Cp3__stability_plus_geometry,3e971f0bc08c8189f389,Cp2_vs_Cp3,stability_plus_geometry,fl3_entitled,confirmation,joint_gaussian_regularized_cluster,0.75,1.0,0.8,,not_reached_on_tested_grid
1dbc920edffba9363b404b4e,Cp2_vs_Cp3__stability_plus_geometry,3e971f0bc08c8189f389,Cp2_vs_Cp3,stability_plus_geometry,fl3_entitled,confirmation,joint_gaussian_regularized_cluster,0.75,1.0,0.9,,not_reached_on_tested_grid
1dbc920edffba9363b404b4e,Cp2_vs_Cp3__stability_plus_geometry,3e971f0bc08c8189f389,Cp2_vs_Cp3,stability_plus_geometry,fl3_entitled,confirmation,joint_gaussian_regularized_cluster,1.0,0.0,0.5,,not_reached_on_tested_grid
1dbc920edffba9363b404b4e,Cp2_vs_Cp3__stability_plus_geometry,3e971f0bc08c8189f389,Cp2_vs_Cp3,stability_plus_geometry,fl3_entitled,confirmation,joint_gaussian_regularized_cluster,1.0,0.0,0.8,,not_reached_on_tested_grid
1dbc920edffba9363b404b4e,Cp2_vs_Cp3__stability_plus_geometry,3e971f0bc08c8189f389,Cp2_vs_Cp3,stability_plus_geometry,fl3_entitled,confirmation,joint_gaussian_regularized_cluster,1.0,0.0,0.9,,not_reached_on_tested_grid
1dbc920edffba9363b404b4e,Cp2_vs_Cp3__stability_plus_geometry,3e971f0bc08c8189f389,Cp2_vs_Cp3,stability_plus_geometry,fl3_entitled,confirmation,joint_gaussian_regularized_cluster,1.0,0.25,0.5,,not_reached_on_tested_grid
1dbc920edffba9363b404b4e,Cp2_vs_Cp3__stability_plus_geometry,3e971f0bc08c8189f389,Cp2_vs_Cp3,stability_plus_geometry,fl3_entitled,confirmation,joint_gaussian_regularized_cluster,1.0,0.25,0.8,,not_reached_on_tested_grid
1dbc920edffba9363b404b4e,Cp2_vs_Cp3__stability_plus_geometry,3e971f0bc08c8189f389,Cp2_vs_Cp3,stability_plus_geometry,fl3_entitled,confirmation,joint_gaussian_regularized_cluster,1.0,0.25,0.9,,not_reached_on_tested_grid
1dbc920edffba9363b404b4e,Cp2_vs_Cp3__stability_plus_geometry,3e971f0bc08c8189f389,Cp2_vs_Cp3,stability_plus_geometry,fl3_entitled,confirmation,joint_gaussian_regularized_cluster,1.0,0.5,0.5,,not_reached_on_tested_grid
1dbc920edffba9363b404b4e,Cp2_vs_Cp3__stability_plus_geometry,3e971f0bc08c8189f389,Cp2_vs_Cp3,stability_plus_geometry,fl3_entitled,confirmation,joint_gaussian_regularized_cluster,1.0,0.5,0.8,,not_reached_on_tested_grid
1dbc920edffba9363b404b4e,Cp2_vs_Cp3__stability_plus_geometry,3e971f0bc08c8189f389,Cp2_vs_Cp3,stability_plus_geometry,fl3_entitled,confirmation,joint_gaussian_regularized_cluster,1.0,0.5,0.9,,not_reached_on_tested_grid
1dbc920edffba9363b404b4e,Cp2_vs_Cp3__stability_plus_geometry,3e971f0bc08c8189f389,Cp2_vs_Cp3,stability_plus_geometry,fl3_entitled,confirmation,joint_gaussian_regularized_cluster,1.0,1.0,0.5,,not_reached_on_tested_grid
1dbc920edffba9363b404b4e,Cp2_vs_Cp3__stability_plus_geometry,3e971f0bc08c8189f389,Cp2_vs_Cp3,stability_plus_geometry,fl3_entitled,confirmation,joint_gaussian_regularized_cluster,1.0,1.0,0.8,,not_reached_on_tested_grid
1dbc920edffba9363b404b4e,Cp2_vs_Cp3__stability_plus_geometry,3e971f0bc08c8189f389,Cp2_vs_Cp3,stability_plus_geometry,fl3_entitled,confirmation,joint_gaussian_regularized_cluster,1.0,1.0,0.9,,not_reached_on_tested_grid
1dbc920edffba9363b404b4e,Cp2_vs_Cp3__stability_plus_geometry,3e971f0bc08c8189f389,Cp2_vs_Cp3,stability_plus_geometry,fl3_entitled,confirmation,joint_gaussian_regularized_cluster,1.5,0.0,0.5,,not_reached_on_tested_grid
1dbc920edffba9363b404b4e,Cp2_vs_Cp3__stability_plus_geometry,3e971f0bc08c8189f389,Cp2_vs_Cp3,stability_plus_geometry,fl3_entitled,confirmation,joint_gaussian_regularized_cluster,1.5,0.0,0.8,,not_reached_on_tested_grid
1dbc920edffba9363b404b4e,Cp2_vs_Cp3__stability_plus_geometry,3e971f0bc08c8189f389,Cp2_vs_Cp3,stability_plus_geometry,fl3_entitled,confirmation,joint_gaussian_regularized_cluster,1.5,0.0,0.9,,not_reached_on_tested_grid
1dbc920edffba9363b404b4e,Cp2_vs_Cp3__stability_plus_geometry,3e971f0bc08c8189f389,Cp2_vs_Cp3,stability_plus_geometry,fl3_entitled,confirmation,joint_gaussian_regularized_cluster,1.5,0.25,0.5,,not_reached_on_tested_grid
1dbc920edffba9363b404b4e,Cp2_vs_Cp3__stability_plus_geometry,3e971f0bc08c8189f389,Cp2_vs_Cp3,stability_plus_geometry,fl3_entitled,confirmation,joint_gaussian_regularized_cluster,1.5,0.25,0.8,,not_reached_on_tested_grid
1dbc920edffba9363b404b4e,Cp2_vs_Cp3__stability_plus_geometry,3e971f0bc08c8189f389,Cp2_vs_Cp3,stability_plus_geometry,fl3_entitled,confirmation,joint_gaussian_regularized_cluster,1.5,0.25,0.9,,not_reached_on_tested_grid
1dbc920edffba9363b404b4e,Cp2_vs_Cp3__stability_plus_geometry,3e971f0bc08c8189f389,Cp2_vs_Cp3,stability_plus_geometry,fl3_entitled,confirmation,joint_gaussian_regularized_cluster,1.5,0.5,0.5,,not_reached_on_tested_grid
1dbc920edffba9363b404b4e,Cp2_vs_Cp3__stability_plus_geometry,3e971f0bc08c8189f389,Cp2_vs_Cp3,stability_plus_geometry,fl3_entitled,confirmation,joint_gaussian_regularized_cluster,1.5,0.5,0.8,,not_reached_on_tested_grid
1dbc920edffba9363b404b4e,Cp2_vs_Cp3__stability_plus_geometry,3e971f0bc08c8189f389,Cp2_vs_Cp3,stability_plus_geometry,fl3_entitled,confirmation,joint_gaussian_regularized_cluster,1.5,0.5,0.9,,not_reached_on_tested_grid
1dbc920edffba9363b404b4e,Cp2_vs_Cp3__stability_plus_geometry,3e971f0bc08c8189f389,Cp2_vs_Cp3,stability_plus_geometry,fl3_entitled,confirmation,joint_gaussian_regularized_cluster,1.5,1.0,0.5,,not_reached_on_tested_grid
1dbc920edffba9363b404b4e,Cp2_vs_Cp3__stability_plus_geometry,3e971f0bc08c8189f389,Cp2_vs_Cp3,stability_plus_geometry,fl3_entitled,confirmation,joint_gaussian_regularized_cluster,1.5,1.0,0.8,,not_reached_on_tested_grid
1dbc920edffba9363b404b4e,Cp2_vs_Cp3__stability_plus_geometry,3e971f0bc08c8189f389,Cp2_vs_Cp3,stability_plus_geometry,fl3_entitled,confirmation,joint_gaussian_regularized_cluster,1.5,1.0,0.9,,not_reached_on_tested_grid
1dbc920edffba9363b404b4e,Cp2_vs_Cp3__stability_plus_geometry,3e971f0bc08c8189f389,Cp2_vs_Cp3,stability_plus_geometry,fl3_entitled,confirmation,joint_gaussian_regularized_cluster,2.0,0.0,0.5,,not_reached_on_tested_grid
1dbc920edffba9363b404b4e,Cp2_vs_Cp3__stability_plus_geometry,3e971f0bc08c8189f389,Cp2_vs_Cp3,stability_plus_geometry,fl3_entitled,confirmation,joint_gaussian_regularized_cluster,2.0,0.0,0.8,,not_reached_on_tested_grid
1dbc920edffba9363b404b4e,Cp2_vs_Cp3__stability_plus_geometry,3e971f0bc08c8189f389,Cp2_vs_Cp3,stability_plus_geometry,fl3_entitled,confirmation,joint_gaussian_regularized_cluster,2.0,0.0,0.9,,not_reached_on_tested_grid
1dbc920edffba9363b404b4e,Cp2_vs_Cp3__stability_plus_geometry,3e971f0bc08c8189f389,Cp2_vs_Cp3,stability_plus_geometry,fl3_entitled,confirmation,joint_gaussian_regularized_cluster,2.0,0.25,0.5,,not_reached_on_tested_grid
1dbc920edffba9363b404b4e,Cp2_vs_Cp3__stability_plus_geometry,3e971f0bc08c8189f389,Cp2_vs_Cp3,stability_plus_geometry,fl3_entitled,confirmation,joint_gaussian_regularized_cluster,2.0,0.25,0.8,,not_reached_on_tested_grid
1dbc920edffba9363b404b4e,Cp2_vs_Cp3__stability_plus_geometry,3e971f0bc08c8189f389,Cp2_vs_Cp3,stability_plus_geometry,fl3_entitled,confirmation,joint_gaussian_regularized_cluster,2.0,0.25,0.9,,not_reached_on_tested_grid
1dbc920edffba9363b404b4e,Cp2_vs_Cp3__stability_plus_geometry,3e971f0bc08c8189f389,Cp2_vs_Cp3,stability_plus_geometry,fl3_entitled,confirmation,joint_gaussian_regularized_cluster,2.0,0.5,0.5,,not_reached_on_tested_grid
1dbc920edffba9363b404b4e,Cp2_vs_Cp3__stability_plus_geometry,3e971f0bc08c8189f389,Cp2_vs_Cp3,stability_plus_geometry,fl3_entitled,confirmation,joint_gaussian_regularized_cluster,2.0,0.5,0.8,,not_reached_on_tested_grid
1dbc920edffba9363b404b4e,Cp2_vs_Cp3__stability_plus_geometry,3e971f0bc08c8189f389,Cp2_vs_Cp3,stability_plus_geometry,fl3_entitled,confirmation,joint_gaussian_regularized_cluster,2.0,0.5,0.9,,not_reached_on_tested_grid
1dbc920edffba9363b404b4e,Cp2_vs_Cp3__stability_plus_geometry,3e971f0bc08c8189f389,Cp2_vs_Cp3,stability_plus_geometry,fl3_entitled,confirmation,joint_gaussian_regularized_cluster,2.0,1.0,0.5,,not_reached_on_tested_grid
1dbc920edffba9363b404b4e,Cp2_vs_Cp3__stability_plus_geometry,3e971f0bc08c8189f389,Cp2_vs_Cp3,stability_plus_geometry,fl3_entitled,confirmation,joint_gaussian_regularized_cluster,2.0,1.0,0.8,,not_reached_on_tested_grid
1dbc920edffba9363b404b4e,Cp2_vs_Cp3__stability_plus_geometry,3e971f0bc08c8189f389,Cp2_vs_Cp3,stability_plus_geometry,fl3_entitled,confirmation,joint_gaussian_regularized_cluster,2.0,1.0,0.9,,not_reached_on_tested_grid
1dbc920edffba9363b404b4e,Cp2_vs_Cp3__stability_plus_geometry,3e971f0bc08c8189f389,Cp2_vs_Cp3,stability_plus_geometry,fl3_entitled,confirmation,joint_wild_cluster_rademacher,0.0,0.0,0.5,,not_reached_on_tested_grid
1dbc920edffba9363b404b4e,Cp2_vs_Cp3__stability_plus_geometry,3e971f0bc08c8189f389,Cp2_vs_Cp3,stability_plus_geometry,fl3_entitled,confirmation,joint_wild_cluster_rademacher,0.0,0.0,0.8,,not_reached_on_tested_grid
1dbc920edffba9363b404b4e,Cp2_vs_Cp3__stability_plus_geometry,3e971f0bc08c8189f389,Cp2_vs_Cp3,stability_plus_geometry,fl3_entitled,confirmation,joint_wild_cluster_rademacher,0.0,0.0,0.9,,not_reached_on_tested_grid
1dbc920edffba9363b404b4e,Cp2_vs_Cp3__stability_plus_geometry,3e971f0bc08c8189f389,Cp2_vs_Cp3,stability_plus_geometry,fl3_entitled,confirmation,joint_wild_cluster_rademacher,0.25,0.0,0.5,,not_reached_on_tested_grid
1dbc920edffba9363b404b4e,Cp2_vs_Cp3__stability_plus_geometry,3e971f0bc08c8189f389,Cp2_vs_Cp3,stability_plus_geometry,fl3_entitled,confirmation,joint_wild_cluster_rademacher,0.25,0.0,0.8,,not_reached_on_tested_grid
1dbc920edffba9363b404b4e,Cp2_vs_Cp3__stability_plus_geometry,3e971f0bc08c8189f389,Cp2_vs_Cp3,stability_plus_geometry,fl3_entitled,confirmation,joint_wild_cluster_rademacher,0.25,0.0,0.9,,not_reached_on_tested_grid
1dbc920edffba9363b404b4e,Cp2_vs_Cp3__stability_plus_geometry,3e971f0bc08c8189f389,Cp2_vs_Cp3,stability_plus_geometry,fl3_entitled,confirmation,joint_wild_cluster_rademacher,0.25,0.25,0.5,,not_reached_on_tested_grid
1dbc920edffba9363b404b4e,Cp2_vs_Cp3__stability_plus_geometry,3e971f0bc08c8189f389,Cp2_vs_Cp3,stability_plus_geometry,fl3_entitled,confirmation,joint_wild_cluster_rademacher,0.25,0.25,0.8,,not_reached_on_tested_grid
1dbc920edffba9363b404b4e,Cp2_vs_Cp3__stability_plus_geometry,3e971f0bc08c8189f389,Cp2_vs_Cp3,stability_plus_geometry,fl3_entitled,confirmation,joint_wild_cluster_rademacher,0.25,0.25,0.9,,not_reached_on_tested_grid
1dbc920edffba9363b404b4e,Cp2_vs_Cp3__stability_plus_geometry,3e971f0bc08c8189f389,Cp2_vs_Cp3,stability_plus_geometry,fl3_entitled,confirmation,joint_wild_cluster_rademacher,0.25,0.5,0.5,,not_reached_on_tested_grid
1dbc920edffba9363b404b4e,Cp2_vs_Cp3__stability_plus_geometry,3e971f0bc08c8189f389,Cp2_vs_Cp3,stability_plus_geometry,fl3_entitled,confirmation,joint_wild_cluster_rademacher,0.25,0.5,0.8,,not_reached_on_tested_grid
1dbc920edffba9363b404b4e,Cp2_vs_Cp3__stability_plus_geometry,3e971f0bc08c8189f389,Cp2_vs_Cp3,stability_plus_geometry,fl3_entitled,confirmation,joint_wild_cluster_rademacher,0.25,0.5,0.9,,not_reached_on_tested_grid
1dbc920edffba9363b404b4e,Cp2_vs_Cp3__stability_plus_geometry,3e971f0bc08c8189f389,Cp2_vs_Cp3,stability_plus_geometry,fl3_entitled,confirmation,joint_wild_cluster_rademacher,0.25,1.0,0.5,,not_reached_on_tested_grid
1dbc920edffba9363b404b4e,Cp2_vs_Cp3__stability_plus_geometry,3e971f0bc08c8189f389,Cp2_vs_Cp3,stability_plus_geometry,fl3_entitled,confirmation,joint_wild_cluster_rademacher,0.25,1.0,0.8,,not_reached_on_tested_grid
1dbc920edffba9363b404b4e,Cp2_vs_Cp3__stability_plus_geometry,3e971f0bc08c8189f389,Cp2_vs_Cp3,stability_plus_geometry,fl3_entitled,confirmation,joint_wild_cluster_rademacher,0.25,1.0,0.9,,not_reached_on_tested_grid
1dbc920edffba9363b404b4e,Cp2_vs_Cp3__stability_plus_geometry,3e971f0bc08c8189f389,Cp2_vs_Cp3,stability_plus_geometry,fl3_entitled,confirmation,joint_wild_cluster_rademacher,0.5,0.0,0.5,,not_reached_on_tested_grid
1dbc920edffba9363b404b4e,Cp2_vs_Cp3__stability_plus_geometry,3e971f0bc08c8189f389,Cp2_vs_Cp3,stability_plus_geometry,fl3_entitled,confirmation,joint_wild_cluster_rademacher,0.5,0.0,0.8,,not_reached_on_tested_grid
1dbc920edffba9363b404b4e,Cp2_vs_Cp3__stability_plus_geometry,3e971f0bc08c8189f389,Cp2_vs_Cp3,stability_plus_geometry,fl3_entitled,confirmation,joint_wild_cluster_rademacher,0.5,0.0,0.9,,not_reached_on_tested_grid
1dbc920edffba9363b404b4e,Cp2_vs_Cp3__stability_plus_geometry,3e971f0bc08c8189f389,Cp2_vs_Cp3,stability_plus_geometry,fl3_entitled,confirmation,joint_wild_cluster_rademacher,0.5,0.25,0.5,,not_reached_on_tested_grid
1dbc920edffba9363b404b4e,Cp2_vs_Cp3__stability_plus_geometry,3e971f0bc08c8189f389,Cp2_vs_Cp3,stability_plus_geometry,fl3_entitled,confirmation,joint_wild_cluster_rademacher,0.5,0.25,0.8,,not_reached_on_tested_grid
1dbc920edffba9363b404b4e,Cp2_vs_Cp3__stability_plus_geometry,3e971f0bc08c8189f389,Cp2_vs_Cp3,stability_plus_geometry,fl3_entitled,confirmation,joint_wild_cluster_rademacher,0.5,0.25,0.9,,not_reached_on_tested_grid
1dbc920edffba9363b404b4e,Cp2_vs_Cp3__stability_plus_geometry,3e971f0bc08c8189f389,Cp2_vs_Cp3,stability_plus_geometry,fl3_entitled,confirmation,joint_wild_cluster_rademacher,0.5,0.5,0.5,,not_reached_on_tested_grid
1dbc920edffba9363b404b4e,Cp2_vs_Cp3__stability_plus_geometry,3e971f0bc08c8189f389,Cp2_vs_Cp3,stability_plus_geometry,fl3_entitled,confirmation,joint_wild_cluster_rademacher,0.5,0.5,0.8,,not_reached_on_tested_grid
1dbc920edffba9363b404b4e,Cp2_vs_Cp3__stability_plus_geometry,3e971f0bc08c8189f389,Cp2_vs_Cp3,stability_plus_geometry,fl3_entitled,confirmation,joint_wild_cluster_rademacher,0.5,0.5,0.9,,not_reached_on_tested_grid
1dbc920edffba9363b404b4e,Cp2_vs_Cp3__stability_plus_geometry,3e971f0bc08c8189f389,Cp2_vs_Cp3,stability_plus_geometry,fl3_entitled,confirmation,joint_wild_cluster_rademacher,0.5,1.0,0.5,,not_reached_on_tested_grid
1dbc920edffba9363b404b4e,Cp2_vs_Cp3__stability_plus_geometry,3e971f0bc08c8189f389,Cp2_vs_Cp3,stability_plus_geometry,fl3_entitled,confirmation,joint_wild_cluster_rademacher,0.5,1.0,0.8,,not_reached_on_tested_grid
1dbc920edffba9363b404b4e,Cp2_vs_Cp3__stability_plus_geometry,3e971f0bc08c8189f389,Cp2_vs_Cp3,stability_plus_geometry,fl3_entitled,confirmation,joint_wild_cluster_rademacher,0.5,1.0,0.9,,not_reached_on_tested_grid
1dbc920edffba9363b404b4e,Cp2_vs_Cp3__stability_plus_geometry,3e971f0bc08c8189f389,Cp2_vs_Cp3,stability_plus_geometry,fl3_entitled,confirmation,joint_wild_cluster_rademacher,0.75,0.0,0.5,,not_reached_on_tested_grid
1dbc920edffba9363b404b4e,Cp2_vs_Cp3__stability_plus_geometry,3e971f0bc08c8189f389,Cp2_vs_Cp3,stability_plus_geometry,fl3_entitled,confirmation,joint_wild_cluster_rademacher,0.75,0.0,0.8,,not_reached_on_tested_grid
1dbc920edffba9363b404b4e,Cp2_vs_Cp3__stability_plus_geometry,3e971f0bc08c8189f389,Cp2_vs_Cp3,stability_plus_geometry,fl3_entitled,confirmation,joint_wild_cluster_rademacher,0.75,0.0,0.9,,not_reached_on_tested_grid
1dbc920edffba9363b404b4e,Cp2_vs_Cp3__stability_plus_geometry,3e971f0bc08c8189f389,Cp2_vs_Cp3,stability_plus_geometry,fl3_entitled,confirmation,joint_wild_cluster_rademacher,0.75,0.25,0.5,,not_reached_on_tested_grid
1dbc920edffba9363b404b4e,Cp2_vs_Cp3__stability_plus_geometry,3e971f0bc08c8189f389,Cp2_vs_Cp3,stability_plus_geometry,fl3_entitled,confirmation,joint_wild_cluster_rademacher,0.75,0.25,0.8,,not_reached_on_tested_grid
1dbc920edffba9363b404b4e,Cp2_vs_Cp3__stability_plus_geometry,3e971f0bc08c8189f389,Cp2_vs_Cp3,stability_plus_geometry,fl3_entitled,confirmation,joint_wild_cluster_rademacher,0.75,0.25,0.9,,not_reached_on_tested_grid
1dbc920edffba9363b404b4e,Cp2_vs_Cp3__stability_plus_geometry,3e971f0bc08c8189f389,Cp2_vs_Cp3,stability_plus_geometry,fl3_entitled,confirmation,joint_wild_cluster_rademacher,0.75,0.5,0.5,,not_reached_on_tested_grid
1dbc920edffba9363b404b4e,Cp2_vs_Cp3__stability_plus_geometry,3e971f0bc08c8189f389,Cp2_vs_Cp3,stability_plus_geometry,fl3_entitled,confirmation,joint_wild_cluster_rademacher,0.75,0.5,0.8,,not_reached_on_tested_grid
1dbc920edffba9363b404b4e,Cp2_vs_Cp3__stability_plus_geometry,3e971f0bc08c8189f389,Cp2_vs_Cp3,stability_plus_geometry,fl3_entitled,confirmation,joint_wild_cluster_rademacher,0.75,0.5,0.9,,not_reached_on_tested_grid
1dbc920edffba9363b404b4e,Cp2_vs_Cp3__stability_plus_geometry,3e971f0bc08c8189f389,Cp2_vs_Cp3,stability_plus_geometry,fl3_entitled,confirmation,joint_wild_cluster_rademacher,0.75,1.0,0.5,,not_reached_on_tested_grid
1dbc920edffba9363b404b4e,Cp2_vs_Cp3__stability_plus_geometry,3e971f0bc08c8189f389,Cp2_vs_Cp3,stability_plus_geometry,fl3_entitled,confirmation,joint_wild_cluster_rademacher,0.75,1.0,0.8,,not_reached_on_tested_grid
1dbc920edffba9363b404b4e,Cp2_vs_Cp3__stability_plus_geometry,3e971f0bc08c8189f389,Cp2_vs_Cp3,stability_plus_geometry,fl3_entitled,confirmation,joint_wild_cluster_rademacher,0.75,1.0,0.9,,not_reached_on_tested_grid
1dbc920edffba9363b404b4e,Cp2_vs_Cp3__stability_plus_geometry,3e971f0bc08c8189f389,Cp2_vs_Cp3,stability_plus_geometry,fl3_entitled,confirmation,joint_wild_cluster_rademacher,1.0,0.0,0.5,,not_reached_on_tested_grid
1dbc920edffba9363b404b4e,Cp2_vs_Cp3__stability_plus_geometry,3e971f0bc08c8189f389,Cp2_vs_Cp3,stability_plus_geometry,fl3_entitled,confirmation,joint_wild_cluster_rademacher,1.0,0.0,0.8,,not_reached_on_tested_grid
1dbc920edffba9363b404b4e,Cp2_vs_Cp3__stability_plus_geometry,3e971f0bc08c8189f389,Cp2_vs_Cp3,stability_plus_geometry,fl3_entitled,confirmation,joint_wild_cluster_rademacher,1.0,0.0,0.9,,not_reached_on_tested_grid
1dbc920edffba9363b404b4e,Cp2_vs_Cp3__stability_plus_geometry,3e971f0bc08c8189f389,Cp2_vs_Cp3,stability_plus_geometry,fl3_entitled,confirmation,joint_wild_cluster_rademacher,1.0,0.25,0.5,,not_reached_on_tested_grid
1dbc920edffba9363b404b4e,Cp2_vs_Cp3__stability_plus_geometry,3e971f0bc08c8189f389,Cp2_vs_Cp3,stability_plus_geometry,fl3_entitled,confirmation,joint_wild_cluster_rademacher,1.0,0.25,0.8,,not_reached_on_tested_grid
1dbc920edffba9363b404b4e,Cp2_vs_Cp3__stability_plus_geometry,3e971f0bc08c8189f389,Cp2_vs_Cp3,stability_plus_geometry,fl3_entitled,confirmation,joint_wild_cluster_rademacher,1.0,0.25,0.9,,not_reached_on_tested_grid
1dbc920edffba9363b404b4e,Cp2_vs_Cp3__stability_plus_geometry,3e971f0bc08c8189f389,Cp2_vs_Cp3,stability_plus_geometry,fl3_entitled,confirmation,joint_wild_cluster_rademacher,1.0,0.5,0.5,,not_reached_on_tested_grid
1dbc920edffba9363b404b4e,Cp2_vs_Cp3__stability_plus_geometry,3e971f0bc08c8189f389,Cp2_vs_Cp3,stability_plus_geometry,fl3_entitled,confirmation,joint_wild_cluster_rademacher,1.0,0.5,0.8,,not_reached_on_tested_grid
1dbc920edffba9363b404b4e,Cp2_vs_Cp3__stability_plus_geometry,3e971f0bc08c8189f389,Cp2_vs_Cp3,stability_plus_geometry,fl3_entitled,confirmation,joint_wild_cluster_rademacher,1.0,0.5,0.9,,not_reached_on_tested_grid
1dbc920edffba9363b404b4e,Cp2_vs_Cp3__stability_plus_geometry,3e971f0bc08c8189f389,Cp2_vs_Cp3,stability_plus_geometry,fl3_entitled,confirmation,joint_wild_cluster_rademacher,1.0,1.0,0.5,,not_reached_on_tested_grid
1dbc920edffba9363b404b4e,Cp2_vs_Cp3__stability_plus_geometry,3e971f0bc08c8189f389,Cp2_vs_Cp3,stability_plus_geometry,fl3_entitled,confirmation,joint_wild_cluster_rademacher,1.0,1.0,0.8,,not_reached_on_tested_grid
1dbc920edffba9363b404b4e,Cp2_vs_Cp3__stability_plus_geometry,3e971f0bc08c8189f389,Cp2_vs_Cp3,stability_plus_geometry,fl3_entitled,confirmation,joint_wild_cluster_rademacher,1.0,1.0,0.9,,not_reached_on_tested_grid
1dbc920edffba9363b404b4e,Cp2_vs_Cp3__stability_plus_geometry,3e971f0bc08c8189f389,Cp2_vs_Cp3,stability_plus_geometry,fl3_entitled,confirmation,joint_wild_cluster_rademacher,1.5,0.0,0.5,,not_reached_on_tested_grid
1dbc920edffba9363b404b4e,Cp2_vs_Cp3__stability_plus_geometry,3e971f0bc08c8189f389,Cp2_vs_Cp3,stability_plus_geometry,fl3_entitled,confirmation,joint_wild_cluster_rademacher,1.5,0.0,0.8,,not_reached_on_tested_grid
1dbc920edffba9363b404b4e,Cp2_vs_Cp3__stability_plus_geometry,3e971f0bc08c8189f389,Cp2_vs_Cp3,stability_plus_geometry,fl3_entitled,confirmation,joint_wild_cluster_rademacher,1.5,0.0,0.9,,not_reached_on_tested_grid
1dbc920edffba9363b404b4e,Cp2_vs_Cp3__stability_plus_geometry,3e971f0bc08c8189f389,Cp2_vs_Cp3,stability_plus_geometry,fl3_entitled,confirmation,joint_wild_cluster_rademacher,1.5,0.25,0.5,,not_reached_on_tested_grid
1dbc920edffba9363b404b4e,Cp2_vs_Cp3__stability_plus_geometry,3e971f0bc08c8189f389,Cp2_vs_Cp3,stability_plus_geometry,fl3_entitled,confirmation,joint_wild_cluster_rademacher,1.5,0.25,0.8,,not_reached_on_tested_grid
1dbc920edffba9363b404b4e,Cp2_vs_Cp3__stability_plus_geometry,3e971f0bc08c8189f389,Cp2_vs_Cp3,stability_plus_geometry,fl3_entitled,confirmation,joint_wild_cluster_rademacher,1.5,0.25,0.9,,not_reached_on_tested_grid
1dbc920edffba9363b404b4e,Cp2_vs_Cp3__stability_plus_geometry,3e971f0bc08c8189f389,Cp2_vs_Cp3,stability_plus_geometry,fl3_entitled,confirmation,joint_wild_cluster_rademacher,1.5,0.5,0.5,,not_reached_on_tested_grid
1dbc920edffba9363b404b4e,Cp2_vs_Cp3__stability_plus_geometry,3e971f0bc08c8189f389,Cp2_vs_Cp3,stability_plus_geometry,fl3_entitled,confirmation,joint_wild_cluster_rademacher,1.5,0.5,0.8,,not_reached_on_tested_grid
1dbc920edffba9363b404b4e,Cp2_vs_Cp3__stability_plus_geometry,3e971f0bc08c8189f389,Cp2_vs_Cp3,stability_plus_geometry,fl3_entitled,confirmation,joint_wild_cluster_rademacher,1.5,0.5,0.9,,not_reached_on_tested_grid
1dbc920edffba9363b404b4e,Cp2_vs_Cp3__stability_plus_geometry,3e971f0bc08c8189f389,Cp2_vs_Cp3,stability_plus_geometry,fl3_entitled,confirmation,joint_wild_cluster_rademacher,1.5,1.0,0.5,,not_reached_on_tested_grid
1dbc920edffba9363b404b4e,Cp2_vs_Cp3__stability_plus_geometry,3e971f0bc08c8189f389,Cp2_vs_Cp3,stability_plus_geometry,fl3_entitled,confirmation,joint_wild_cluster_rademacher,1.5,1.0,0.8,,not_reached_on_tested_grid
1dbc920edffba9363b404b4e,Cp2_vs_Cp3__stability_plus_geometry,3e971f0bc08c8189f389,Cp2_vs_Cp3,stability_plus_geometry,fl3_entitled,confirmation,joint_wild_cluster_rademacher,1.5,1.0,0.9,,not_reached_on_tested_grid
1dbc920edffba9363b404b4e,Cp2_vs_Cp3__stability_plus_geometry,3e971f0bc08c8189f389,Cp2_vs_Cp3,stability_plus_geometry,fl3_entitled,confirmation,joint_wild_cluster_rademacher,2.0,0.0,0.5,,not_reached_on_tested_grid
1dbc920edffba9363b404b4e,Cp2_vs_Cp3__stability_plus_geometry,3e971f0bc08c8189f389,Cp2_vs_Cp3,stability_plus_geometry,fl3_entitled,confirmation,joint_wild_cluster_rademacher,2.0,0.0,0.8,,not_reached_on_tested_grid
1dbc920edffba9363b404b4e,Cp2_vs_Cp3__stability_plus_geometry,3e971f0bc08c8189f389,Cp2_vs_Cp3,stability_plus_geometry,fl3_entitled,confirmation,joint_wild_cluster_rademacher,2.0,0.0,0.9,,not_reached_on_tested_grid
1dbc920edffba9363b404b4e,Cp2_vs_Cp3__stability_plus_geometry,3e971f0bc08c8189f389,Cp2_vs_Cp3,stability_plus_geometry,fl3_entitled,confirmation,joint_wild_cluster_rademacher,2.0,0.25,0.5,,not_reached_on_tested_grid
1dbc920edffba9363b404b4e,Cp2_vs_Cp3__stability_plus_geometry,3e971f0bc08c8189f389,Cp2_vs_Cp3,stability_plus_geometry,fl3_entitled,confirmation,joint_wild_cluster_rademacher,2.0,0.25,0.8,,not_reached_on_tested_grid
1dbc920edffba9363b404b4e,Cp2_vs_Cp3__stability_plus_geometry,3e971f0bc08c8189f389,Cp2_vs_Cp3,stability_plus_geometry,fl3_entitled,confirmation,joint_wild_cluster_rademacher,2.0,0.25,0.9,,not_reached_on_tested_grid
1dbc920edffba9363b404b4e,Cp2_vs_Cp3__stability_plus_geometry,3e971f0bc08c8189f389,Cp2_vs_Cp3,stability_plus_geometry,fl3_entitled,confirmation,joint_wild_cluster_rademacher,2.0,0.5,0.5,,not_reached_on_tested_grid
1dbc920edffba9363b404b4e,Cp2_vs_Cp3__stability_plus_geometry,3e971f0bc08c8189f389,Cp2_vs_Cp3,stability_plus_geometry,fl3_entitled,confirmation,joint_wild_cluster_rademacher,2.0,0.5,0.8,,not_reached_on_tested_grid
1dbc920edffba9363b404b4e,Cp2_vs_Cp3__stability_plus_geometry,3e971f0bc08c8189f389,Cp2_vs_Cp3,stability_plus_geometry,fl3_entitled,confirmation,joint_wild_cluster_rademacher,2.0,0.5,0.9,,not_reached_on_tested_grid
1dbc920edffba9363b404b4e,Cp2_vs_Cp3__stability_plus_geometry,3e971f0bc08c8189f389,Cp2_vs_Cp3,stability_plus_geometry,fl3_entitled,confirmation,joint_wild_cluster_rademacher,2.0,1.0,0.5,,not_reached_on_tested_grid
1dbc920edffba9363b404b4e,Cp2_vs_Cp3__stability_plus_geometry,3e971f0bc08c8189f389,Cp2_vs_Cp3,stability_plus_geometry,fl3_entitled,confirmation,joint_wild_cluster_rademacher,2.0,1.0,0.8,,not_reached_on_tested_grid
1dbc920edffba9363b404b4e,Cp2_vs_Cp3__stability_plus_geometry,3e971f0bc08c8189f389,Cp2_vs_Cp3,stability_plus_geometry,fl3_entitled,confirmation,joint_wild_cluster_rademacher,2.0,1.0,0.9,,not_reached_on_tested_grid
1dbc920edffba9363b404b4e,Cp2_vs_Cp3__stability_plus_geometry,3e971f0bc08c8189f389,Cp2_vs_Cp3,stability_plus_geometry,fl3_entitled,discovery,joint_gaussian_regularized_cluster,0.0,0.0,0.5,,not_reached_on_tested_grid
1dbc920edffba9363b404b4e,Cp2_vs_Cp3__stability_plus_geometry,3e971f0bc08c8189f389,Cp2_vs_Cp3,stability_plus_geometry,fl3_entitled,discovery,joint_gaussian_regularized_cluster,0.0,0.0,0.8,,not_reached_on_tested_grid
1dbc920edffba9363b404b4e,Cp2_vs_Cp3__stability_plus_geometry,3e971f0bc08c8189f389,Cp2_vs_Cp3,stability_plus_geometry,fl3_entitled,discovery,joint_gaussian_regularized_cluster,0.0,0.0,0.9,,not_reached_on_tested_grid
1dbc920edffba9363b404b4e,Cp2_vs_Cp3__stability_plus_geometry,3e971f0bc08c8189f389,Cp2_vs_Cp3,stability_plus_geometry,fl3_entitled,discovery,joint_gaussian_regularized_cluster,0.25,0.0,0.5,,not_reached_on_tested_grid
1dbc920edffba9363b404b4e,Cp2_vs_Cp3__stability_plus_geometry,3e971f0bc08c8189f389,Cp2_vs_Cp3,stability_plus_geometry,fl3_entitled,discovery,joint_gaussian_regularized_cluster,0.25,0.0,0.8,,not_reached_on_tested_grid
1dbc920edffba9363b404b4e,Cp2_vs_Cp3__stability_plus_geometry,3e971f0bc08c8189f389,Cp2_vs_Cp3,stability_plus_geometry,fl3_entitled,discovery,joint_gaussian_regularized_cluster,0.25,0.0,0.9,,not_reached_on_tested_grid
1dbc920edffba9363b404b4e,Cp2_vs_Cp3__stability_plus_geometry,3e971f0bc08c8189f389,Cp2_vs_Cp3,stability_plus_geometry,fl3_entitled,discovery,joint_gaussian_regularized_cluster,0.25,0.25,0.5,,not_reached_on_tested_grid
1dbc920edffba9363b404b4e,Cp2_vs_Cp3__stability_plus_geometry,3e971f0bc08c8189f389,Cp2_vs_Cp3,stability_plus_geometry,fl3_entitled,discovery,joint_gaussian_regularized_cluster,0.25,0.25,0.8,,not_reached_on_tested_grid
1dbc920edffba9363b404b4e,Cp2_vs_Cp3__stability_plus_geometry,3e971f0bc08c8189f389,Cp2_vs_Cp3,stability_plus_geometry,fl3_entitled,discovery,joint_gaussian_regularized_cluster,0.25,0.25,0.9,,not_reached_on_tested_grid
1dbc920edffba9363b404b4e,Cp2_vs_Cp3__stability_plus_geometry,3e971f0bc08c8189f389,Cp2_vs_Cp3,stability_plus_geometry,fl3_entitled,discovery,joint_gaussian_regularized_cluster,0.25,0.5,0.5,,not_reached_on_tested_grid
1dbc920edffba9363b404b4e,Cp2_vs_Cp3__stability_plus_geometry,3e971f0bc08c8189f389,Cp2_vs_Cp3,stability_plus_geometry,fl3_entitled,discovery,joint_gaussian_regularized_cluster,0.25,0.5,0.8,,not_reached_on_tested_grid
1dbc920edffba9363b404b4e,Cp2_vs_Cp3__stability_plus_geometry,3e971f0bc08c8189f389,Cp2_vs_Cp3,stability_plus_geometry,fl3_entitled,discovery,joint_gaussian_regularized_cluster,0.25,0.5,0.9,,not_reached_on_tested_grid
1dbc920edffba9363b404b4e,Cp2_vs_Cp3__stability_plus_geometry,3e971f0bc08c8189f389,Cp2_vs_Cp3,stability_plus_geometry,fl3_entitled,discovery,joint_gaussian_regularized_cluster,0.25,1.0,0.5,,not_reached_on_tested_grid
1dbc920edffba9363b404b4e,Cp2_vs_Cp3__stability_plus_geometry,3e971f0bc08c8189f389,Cp2_vs_Cp3,stability_plus_geometry,fl3_entitled,discovery,joint_gaussian_regularized_cluster,0.25,1.0,0.8,,not_reached_on_tested_grid
1dbc920edffba9363b404b4e,Cp2_vs_Cp3__stability_plus_geometry,3e971f0bc08c8189f389,Cp2_vs_Cp3,stability_plus_geometry,fl3_entitled,discovery,joint_gaussian_regularized_cluster,0.25,1.0,0.9,,not_reached_on_tested_grid
1dbc920edffba9363b404b4e,Cp2_vs_Cp3__stability_plus_geometry,3e971f0bc08c8189f389,Cp2_vs_Cp3,stability_plus_geometry,fl3_entitled,discovery,joint_gaussian_regularized_cluster,0.5,0.0,0.5,,not_reached_on_tested_grid
1dbc920edffba9363b404b4e,Cp2_vs_Cp3__stability_plus_geometry,3e971f0bc08c8189f389,Cp2_vs_Cp3,stability_plus_geometry,fl3_entitled,discovery,joint_gaussian_regularized_cluster,0.5,0.0,0.8,,not_reached_on_tested_grid
1dbc920edffba9363b404b4e,Cp2_vs_Cp3__stability_plus_geometry,3e971f0bc08c8189f389,Cp2_vs_Cp3,stability_plus_geometry,fl3_entitled,discovery,joint_gaussian_regularized_cluster,0.5,0.0,0.9,,not_reached_on_tested_grid
1dbc920edffba9363b404b4e,Cp2_vs_Cp3__stability_plus_geometry,3e971f0bc08c8189f389,Cp2_vs_Cp3,stability_plus_geometry,fl3_entitled,discovery,joint_gaussian_regularized_cluster,0.5,0.25,0.5,,not_reached_on_tested_grid
1dbc920edffba9363b404b4e,Cp2_vs_Cp3__stability_plus_geometry,3e971f0bc08c8189f389,Cp2_vs_Cp3,stability_plus_geometry,fl3_entitled,discovery,joint_gaussian_regularized_cluster,0.5,0.25,0.8,,not_reached_on_tested_grid
1dbc920edffba9363b404b4e,Cp2_vs_Cp3__stability_plus_geometry,3e971f0bc08c8189f389,Cp2_vs_Cp3,stability_plus_geometry,fl3_entitled,discovery,joint_gaussian_regularized_cluster,0.5,0.25,0.9,,not_reached_on_tested_grid
1dbc920edffba9363b404b4e,Cp2_vs_Cp3__stability_plus_geometry,3e971f0bc08c8189f389,Cp2_vs_Cp3,stability_plus_geometry,fl3_entitled,discovery,joint_gaussian_regularized_cluster,0.5,0.5,0.5,,not_reached_on_tested_grid
1dbc920edffba9363b404b4e,Cp2_vs_Cp3__stability_plus_geometry,3e971f0bc08c8189f389,Cp2_vs_Cp3,stability_plus_geometry,fl3_entitled,discovery,joint_gaussian_regularized_cluster,0.5,0.5,0.8,,not_reached_on_tested_grid
1dbc920edffba9363b404b4e,Cp2_vs_Cp3__stability_plus_geometry,3e971f0bc08c8189f389,Cp2_vs_Cp3,stability_plus_geometry,fl3_entitled,discovery,joint_gaussian_regularized_cluster,0.5,0.5,0.9,,not_reached_on_tested_grid
1dbc920edffba9363b404b4e,Cp2_vs_Cp3__stability_plus_geometry,3e971f0bc08c8189f389,Cp2_vs_Cp3,stability_plus_geometry,fl3_entitled,discovery,joint_gaussian_regularized_cluster,0.5,1.0,0.5,,not_reached_on_tested_grid
1dbc920edffba9363b404b4e,Cp2_vs_Cp3__stability_plus_geometry,3e971f0bc08c8189f389,Cp2_vs_Cp3,stability_plus_geometry,fl3_entitled,discovery,joint_gaussian_regularized_cluster,0.5,1.0,0.8,,not_reached_on_tested_grid
1dbc920edffba9363b404b4e,Cp2_vs_Cp3__stability_plus_geometry,3e971f0bc08c8189f389,Cp2_vs_Cp3,stability_plus_geometry,fl3_entitled,discovery,joint_gaussian_regularized_cluster,0.5,1.0,0.9,,not_reached_on_tested_grid
1dbc920edffba9363b404b4e,Cp2_vs_Cp3__stability_plus_geometry,3e971f0bc08c8189f389,Cp2_vs_Cp3,stability_plus_geometry,fl3_entitled,discovery,joint_gaussian_regularized_cluster,0.75,0.0,0.5,,not_reached_on_tested_grid
1dbc920edffba9363b404b4e,Cp2_vs_Cp3__stability_plus_geometry,3e971f0bc08c8189f389,Cp2_vs_Cp3,stability_plus_geometry,fl3_entitled,discovery,joint_gaussian_regularized_cluster,0.75,0.0,0.8,,not_reached_on_tested_grid
1dbc920edffba9363b404b4e,Cp2_vs_Cp3__stability_plus_geometry,3e971f0bc08c8189f389,Cp2_vs_Cp3,stability_plus_geometry,fl3_entitled,discovery,joint_gaussian_regularized_cluster,0.75,0.0,0.9,,not_reached_on_tested_grid
1dbc920edffba9363b404b4e,Cp2_vs_Cp3__stability_plus_geometry,3e971f0bc08c8189f389,Cp2_vs_Cp3,stability_plus_geometry,fl3_entitled,discovery,joint_gaussian_regularized_cluster,0.75,0.25,0.5,,not_reached_on_tested_grid
1dbc920edffba9363b404b4e,Cp2_vs_Cp3__stability_plus_geometry,3e971f0bc08c8189f389,Cp2_vs_Cp3,stability_plus_geometry,fl3_entitled,discovery,joint_gaussian_regularized_cluster,0.75,0.25,0.8,,not_reached_on_tested_grid
1dbc920edffba9363b404b4e,Cp2_vs_Cp3__stability_plus_geometry,3e971f0bc08c8189f389,Cp2_vs_Cp3,stability_plus_geometry,fl3_entitled,discovery,joint_gaussian_regularized_cluster,0.75,0.25,0.9,,not_reached_on_tested_grid
1dbc920edffba9363b404b4e,Cp2_vs_Cp3__stability_plus_geometry,3e971f0bc08c8189f389,Cp2_vs_Cp3,stability_plus_geometry,fl3_entitled,discovery,joint_gaussian_regularized_cluster,0.75,0.5,0.5,,not_reached_on_tested_grid
1dbc920edffba9363b404b4e,Cp2_vs_Cp3__stability_plus_geometry,3e971f0bc08c8189f389,Cp2_vs_Cp3,stability_plus_geometry,fl3_entitled,discovery,joint_gaussian_regularized_cluster,0.75,0.5,0.8,,not_reached_on_tested_grid
1dbc920edffba9363b404b4e,Cp2_vs_Cp3__stability_plus_geometry,3e971f0bc08c8189f389,Cp2_vs_Cp3,stability_plus_geometry,fl3_entitled,discovery,joint_gaussian_regularized_cluster,0.75,0.5,0.9,,not_reached_on_tested_grid
1dbc920edffba9363b404b4e,Cp2_vs_Cp3__stability_plus_geometry,3e971f0bc08c8189f389,Cp2_vs_Cp3,stability_plus_geometry,fl3_entitled,discovery,joint_gaussian_regularized_cluster,0.75,1.0,0.5,,not_reached_on_tested_grid
1dbc920edffba9363b404b4e,Cp2_vs_Cp3__stability_plus_geometry,3e971f0bc08c8189f389,Cp2_vs_Cp3,stability_plus_geometry,fl3_entitled,discovery,joint_gaussian_regularized_cluster,0.75,1.0,0.8,,not_reached_on_tested_grid
1dbc920edffba9363b404b4e,Cp2_vs_Cp3__stability_plus_geometry,3e971f0bc08c8189f389,Cp2_vs_Cp3,stability_plus_geometry,fl3_entitled,discovery,joint_gaussian_regularized_cluster,0.75,1.0,0.9,,not_reached_on_tested_grid
1dbc920edffba9363b404b4e,Cp2_vs_Cp3__stability_plus_geometry,3e971f0bc08c8189f389,Cp2_vs_Cp3,stability_plus_geometry,fl3_entitled,discovery,joint_gaussian_regularized_cluster,1.0,0.0,0.5,,not_reached_on_tested_grid
1dbc920edffba9363b404b4e,Cp2_vs_Cp3__stability_plus_geometry,3e971f0bc08c8189f389,Cp2_vs_Cp3,stability_plus_geometry,fl3_entitled,discovery,joint_gaussian_regularized_cluster,1.0,0.0,0.8,,not_reached_on_tested_grid
1dbc920edffba9363b404b4e,Cp2_vs_Cp3__stability_plus_geometry,3e971f0bc08c8189f389,Cp2_vs_Cp3,stability_plus_geometry,fl3_entitled,discovery,joint_gaussian_regularized_cluster,1.0,0.0,0.9,,not_reached_on_tested_grid
1dbc920edffba9363b404b4e,Cp2_vs_Cp3__stability_plus_geometry,3e971f0bc08c8189f389,Cp2_vs_Cp3,stability_plus_geometry,fl3_entitled,discovery,joint_gaussian_regularized_cluster,1.0,0.25,0.5,,not_reached_on_tested_grid
1dbc920edffba9363b404b4e,Cp2_vs_Cp3__stability_plus_geometry,3e971f0bc08c8189f389,Cp2_vs_Cp3,stability_plus_geometry,fl3_entitled,discovery,joint_gaussian_regularized_cluster,1.0,0.25,0.8,,not_reached_on_tested_grid
1dbc920edffba9363b404b4e,Cp2_vs_Cp3__stability_plus_geometry,3e971f0bc08c8189f389,Cp2_vs_Cp3,stability_plus_geometry,fl3_entitled,discovery,joint_gaussian_regularized_cluster,1.0,0.25,0.9,,not_reached_on_tested_grid
1dbc920edffba9363b404b4e,Cp2_vs_Cp3__stability_plus_geometry,3e971f0bc08c8189f389,Cp2_vs_Cp3,stability_plus_geometry,fl3_entitled,discovery,joint_gaussian_regularized_cluster,1.0,0.5,0.5,,not_reached_on_tested_grid
1dbc920edffba9363b404b4e,Cp2_vs_Cp3__stability_plus_geometry,3e971f0bc08c8189f389,Cp2_vs_Cp3,stability_plus_geometry,fl3_entitled,discovery,joint_gaussian_regularized_cluster,1.0,0.5,0.8,,not_reached_on_tested_grid
1dbc920edffba9363b404b4e,Cp2_vs_Cp3__stability_plus_geometry,3e971f0bc08c8189f389,Cp2_vs_Cp3,stability_plus_geometry,fl3_entitled,discovery,joint_gaussian_regularized_cluster,1.0,0.5,0.9,,not_reached_on_tested_grid
1dbc920edffba9363b404b4e,Cp2_vs_Cp3__stability_plus_geometry,3e971f0bc08c8189f389,Cp2_vs_Cp3,stability_plus_geometry,fl3_entitled,discovery,joint_gaussian_regularized_cluster,1.0,1.0,0.5,,not_reached_on_tested_grid
1dbc920edffba9363b404b4e,Cp2_vs_Cp3__stability_plus_geometry,3e971f0bc08c8189f389,Cp2_vs_Cp3,stability_plus_geometry,fl3_entitled,discovery,joint_gaussian_regularized_cluster,1.0,1.0,0.8,,not_reached_on_tested_grid
1dbc920edffba9363b404b4e,Cp2_vs_Cp3__stability_plus_geometry,3e971f0bc08c8189f389,Cp2_vs_Cp3,stability_plus_geometry,fl3_entitled,discovery,joint_gaussian_regularized_cluster,1.0,1.0,0.9,,not_reached_on_tested_grid
1dbc920edffba9363b404b4e,Cp2_vs_Cp3__stability_plus_geometry,3e971f0bc08c8189f389,Cp2_vs_Cp3,stability_plus_geometry,fl3_entitled,discovery,joint_gaussian_regularized_cluster,1.5,0.0,0.5,,not_reached_on_tested_grid
1dbc920edffba9363b404b4e,Cp2_vs_Cp3__stability_plus_geometry,3e971f0bc08c8189f389,Cp2_vs_Cp3,stability_plus_geometry,fl3_entitled,discovery,joint_gaussian_regularized_cluster,1.5,0.0,0.8,,not_reached_on_tested_grid
1dbc920edffba9363b404b4e,Cp2_vs_Cp3__stability_plus_geometry,3e971f0bc08c8189f389,Cp2_vs_Cp3,stability_plus_geometry,fl3_entitled,discovery,joint_gaussian_regularized_cluster,1.5,0.0,0.9,,not_reached_on_tested_grid
1dbc920edffba9363b404b4e,Cp2_vs_Cp3__stability_plus_geometry,3e971f0bc08c8189f389,Cp2_vs_Cp3,stability_plus_geometry,fl3_entitled,discovery,joint_gaussian_regularized_cluster,1.5,0.25,0.5,,not_reached_on_tested_grid
1dbc920edffba9363b404b4e,Cp2_vs_Cp3__stability_plus_geometry,3e971f0bc08c8189f389,Cp2_vs_Cp3,stability_plus_geometry,fl3_entitled,discovery,joint_gaussian_regularized_cluster,1.5,0.25,0.8,,not_reached_on_tested_grid
1dbc920edffba9363b404b4e,Cp2_vs_Cp3__stability_plus_geometry,3e971f0bc08c8189f389,Cp2_vs_Cp3,stability_plus_geometry,fl3_entitled,discovery,joint_gaussian_regularized_cluster,1.5,0.25,0.9,,not_reached_on_tested_grid
1dbc920edffba9363b404b4e,Cp2_vs_Cp3__stability_plus_geometry,3e971f0bc08c8189f389,Cp2_vs_Cp3,stability_plus_geometry,fl3_entitled,discovery,joint_gaussian_regularized_cluster,1.5,0.5,0.5,,not_reached_on_tested_grid
1dbc920edffba9363b404b4e,Cp2_vs_Cp3__stability_plus_geometry,3e971f0bc08c8189f389,Cp2_vs_Cp3,stability_plus_geometry,fl3_entitled,discovery,joint_gaussian_regularized_cluster,1.5,0.5,0.8,,not_reached_on_tested_grid
1dbc920edffba9363b404b4e,Cp2_vs_Cp3__stability_plus_geometry,3e971f0bc08c8189f389,Cp2_vs_Cp3,stability_plus_geometry,fl3_entitled,discovery,joint_gaussian_regularized_cluster,1.5,0.5,0.9,,not_reached_on_tested_grid
1dbc920edffba9363b404b4e,Cp2_vs_Cp3__stability_plus_geometry,3e971f0bc08c8189f389,Cp2_vs_Cp3,stability_plus_geometry,fl3_entitled,discovery,joint_gaussian_regularized_cluster,1.5,1.0,0.5,,not_reached_on_tested_grid
1dbc920edffba9363b404b4e,Cp2_vs_Cp3__stability_plus_geometry,3e971f0bc08c8189f389,Cp2_vs_Cp3,stability_plus_geometry,fl3_entitled,discovery,joint_gaussian_regularized_cluster,1.5,1.0,0.8,,not_reached_on_tested_grid
1dbc920edffba9363b404b4e,Cp2_vs_Cp3__stability_plus_geometry,3e971f0bc08c8189f389,Cp2_vs_Cp3,stability_plus_geometry,fl3_entitled,discovery,joint_gaussian_regularized_cluster,1.5,1.0,0.9,,not_reached_on_tested_grid
1dbc920edffba9363b404b4e,Cp2_vs_Cp3__stability_plus_geometry,3e971f0bc08c8189f389,Cp2_vs_Cp3,stability_plus_geometry,fl3_entitled,discovery,joint_gaussian_regularized_cluster,2.0,0.0,0.5,,not_reached_on_tested_grid
1dbc920edffba9363b404b4e,Cp2_vs_Cp3__stability_plus_geometry,3e971f0bc08c8189f389,Cp2_vs_Cp3,stability_plus_geometry,fl3_entitled,discovery,joint_gaussian_regularized_cluster,2.0,0.0,0.8,,not_reached_on_tested_grid
1dbc920edffba9363b404b4e,Cp2_vs_Cp3__stability_plus_geometry,3e971f0bc08c8189f389,Cp2_vs_Cp3,stability_plus_geometry,fl3_entitled,discovery,joint_gaussian_regularized_cluster,2.0,0.0,0.9,,not_reached_on_tested_grid
1dbc920edffba9363b404b4e,Cp2_vs_Cp3__stability_plus_geometry,3e971f0bc08c8189f389,Cp2_vs_Cp3,stability_plus_geometry,fl3_entitled,discovery,joint_gaussian_regularized_cluster,2.0,0.25,0.5,,not_reached_on_tested_grid
1dbc920edffba9363b404b4e,Cp2_vs_Cp3__stability_plus_geometry,3e971f0bc08c8189f389,Cp2_vs_Cp3,stability_plus_geometry,fl3_entitled,discovery,joint_gaussian_regularized_cluster,2.0,0.25,0.8,,not_reached_on_tested_grid
1dbc920edffba9363b404b4e,Cp2_vs_Cp3__stability_plus_geometry,3e971f0bc08c8189f389,Cp2_vs_Cp3,stability_plus_geometry,fl3_entitled,discovery,joint_gaussian_regularized_cluster,2.0,0.25,0.9,,not_reached_on_tested_grid
1dbc920edffba9363b404b4e,Cp2_vs_Cp3__stability_plus_geometry,3e971f0bc08c8189f389,Cp2_vs_Cp3,stability_plus_geometry,fl3_entitled,discovery,joint_gaussian_regularized_cluster,2.0,0.5,0.5,,not_reached_on_tested_grid
1dbc920edffba9363b404b4e,Cp2_vs_Cp3__stability_plus_geometry,3e971f0bc08c8189f389,Cp2_vs_Cp3,stability_plus_geometry,fl3_entitled,discovery,joint_gaussian_regularized_cluster,2.0,0.5,0.8,,not_reached_on_tested_grid
1dbc920edffba9363b404b4e,Cp2_vs_Cp3__stability_plus_geometry,3e971f0bc08c8189f389,Cp2_vs_Cp3,stability_plus_geometry,fl3_entitled,discovery,joint_gaussian_regularized_cluster,2.0,0.5,0.9,,not_reached_on_tested_grid
1dbc920edffba9363b404b4e,Cp2_vs_Cp3__stability_plus_geometry,3e971f0bc08c8189f389,Cp2_vs_Cp3,stability_plus_geometry,fl3_entitled,discovery,joint_gaussian_regularized_cluster,2.0,1.0,0.5,,not_reached_on_tested_grid
1dbc920edffba9363b404b4e,Cp2_vs_Cp3__stability_plus_geometry,3e971f0bc08c8189f389,Cp2_vs_Cp3,stability_plus_geometry,fl3_entitled,discovery,joint_gaussian_regularized_cluster,2.0,1.0,0.8,,not_reached_on_tested_grid
1dbc920edffba9363b404b4e,Cp2_vs_Cp3__stability_plus_geometry,3e971f0bc08c8189f389,Cp2_vs_Cp3,stability_plus_geometry,fl3_entitled,discovery,joint_gaussian_regularized_cluster,2.0,1.0,0.9,,not_reached_on_tested_grid
1dbc920edffba9363b404b4e,Cp2_vs_Cp3__stability_plus_geometry,3e971f0bc08c8189f389,Cp2_vs_Cp3,stability_plus_geometry,fl3_entitled,discovery,joint_wild_cluster_rademacher,0.0,0.0,0.5,,not_reached_on_tested_grid
1dbc920edffba9363b404b4e,Cp2_vs_Cp3__stability_plus_geometry,3e971f0bc08c8189f389,Cp2_vs_Cp3,stability_plus_geometry,fl3_entitled,discovery,joint_wild_cluster_rademacher,0.0,0.0,0.8,,not_reached_on_tested_grid
1dbc920edffba9363b404b4e,Cp2_vs_Cp3__stability_plus_geometry,3e971f0bc08c8189f389,Cp2_vs_Cp3,stability_plus_geometry,fl3_entitled,discovery,joint_wild_cluster_rademacher,0.0,0.0,0.9,,not_reached_on_tested_grid
1dbc920edffba9363b404b4e,Cp2_vs_Cp3__stability_plus_geometry,3e971f0bc08c8189f389,Cp2_vs_Cp3,stability_plus_geometry,fl3_entitled,discovery,joint_wild_cluster_rademacher,0.25,0.0,0.5,,not_reached_on_tested_grid
1dbc920edffba9363b404b4e,Cp2_vs_Cp3__stability_plus_geometry,3e971f0bc08c8189f389,Cp2_vs_Cp3,stability_plus_geometry,fl3_entitled,discovery,joint_wild_cluster_rademacher,0.25,0.0,0.8,,not_reached_on_tested_grid
1dbc920edffba9363b404b4e,Cp2_vs_Cp3__stability_plus_geometry,3e971f0bc08c8189f389,Cp2_vs_Cp3,stability_plus_geometry,fl3_entitled,discovery,joint_wild_cluster_rademacher,0.25,0.0,0.9,,not_reached_on_tested_grid
1dbc920edffba9363b404b4e,Cp2_vs_Cp3__stability_plus_geometry,3e971f0bc08c8189f389,Cp2_vs_Cp3,stability_plus_geometry,fl3_entitled,discovery,joint_wild_cluster_rademacher,0.25,0.25,0.5,,not_reached_on_tested_grid
1dbc920edffba9363b404b4e,Cp2_vs_Cp3__stability_plus_geometry,3e971f0bc08c8189f389,Cp2_vs_Cp3,stability_plus_geometry,fl3_entitled,discovery,joint_wild_cluster_rademacher,0.25,0.25,0.8,,not_reached_on_tested_grid
1dbc920edffba9363b404b4e,Cp2_vs_Cp3__stability_plus_geometry,3e971f0bc08c8189f389,Cp2_vs_Cp3,stability_plus_geometry,fl3_entitled,discovery,joint_wild_cluster_rademacher,0.25,0.25,0.9,,not_reached_on_tested_grid
1dbc920edffba9363b404b4e,Cp2_vs_Cp3__stability_plus_geometry,3e971f0bc08c8189f389,Cp2_vs_Cp3,stability_plus_geometry,fl3_entitled,discovery,joint_wild_cluster_rademacher,0.25,0.5,0.5,,not_reached_on_tested_grid
1dbc920edffba9363b404b4e,Cp2_vs_Cp3__stability_plus_geometry,3e971f0bc08c8189f389,Cp2_vs_Cp3,stability_plus_geometry,fl3_entitled,discovery,joint_wild_cluster_rademacher,0.25,0.5,0.8,,not_reached_on_tested_grid
1dbc920edffba9363b404b4e,Cp2_vs_Cp3__stability_plus_geometry,3e971f0bc08c8189f389,Cp2_vs_Cp3,stability_plus_geometry,fl3_entitled,discovery,joint_wild_cluster_rademacher,0.25,0.5,0.9,,not_reached_on_tested_grid
1dbc920edffba9363b404b4e,Cp2_vs_Cp3__stability_plus_geometry,3e971f0bc08c8189f389,Cp2_vs_Cp3,stability_plus_geometry,fl3_entitled,discovery,joint_wild_cluster_rademacher,0.25,1.0,0.5,,not_reached_on_tested_grid
1dbc920edffba9363b404b4e,Cp2_vs_Cp3__stability_plus_geometry,3e971f0bc08c8189f389,Cp2_vs_Cp3,stability_plus_geometry,fl3_entitled,discovery,joint_wild_cluster_rademacher,0.25,1.0,0.8,,not_reached_on_tested_grid
1dbc920edffba9363b404b4e,Cp2_vs_Cp3__stability_plus_geometry,3e971f0bc08c8189f389,Cp2_vs_Cp3,stability_plus_geometry,fl3_entitled,discovery,joint_wild_cluster_rademacher,0.25,1.0,0.9,,not_reached_on_tested_grid
1dbc920edffba9363b404b4e,Cp2_vs_Cp3__stability_plus_geometry,3e971f0bc08c8189f389,Cp2_vs_Cp3,stability_plus_geometry,fl3_entitled,discovery,joint_wild_cluster_rademacher,0.5,0.0,0.5,,not_reached_on_tested_grid
1dbc920edffba9363b404b4e,Cp2_vs_Cp3__stability_plus_geometry,3e971f0bc08c8189f389,Cp2_vs_Cp3,stability_plus_geometry,fl3_entitled,discovery,joint_wild_cluster_rademacher,0.5,0.0,0.8,,not_reached_on_tested_grid
1dbc920edffba9363b404b4e,Cp2_vs_Cp3__stability_plus_geometry,3e971f0bc08c8189f389,Cp2_vs_Cp3,stability_plus_geometry,fl3_entitled,discovery,joint_wild_cluster_rademacher,0.5,0.0,0.9,,not_reached_on_tested_grid
1dbc920edffba9363b404b4e,Cp2_vs_Cp3__stability_plus_geometry,3e971f0bc08c8189f389,Cp2_vs_Cp3,stability_plus_geometry,fl3_entitled,discovery,joint_wild_cluster_rademacher,0.5,0.25,0.5,,not_reached_on_tested_grid
1dbc920edffba9363b404b4e,Cp2_vs_Cp3__stability_plus_geometry,3e971f0bc08c8189f389,Cp2_vs_Cp3,stability_plus_geometry,fl3_entitled,discovery,joint_wild_cluster_rademacher,0.5,0.25,0.8,,not_reached_on_tested_grid
1dbc920edffba9363b404b4e,Cp2_vs_Cp3__stability_plus_geometry,3e971f0bc08c8189f389,Cp2_vs_Cp3,stability_plus_geometry,fl3_entitled,discovery,joint_wild_cluster_rademacher,0.5,0.25,0.9,,not_reached_on_tested_grid
1dbc920edffba9363b404b4e,Cp2_vs_Cp3__stability_plus_geometry,3e971f0bc08c8189f389,Cp2_vs_Cp3,stability_plus_geometry,fl3_entitled,discovery,joint_wild_cluster_rademacher,0.5,0.5,0.5,,not_reached_on_tested_grid
1dbc920edffba9363b404b4e,Cp2_vs_Cp3__stability_plus_geometry,3e971f0bc08c8189f389,Cp2_vs_Cp3,stability_plus_geometry,fl3_entitled,discovery,joint_wild_cluster_rademacher,0.5,0.5,0.8,,not_reached_on_tested_grid
1dbc920edffba9363b404b4e,Cp2_vs_Cp3__stability_plus_geometry,3e971f0bc08c8189f389,Cp2_vs_Cp3,stability_plus_geometry,fl3_entitled,discovery,joint_wild_cluster_rademacher,0.5,0.5,0.9,,not_reached_on_tested_grid
1dbc920edffba9363b404b4e,Cp2_vs_Cp3__stability_plus_geometry,3e971f0bc08c8189f389,Cp2_vs_Cp3,stability_plus_geometry,fl3_entitled,discovery,joint_wild_cluster_rademacher,0.5,1.0,0.5,,not_reached_on_tested_grid
1dbc920edffba9363b404b4e,Cp2_vs_Cp3__stability_plus_geometry,3e971f0bc08c8189f389,Cp2_vs_Cp3,stability_plus_geometry,fl3_entitled,discovery,joint_wild_cluster_rademacher,0.5,1.0,0.8,,not_reached_on_tested_grid
1dbc920edffba9363b404b4e,Cp2_vs_Cp3__stability_plus_geometry,3e971f0bc08c8189f389,Cp2_vs_Cp3,stability_plus_geometry,fl3_entitled,discovery,joint_wild_cluster_rademacher,0.5,1.0,0.9,,not_reached_on_tested_grid
1dbc920edffba9363b404b4e,Cp2_vs_Cp3__stability_plus_geometry,3e971f0bc08c8189f389,Cp2_vs_Cp3,stability_plus_geometry,fl3_entitled,discovery,joint_wild_cluster_rademacher,0.75,0.0,0.5,,not_reached_on_tested_grid
1dbc920edffba9363b404b4e,Cp2_vs_Cp3__stability_plus_geometry,3e971f0bc08c8189f389,Cp2_vs_Cp3,stability_plus_geometry,fl3_entitled,discovery,joint_wild_cluster_rademacher,0.75,0.0,0.8,,not_reached_on_tested_grid
1dbc920edffba9363b404b4e,Cp2_vs_Cp3__stability_plus_geometry,3e971f0bc08c8189f389,Cp2_vs_Cp3,stability_plus_geometry,fl3_entitled,discovery,joint_wild_cluster_rademacher,0.75,0.0,0.9,,not_reached_on_tested_grid
1dbc920edffba9363b404b4e,Cp2_vs_Cp3__stability_plus_geometry,3e971f0bc08c8189f389,Cp2_vs_Cp3,stability_plus_geometry,fl3_entitled,discovery,joint_wild_cluster_rademacher,0.75,0.25,0.5,,not_reached_on_tested_grid
1dbc920edffba9363b404b4e,Cp2_vs_Cp3__stability_plus_geometry,3e971f0bc08c8189f389,Cp2_vs_Cp3,stability_plus_geometry,fl3_entitled,discovery,joint_wild_cluster_rademacher,0.75,0.25,0.8,,not_reached_on_tested_grid
1dbc920edffba9363b404b4e,Cp2_vs_Cp3__stability_plus_geometry,3e971f0bc08c8189f389,Cp2_vs_Cp3,stability_plus_geometry,fl3_entitled,discovery,joint_wild_cluster_rademacher,0.75,0.25,0.9,,not_reached_on_tested_grid
1dbc920edffba9363b404b4e,Cp2_vs_Cp3__stability_plus_geometry,3e971f0bc08c8189f389,Cp2_vs_Cp3,stability_plus_geometry,fl3_entitled,discovery,joint_wild_cluster_rademacher,0.75,0.5,0.5,,not_reached_on_tested_grid
1dbc920edffba9363b404b4e,Cp2_vs_Cp3__stability_plus_geometry,3e971f0bc08c8189f389,Cp2_vs_Cp3,stability_plus_geometry,fl3_entitled,discovery,joint_wild_cluster_rademacher,0.75,0.5,0.8,,not_reached_on_tested_grid
1dbc920edffba9363b404b4e,Cp2_vs_Cp3__stability_plus_geometry,3e971f0bc08c8189f389,Cp2_vs_Cp3,stability_plus_geometry,fl3_entitled,discovery,joint_wild_cluster_rademacher,0.75,0.5,0.9,,not_reached_on_tested_grid
1dbc920edffba9363b404b4e,Cp2_vs_Cp3__stability_plus_geometry,3e971f0bc08c8189f389,Cp2_vs_Cp3,stability_plus_geometry,fl3_entitled,discovery,joint_wild_cluster_rademacher,0.75,1.0,0.5,,not_reached_on_tested_grid
1dbc920edffba9363b404b4e,Cp2_vs_Cp3__stability_plus_geometry,3e971f0bc08c8189f389,Cp2_vs_Cp3,stability_plus_geometry,fl3_entitled,discovery,joint_wild_cluster_rademacher,0.75,1.0,0.8,,not_reached_on_tested_grid
1dbc920edffba9363b404b4e,Cp2_vs_Cp3__stability_plus_geometry,3e971f0bc08c8189f389,Cp2_vs_Cp3,stability_plus_geometry,fl3_entitled,discovery,joint_wild_cluster_rademacher,0.75,1.0,0.9,,not_reached_on_tested_grid
1dbc920edffba9363b404b4e,Cp2_vs_Cp3__stability_plus_geometry,3e971f0bc08c8189f389,Cp2_vs_Cp3,stability_plus_geometry,fl3_entitled,discovery,joint_wild_cluster_rademacher,1.0,0.0,0.5,,not_reached_on_tested_grid
1dbc920edffba9363b404b4e,Cp2_vs_Cp3__stability_plus_geometry,3e971f0bc08c8189f389,Cp2_vs_Cp3,stability_plus_geometry,fl3_entitled,discovery,joint_wild_cluster_rademacher,1.0,0.0,0.8,,not_reached_on_tested_grid
1dbc920edffba9363b404b4e,Cp2_vs_Cp3__stability_plus_geometry,3e971f0bc08c8189f389,Cp2_vs_Cp3,stability_plus_geometry,fl3_entitled,discovery,joint_wild_cluster_rademacher,1.0,0.0,0.9,,not_reached_on_tested_grid
1dbc920edffba9363b404b4e,Cp2_vs_Cp3__stability_plus_geometry,3e971f0bc08c8189f389,Cp2_vs_Cp3,stability_plus_geometry,fl3_entitled,discovery,joint_wild_cluster_rademacher,1.0,0.25,0.5,,not_reached_on_tested_grid
1dbc920edffba9363b404b4e,Cp2_vs_Cp3__stability_plus_geometry,3e971f0bc08c8189f389,Cp2_vs_Cp3,stability_plus_geometry,fl3_entitled,discovery,joint_wild_cluster_rademacher,1.0,0.25,0.8,,not_reached_on_tested_grid
1dbc920edffba9363b404b4e,Cp2_vs_Cp3__stability_plus_geometry,3e971f0bc08c8189f389,Cp2_vs_Cp3,stability_plus_geometry,fl3_entitled,discovery,joint_wild_cluster_rademacher,1.0,0.25,0.9,,not_reached_on_tested_grid
1dbc920edffba9363b404b4e,Cp2_vs_Cp3__stability_plus_geometry,3e971f0bc08c8189f389,Cp2_vs_Cp3,stability_plus_geometry,fl3_entitled,discovery,joint_wild_cluster_rademacher,1.0,0.5,0.5,,not_reached_on_tested_grid
1dbc920edffba9363b404b4e,Cp2_vs_Cp3__stability_plus_geometry,3e971f0bc08c8189f389,Cp2_vs_Cp3,stability_plus_geometry,fl3_entitled,discovery,joint_wild_cluster_rademacher,1.0,0.5,0.8,,not_reached_on_tested_grid
1dbc920edffba9363b404b4e,Cp2_vs_Cp3__stability_plus_geometry,3e971f0bc08c8189f389,Cp2_vs_Cp3,stability_plus_geometry,fl3_entitled,discovery,joint_wild_cluster_rademacher,1.0,0.5,0.9,,not_reached_on_tested_grid
1dbc920edffba9363b404b4e,Cp2_vs_Cp3__stability_plus_geometry,3e971f0bc08c8189f389,Cp2_vs_Cp3,stability_plus_geometry,fl3_entitled,discovery,joint_wild_cluster_rademacher,1.0,1.0,0.5,,not_reached_on_tested_grid
1dbc920edffba9363b404b4e,Cp2_vs_Cp3__stability_plus_geometry,3e971f0bc08c8189f389,Cp2_vs_Cp3,stability_plus_geometry,fl3_entitled,discovery,joint_wild_cluster_rademacher,1.0,1.0,0.8,,not_reached_on_tested_grid
1dbc920edffba9363b404b4e,Cp2_vs_Cp3__stability_plus_geometry,3e971f0bc08c8189f389,Cp2_vs_Cp3,stability_plus_geometry,fl3_entitled,discovery,joint_wild_cluster_rademacher,1.0,1.0,0.9,,not_reached_on_tested_grid
1dbc920edffba9363b404b4e,Cp2_vs_Cp3__stability_plus_geometry,3e971f0bc08c8189f389,Cp2_vs_Cp3,stability_plus_geometry,fl3_entitled,discovery,joint_wild_cluster_rademacher,1.5,0.0,0.5,,not_reached_on_tested_grid
1dbc920edffba9363b404b4e,Cp2_vs_Cp3__stability_plus_geometry,3e971f0bc08c8189f389,Cp2_vs_Cp3,stability_plus_geometry,fl3_entitled,discovery,joint_wild_cluster_rademacher,1.5,0.0,0.8,,not_reached_on_tested_grid
1dbc920edffba9363b404b4e,Cp2_vs_Cp3__stability_plus_geometry,3e971f0bc08c8189f389,Cp2_vs_Cp3,stability_plus_geometry,fl3_entitled,discovery,joint_wild_cluster_rademacher,1.5,0.0,0.9,,not_reached_on_tested_grid
1dbc920edffba9363b404b4e,Cp2_vs_Cp3__stability_plus_geometry,3e971f0bc08c8189f389,Cp2_vs_Cp3,stability_plus_geometry,fl3_entitled,discovery,joint_wild_cluster_rademacher,1.5,0.25,0.5,,not_reached_on_tested_grid
1dbc920edffba9363b404b4e,Cp2_vs_Cp3__stability_plus_geometry,3e971f0bc08c8189f389,Cp2_vs_Cp3,stability_plus_geometry,fl3_entitled,discovery,joint_wild_cluster_rademacher,1.5,0.25,0.8,,not_reached_on_tested_grid
1dbc920edffba9363b404b4e,Cp2_vs_Cp3__stability_plus_geometry,3e971f0bc08c8189f389,Cp2_vs_Cp3,stability_plus_geometry,fl3_entitled,discovery,joint_wild_cluster_rademacher,1.5,0.25,0.9,,not_reached_on_tested_grid
1dbc920edffba9363b404b4e,Cp2_vs_Cp3__stability_plus_geometry,3e971f0bc08c8189f389,Cp2_vs_Cp3,stability_plus_geometry,fl3_entitled,discovery,joint_wild_cluster_rademacher,1.5,0.5,0.5,,not_reached_on_tested_grid
1dbc920edffba9363b404b4e,Cp2_vs_Cp3__stability_plus_geometry,3e971f0bc08c8189f389,Cp2_vs_Cp3,stability_plus_geometry,fl3_entitled,discovery,joint_wild_cluster_rademacher,1.5,0.5,0.8,,not_reached_on_tested_grid
1dbc920edffba9363b404b4e,Cp2_vs_Cp3__stability_plus_geometry,3e971f0bc08c8189f389,Cp2_vs_Cp3,stability_plus_geometry,fl3_entitled,discovery,joint_wild_cluster_rademacher,1.5,0.5,0.9,,not_reached_on_tested_grid
1dbc920edffba9363b404b4e,Cp2_vs_Cp3__stability_plus_geometry,3e971f0bc08c8189f389,Cp2_vs_Cp3,stability_plus_geometry,fl3_entitled,discovery,joint_wild_cluster_rademacher,1.5,1.0,0.5,,not_reached_on_tested_grid
1dbc920edffba9363b404b4e,Cp2_vs_Cp3__stability_plus_geometry,3e971f0bc08c8189f389,Cp2_vs_Cp3,stability_plus_geometry,fl3_entitled,discovery,joint_wild_cluster_rademacher,1.5,1.0,0.8,,not_reached_on_tested_grid
1dbc920edffba9363b404b4e,Cp2_vs_Cp3__stability_plus_geometry,3e971f0bc08c8189f389,Cp2_vs_Cp3,stability_plus_geometry,fl3_entitled,discovery,joint_wild_cluster_rademacher,1.5,1.0,0.9,,not_reached_on_tested_grid
1dbc920edffba9363b404b4e,Cp2_vs_Cp3__stability_plus_geometry,3e971f0bc08c8189f389,Cp2_vs_Cp3,stability_plus_geometry,fl3_entitled,discovery,joint_wild_cluster_rademacher,2.0,0.0,0.5,,not_reached_on_tested_grid
1dbc920edffba9363b404b4e,Cp2_vs_Cp3__stability_plus_geometry,3e971f0bc08c8189f389,Cp2_vs_Cp3,stability_plus_geometry,fl3_entitled,discovery,joint_wild_cluster_rademacher,2.0,0.0,0.8,,not_reached_on_tested_grid
1dbc920edffba9363b404b4e,Cp2_vs_Cp3__stability_plus_geometry,3e971f0bc08c8189f389,Cp2_vs_Cp3,stability_plus_geometry,fl3_entitled,discovery,joint_wild_cluster_rademacher,2.0,0.0,0.9,,not_reached_on_tested_grid
1dbc920edffba9363b404b4e,Cp2_vs_Cp3__stability_plus_geometry,3e971f0bc08c8189f389,Cp2_vs_Cp3,stability_plus_geometry,fl3_entitled,discovery,joint_wild_cluster_rademacher,2.0,0.25,0.5,,not_reached_on_tested_grid
1dbc920edffba9363b404b4e,Cp2_vs_Cp3__stability_plus_geometry,3e971f0bc08c8189f389,Cp2_vs_Cp3,stability_plus_geometry,fl3_entitled,discovery,joint_wild_cluster_rademacher,2.0,0.25,0.8,,not_reached_on_tested_grid
1dbc920edffba9363b404b4e,Cp2_vs_Cp3__stability_plus_geometry,3e971f0bc08c8189f389,Cp2_vs_Cp3,stability_plus_geometry,fl3_entitled,discovery,joint_wild_cluster_rademacher,2.0,0.25,0.9,,not_reached_on_tested_grid
1dbc920edffba9363b404b4e,Cp2_vs_Cp3__stability_plus_geometry,3e971f0bc08c8189f389,Cp2_vs_Cp3,stability_plus_geometry,fl3_entitled,discovery,joint_wild_cluster_rademacher,2.0,0.5,0.5,,not_reached_on_tested_grid
1dbc920edffba9363b404b4e,Cp2_vs_Cp3__stability_plus_geometry,3e971f0bc08c8189f389,Cp2_vs_Cp3,stability_plus_geometry,fl3_entitled,discovery,joint_wild_cluster_rademacher,2.0,0.5,0.8,,not_reached_on_tested_grid
1dbc920edffba9363b404b4e,Cp2_vs_Cp3__stability_plus_geometry,3e971f0bc08c8189f389,Cp2_vs_Cp3,stability_plus_geometry,fl3_entitled,discovery,joint_wild_cluster_rademacher,2.0,0.5,0.9,,not_reached_on_tested_grid
1dbc920edffba9363b404b4e,Cp2_vs_Cp3__stability_plus_geometry,3e971f0bc08c8189f389,Cp2_vs_Cp3,stability_plus_geometry,fl3_entitled,discovery,joint_wild_cluster_rademacher,2.0,1.0,0.5,,not_reached_on_tested_grid
1dbc920edffba9363b404b4e,Cp2_vs_Cp3__stability_plus_geometry,3e971f0bc08c8189f389,Cp2_vs_Cp3,stability_plus_geometry,fl3_entitled,discovery,joint_wild_cluster_rademacher,2.0,1.0,0.8,,not_reached_on_tested_grid
1dbc920edffba9363b404b4e,Cp2_vs_Cp3__stability_plus_geometry,3e971f0bc08c8189f389,Cp2_vs_Cp3,stability_plus_geometry,fl3_entitled,discovery,joint_wild_cluster_rademacher,2.0,1.0,0.9,,not_reached_on_tested_grid
bfa569fbae807b7f50c3389f,C_vs_Cp2__stability_core_3,c683c10822cc59ae7587,C_vs_Cp2,stability_core_3,fl3_entitled,confirmation,joint_gaussian_regularized_cluster,0.0,0.0,0.5,,not_reached_on_tested_grid
bfa569fbae807b7f50c3389f,C_vs_Cp2__stability_core_3,c683c10822cc59ae7587,C_vs_Cp2,stability_core_3,fl3_entitled,confirmation,joint_gaussian_regularized_cluster,0.0,0.0,0.8,,not_reached_on_tested_grid
bfa569fbae807b7f50c3389f,C_vs_Cp2__stability_core_3,c683c10822cc59ae7587,C_vs_Cp2,stability_core_3,fl3_entitled,confirmation,joint_gaussian_regularized_cluster,0.0,0.0,0.9,,not_reached_on_tested_grid
bfa569fbae807b7f50c3389f,C_vs_Cp2__stability_core_3,c683c10822cc59ae7587,C_vs_Cp2,stability_core_3,fl3_entitled,confirmation,joint_gaussian_regularized_cluster,0.25,0.0,0.5,,not_reached_on_tested_grid
bfa569fbae807b7f50c3389f,C_vs_Cp2__stability_core_3,c683c10822cc59ae7587,C_vs_Cp2,stability_core_3,fl3_entitled,confirmation,joint_gaussian_regularized_cluster,0.25,0.0,0.8,,not_reached_on_tested_grid
bfa569fbae807b7f50c3389f,C_vs_Cp2__stability_core_3,c683c10822cc59ae7587,C_vs_Cp2,stability_core_3,fl3_entitled,confirmation,joint_gaussian_regularized_cluster,0.25,0.0,0.9,,not_reached_on_tested_grid
bfa569fbae807b7f50c3389f,C_vs_Cp2__stability_core_3,c683c10822cc59ae7587,C_vs_Cp2,stability_core_3,fl3_entitled,confirmation,joint_gaussian_regularized_cluster,0.25,0.25,0.5,,not_reached_on_tested_grid
bfa569fbae807b7f50c3389f,C_vs_Cp2__stability_core_3,c683c10822cc59ae7587,C_vs_Cp2,stability_core_3,fl3_entitled,confirmation,joint_gaussian_regularized_cluster,0.25,0.25,0.8,,not_reached_on_tested_grid
bfa569fbae807b7f50c3389f,C_vs_Cp2__stability_core_3,c683c10822cc59ae7587,C_vs_Cp2,stability_core_3,fl3_entitled,confirmation,joint_gaussian_regularized_cluster,0.25,0.25,0.9,,not_reached_on_tested_grid
bfa569fbae807b7f50c3389f,C_vs_Cp2__stability_core_3,c683c10822cc59ae7587,C_vs_Cp2,stability_core_3,fl3_entitled,confirmation,joint_gaussian_regularized_cluster,0.25,0.5,0.5,,not_reached_on_tested_grid
bfa569fbae807b7f50c3389f,C_vs_Cp2__stability_core_3,c683c10822cc59ae7587,C_vs_Cp2,stability_core_3,fl3_entitled,confirmation,joint_gaussian_regularized_cluster,0.25,0.5,0.8,,not_reached_on_tested_grid
bfa569fbae807b7f50c3389f,C_vs_Cp2__stability_core_3,c683c10822cc59ae7587,C_vs_Cp2,stability_core_3,fl3_entitled,confirmation,joint_gaussian_regularized_cluster,0.25,0.5,0.9,,not_reached_on_tested_grid
bfa569fbae807b7f50c3389f,C_vs_Cp2__stability_core_3,c683c10822cc59ae7587,C_vs_Cp2,stability_core_3,fl3_entitled,confirmation,joint_gaussian_regularized_cluster,0.25,1.0,0.5,,not_reached_on_tested_grid
bfa569fbae807b7f50c3389f,C_vs_Cp2__stability_core_3,c683c10822cc59ae7587,C_vs_Cp2,stability_core_3,fl3_entitled,confirmation,joint_gaussian_regularized_cluster,0.25,1.0,0.8,,not_reached_on_tested_grid
bfa569fbae807b7f50c3389f,C_vs_Cp2__stability_core_3,c683c10822cc59ae7587,C_vs_Cp2,stability_core_3,fl3_entitled,confirmation,joint_gaussian_regularized_cluster,0.25,1.0,0.9,,not_reached_on_tested_grid
bfa569fbae807b7f50c3389f,C_vs_Cp2__stability_core_3,c683c10822cc59ae7587,C_vs_Cp2,stability_core_3,fl3_entitled,confirmation,joint_gaussian_regularized_cluster,0.5,0.0,0.5,,not_reached_on_tested_grid
bfa569fbae807b7f50c3389f,C_vs_Cp2__stability_core_3,c683c10822cc59ae7587,C_vs_Cp2,stability_core_3,fl3_entitled,confirmation,joint_gaussian_regularized_cluster,0.5,0.0,0.8,,not_reached_on_tested_grid
bfa569fbae807b7f50c3389f,C_vs_Cp2__stability_core_3,c683c10822cc59ae7587,C_vs_Cp2,stability_core_3,fl3_entitled,confirmation,joint_gaussian_regularized_cluster,0.5,0.0,0.9,,not_reached_on_tested_grid
bfa569fbae807b7f50c3389f,C_vs_Cp2__stability_core_3,c683c10822cc59ae7587,C_vs_Cp2,stability_core_3,fl3_entitled,confirmation,joint_gaussian_regularized_cluster,0.5,0.25,0.5,,not_reached_on_tested_grid
bfa569fbae807b7f50c3389f,C_vs_Cp2__stability_core_3,c683c10822cc59ae7587,C_vs_Cp2,stability_core_3,fl3_entitled,confirmation,joint_gaussian_regularized_cluster,0.5,0.25,0.8,,not_reached_on_tested_grid
bfa569fbae807b7f50c3389f,C_vs_Cp2__stability_core_3,c683c10822cc59ae7587,C_vs_Cp2,stability_core_3,fl3_entitled,confirmation,joint_gaussian_regularized_cluster,0.5,0.25,0.9,,not_reached_on_tested_grid
bfa569fbae807b7f50c3389f,C_vs_Cp2__stability_core_3,c683c10822cc59ae7587,C_vs_Cp2,stability_core_3,fl3_entitled,confirmation,joint_gaussian_regularized_cluster,0.5,0.5,0.5,,not_reached_on_tested_grid
bfa569fbae807b7f50c3389f,C_vs_Cp2__stability_core_3,c683c10822cc59ae7587,C_vs_Cp2,stability_core_3,fl3_entitled,confirmation,joint_gaussian_regularized_cluster,0.5,0.5,0.8,,not_reached_on_tested_grid
bfa569fbae807b7f50c3389f,C_vs_Cp2__stability_core_3,c683c10822cc59ae7587,C_vs_Cp2,stability_core_3,fl3_entitled,confirmation,joint_gaussian_regularized_cluster,0.5,0.5,0.9,,not_reached_on_tested_grid
bfa569fbae807b7f50c3389f,C_vs_Cp2__stability_core_3,c683c10822cc59ae7587,C_vs_Cp2,stability_core_3,fl3_entitled,confirmation,joint_gaussian_regularized_cluster,0.5,1.0,0.5,,not_reached_on_tested_grid
bfa569fbae807b7f50c3389f,C_vs_Cp2__stability_core_3,c683c10822cc59ae7587,C_vs_Cp2,stability_core_3,fl3_entitled,confirmation,joint_gaussian_regularized_cluster,0.5,1.0,0.8,,not_reached_on_tested_grid
bfa569fbae807b7f50c3389f,C_vs_Cp2__stability_core_3,c683c10822cc59ae7587,C_vs_Cp2,stability_core_3,fl3_entitled,confirmation,joint_gaussian_regularized_cluster,0.5,1.0,0.9,,not_reached_on_tested_grid
bfa569fbae807b7f50c3389f,C_vs_Cp2__stability_core_3,c683c10822cc59ae7587,C_vs_Cp2,stability_core_3,fl3_entitled,confirmation,joint_gaussian_regularized_cluster,0.75,0.0,0.5,,not_reached_on_tested_grid
bfa569fbae807b7f50c3389f,C_vs_Cp2__stability_core_3,c683c10822cc59ae7587,C_vs_Cp2,stability_core_3,fl3_entitled,confirmation,joint_gaussian_regularized_cluster,0.75,0.0,0.8,,not_reached_on_tested_grid
bfa569fbae807b7f50c3389f,C_vs_Cp2__stability_core_3,c683c10822cc59ae7587,C_vs_Cp2,stability_core_3,fl3_entitled,confirmation,joint_gaussian_regularized_cluster,0.75,0.0,0.9,,not_reached_on_tested_grid
bfa569fbae807b7f50c3389f,C_vs_Cp2__stability_core_3,c683c10822cc59ae7587,C_vs_Cp2,stability_core_3,fl3_entitled,confirmation,joint_gaussian_regularized_cluster,0.75,0.25,0.5,,not_reached_on_tested_grid
bfa569fbae807b7f50c3389f,C_vs_Cp2__stability_core_3,c683c10822cc59ae7587,C_vs_Cp2,stability_core_3,fl3_entitled,confirmation,joint_gaussian_regularized_cluster,0.75,0.25,0.8,,not_reached_on_tested_grid
bfa569fbae807b7f50c3389f,C_vs_Cp2__stability_core_3,c683c10822cc59ae7587,C_vs_Cp2,stability_core_3,fl3_entitled,confirmation,joint_gaussian_regularized_cluster,0.75,0.25,0.9,,not_reached_on_tested_grid
bfa569fbae807b7f50c3389f,C_vs_Cp2__stability_core_3,c683c10822cc59ae7587,C_vs_Cp2,stability_core_3,fl3_entitled,confirmation,joint_gaussian_regularized_cluster,0.75,0.5,0.5,,not_reached_on_tested_grid
bfa569fbae807b7f50c3389f,C_vs_Cp2__stability_core_3,c683c10822cc59ae7587,C_vs_Cp2,stability_core_3,fl3_entitled,confirmation,joint_gaussian_regularized_cluster,0.75,0.5,0.8,,not_reached_on_tested_grid
bfa569fbae807b7f50c3389f,C_vs_Cp2__stability_core_3,c683c10822cc59ae7587,C_vs_Cp2,stability_core_3,fl3_entitled,confirmation,joint_gaussian_regularized_cluster,0.75,0.5,0.9,,not_reached_on_tested_grid
bfa569fbae807b7f50c3389f,C_vs_Cp2__stability_core_3,c683c10822cc59ae7587,C_vs_Cp2,stability_core_3,fl3_entitled,confirmation,joint_gaussian_regularized_cluster,0.75,1.0,0.5,,not_reached_on_tested_grid
bfa569fbae807b7f50c3389f,C_vs_Cp2__stability_core_3,c683c10822cc59ae7587,C_vs_Cp2,stability_core_3,fl3_entitled,confirmation,joint_gaussian_regularized_cluster,0.75,1.0,0.8,,not_reached_on_tested_grid
bfa569fbae807b7f50c3389f,C_vs_Cp2__stability_core_3,c683c10822cc59ae7587,C_vs_Cp2,stability_core_3,fl3_entitled,confirmation,joint_gaussian_regularized_cluster,0.75,1.0,0.9,,not_reached_on_tested_grid
bfa569fbae807b7f50c3389f,C_vs_Cp2__stability_core_3,c683c10822cc59ae7587,C_vs_Cp2,stability_core_3,fl3_entitled,confirmation,joint_gaussian_regularized_cluster,1.0,0.0,0.5,,not_reached_on_tested_grid
bfa569fbae807b7f50c3389f,C_vs_Cp2__stability_core_3,c683c10822cc59ae7587,C_vs_Cp2,stability_core_3,fl3_entitled,confirmation,joint_gaussian_regularized_cluster,1.0,0.0,0.8,,not_reached_on_tested_grid
bfa569fbae807b7f50c3389f,C_vs_Cp2__stability_core_3,c683c10822cc59ae7587,C_vs_Cp2,stability_core_3,fl3_entitled,confirmation,joint_gaussian_regularized_cluster,1.0,0.0,0.9,,not_reached_on_tested_grid
bfa569fbae807b7f50c3389f,C_vs_Cp2__stability_core_3,c683c10822cc59ae7587,C_vs_Cp2,stability_core_3,fl3_entitled,confirmation,joint_gaussian_regularized_cluster,1.0,0.25,0.5,,not_reached_on_tested_grid
bfa569fbae807b7f50c3389f,C_vs_Cp2__stability_core_3,c683c10822cc59ae7587,C_vs_Cp2,stability_core_3,fl3_entitled,confirmation,joint_gaussian_regularized_cluster,1.0,0.25,0.8,,not_reached_on_tested_grid
bfa569fbae807b7f50c3389f,C_vs_Cp2__stability_core_3,c683c10822cc59ae7587,C_vs_Cp2,stability_core_3,fl3_entitled,confirmation,joint_gaussian_regularized_cluster,1.0,0.25,0.9,,not_reached_on_tested_grid
bfa569fbae807b7f50c3389f,C_vs_Cp2__stability_core_3,c683c10822cc59ae7587,C_vs_Cp2,stability_core_3,fl3_entitled,confirmation,joint_gaussian_regularized_cluster,1.0,0.5,0.5,,not_reached_on_tested_grid
bfa569fbae807b7f50c3389f,C_vs_Cp2__stability_core_3,c683c10822cc59ae7587,C_vs_Cp2,stability_core_3,fl3_entitled,confirmation,joint_gaussian_regularized_cluster,1.0,0.5,0.8,,not_reached_on_tested_grid
bfa569fbae807b7f50c3389f,C_vs_Cp2__stability_core_3,c683c10822cc59ae7587,C_vs_Cp2,stability_core_3,fl3_entitled,confirmation,joint_gaussian_regularized_cluster,1.0,0.5,0.9,,not_reached_on_tested_grid
bfa569fbae807b7f50c3389f,C_vs_Cp2__stability_core_3,c683c10822cc59ae7587,C_vs_Cp2,stability_core_3,fl3_entitled,confirmation,joint_gaussian_regularized_cluster,1.0,1.0,0.5,,not_reached_on_tested_grid
bfa569fbae807b7f50c3389f,C_vs_Cp2__stability_core_3,c683c10822cc59ae7587,C_vs_Cp2,stability_core_3,fl3_entitled,confirmation,joint_gaussian_regularized_cluster,1.0,1.0,0.8,,not_reached_on_tested_grid
bfa569fbae807b7f50c3389f,C_vs_Cp2__stability_core_3,c683c10822cc59ae7587,C_vs_Cp2,stability_core_3,fl3_entitled,confirmation,joint_gaussian_regularized_cluster,1.0,1.0,0.9,,not_reached_on_tested_grid
bfa569fbae807b7f50c3389f,C_vs_Cp2__stability_core_3,c683c10822cc59ae7587,C_vs_Cp2,stability_core_3,fl3_entitled,confirmation,joint_gaussian_regularized_cluster,1.5,0.0,0.5,,not_reached_on_tested_grid
bfa569fbae807b7f50c3389f,C_vs_Cp2__stability_core_3,c683c10822cc59ae7587,C_vs_Cp2,stability_core_3,fl3_entitled,confirmation,joint_gaussian_regularized_cluster,1.5,0.0,0.8,,not_reached_on_tested_grid
bfa569fbae807b7f50c3389f,C_vs_Cp2__stability_core_3,c683c10822cc59ae7587,C_vs_Cp2,stability_core_3,fl3_entitled,confirmation,joint_gaussian_regularized_cluster,1.5,0.0,0.9,,not_reached_on_tested_grid
bfa569fbae807b7f50c3389f,C_vs_Cp2__stability_core_3,c683c10822cc59ae7587,C_vs_Cp2,stability_core_3,fl3_entitled,confirmation,joint_gaussian_regularized_cluster,1.5,0.25,0.5,,not_reached_on_tested_grid
bfa569fbae807b7f50c3389f,C_vs_Cp2__stability_core_3,c683c10822cc59ae7587,C_vs_Cp2,stability_core_3,fl3_entitled,confirmation,joint_gaussian_regularized_cluster,1.5,0.25,0.8,,not_reached_on_tested_grid
bfa569fbae807b7f50c3389f,C_vs_Cp2__stability_core_3,c683c10822cc59ae7587,C_vs_Cp2,stability_core_3,fl3_entitled,confirmation,joint_gaussian_regularized_cluster,1.5,0.25,0.9,,not_reached_on_tested_grid
bfa569fbae807b7f50c3389f,C_vs_Cp2__stability_core_3,c683c10822cc59ae7587,C_vs_Cp2,stability_core_3,fl3_entitled,confirmation,joint_gaussian_regularized_cluster,1.5,0.5,0.5,,not_reached_on_tested_grid
bfa569fbae807b7f50c3389f,C_vs_Cp2__stability_core_3,c683c10822cc59ae7587,C_vs_Cp2,stability_core_3,fl3_entitled,confirmation,joint_gaussian_regularized_cluster,1.5,0.5,0.8,,not_reached_on_tested_grid
bfa569fbae807b7f50c3389f,C_vs_Cp2__stability_core_3,c683c10822cc59ae7587,C_vs_Cp2,stability_core_3,fl3_entitled,confirmation,joint_gaussian_regularized_cluster,1.5,0.5,0.9,,not_reached_on_tested_grid
bfa569fbae807b7f50c3389f,C_vs_Cp2__stability_core_3,c683c10822cc59ae7587,C_vs_Cp2,stability_core_3,fl3_entitled,confirmation,joint_gaussian_regularized_cluster,1.5,1.0,0.5,,not_reached_on_tested_grid
bfa569fbae807b7f50c3389f,C_vs_Cp2__stability_core_3,c683c10822cc59ae7587,C_vs_Cp2,stability_core_3,fl3_entitled,confirmation,joint_gaussian_regularized_cluster,1.5,1.0,0.8,,not_reached_on_tested_grid
bfa569fbae807b7f50c3389f,C_vs_Cp2__stability_core_3,c683c10822cc59ae7587,C_vs_Cp2,stability_core_3,fl3_entitled,confirmation,joint_gaussian_regularized_cluster,1.5,1.0,0.9,,not_reached_on_tested_grid
bfa569fbae807b7f50c3389f,C_vs_Cp2__stability_core_3,c683c10822cc59ae7587,C_vs_Cp2,stability_core_3,fl3_entitled,confirmation,joint_gaussian_regularized_cluster,2.0,0.0,0.5,,not_reached_on_tested_grid
bfa569fbae807b7f50c3389f,C_vs_Cp2__stability_core_3,c683c10822cc59ae7587,C_vs_Cp2,stability_core_3,fl3_entitled,confirmation,joint_gaussian_regularized_cluster,2.0,0.0,0.8,,not_reached_on_tested_grid
bfa569fbae807b7f50c3389f,C_vs_Cp2__stability_core_3,c683c10822cc59ae7587,C_vs_Cp2,stability_core_3,fl3_entitled,confirmation,joint_gaussian_regularized_cluster,2.0,0.0,0.9,,not_reached_on_tested_grid
bfa569fbae807b7f50c3389f,C_vs_Cp2__stability_core_3,c683c10822cc59ae7587,C_vs_Cp2,stability_core_3,fl3_entitled,confirmation,joint_gaussian_regularized_cluster,2.0,0.25,0.5,,not_reached_on_tested_grid
bfa569fbae807b7f50c3389f,C_vs_Cp2__stability_core_3,c683c10822cc59ae7587,C_vs_Cp2,stability_core_3,fl3_entitled,confirmation,joint_gaussian_regularized_cluster,2.0,0.25,0.8,,not_reached_on_tested_grid
bfa569fbae807b7f50c3389f,C_vs_Cp2__stability_core_3,c683c10822cc59ae7587,C_vs_Cp2,stability_core_3,fl3_entitled,confirmation,joint_gaussian_regularized_cluster,2.0,0.25,0.9,,not_reached_on_tested_grid
bfa569fbae807b7f50c3389f,C_vs_Cp2__stability_core_3,c683c10822cc59ae7587,C_vs_Cp2,stability_core_3,fl3_entitled,confirmation,joint_gaussian_regularized_cluster,2.0,0.5,0.5,,not_reached_on_tested_grid
bfa569fbae807b7f50c3389f,C_vs_Cp2__stability_core_3,c683c10822cc59ae7587,C_vs_Cp2,stability_core_3,fl3_entitled,confirmation,joint_gaussian_regularized_cluster,2.0,0.5,0.8,,not_reached_on_tested_grid
bfa569fbae807b7f50c3389f,C_vs_Cp2__stability_core_3,c683c10822cc59ae7587,C_vs_Cp2,stability_core_3,fl3_entitled,confirmation,joint_gaussian_regularized_cluster,2.0,0.5,0.9,,not_reached_on_tested_grid
bfa569fbae807b7f50c3389f,C_vs_Cp2__stability_core_3,c683c10822cc59ae7587,C_vs_Cp2,stability_core_3,fl3_entitled,confirmation,joint_gaussian_regularized_cluster,2.0,1.0,0.5,,not_reached_on_tested_grid
bfa569fbae807b7f50c3389f,C_vs_Cp2__stability_core_3,c683c10822cc59ae7587,C_vs_Cp2,stability_core_3,fl3_entitled,confirmation,joint_gaussian_regularized_cluster,2.0,1.0,0.8,,not_reached_on_tested_grid
bfa569fbae807b7f50c3389f,C_vs_Cp2__stability_core_3,c683c10822cc59ae7587,C_vs_Cp2,stability_core_3,fl3_entitled,confirmation,joint_gaussian_regularized_cluster,2.0,1.0,0.9,,not_reached_on_tested_grid
bfa569fbae807b7f50c3389f,C_vs_Cp2__stability_core_3,c683c10822cc59ae7587,C_vs_Cp2,stability_core_3,fl3_entitled,confirmation,joint_wild_cluster_rademacher,0.0,0.0,0.5,,not_reached_on_tested_grid
bfa569fbae807b7f50c3389f,C_vs_Cp2__stability_core_3,c683c10822cc59ae7587,C_vs_Cp2,stability_core_3,fl3_entitled,confirmation,joint_wild_cluster_rademacher,0.0,0.0,0.8,,not_reached_on_tested_grid
bfa569fbae807b7f50c3389f,C_vs_Cp2__stability_core_3,c683c10822cc59ae7587,C_vs_Cp2,stability_core_3,fl3_entitled,confirmation,joint_wild_cluster_rademacher,0.0,0.0,0.9,,not_reached_on_tested_grid
bfa569fbae807b7f50c3389f,C_vs_Cp2__stability_core_3,c683c10822cc59ae7587,C_vs_Cp2,stability_core_3,fl3_entitled,confirmation,joint_wild_cluster_rademacher,0.25,0.0,0.5,,not_reached_on_tested_grid
bfa569fbae807b7f50c3389f,C_vs_Cp2__stability_core_3,c683c10822cc59ae7587,C_vs_Cp2,stability_core_3,fl3_entitled,confirmation,joint_wild_cluster_rademacher,0.25,0.0,0.8,,not_reached_on_tested_grid
bfa569fbae807b7f50c3389f,C_vs_Cp2__stability_core_3,c683c10822cc59ae7587,C_vs_Cp2,stability_core_3,fl3_entitled,confirmation,joint_wild_cluster_rademacher,0.25,0.0,0.9,,not_reached_on_tested_grid
bfa569fbae807b7f50c3389f,C_vs_Cp2__stability_core_3,c683c10822cc59ae7587,C_vs_Cp2,stability_core_3,fl3_entitled,confirmation,joint_wild_cluster_rademacher,0.25,0.25,0.5,,not_reached_on_tested_grid
bfa569fbae807b7f50c3389f,C_vs_Cp2__stability_core_3,c683c10822cc59ae7587,C_vs_Cp2,stability_core_3,fl3_entitled,confirmation,joint_wild_cluster_rademacher,0.25,0.25,0.8,,not_reached_on_tested_grid
bfa569fbae807b7f50c3389f,C_vs_Cp2__stability_core_3,c683c10822cc59ae7587,C_vs_Cp2,stability_core_3,fl3_entitled,confirmation,joint_wild_cluster_rademacher,0.25,0.25,0.9,,not_reached_on_tested_grid
bfa569fbae807b7f50c3389f,C_vs_Cp2__stability_core_3,c683c10822cc59ae7587,C_vs_Cp2,stability_core_3,fl3_entitled,confirmation,joint_wild_cluster_rademacher,0.25,0.5,0.5,,not_reached_on_tested_grid
bfa569fbae807b7f50c3389f,C_vs_Cp2__stability_core_3,c683c10822cc59ae7587,C_vs_Cp2,stability_core_3,fl3_entitled,confirmation,joint_wild_cluster_rademacher,0.25,0.5,0.8,,not_reached_on_tested_grid
bfa569fbae807b7f50c3389f,C_vs_Cp2__stability_core_3,c683c10822cc59ae7587,C_vs_Cp2,stability_core_3,fl3_entitled,confirmation,joint_wild_cluster_rademacher,0.25,0.5,0.9,,not_reached_on_tested_grid
bfa569fbae807b7f50c3389f,C_vs_Cp2__stability_core_3,c683c10822cc59ae7587,C_vs_Cp2,stability_core_3,fl3_entitled,confirmation,joint_wild_cluster_rademacher,0.25,1.0,0.5,,not_reached_on_tested_grid
bfa569fbae807b7f50c3389f,C_vs_Cp2__stability_core_3,c683c10822cc59ae7587,C_vs_Cp2,stability_core_3,fl3_entitled,confirmation,joint_wild_cluster_rademacher,0.25,1.0,0.8,,not_reached_on_tested_grid
bfa569fbae807b7f50c3389f,C_vs_Cp2__stability_core_3,c683c10822cc59ae7587,C_vs_Cp2,stability_core_3,fl3_entitled,confirmation,joint_wild_cluster_rademacher,0.25,1.0,0.9,,not_reached_on_tested_grid
bfa569fbae807b7f50c3389f,C_vs_Cp2__stability_core_3,c683c10822cc59ae7587,C_vs_Cp2,stability_core_3,fl3_entitled,confirmation,joint_wild_cluster_rademacher,0.5,0.0,0.5,,not_reached_on_tested_grid
bfa569fbae807b7f50c3389f,C_vs_Cp2__stability_core_3,c683c10822cc59ae7587,C_vs_Cp2,stability_core_3,fl3_entitled,confirmation,joint_wild_cluster_rademacher,0.5,0.0,0.8,,not_reached_on_tested_grid
bfa569fbae807b7f50c3389f,C_vs_Cp2__stability_core_3,c683c10822cc59ae7587,C_vs_Cp2,stability_core_3,fl3_entitled,confirmation,joint_wild_cluster_rademacher,0.5,0.0,0.9,,not_reached_on_tested_grid
bfa569fbae807b7f50c3389f,C_vs_Cp2__stability_core_3,c683c10822cc59ae7587,C_vs_Cp2,stability_core_3,fl3_entitled,confirmation,joint_wild_cluster_rademacher,0.5,0.25,0.5,,not_reached_on_tested_grid
bfa569fbae807b7f50c3389f,C_vs_Cp2__stability_core_3,c683c10822cc59ae7587,C_vs_Cp2,stability_core_3,fl3_entitled,confirmation,joint_wild_cluster_rademacher,0.5,0.25,0.8,,not_reached_on_tested_grid
bfa569fbae807b7f50c3389f,C_vs_Cp2__stability_core_3,c683c10822cc59ae7587,C_vs_Cp2,stability_core_3,fl3_entitled,confirmation,joint_wild_cluster_rademacher,0.5,0.25,0.9,,not_reached_on_tested_grid
bfa569fbae807b7f50c3389f,C_vs_Cp2__stability_core_3,c683c10822cc59ae7587,C_vs_Cp2,stability_core_3,fl3_entitled,confirmation,joint_wild_cluster_rademacher,0.5,0.5,0.5,,not_reached_on_tested_grid
bfa569fbae807b7f50c3389f,C_vs_Cp2__stability_core_3,c683c10822cc59ae7587,C_vs_Cp2,stability_core_3,fl3_entitled,confirmation,joint_wild_cluster_rademacher,0.5,0.5,0.8,,not_reached_on_tested_grid
bfa569fbae807b7f50c3389f,C_vs_Cp2__stability_core_3,c683c10822cc59ae7587,C_vs_Cp2,stability_core_3,fl3_entitled,confirmation,joint_wild_cluster_rademacher,0.5,0.5,0.9,,not_reached_on_tested_grid
bfa569fbae807b7f50c3389f,C_vs_Cp2__stability_core_3,c683c10822cc59ae7587,C_vs_Cp2,stability_core_3,fl3_entitled,confirmation,joint_wild_cluster_rademacher,0.5,1.0,0.5,,not_reached_on_tested_grid
bfa569fbae807b7f50c3389f,C_vs_Cp2__stability_core_3,c683c10822cc59ae7587,C_vs_Cp2,stability_core_3,fl3_entitled,confirmation,joint_wild_cluster_rademacher,0.5,1.0,0.8,,not_reached_on_tested_grid
bfa569fbae807b7f50c3389f,C_vs_Cp2__stability_core_3,c683c10822cc59ae7587,C_vs_Cp2,stability_core_3,fl3_entitled,confirmation,joint_wild_cluster_rademacher,0.5,1.0,0.9,,not_reached_on_tested_grid
bfa569fbae807b7f50c3389f,C_vs_Cp2__stability_core_3,c683c10822cc59ae7587,C_vs_Cp2,stability_core_3,fl3_entitled,confirmation,joint_wild_cluster_rademacher,0.75,0.0,0.5,,not_reached_on_tested_grid
bfa569fbae807b7f50c3389f,C_vs_Cp2__stability_core_3,c683c10822cc59ae7587,C_vs_Cp2,stability_core_3,fl3_entitled,confirmation,joint_wild_cluster_rademacher,0.75,0.0,0.8,,not_reached_on_tested_grid
bfa569fbae807b7f50c3389f,C_vs_Cp2__stability_core_3,c683c10822cc59ae7587,C_vs_Cp2,stability_core_3,fl3_entitled,confirmation,joint_wild_cluster_rademacher,0.75,0.0,0.9,,not_reached_on_tested_grid
bfa569fbae807b7f50c3389f,C_vs_Cp2__stability_core_3,c683c10822cc59ae7587,C_vs_Cp2,stability_core_3,fl3_entitled,confirmation,joint_wild_cluster_rademacher,0.75,0.25,0.5,,not_reached_on_tested_grid
bfa569fbae807b7f50c3389f,C_vs_Cp2__stability_core_3,c683c10822cc59ae7587,C_vs_Cp2,stability_core_3,fl3_entitled,confirmation,joint_wild_cluster_rademacher,0.75,0.25,0.8,,not_reached_on_tested_grid
bfa569fbae807b7f50c3389f,C_vs_Cp2__stability_core_3,c683c10822cc59ae7587,C_vs_Cp2,stability_core_3,fl3_entitled,confirmation,joint_wild_cluster_rademacher,0.75,0.25,0.9,,not_reached_on_tested_grid
bfa569fbae807b7f50c3389f,C_vs_Cp2__stability_core_3,c683c10822cc59ae7587,C_vs_Cp2,stability_core_3,fl3_entitled,confirmation,joint_wild_cluster_rademacher,0.75,0.5,0.5,,not_reached_on_tested_grid
bfa569fbae807b7f50c3389f,C_vs_Cp2__stability_core_3,c683c10822cc59ae7587,C_vs_Cp2,stability_core_3,fl3_entitled,confirmation,joint_wild_cluster_rademacher,0.75,0.5,0.8,,not_reached_on_tested_grid
bfa569fbae807b7f50c3389f,C_vs_Cp2__stability_core_3,c683c10822cc59ae7587,C_vs_Cp2,stability_core_3,fl3_entitled,confirmation,joint_wild_cluster_rademacher,0.75,0.5,0.9,,not_reached_on_tested_grid
bfa569fbae807b7f50c3389f,C_vs_Cp2__stability_core_3,c683c10822cc59ae7587,C_vs_Cp2,stability_core_3,fl3_entitled,confirmation,joint_wild_cluster_rademacher,0.75,1.0,0.5,,not_reached_on_tested_grid
bfa569fbae807b7f50c3389f,C_vs_Cp2__stability_core_3,c683c10822cc59ae7587,C_vs_Cp2,stability_core_3,fl3_entitled,confirmation,joint_wild_cluster_rademacher,0.75,1.0,0.8,,not_reached_on_tested_grid
bfa569fbae807b7f50c3389f,C_vs_Cp2__stability_core_3,c683c10822cc59ae7587,C_vs_Cp2,stability_core_3,fl3_entitled,confirmation,joint_wild_cluster_rademacher,0.75,1.0,0.9,,not_reached_on_tested_grid
bfa569fbae807b7f50c3389f,C_vs_Cp2__stability_core_3,c683c10822cc59ae7587,C_vs_Cp2,stability_core_3,fl3_entitled,confirmation,joint_wild_cluster_rademacher,1.0,0.0,0.5,,not_reached_on_tested_grid
bfa569fbae807b7f50c3389f,C_vs_Cp2__stability_core_3,c683c10822cc59ae7587,C_vs_Cp2,stability_core_3,fl3_entitled,confirmation,joint_wild_cluster_rademacher,1.0,0.0,0.8,,not_reached_on_tested_grid
bfa569fbae807b7f50c3389f,C_vs_Cp2__stability_core_3,c683c10822cc59ae7587,C_vs_Cp2,stability_core_3,fl3_entitled,confirmation,joint_wild_cluster_rademacher,1.0,0.0,0.9,,not_reached_on_tested_grid
bfa569fbae807b7f50c3389f,C_vs_Cp2__stability_core_3,c683c10822cc59ae7587,C_vs_Cp2,stability_core_3,fl3_entitled,confirmation,joint_wild_cluster_rademacher,1.0,0.25,0.5,,not_reached_on_tested_grid
bfa569fbae807b7f50c3389f,C_vs_Cp2__stability_core_3,c683c10822cc59ae7587,C_vs_Cp2,stability_core_3,fl3_entitled,confirmation,joint_wild_cluster_rademacher,1.0,0.25,0.8,,not_reached_on_tested_grid
bfa569fbae807b7f50c3389f,C_vs_Cp2__stability_core_3,c683c10822cc59ae7587,C_vs_Cp2,stability_core_3,fl3_entitled,confirmation,joint_wild_cluster_rademacher,1.0,0.25,0.9,,not_reached_on_tested_grid
bfa569fbae807b7f50c3389f,C_vs_Cp2__stability_core_3,c683c10822cc59ae7587,C_vs_Cp2,stability_core_3,fl3_entitled,confirmation,joint_wild_cluster_rademacher,1.0,0.5,0.5,,not_reached_on_tested_grid
bfa569fbae807b7f50c3389f,C_vs_Cp2__stability_core_3,c683c10822cc59ae7587,C_vs_Cp2,stability_core_3,fl3_entitled,confirmation,joint_wild_cluster_rademacher,1.0,0.5,0.8,,not_reached_on_tested_grid
bfa569fbae807b7f50c3389f,C_vs_Cp2__stability_core_3,c683c10822cc59ae7587,C_vs_Cp2,stability_core_3,fl3_entitled,confirmation,joint_wild_cluster_rademacher,1.0,0.5,0.9,,not_reached_on_tested_grid
bfa569fbae807b7f50c3389f,C_vs_Cp2__stability_core_3,c683c10822cc59ae7587,C_vs_Cp2,stability_core_3,fl3_entitled,confirmation,joint_wild_cluster_rademacher,1.0,1.0,0.5,,not_reached_on_tested_grid
bfa569fbae807b7f50c3389f,C_vs_Cp2__stability_core_3,c683c10822cc59ae7587,C_vs_Cp2,stability_core_3,fl3_entitled,confirmation,joint_wild_cluster_rademacher,1.0,1.0,0.8,,not_reached_on_tested_grid
bfa569fbae807b7f50c3389f,C_vs_Cp2__stability_core_3,c683c10822cc59ae7587,C_vs_Cp2,stability_core_3,fl3_entitled,confirmation,joint_wild_cluster_rademacher,1.0,1.0,0.9,,not_reached_on_tested_grid
bfa569fbae807b7f50c3389f,C_vs_Cp2__stability_core_3,c683c10822cc59ae7587,C_vs_Cp2,stability_core_3,fl3_entitled,confirmation,joint_wild_cluster_rademacher,1.5,0.0,0.5,,not_reached_on_tested_grid
bfa569fbae807b7f50c3389f,C_vs_Cp2__stability_core_3,c683c10822cc59ae7587,C_vs_Cp2,stability_core_3,fl3_entitled,confirmation,joint_wild_cluster_rademacher,1.5,0.0,0.8,,not_reached_on_tested_grid
bfa569fbae807b7f50c3389f,C_vs_Cp2__stability_core_3,c683c10822cc59ae7587,C_vs_Cp2,stability_core_3,fl3_entitled,confirmation,joint_wild_cluster_rademacher,1.5,0.0,0.9,,not_reached_on_tested_grid
bfa569fbae807b7f50c3389f,C_vs_Cp2__stability_core_3,c683c10822cc59ae7587,C_vs_Cp2,stability_core_3,fl3_entitled,confirmation,joint_wild_cluster_rademacher,1.5,0.25,0.5,,not_reached_on_tested_grid
bfa569fbae807b7f50c3389f,C_vs_Cp2__stability_core_3,c683c10822cc59ae7587,C_vs_Cp2,stability_core_3,fl3_entitled,confirmation,joint_wild_cluster_rademacher,1.5,0.25,0.8,,not_reached_on_tested_grid
bfa569fbae807b7f50c3389f,C_vs_Cp2__stability_core_3,c683c10822cc59ae7587,C_vs_Cp2,stability_core_3,fl3_entitled,confirmation,joint_wild_cluster_rademacher,1.5,0.25,0.9,,not_reached_on_tested_grid
bfa569fbae807b7f50c3389f,C_vs_Cp2__stability_core_3,c683c10822cc59ae7587,C_vs_Cp2,stability_core_3,fl3_entitled,confirmation,joint_wild_cluster_rademacher,1.5,0.5,0.5,,not_reached_on_tested_grid
bfa569fbae807b7f50c3389f,C_vs_Cp2__stability_core_3,c683c10822cc59ae7587,C_vs_Cp2,stability_core_3,fl3_entitled,confirmation,joint_wild_cluster_rademacher,1.5,0.5,0.8,,not_reached_on_tested_grid
bfa569fbae807b7f50c3389f,C_vs_Cp2__stability_core_3,c683c10822cc59ae7587,C_vs_Cp2,stability_core_3,fl3_entitled,confirmation,joint_wild_cluster_rademacher,1.5,0.5,0.9,,not_reached_on_tested_grid
bfa569fbae807b7f50c3389f,C_vs_Cp2__stability_core_3,c683c10822cc59ae7587,C_vs_Cp2,stability_core_3,fl3_entitled,confirmation,joint_wild_cluster_rademacher,1.5,1.0,0.5,,not_reached_on_tested_grid
bfa569fbae807b7f50c3389f,C_vs_Cp2__stability_core_3,c683c10822cc59ae7587,C_vs_Cp2,stability_core_3,fl3_entitled,confirmation,joint_wild_cluster_rademacher,1.5,1.0,0.8,,not_reached_on_tested_grid
bfa569fbae807b7f50c3389f,C_vs_Cp2__stability_core_3,c683c10822cc59ae7587,C_vs_Cp2,stability_core_3,fl3_entitled,confirmation,joint_wild_cluster_rademacher,1.5,1.0,0.9,,not_reached_on_tested_grid
bfa569fbae807b7f50c3389f,C_vs_Cp2__stability_core_3,c683c10822cc59ae7587,C_vs_Cp2,stability_core_3,fl3_entitled,confirmation,joint_wild_cluster_rademacher,2.0,0.0,0.5,,not_reached_on_tested_grid
bfa569fbae807b7f50c3389f,C_vs_Cp2__stability_core_3,c683c10822cc59ae7587,C_vs_Cp2,stability_core_3,fl3_entitled,confirmation,joint_wild_cluster_rademacher,2.0,0.0,0.8,,not_reached_on_tested_grid
bfa569fbae807b7f50c3389f,C_vs_Cp2__stability_core_3,c683c10822cc59ae7587,C_vs_Cp2,stability_core_3,fl3_entitled,confirmation,joint_wild_cluster_rademacher,2.0,0.0,0.9,,not_reached_on_tested_grid
bfa569fbae807b7f50c3389f,C_vs_Cp2__stability_core_3,c683c10822cc59ae7587,C_vs_Cp2,stability_core_3,fl3_entitled,confirmation,joint_wild_cluster_rademacher,2.0,0.25,0.5,,not_reached_on_tested_grid
bfa569fbae807b7f50c3389f,C_vs_Cp2__stability_core_3,c683c10822cc59ae7587,C_vs_Cp2,stability_core_3,fl3_entitled,confirmation,joint_wild_cluster_rademacher,2.0,0.25,0.8,,not_reached_on_tested_grid
bfa569fbae807b7f50c3389f,C_vs_Cp2__stability_core_3,c683c10822cc59ae7587,C_vs_Cp2,stability_core_3,fl3_entitled,confirmation,joint_wild_cluster_rademacher,2.0,0.25,0.9,,not_reached_on_tested_grid
bfa569fbae807b7f50c3389f,C_vs_Cp2__stability_core_3,c683c10822cc59ae7587,C_vs_Cp2,stability_core_3,fl3_entitled,confirmation,joint_wild_cluster_rademacher,2.0,0.5,0.5,,not_reached_on_tested_grid
bfa569fbae807b7f50c3389f,C_vs_Cp2__stability_core_3,c683c10822cc59ae7587,C_vs_Cp2,stability_core_3,fl3_entitled,confirmation,joint_wild_cluster_rademacher,2.0,0.5,0.8,,not_reached_on_tested_grid
bfa569fbae807b7f50c3389f,C_vs_Cp2__stability_core_3,c683c10822cc59ae7587,C_vs_Cp2,stability_core_3,fl3_entitled,confirmation,joint_wild_cluster_rademacher,2.0,0.5,0.9,,not_reached_on_tested_grid
bfa569fbae807b7f50c3389f,C_vs_Cp2__stability_core_3,c683c10822cc59ae7587,C_vs_Cp2,stability_core_3,fl3_entitled,confirmation,joint_wild_cluster_rademacher,2.0,1.0,0.5,,not_reached_on_tested_grid
bfa569fbae807b7f50c3389f,C_vs_Cp2__stability_core_3,c683c10822cc59ae7587,C_vs_Cp2,stability_core_3,fl3_entitled,confirmation,joint_wild_cluster_rademacher,2.0,1.0,0.8,,not_reached_on_tested_grid
bfa569fbae807b7f50c3389f,C_vs_Cp2__stability_core_3,c683c10822cc59ae7587,C_vs_Cp2,stability_core_3,fl3_entitled,confirmation,joint_wild_cluster_rademacher,2.0,1.0,0.9,,not_reached_on_tested_grid
bfa569fbae807b7f50c3389f,C_vs_Cp2__stability_core_3,c683c10822cc59ae7587,C_vs_Cp2,stability_core_3,fl3_entitled,discovery,joint_gaussian_regularized_cluster,0.0,0.0,0.5,,not_reached_on_tested_grid
bfa569fbae807b7f50c3389f,C_vs_Cp2__stability_core_3,c683c10822cc59ae7587,C_vs_Cp2,stability_core_3,fl3_entitled,discovery,joint_gaussian_regularized_cluster,0.0,0.0,0.8,,not_reached_on_tested_grid
bfa569fbae807b7f50c3389f,C_vs_Cp2__stability_core_3,c683c10822cc59ae7587,C_vs_Cp2,stability_core_3,fl3_entitled,discovery,joint_gaussian_regularized_cluster,0.0,0.0,0.9,,not_reached_on_tested_grid
bfa569fbae807b7f50c3389f,C_vs_Cp2__stability_core_3,c683c10822cc59ae7587,C_vs_Cp2,stability_core_3,fl3_entitled,discovery,joint_gaussian_regularized_cluster,0.25,0.0,0.5,,not_reached_on_tested_grid
bfa569fbae807b7f50c3389f,C_vs_Cp2__stability_core_3,c683c10822cc59ae7587,C_vs_Cp2,stability_core_3,fl3_entitled,discovery,joint_gaussian_regularized_cluster,0.25,0.0,0.8,,not_reached_on_tested_grid
bfa569fbae807b7f50c3389f,C_vs_Cp2__stability_core_3,c683c10822cc59ae7587,C_vs_Cp2,stability_core_3,fl3_entitled,discovery,joint_gaussian_regularized_cluster,0.25,0.0,0.9,,not_reached_on_tested_grid
bfa569fbae807b7f50c3389f,C_vs_Cp2__stability_core_3,c683c10822cc59ae7587,C_vs_Cp2,stability_core_3,fl3_entitled,discovery,joint_gaussian_regularized_cluster,0.25,0.25,0.5,,not_reached_on_tested_grid
bfa569fbae807b7f50c3389f,C_vs_Cp2__stability_core_3,c683c10822cc59ae7587,C_vs_Cp2,stability_core_3,fl3_entitled,discovery,joint_gaussian_regularized_cluster,0.25,0.25,0.8,,not_reached_on_tested_grid
bfa569fbae807b7f50c3389f,C_vs_Cp2__stability_core_3,c683c10822cc59ae7587,C_vs_Cp2,stability_core_3,fl3_entitled,discovery,joint_gaussian_regularized_cluster,0.25,0.25,0.9,,not_reached_on_tested_grid
bfa569fbae807b7f50c3389f,C_vs_Cp2__stability_core_3,c683c10822cc59ae7587,C_vs_Cp2,stability_core_3,fl3_entitled,discovery,joint_gaussian_regularized_cluster,0.25,0.5,0.5,,not_reached_on_tested_grid
bfa569fbae807b7f50c3389f,C_vs_Cp2__stability_core_3,c683c10822cc59ae7587,C_vs_Cp2,stability_core_3,fl3_entitled,discovery,joint_gaussian_regularized_cluster,0.25,0.5,0.8,,not_reached_on_tested_grid
bfa569fbae807b7f50c3389f,C_vs_Cp2__stability_core_3,c683c10822cc59ae7587,C_vs_Cp2,stability_core_3,fl3_entitled,discovery,joint_gaussian_regularized_cluster,0.25,0.5,0.9,,not_reached_on_tested_grid
bfa569fbae807b7f50c3389f,C_vs_Cp2__stability_core_3,c683c10822cc59ae7587,C_vs_Cp2,stability_core_3,fl3_entitled,discovery,joint_gaussian_regularized_cluster,0.25,1.0,0.5,,not_reached_on_tested_grid
bfa569fbae807b7f50c3389f,C_vs_Cp2__stability_core_3,c683c10822cc59ae7587,C_vs_Cp2,stability_core_3,fl3_entitled,discovery,joint_gaussian_regularized_cluster,0.25,1.0,0.8,,not_reached_on_tested_grid
bfa569fbae807b7f50c3389f,C_vs_Cp2__stability_core_3,c683c10822cc59ae7587,C_vs_Cp2,stability_core_3,fl3_entitled,discovery,joint_gaussian_regularized_cluster,0.25,1.0,0.9,,not_reached_on_tested_grid
bfa569fbae807b7f50c3389f,C_vs_Cp2__stability_core_3,c683c10822cc59ae7587,C_vs_Cp2,stability_core_3,fl3_entitled,discovery,joint_gaussian_regularized_cluster,0.5,0.0,0.5,,not_reached_on_tested_grid
bfa569fbae807b7f50c3389f,C_vs_Cp2__stability_core_3,c683c10822cc59ae7587,C_vs_Cp2,stability_core_3,fl3_entitled,discovery,joint_gaussian_regularized_cluster,0.5,0.0,0.8,,not_reached_on_tested_grid
bfa569fbae807b7f50c3389f,C_vs_Cp2__stability_core_3,c683c10822cc59ae7587,C_vs_Cp2,stability_core_3,fl3_entitled,discovery,joint_gaussian_regularized_cluster,0.5,0.0,0.9,,not_reached_on_tested_grid
bfa569fbae807b7f50c3389f,C_vs_Cp2__stability_core_3,c683c10822cc59ae7587,C_vs_Cp2,stability_core_3,fl3_entitled,discovery,joint_gaussian_regularized_cluster,0.5,0.25,0.5,,not_reached_on_tested_grid
bfa569fbae807b7f50c3389f,C_vs_Cp2__stability_core_3,c683c10822cc59ae7587,C_vs_Cp2,stability_core_3,fl3_entitled,discovery,joint_gaussian_regularized_cluster,0.5,0.25,0.8,,not_reached_on_tested_grid
bfa569fbae807b7f50c3389f,C_vs_Cp2__stability_core_3,c683c10822cc59ae7587,C_vs_Cp2,stability_core_3,fl3_entitled,discovery,joint_gaussian_regularized_cluster,0.5,0.25,0.9,,not_reached_on_tested_grid
bfa569fbae807b7f50c3389f,C_vs_Cp2__stability_core_3,c683c10822cc59ae7587,C_vs_Cp2,stability_core_3,fl3_entitled,discovery,joint_gaussian_regularized_cluster,0.5,0.5,0.5,,not_reached_on_tested_grid
bfa569fbae807b7f50c3389f,C_vs_Cp2__stability_core_3,c683c10822cc59ae7587,C_vs_Cp2,stability_core_3,fl3_entitled,discovery,joint_gaussian_regularized_cluster,0.5,0.5,0.8,,not_reached_on_tested_grid
bfa569fbae807b7f50c3389f,C_vs_Cp2__stability_core_3,c683c10822cc59ae7587,C_vs_Cp2,stability_core_3,fl3_entitled,discovery,joint_gaussian_regularized_cluster,0.5,0.5,0.9,,not_reached_on_tested_grid
bfa569fbae807b7f50c3389f,C_vs_Cp2__stability_core_3,c683c10822cc59ae7587,C_vs_Cp2,stability_core_3,fl3_entitled,discovery,joint_gaussian_regularized_cluster,0.5,1.0,0.5,,not_reached_on_tested_grid
bfa569fbae807b7f50c3389f,C_vs_Cp2__stability_core_3,c683c10822cc59ae7587,C_vs_Cp2,stability_core_3,fl3_entitled,discovery,joint_gaussian_regularized_cluster,0.5,1.0,0.8,,not_reached_on_tested_grid
bfa569fbae807b7f50c3389f,C_vs_Cp2__stability_core_3,c683c10822cc59ae7587,C_vs_Cp2,stability_core_3,fl3_entitled,discovery,joint_gaussian_regularized_cluster,0.5,1.0,0.9,,not_reached_on_tested_grid
bfa569fbae807b7f50c3389f,C_vs_Cp2__stability_core_3,c683c10822cc59ae7587,C_vs_Cp2,stability_core_3,fl3_entitled,discovery,joint_gaussian_regularized_cluster,0.75,0.0,0.5,,not_reached_on_tested_grid
bfa569fbae807b7f50c3389f,C_vs_Cp2__stability_core_3,c683c10822cc59ae7587,C_vs_Cp2,stability_core_3,fl3_entitled,discovery,joint_gaussian_regularized_cluster,0.75,0.0,0.8,,not_reached_on_tested_grid
bfa569fbae807b7f50c3389f,C_vs_Cp2__stability_core_3,c683c10822cc59ae7587,C_vs_Cp2,stability_core_3,fl3_entitled,discovery,joint_gaussian_regularized_cluster,0.75,0.0,0.9,,not_reached_on_tested_grid
bfa569fbae807b7f50c3389f,C_vs_Cp2__stability_core_3,c683c10822cc59ae7587,C_vs_Cp2,stability_core_3,fl3_entitled,discovery,joint_gaussian_regularized_cluster,0.75,0.25,0.5,,not_reached_on_tested_grid
bfa569fbae807b7f50c3389f,C_vs_Cp2__stability_core_3,c683c10822cc59ae7587,C_vs_Cp2,stability_core_3,fl3_entitled,discovery,joint_gaussian_regularized_cluster,0.75,0.25,0.8,,not_reached_on_tested_grid
bfa569fbae807b7f50c3389f,C_vs_Cp2__stability_core_3,c683c10822cc59ae7587,C_vs_Cp2,stability_core_3,fl3_entitled,discovery,joint_gaussian_regularized_cluster,0.75,0.25,0.9,,not_reached_on_tested_grid
bfa569fbae807b7f50c3389f,C_vs_Cp2__stability_core_3,c683c10822cc59ae7587,C_vs_Cp2,stability_core_3,fl3_entitled,discovery,joint_gaussian_regularized_cluster,0.75,0.5,0.5,,not_reached_on_tested_grid
bfa569fbae807b7f50c3389f,C_vs_Cp2__stability_core_3,c683c10822cc59ae7587,C_vs_Cp2,stability_core_3,fl3_entitled,discovery,joint_gaussian_regularized_cluster,0.75,0.5,0.8,,not_reached_on_tested_grid
bfa569fbae807b7f50c3389f,C_vs_Cp2__stability_core_3,c683c10822cc59ae7587,C_vs_Cp2,stability_core_3,fl3_entitled,discovery,joint_gaussian_regularized_cluster,0.75,0.5,0.9,,not_reached_on_tested_grid
bfa569fbae807b7f50c3389f,C_vs_Cp2__stability_core_3,c683c10822cc59ae7587,C_vs_Cp2,stability_core_3,fl3_entitled,discovery,joint_gaussian_regularized_cluster,0.75,1.0,0.5,,not_reached_on_tested_grid
bfa569fbae807b7f50c3389f,C_vs_Cp2__stability_core_3,c683c10822cc59ae7587,C_vs_Cp2,stability_core_3,fl3_entitled,discovery,joint_gaussian_regularized_cluster,0.75,1.0,0.8,,not_reached_on_tested_grid
bfa569fbae807b7f50c3389f,C_vs_Cp2__stability_core_3,c683c10822cc59ae7587,C_vs_Cp2,stability_core_3,fl3_entitled,discovery,joint_gaussian_regularized_cluster,0.75,1.0,0.9,,not_reached_on_tested_grid
bfa569fbae807b7f50c3389f,C_vs_Cp2__stability_core_3,c683c10822cc59ae7587,C_vs_Cp2,stability_core_3,fl3_entitled,discovery,joint_gaussian_regularized_cluster,1.0,0.0,0.5,,not_reached_on_tested_grid
bfa569fbae807b7f50c3389f,C_vs_Cp2__stability_core_3,c683c10822cc59ae7587,C_vs_Cp2,stability_core_3,fl3_entitled,discovery,joint_gaussian_regularized_cluster,1.0,0.0,0.8,,not_reached_on_tested_grid
bfa569fbae807b7f50c3389f,C_vs_Cp2__stability_core_3,c683c10822cc59ae7587,C_vs_Cp2,stability_core_3,fl3_entitled,discovery,joint_gaussian_regularized_cluster,1.0,0.0,0.9,,not_reached_on_tested_grid
bfa569fbae807b7f50c3389f,C_vs_Cp2__stability_core_3,c683c10822cc59ae7587,C_vs_Cp2,stability_core_3,fl3_entitled,discovery,joint_gaussian_regularized_cluster,1.0,0.25,0.5,,not_reached_on_tested_grid
bfa569fbae807b7f50c3389f,C_vs_Cp2__stability_core_3,c683c10822cc59ae7587,C_vs_Cp2,stability_core_3,fl3_entitled,discovery,joint_gaussian_regularized_cluster,1.0,0.25,0.8,,not_reached_on_tested_grid
bfa569fbae807b7f50c3389f,C_vs_Cp2__stability_core_3,c683c10822cc59ae7587,C_vs_Cp2,stability_core_3,fl3_entitled,discovery,joint_gaussian_regularized_cluster,1.0,0.25,0.9,,not_reached_on_tested_grid
bfa569fbae807b7f50c3389f,C_vs_Cp2__stability_core_3,c683c10822cc59ae7587,C_vs_Cp2,stability_core_3,fl3_entitled,discovery,joint_gaussian_regularized_cluster,1.0,0.5,0.5,,not_reached_on_tested_grid
bfa569fbae807b7f50c3389f,C_vs_Cp2__stability_core_3,c683c10822cc59ae7587,C_vs_Cp2,stability_core_3,fl3_entitled,discovery,joint_gaussian_regularized_cluster,1.0,0.5,0.8,,not_reached_on_tested_grid
bfa569fbae807b7f50c3389f,C_vs_Cp2__stability_core_3,c683c10822cc59ae7587,C_vs_Cp2,stability_core_3,fl3_entitled,discovery,joint_gaussian_regularized_cluster,1.0,0.5,0.9,,not_reached_on_tested_grid
bfa569fbae807b7f50c3389f,C_vs_Cp2__stability_core_3,c683c10822cc59ae7587,C_vs_Cp2,stability_core_3,fl3_entitled,discovery,joint_gaussian_regularized_cluster,1.0,1.0,0.5,,not_reached_on_tested_grid
bfa569fbae807b7f50c3389f,C_vs_Cp2__stability_core_3,c683c10822cc59ae7587,C_vs_Cp2,stability_core_3,fl3_entitled,discovery,joint_gaussian_regularized_cluster,1.0,1.0,0.8,,not_reached_on_tested_grid
bfa569fbae807b7f50c3389f,C_vs_Cp2__stability_core_3,c683c10822cc59ae7587,C_vs_Cp2,stability_core_3,fl3_entitled,discovery,joint_gaussian_regularized_cluster,1.0,1.0,0.9,,not_reached_on_tested_grid
bfa569fbae807b7f50c3389f,C_vs_Cp2__stability_core_3,c683c10822cc59ae7587,C_vs_Cp2,stability_core_3,fl3_entitled,discovery,joint_gaussian_regularized_cluster,1.5,0.0,0.5,,not_reached_on_tested_grid
bfa569fbae807b7f50c3389f,C_vs_Cp2__stability_core_3,c683c10822cc59ae7587,C_vs_Cp2,stability_core_3,fl3_entitled,discovery,joint_gaussian_regularized_cluster,1.5,0.0,0.8,,not_reached_on_tested_grid
bfa569fbae807b7f50c3389f,C_vs_Cp2__stability_core_3,c683c10822cc59ae7587,C_vs_Cp2,stability_core_3,fl3_entitled,discovery,joint_gaussian_regularized_cluster,1.5,0.0,0.9,,not_reached_on_tested_grid
bfa569fbae807b7f50c3389f,C_vs_Cp2__stability_core_3,c683c10822cc59ae7587,C_vs_Cp2,stability_core_3,fl3_entitled,discovery,joint_gaussian_regularized_cluster,1.5,0.25,0.5,,not_reached_on_tested_grid
bfa569fbae807b7f50c3389f,C_vs_Cp2__stability_core_3,c683c10822cc59ae7587,C_vs_Cp2,stability_core_3,fl3_entitled,discovery,joint_gaussian_regularized_cluster,1.5,0.25,0.8,,not_reached_on_tested_grid
bfa569fbae807b7f50c3389f,C_vs_Cp2__stability_core_3,c683c10822cc59ae7587,C_vs_Cp2,stability_core_3,fl3_entitled,discovery,joint_gaussian_regularized_cluster,1.5,0.25,0.9,,not_reached_on_tested_grid
bfa569fbae807b7f50c3389f,C_vs_Cp2__stability_core_3,c683c10822cc59ae7587,C_vs_Cp2,stability_core_3,fl3_entitled,discovery,joint_gaussian_regularized_cluster,1.5,0.5,0.5,,not_reached_on_tested_grid
bfa569fbae807b7f50c3389f,C_vs_Cp2__stability_core_3,c683c10822cc59ae7587,C_vs_Cp2,stability_core_3,fl3_entitled,discovery,joint_gaussian_regularized_cluster,1.5,0.5,0.8,,not_reached_on_tested_grid
bfa569fbae807b7f50c3389f,C_vs_Cp2__stability_core_3,c683c10822cc59ae7587,C_vs_Cp2,stability_core_3,fl3_entitled,discovery,joint_gaussian_regularized_cluster,1.5,0.5,0.9,,not_reached_on_tested_grid
bfa569fbae807b7f50c3389f,C_vs_Cp2__stability_core_3,c683c10822cc59ae7587,C_vs_Cp2,stability_core_3,fl3_entitled,discovery,joint_gaussian_regularized_cluster,1.5,1.0,0.5,,not_reached_on_tested_grid
bfa569fbae807b7f50c3389f,C_vs_Cp2__stability_core_3,c683c10822cc59ae7587,C_vs_Cp2,stability_core_3,fl3_entitled,discovery,joint_gaussian_regularized_cluster,1.5,1.0,0.8,,not_reached_on_tested_grid
bfa569fbae807b7f50c3389f,C_vs_Cp2__stability_core_3,c683c10822cc59ae7587,C_vs_Cp2,stability_core_3,fl3_entitled,discovery,joint_gaussian_regularized_cluster,1.5,1.0,0.9,,not_reached_on_tested_grid
bfa569fbae807b7f50c3389f,C_vs_Cp2__stability_core_3,c683c10822cc59ae7587,C_vs_Cp2,stability_core_3,fl3_entitled,discovery,joint_gaussian_regularized_cluster,2.0,0.0,0.5,,not_reached_on_tested_grid
bfa569fbae807b7f50c3389f,C_vs_Cp2__stability_core_3,c683c10822cc59ae7587,C_vs_Cp2,stability_core_3,fl3_entitled,discovery,joint_gaussian_regularized_cluster,2.0,0.0,0.8,,not_reached_on_tested_grid
bfa569fbae807b7f50c3389f,C_vs_Cp2__stability_core_3,c683c10822cc59ae7587,C_vs_Cp2,stability_core_3,fl3_entitled,discovery,joint_gaussian_regularized_cluster,2.0,0.0,0.9,,not_reached_on_tested_grid
bfa569fbae807b7f50c3389f,C_vs_Cp2__stability_core_3,c683c10822cc59ae7587,C_vs_Cp2,stability_core_3,fl3_entitled,discovery,joint_gaussian_regularized_cluster,2.0,0.25,0.5,,not_reached_on_tested_grid
bfa569fbae807b7f50c3389f,C_vs_Cp2__stability_core_3,c683c10822cc59ae7587,C_vs_Cp2,stability_core_3,fl3_entitled,discovery,joint_gaussian_regularized_cluster,2.0,0.25,0.8,,not_reached_on_tested_grid
bfa569fbae807b7f50c3389f,C_vs_Cp2__stability_core_3,c683c10822cc59ae7587,C_vs_Cp2,stability_core_3,fl3_entitled,discovery,joint_gaussian_regularized_cluster,2.0,0.25,0.9,,not_reached_on_tested_grid
bfa569fbae807b7f50c3389f,C_vs_Cp2__stability_core_3,c683c10822cc59ae7587,C_vs_Cp2,stability_core_3,fl3_entitled,discovery,joint_gaussian_regularized_cluster,2.0,0.5,0.5,,not_reached_on_tested_grid
bfa569fbae807b7f50c3389f,C_vs_Cp2__stability_core_3,c683c10822cc59ae7587,C_vs_Cp2,stability_core_3,fl3_entitled,discovery,joint_gaussian_regularized_cluster,2.0,0.5,0.8,,not_reached_on_tested_grid
bfa569fbae807b7f50c3389f,C_vs_Cp2__stability_core_3,c683c10822cc59ae7587,C_vs_Cp2,stability_core_3,fl3_entitled,discovery,joint_gaussian_regularized_cluster,2.0,0.5,0.9,,not_reached_on_tested_grid
bfa569fbae807b7f50c3389f,C_vs_Cp2__stability_core_3,c683c10822cc59ae7587,C_vs_Cp2,stability_core_3,fl3_entitled,discovery,joint_gaussian_regularized_cluster,2.0,1.0,0.5,,not_reached_on_tested_grid
bfa569fbae807b7f50c3389f,C_vs_Cp2__stability_core_3,c683c10822cc59ae7587,C_vs_Cp2,stability_core_3,fl3_entitled,discovery,joint_gaussian_regularized_cluster,2.0,1.0,0.8,,not_reached_on_tested_grid
bfa569fbae807b7f50c3389f,C_vs_Cp2__stability_core_3,c683c10822cc59ae7587,C_vs_Cp2,stability_core_3,fl3_entitled,discovery,joint_gaussian_regularized_cluster,2.0,1.0,0.9,,not_reached_on_tested_grid
bfa569fbae807b7f50c3389f,C_vs_Cp2__stability_core_3,c683c10822cc59ae7587,C_vs_Cp2,stability_core_3,fl3_entitled,discovery,joint_wild_cluster_rademacher,0.0,0.0,0.5,,not_reached_on_tested_grid
bfa569fbae807b7f50c3389f,C_vs_Cp2__stability_core_3,c683c10822cc59ae7587,C_vs_Cp2,stability_core_3,fl3_entitled,discovery,joint_wild_cluster_rademacher,0.0,0.0,0.8,,not_reached_on_tested_grid
bfa569fbae807b7f50c3389f,C_vs_Cp2__stability_core_3,c683c10822cc59ae7587,C_vs_Cp2,stability_core_3,fl3_entitled,discovery,joint_wild_cluster_rademacher,0.0,0.0,0.9,,not_reached_on_tested_grid
bfa569fbae807b7f50c3389f,C_vs_Cp2__stability_core_3,c683c10822cc59ae7587,C_vs_Cp2,stability_core_3,fl3_entitled,discovery,joint_wild_cluster_rademacher,0.25,0.0,0.5,,not_reached_on_tested_grid
bfa569fbae807b7f50c3389f,C_vs_Cp2__stability_core_3,c683c10822cc59ae7587,C_vs_Cp2,stability_core_3,fl3_entitled,discovery,joint_wild_cluster_rademacher,0.25,0.0,0.8,,not_reached_on_tested_grid
bfa569fbae807b7f50c3389f,C_vs_Cp2__stability_core_3,c683c10822cc59ae7587,C_vs_Cp2,stability_core_3,fl3_entitled,discovery,joint_wild_cluster_rademacher,0.25,0.0,0.9,,not_reached_on_tested_grid
bfa569fbae807b7f50c3389f,C_vs_Cp2__stability_core_3,c683c10822cc59ae7587,C_vs_Cp2,stability_core_3,fl3_entitled,discovery,joint_wild_cluster_rademacher,0.25,0.25,0.5,,not_reached_on_tested_grid
bfa569fbae807b7f50c3389f,C_vs_Cp2__stability_core_3,c683c10822cc59ae7587,C_vs_Cp2,stability_core_3,fl3_entitled,discovery,joint_wild_cluster_rademacher,0.25,0.25,0.8,,not_reached_on_tested_grid
bfa569fbae807b7f50c3389f,C_vs_Cp2__stability_core_3,c683c10822cc59ae7587,C_vs_Cp2,stability_core_3,fl3_entitled,discovery,joint_wild_cluster_rademacher,0.25,0.25,0.9,,not_reached_on_tested_grid
bfa569fbae807b7f50c3389f,C_vs_Cp2__stability_core_3,c683c10822cc59ae7587,C_vs_Cp2,stability_core_3,fl3_entitled,discovery,joint_wild_cluster_rademacher,0.25,0.5,0.5,,not_reached_on_tested_grid
bfa569fbae807b7f50c3389f,C_vs_Cp2__stability_core_3,c683c10822cc59ae7587,C_vs_Cp2,stability_core_3,fl3_entitled,discovery,joint_wild_cluster_rademacher,0.25,0.5,0.8,,not_reached_on_tested_grid
bfa569fbae807b7f50c3389f,C_vs_Cp2__stability_core_3,c683c10822cc59ae7587,C_vs_Cp2,stability_core_3,fl3_entitled,discovery,joint_wild_cluster_rademacher,0.25,0.5,0.9,,not_reached_on_tested_grid
bfa569fbae807b7f50c3389f,C_vs_Cp2__stability_core_3,c683c10822cc59ae7587,C_vs_Cp2,stability_core_3,fl3_entitled,discovery,joint_wild_cluster_rademacher,0.25,1.0,0.5,,not_reached_on_tested_grid
bfa569fbae807b7f50c3389f,C_vs_Cp2__stability_core_3,c683c10822cc59ae7587,C_vs_Cp2,stability_core_3,fl3_entitled,discovery,joint_wild_cluster_rademacher,0.25,1.0,0.8,,not_reached_on_tested_grid
bfa569fbae807b7f50c3389f,C_vs_Cp2__stability_core_3,c683c10822cc59ae7587,C_vs_Cp2,stability_core_3,fl3_entitled,discovery,joint_wild_cluster_rademacher,0.25,1.0,0.9,,not_reached_on_tested_grid
bfa569fbae807b7f50c3389f,C_vs_Cp2__stability_core_3,c683c10822cc59ae7587,C_vs_Cp2,stability_core_3,fl3_entitled,discovery,joint_wild_cluster_rademacher,0.5,0.0,0.5,,not_reached_on_tested_grid
bfa569fbae807b7f50c3389f,C_vs_Cp2__stability_core_3,c683c10822cc59ae7587,C_vs_Cp2,stability_core_3,fl3_entitled,discovery,joint_wild_cluster_rademacher,0.5,0.0,0.8,,not_reached_on_tested_grid
bfa569fbae807b7f50c3389f,C_vs_Cp2__stability_core_3,c683c10822cc59ae7587,C_vs_Cp2,stability_core_3,fl3_entitled,discovery,joint_wild_cluster_rademacher,0.5,0.0,0.9,,not_reached_on_tested_grid
bfa569fbae807b7f50c3389f,C_vs_Cp2__stability_core_3,c683c10822cc59ae7587,C_vs_Cp2,stability_core_3,fl3_entitled,discovery,joint_wild_cluster_rademacher,0.5,0.25,0.5,,not_reached_on_tested_grid
bfa569fbae807b7f50c3389f,C_vs_Cp2__stability_core_3,c683c10822cc59ae7587,C_vs_Cp2,stability_core_3,fl3_entitled,discovery,joint_wild_cluster_rademacher,0.5,0.25,0.8,,not_reached_on_tested_grid
bfa569fbae807b7f50c3389f,C_vs_Cp2__stability_core_3,c683c10822cc59ae7587,C_vs_Cp2,stability_core_3,fl3_entitled,discovery,joint_wild_cluster_rademacher,0.5,0.25,0.9,,not_reached_on_tested_grid
bfa569fbae807b7f50c3389f,C_vs_Cp2__stability_core_3,c683c10822cc59ae7587,C_vs_Cp2,stability_core_3,fl3_entitled,discovery,joint_wild_cluster_rademacher,0.5,0.5,0.5,,not_reached_on_tested_grid
bfa569fbae807b7f50c3389f,C_vs_Cp2__stability_core_3,c683c10822cc59ae7587,C_vs_Cp2,stability_core_3,fl3_entitled,discovery,joint_wild_cluster_rademacher,0.5,0.5,0.8,,not_reached_on_tested_grid
bfa569fbae807b7f50c3389f,C_vs_Cp2__stability_core_3,c683c10822cc59ae7587,C_vs_Cp2,stability_core_3,fl3_entitled,discovery,joint_wild_cluster_rademacher,0.5,0.5,0.9,,not_reached_on_tested_grid
bfa569fbae807b7f50c3389f,C_vs_Cp2__stability_core_3,c683c10822cc59ae7587,C_vs_Cp2,stability_core_3,fl3_entitled,discovery,joint_wild_cluster_rademacher,0.5,1.0,0.5,,not_reached_on_tested_grid
bfa569fbae807b7f50c3389f,C_vs_Cp2__stability_core_3,c683c10822cc59ae7587,C_vs_Cp2,stability_core_3,fl3_entitled,discovery,joint_wild_cluster_rademacher,0.5,1.0,0.8,,not_reached_on_tested_grid
bfa569fbae807b7f50c3389f,C_vs_Cp2__stability_core_3,c683c10822cc59ae7587,C_vs_Cp2,stability_core_3,fl3_entitled,discovery,joint_wild_cluster_rademacher,0.5,1.0,0.9,,not_reached_on_tested_grid
bfa569fbae807b7f50c3389f,C_vs_Cp2__stability_core_3,c683c10822cc59ae7587,C_vs_Cp2,stability_core_3,fl3_entitled,discovery,joint_wild_cluster_rademacher,0.75,0.0,0.5,,not_reached_on_tested_grid
bfa569fbae807b7f50c3389f,C_vs_Cp2__stability_core_3,c683c10822cc59ae7587,C_vs_Cp2,stability_core_3,fl3_entitled,discovery,joint_wild_cluster_rademacher,0.75,0.0,0.8,,not_reached_on_tested_grid
bfa569fbae807b7f50c3389f,C_vs_Cp2__stability_core_3,c683c10822cc59ae7587,C_vs_Cp2,stability_core_3,fl3_entitled,discovery,joint_wild_cluster_rademacher,0.75,0.0,0.9,,not_reached_on_tested_grid
bfa569fbae807b7f50c3389f,C_vs_Cp2__stability_core_3,c683c10822cc59ae7587,C_vs_Cp2,stability_core_3,fl3_entitled,discovery,joint_wild_cluster_rademacher,0.75,0.25,0.5,,not_reached_on_tested_grid
bfa569fbae807b7f50c3389f,C_vs_Cp2__stability_core_3,c683c10822cc59ae7587,C_vs_Cp2,stability_core_3,fl3_entitled,discovery,joint_wild_cluster_rademacher,0.75,0.25,0.8,,not_reached_on_tested_grid
bfa569fbae807b7f50c3389f,C_vs_Cp2__stability_core_3,c683c10822cc59ae7587,C_vs_Cp2,stability_core_3,fl3_entitled,discovery,joint_wild_cluster_rademacher,0.75,0.25,0.9,,not_reached_on_tested_grid
bfa569fbae807b7f50c3389f,C_vs_Cp2__stability_core_3,c683c10822cc59ae7587,C_vs_Cp2,stability_core_3,fl3_entitled,discovery,joint_wild_cluster_rademacher,0.75,0.5,0.5,,not_reached_on_tested_grid
bfa569fbae807b7f50c3389f,C_vs_Cp2__stability_core_3,c683c10822cc59ae7587,C_vs_Cp2,stability_core_3,fl3_entitled,discovery,joint_wild_cluster_rademacher,0.75,0.5,0.8,,not_reached_on_tested_grid
bfa569fbae807b7f50c3389f,C_vs_Cp2__stability_core_3,c683c10822cc59ae7587,C_vs_Cp2,stability_core_3,fl3_entitled,discovery,joint_wild_cluster_rademacher,0.75,0.5,0.9,,not_reached_on_tested_grid
bfa569fbae807b7f50c3389f,C_vs_Cp2__stability_core_3,c683c10822cc59ae7587,C_vs_Cp2,stability_core_3,fl3_entitled,discovery,joint_wild_cluster_rademacher,0.75,1.0,0.5,,not_reached_on_tested_grid
bfa569fbae807b7f50c3389f,C_vs_Cp2__stability_core_3,c683c10822cc59ae7587,C_vs_Cp2,stability_core_3,fl3_entitled,discovery,joint_wild_cluster_rademacher,0.75,1.0,0.8,,not_reached_on_tested_grid
bfa569fbae807b7f50c3389f,C_vs_Cp2__stability_core_3,c683c10822cc59ae7587,C_vs_Cp2,stability_core_3,fl3_entitled,discovery,joint_wild_cluster_rademacher,0.75,1.0,0.9,,not_reached_on_tested_grid
bfa569fbae807b7f50c3389f,C_vs_Cp2__stability_core_3,c683c10822cc59ae7587,C_vs_Cp2,stability_core_3,fl3_entitled,discovery,joint_wild_cluster_rademacher,1.0,0.0,0.5,,not_reached_on_tested_grid
bfa569fbae807b7f50c3389f,C_vs_Cp2__stability_core_3,c683c10822cc59ae7587,C_vs_Cp2,stability_core_3,fl3_entitled,discovery,joint_wild_cluster_rademacher,1.0,0.0,0.8,,not_reached_on_tested_grid
bfa569fbae807b7f50c3389f,C_vs_Cp2__stability_core_3,c683c10822cc59ae7587,C_vs_Cp2,stability_core_3,fl3_entitled,discovery,joint_wild_cluster_rademacher,1.0,0.0,0.9,,not_reached_on_tested_grid
bfa569fbae807b7f50c3389f,C_vs_Cp2__stability_core_3,c683c10822cc59ae7587,C_vs_Cp2,stability_core_3,fl3_entitled,discovery,joint_wild_cluster_rademacher,1.0,0.25,0.5,,not_reached_on_tested_grid
bfa569fbae807b7f50c3389f,C_vs_Cp2__stability_core_3,c683c10822cc59ae7587,C_vs_Cp2,stability_core_3,fl3_entitled,discovery,joint_wild_cluster_rademacher,1.0,0.25,0.8,,not_reached_on_tested_grid
bfa569fbae807b7f50c3389f,C_vs_Cp2__stability_core_3,c683c10822cc59ae7587,C_vs_Cp2,stability_core_3,fl3_entitled,discovery,joint_wild_cluster_rademacher,1.0,0.25,0.9,,not_reached_on_tested_grid
bfa569fbae807b7f50c3389f,C_vs_Cp2__stability_core_3,c683c10822cc59ae7587,C_vs_Cp2,stability_core_3,fl3_entitled,discovery,joint_wild_cluster_rademacher,1.0,0.5,0.5,,not_reached_on_tested_grid
bfa569fbae807b7f50c3389f,C_vs_Cp2__stability_core_3,c683c10822cc59ae7587,C_vs_Cp2,stability_core_3,fl3_entitled,discovery,joint_wild_cluster_rademacher,1.0,0.5,0.8,,not_reached_on_tested_grid
bfa569fbae807b7f50c3389f,C_vs_Cp2__stability_core_3,c683c10822cc59ae7587,C_vs_Cp2,stability_core_3,fl3_entitled,discovery,joint_wild_cluster_rademacher,1.0,0.5,0.9,,not_reached_on_tested_grid
bfa569fbae807b7f50c3389f,C_vs_Cp2__stability_core_3,c683c10822cc59ae7587,C_vs_Cp2,stability_core_3,fl3_entitled,discovery,joint_wild_cluster_rademacher,1.0,1.0,0.5,,not_reached_on_tested_grid
bfa569fbae807b7f50c3389f,C_vs_Cp2__stability_core_3,c683c10822cc59ae7587,C_vs_Cp2,stability_core_3,fl3_entitled,discovery,joint_wild_cluster_rademacher,1.0,1.0,0.8,,not_reached_on_tested_grid
bfa569fbae807b7f50c3389f,C_vs_Cp2__stability_core_3,c683c10822cc59ae7587,C_vs_Cp2,stability_core_3,fl3_entitled,discovery,joint_wild_cluster_rademacher,1.0,1.0,0.9,,not_reached_on_tested_grid
bfa569fbae807b7f50c3389f,C_vs_Cp2__stability_core_3,c683c10822cc59ae7587,C_vs_Cp2,stability_core_3,fl3_entitled,discovery,joint_wild_cluster_rademacher,1.5,0.0,0.5,,not_reached_on_tested_grid
bfa569fbae807b7f50c3389f,C_vs_Cp2__stability_core_3,c683c10822cc59ae7587,C_vs_Cp2,stability_core_3,fl3_entitled,discovery,joint_wild_cluster_rademacher,1.5,0.0,0.8,,not_reached_on_tested_grid
bfa569fbae807b7f50c3389f,C_vs_Cp2__stability_core_3,c683c10822cc59ae7587,C_vs_Cp2,stability_core_3,fl3_entitled,discovery,joint_wild_cluster_rademacher,1.5,0.0,0.9,,not_reached_on_tested_grid
bfa569fbae807b7f50c3389f,C_vs_Cp2__stability_core_3,c683c10822cc59ae7587,C_vs_Cp2,stability_core_3,fl3_entitled,discovery,joint_wild_cluster_rademacher,1.5,0.25,0.5,,not_reached_on_tested_grid
bfa569fbae807b7f50c3389f,C_vs_Cp2__stability_core_3,c683c10822cc59ae7587,C_vs_Cp2,stability_core_3,fl3_entitled,discovery,joint_wild_cluster_rademacher,1.5,0.25,0.8,,not_reached_on_tested_grid
bfa569fbae807b7f50c3389f,C_vs_Cp2__stability_core_3,c683c10822cc59ae7587,C_vs_Cp2,stability_core_3,fl3_entitled,discovery,joint_wild_cluster_rademacher,1.5,0.25,0.9,,not_reached_on_tested_grid
bfa569fbae807b7f50c3389f,C_vs_Cp2__stability_core_3,c683c10822cc59ae7587,C_vs_Cp2,stability_core_3,fl3_entitled,discovery,joint_wild_cluster_rademacher,1.5,0.5,0.5,,not_reached_on_tested_grid
bfa569fbae807b7f50c3389f,C_vs_Cp2__stability_core_3,c683c10822cc59ae7587,C_vs_Cp2,stability_core_3,fl3_entitled,discovery,joint_wild_cluster_rademacher,1.5,0.5,0.8,,not_reached_on_tested_grid
bfa569fbae807b7f50c3389f,C_vs_Cp2__stability_core_3,c683c10822cc59ae7587,C_vs_Cp2,stability_core_3,fl3_entitled,discovery,joint_wild_cluster_rademacher,1.5,0.5,0.9,,not_reached_on_tested_grid
bfa569fbae807b7f50c3389f,C_vs_Cp2__stability_core_3,c683c10822cc59ae7587,C_vs_Cp2,stability_core_3,fl3_entitled,discovery,joint_wild_cluster_rademacher,1.5,1.0,0.5,,not_reached_on_tested_grid
bfa569fbae807b7f50c3389f,C_vs_Cp2__stability_core_3,c683c10822cc59ae7587,C_vs_Cp2,stability_core_3,fl3_entitled,discovery,joint_wild_cluster_rademacher,1.5,1.0,0.8,,not_reached_on_tested_grid
bfa569fbae807b7f50c3389f,C_vs_Cp2__stability_core_3,c683c10822cc59ae7587,C_vs_Cp2,stability_core_3,fl3_entitled,discovery,joint_wild_cluster_rademacher,1.5,1.0,0.9,,not_reached_on_tested_grid
bfa569fbae807b7f50c3389f,C_vs_Cp2__stability_core_3,c683c10822cc59ae7587,C_vs_Cp2,stability_core_3,fl3_entitled,discovery,joint_wild_cluster_rademacher,2.0,0.0,0.5,,not_reached_on_tested_grid
bfa569fbae807b7f50c3389f,C_vs_Cp2__stability_core_3,c683c10822cc59ae7587,C_vs_Cp2,stability_core_3,fl3_entitled,discovery,joint_wild_cluster_rademacher,2.0,0.0,0.8,,not_reached_on_tested_grid
bfa569fbae807b7f50c3389f,C_vs_Cp2__stability_core_3,c683c10822cc59ae7587,C_vs_Cp2,stability_core_3,fl3_entitled,discovery,joint_wild_cluster_rademacher,2.0,0.0,0.9,,not_reached_on_tested_grid
bfa569fbae807b7f50c3389f,C_vs_Cp2__stability_core_3,c683c10822cc59ae7587,C_vs_Cp2,stability_core_3,fl3_entitled,discovery,joint_wild_cluster_rademacher,2.0,0.25,0.5,,not_reached_on_tested_grid
bfa569fbae807b7f50c3389f,C_vs_Cp2__stability_core_3,c683c10822cc59ae7587,C_vs_Cp2,stability_core_3,fl3_entitled,discovery,joint_wild_cluster_rademacher,2.0,0.25,0.8,,not_reached_on_tested_grid
bfa569fbae807b7f50c3389f,C_vs_Cp2__stability_core_3,c683c10822cc59ae7587,C_vs_Cp2,stability_core_3,fl3_entitled,discovery,joint_wild_cluster_rademacher,2.0,0.25,0.9,,not_reached_on_tested_grid
bfa569fbae807b7f50c3389f,C_vs_Cp2__stability_core_3,c683c10822cc59ae7587,C_vs_Cp2,stability_core_3,fl3_entitled,discovery,joint_wild_cluster_rademacher,2.0,0.5,0.5,,not_reached_on_tested_grid
bfa569fbae807b7f50c3389f,C_vs_Cp2__stability_core_3,c683c10822cc59ae7587,C_vs_Cp2,stability_core_3,fl3_entitled,discovery,joint_wild_cluster_rademacher,2.0,0.5,0.8,,not_reached_on_tested_grid
bfa569fbae807b7f50c3389f,C_vs_Cp2__stability_core_3,c683c10822cc59ae7587,C_vs_Cp2,stability_core_3,fl3_entitled,discovery,joint_wild_cluster_rademacher,2.0,0.5,0.9,,not_reached_on_tested_grid
bfa569fbae807b7f50c3389f,C_vs_Cp2__stability_core_3,c683c10822cc59ae7587,C_vs_Cp2,stability_core_3,fl3_entitled,discovery,joint_wild_cluster_rademacher,2.0,1.0,0.5,,not_reached_on_tested_grid
bfa569fbae807b7f50c3389f,C_vs_Cp2__stability_core_3,c683c10822cc59ae7587,C_vs_Cp2,stability_core_3,fl3_entitled,discovery,joint_wild_cluster_rademacher,2.0,1.0,0.8,,not_reached_on_tested_grid
bfa569fbae807b7f50c3389f,C_vs_Cp2__stability_core_3,c683c10822cc59ae7587,C_vs_Cp2,stability_core_3,fl3_entitled,discovery,joint_wild_cluster_rademacher,2.0,1.0,0.9,,not_reached_on_tested_grid
d10b3aec4edc47fefb2bd92f,C_vs_Cp3__geometry_scores_only,8eb760d133ac749e3327,C_vs_Cp3,geometry_scores_only,fl3_entitlement_capped,confirmation,joint_gaussian_regularized_cluster,0.0,0.0,0.5,,not_reached_on_tested_grid
d10b3aec4edc47fefb2bd92f,C_vs_Cp3__geometry_scores_only,8eb760d133ac749e3327,C_vs_Cp3,geometry_scores_only,fl3_entitlement_capped,confirmation,joint_gaussian_regularized_cluster,0.0,0.0,0.8,,not_reached_on_tested_grid
d10b3aec4edc47fefb2bd92f,C_vs_Cp3__geometry_scores_only,8eb760d133ac749e3327,C_vs_Cp3,geometry_scores_only,fl3_entitlement_capped,confirmation,joint_gaussian_regularized_cluster,0.0,0.0,0.9,,not_reached_on_tested_grid
d10b3aec4edc47fefb2bd92f,C_vs_Cp3__geometry_scores_only,8eb760d133ac749e3327,C_vs_Cp3,geometry_scores_only,fl3_entitlement_capped,confirmation,joint_gaussian_regularized_cluster,0.25,0.0,0.5,,not_reached_on_tested_grid
d10b3aec4edc47fefb2bd92f,C_vs_Cp3__geometry_scores_only,8eb760d133ac749e3327,C_vs_Cp3,geometry_scores_only,fl3_entitlement_capped,confirmation,joint_gaussian_regularized_cluster,0.25,0.0,0.8,,not_reached_on_tested_grid
d10b3aec4edc47fefb2bd92f,C_vs_Cp3__geometry_scores_only,8eb760d133ac749e3327,C_vs_Cp3,geometry_scores_only,fl3_entitlement_capped,confirmation,joint_gaussian_regularized_cluster,0.25,0.0,0.9,,not_reached_on_tested_grid
d10b3aec4edc47fefb2bd92f,C_vs_Cp3__geometry_scores_only,8eb760d133ac749e3327,C_vs_Cp3,geometry_scores_only,fl3_entitlement_capped,confirmation,joint_gaussian_regularized_cluster,0.25,0.25,0.5,,not_reached_on_tested_grid
d10b3aec4edc47fefb2bd92f,C_vs_Cp3__geometry_scores_only,8eb760d133ac749e3327,C_vs_Cp3,geometry_scores_only,fl3_entitlement_capped,confirmation,joint_gaussian_regularized_cluster,0.25,0.25,0.8,,not_reached_on_tested_grid
d10b3aec4edc47fefb2bd92f,C_vs_Cp3__geometry_scores_only,8eb760d133ac749e3327,C_vs_Cp3,geometry_scores_only,fl3_entitlement_capped,confirmation,joint_gaussian_regularized_cluster,0.25,0.25,0.9,,not_reached_on_tested_grid
d10b3aec4edc47fefb2bd92f,C_vs_Cp3__geometry_scores_only,8eb760d133ac749e3327,C_vs_Cp3,geometry_scores_only,fl3_entitlement_capped,confirmation,joint_gaussian_regularized_cluster,0.25,0.5,0.5,,not_reached_on_tested_grid
d10b3aec4edc47fefb2bd92f,C_vs_Cp3__geometry_scores_only,8eb760d133ac749e3327,C_vs_Cp3,geometry_scores_only,fl3_entitlement_capped,confirmation,joint_gaussian_regularized_cluster,0.25,0.5,0.8,,not_reached_on_tested_grid
d10b3aec4edc47fefb2bd92f,C_vs_Cp3__geometry_scores_only,8eb760d133ac749e3327,C_vs_Cp3,geometry_scores_only,fl3_entitlement_capped,confirmation,joint_gaussian_regularized_cluster,0.25,0.5,0.9,,not_reached_on_tested_grid
d10b3aec4edc47fefb2bd92f,C_vs_Cp3__geometry_scores_only,8eb760d133ac749e3327,C_vs_Cp3,geometry_scores_only,fl3_entitlement_capped,confirmation,joint_gaussian_regularized_cluster,0.25,1.0,0.5,,not_reached_on_tested_grid
d10b3aec4edc47fefb2bd92f,C_vs_Cp3__geometry_scores_only,8eb760d133ac749e3327,C_vs_Cp3,geometry_scores_only,fl3_entitlement_capped,confirmation,joint_gaussian_regularized_cluster,0.25,1.0,0.8,,not_reached_on_tested_grid
d10b3aec4edc47fefb2bd92f,C_vs_Cp3__geometry_scores_only,8eb760d133ac749e3327,C_vs_Cp3,geometry_scores_only,fl3_entitlement_capped,confirmation,joint_gaussian_regularized_cluster,0.25,1.0,0.9,,not_reached_on_tested_grid
d10b3aec4edc47fefb2bd92f,C_vs_Cp3__geometry_scores_only,8eb760d133ac749e3327,C_vs_Cp3,geometry_scores_only,fl3_entitlement_capped,confirmation,joint_gaussian_regularized_cluster,0.5,0.0,0.5,,not_reached_on_tested_grid
d10b3aec4edc47fefb2bd92f,C_vs_Cp3__geometry_scores_only,8eb760d133ac749e3327,C_vs_Cp3,geometry_scores_only,fl3_entitlement_capped,confirmation,joint_gaussian_regularized_cluster,0.5,0.0,0.8,,not_reached_on_tested_grid
d10b3aec4edc47fefb2bd92f,C_vs_Cp3__geometry_scores_only,8eb760d133ac749e3327,C_vs_Cp3,geometry_scores_only,fl3_entitlement_capped,confirmation,joint_gaussian_regularized_cluster,0.5,0.0,0.9,,not_reached_on_tested_grid
d10b3aec4edc47fefb2bd92f,C_vs_Cp3__geometry_scores_only,8eb760d133ac749e3327,C_vs_Cp3,geometry_scores_only,fl3_entitlement_capped,confirmation,joint_gaussian_regularized_cluster,0.5,0.25,0.5,,not_reached_on_tested_grid
d10b3aec4edc47fefb2bd92f,C_vs_Cp3__geometry_scores_only,8eb760d133ac749e3327,C_vs_Cp3,geometry_scores_only,fl3_entitlement_capped,confirmation,joint_gaussian_regularized_cluster,0.5,0.25,0.8,,not_reached_on_tested_grid
d10b3aec4edc47fefb2bd92f,C_vs_Cp3__geometry_scores_only,8eb760d133ac749e3327,C_vs_Cp3,geometry_scores_only,fl3_entitlement_capped,confirmation,joint_gaussian_regularized_cluster,0.5,0.25,0.9,,not_reached_on_tested_grid
d10b3aec4edc47fefb2bd92f,C_vs_Cp3__geometry_scores_only,8eb760d133ac749e3327,C_vs_Cp3,geometry_scores_only,fl3_entitlement_capped,confirmation,joint_gaussian_regularized_cluster,0.5,0.5,0.5,,not_reached_on_tested_grid
d10b3aec4edc47fefb2bd92f,C_vs_Cp3__geometry_scores_only,8eb760d133ac749e3327,C_vs_Cp3,geometry_scores_only,fl3_entitlement_capped,confirmation,joint_gaussian_regularized_cluster,0.5,0.5,0.8,,not_reached_on_tested_grid
d10b3aec4edc47fefb2bd92f,C_vs_Cp3__geometry_scores_only,8eb760d133ac749e3327,C_vs_Cp3,geometry_scores_only,fl3_entitlement_capped,confirmation,joint_gaussian_regularized_cluster,0.5,0.5,0.9,,not_reached_on_tested_grid
d10b3aec4edc47fefb2bd92f,C_vs_Cp3__geometry_scores_only,8eb760d133ac749e3327,C_vs_Cp3,geometry_scores_only,fl3_entitlement_capped,confirmation,joint_gaussian_regularized_cluster,0.5,1.0,0.5,,not_reached_on_tested_grid
d10b3aec4edc47fefb2bd92f,C_vs_Cp3__geometry_scores_only,8eb760d133ac749e3327,C_vs_Cp3,geometry_scores_only,fl3_entitlement_capped,confirmation,joint_gaussian_regularized_cluster,0.5,1.0,0.8,,not_reached_on_tested_grid
d10b3aec4edc47fefb2bd92f,C_vs_Cp3__geometry_scores_only,8eb760d133ac749e3327,C_vs_Cp3,geometry_scores_only,fl3_entitlement_capped,confirmation,joint_gaussian_regularized_cluster,0.5,1.0,0.9,,not_reached_on_tested_grid
d10b3aec4edc47fefb2bd92f,C_vs_Cp3__geometry_scores_only,8eb760d133ac749e3327,C_vs_Cp3,geometry_scores_only,fl3_entitlement_capped,confirmation,joint_gaussian_regularized_cluster,0.75,0.0,0.5,,not_reached_on_tested_grid
d10b3aec4edc47fefb2bd92f,C_vs_Cp3__geometry_scores_only,8eb760d133ac749e3327,C_vs_Cp3,geometry_scores_only,fl3_entitlement_capped,confirmation,joint_gaussian_regularized_cluster,0.75,0.0,0.8,,not_reached_on_tested_grid
d10b3aec4edc47fefb2bd92f,C_vs_Cp3__geometry_scores_only,8eb760d133ac749e3327,C_vs_Cp3,geometry_scores_only,fl3_entitlement_capped,confirmation,joint_gaussian_regularized_cluster,0.75,0.0,0.9,,not_reached_on_tested_grid
d10b3aec4edc47fefb2bd92f,C_vs_Cp3__geometry_scores_only,8eb760d133ac749e3327,C_vs_Cp3,geometry_scores_only,fl3_entitlement_capped,confirmation,joint_gaussian_regularized_cluster,0.75,0.25,0.5,,not_reached_on_tested_grid
d10b3aec4edc47fefb2bd92f,C_vs_Cp3__geometry_scores_only,8eb760d133ac749e3327,C_vs_Cp3,geometry_scores_only,fl3_entitlement_capped,confirmation,joint_gaussian_regularized_cluster,0.75,0.25,0.8,,not_reached_on_tested_grid
d10b3aec4edc47fefb2bd92f,C_vs_Cp3__geometry_scores_only,8eb760d133ac749e3327,C_vs_Cp3,geometry_scores_only,fl3_entitlement_capped,confirmation,joint_gaussian_regularized_cluster,0.75,0.25,0.9,,not_reached_on_tested_grid
d10b3aec4edc47fefb2bd92f,C_vs_Cp3__geometry_scores_only,8eb760d133ac749e3327,C_vs_Cp3,geometry_scores_only,fl3_entitlement_capped,confirmation,joint_gaussian_regularized_cluster,0.75,0.5,0.5,,not_reached_on_tested_grid
d10b3aec4edc47fefb2bd92f,C_vs_Cp3__geometry_scores_only,8eb760d133ac749e3327,C_vs_Cp3,geometry_scores_only,fl3_entitlement_capped,confirmation,joint_gaussian_regularized_cluster,0.75,0.5,0.8,,not_reached_on_tested_grid
d10b3aec4edc47fefb2bd92f,C_vs_Cp3__geometry_scores_only,8eb760d133ac749e3327,C_vs_Cp3,geometry_scores_only,fl3_entitlement_capped,confirmation,joint_gaussian_regularized_cluster,0.75,0.5,0.9,,not_reached_on_tested_grid
d10b3aec4edc47fefb2bd92f,C_vs_Cp3__geometry_scores_only,8eb760d133ac749e3327,C_vs_Cp3,geometry_scores_only,fl3_entitlement_capped,confirmation,joint_gaussian_regularized_cluster,0.75,1.0,0.5,,not_reached_on_tested_grid
d10b3aec4edc47fefb2bd92f,C_vs_Cp3__geometry_scores_only,8eb760d133ac749e3327,C_vs_Cp3,geometry_scores_only,fl3_entitlement_capped,confirmation,joint_gaussian_regularized_cluster,0.75,1.0,0.8,,not_reached_on_tested_grid
d10b3aec4edc47fefb2bd92f,C_vs_Cp3__geometry_scores_only,8eb760d133ac749e3327,C_vs_Cp3,geometry_scores_only,fl3_entitlement_capped,confirmation,joint_gaussian_regularized_cluster,0.75,1.0,0.9,,not_reached_on_tested_grid
d10b3aec4edc47fefb2bd92f,C_vs_Cp3__geometry_scores_only,8eb760d133ac749e3327,C_vs_Cp3,geometry_scores_only,fl3_entitlement_capped,confirmation,joint_gaussian_regularized_cluster,1.0,0.0,0.5,,not_reached_on_tested_grid
d10b3aec4edc47fefb2bd92f,C_vs_Cp3__geometry_scores_only,8eb760d133ac749e3327,C_vs_Cp3,geometry_scores_only,fl3_entitlement_capped,confirmation,joint_gaussian_regularized_cluster,1.0,0.0,0.8,,not_reached_on_tested_grid
d10b3aec4edc47fefb2bd92f,C_vs_Cp3__geometry_scores_only,8eb760d133ac749e3327,C_vs_Cp3,geometry_scores_only,fl3_entitlement_capped,confirmation,joint_gaussian_regularized_cluster,1.0,0.0,0.9,,not_reached_on_tested_grid
d10b3aec4edc47fefb2bd92f,C_vs_Cp3__geometry_scores_only,8eb760d133ac749e3327,C_vs_Cp3,geometry_scores_only,fl3_entitlement_capped,confirmation,joint_gaussian_regularized_cluster,1.0,0.25,0.5,,not_reached_on_tested_grid
d10b3aec4edc47fefb2bd92f,C_vs_Cp3__geometry_scores_only,8eb760d133ac749e3327,C_vs_Cp3,geometry_scores_only,fl3_entitlement_capped,confirmation,joint_gaussian_regularized_cluster,1.0,0.25,0.8,,not_reached_on_tested_grid
d10b3aec4edc47fefb2bd92f,C_vs_Cp3__geometry_scores_only,8eb760d133ac749e3327,C_vs_Cp3,geometry_scores_only,fl3_entitlement_capped,confirmation,joint_gaussian_regularized_cluster,1.0,0.25,0.9,,not_reached_on_tested_grid
d10b3aec4edc47fefb2bd92f,C_vs_Cp3__geometry_scores_only,8eb760d133ac749e3327,C_vs_Cp3,geometry_scores_only,fl3_entitlement_capped,confirmation,joint_gaussian_regularized_cluster,1.0,0.5,0.5,,not_reached_on_tested_grid
d10b3aec4edc47fefb2bd92f,C_vs_Cp3__geometry_scores_only,8eb760d133ac749e3327,C_vs_Cp3,geometry_scores_only,fl3_entitlement_capped,confirmation,joint_gaussian_regularized_cluster,1.0,0.5,0.8,,not_reached_on_tested_grid
d10b3aec4edc47fefb2bd92f,C_vs_Cp3__geometry_scores_only,8eb760d133ac749e3327,C_vs_Cp3,geometry_scores_only,fl3_entitlement_capped,confirmation,joint_gaussian_regularized_cluster,1.0,0.5,0.9,,not_reached_on_tested_grid
d10b3aec4edc47fefb2bd92f,C_vs_Cp3__geometry_scores_only,8eb760d133ac749e3327,C_vs_Cp3,geometry_scores_only,fl3_entitlement_capped,confirmation,joint_gaussian_regularized_cluster,1.0,1.0,0.5,,not_reached_on_tested_grid
d10b3aec4edc47fefb2bd92f,C_vs_Cp3__geometry_scores_only,8eb760d133ac749e3327,C_vs_Cp3,geometry_scores_only,fl3_entitlement_capped,confirmation,joint_gaussian_regularized_cluster,1.0,1.0,0.8,,not_reached_on_tested_grid
d10b3aec4edc47fefb2bd92f,C_vs_Cp3__geometry_scores_only,8eb760d133ac749e3327,C_vs_Cp3,geometry_scores_only,fl3_entitlement_capped,confirmation,joint_gaussian_regularized_cluster,1.0,1.0,0.9,,not_reached_on_tested_grid
d10b3aec4edc47fefb2bd92f,C_vs_Cp3__geometry_scores_only,8eb760d133ac749e3327,C_vs_Cp3,geometry_scores_only,fl3_entitlement_capped,confirmation,joint_gaussian_regularized_cluster,1.5,0.0,0.5,,not_reached_on_tested_grid
d10b3aec4edc47fefb2bd92f,C_vs_Cp3__geometry_scores_only,8eb760d133ac749e3327,C_vs_Cp3,geometry_scores_only,fl3_entitlement_capped,confirmation,joint_gaussian_regularized_cluster,1.5,0.0,0.8,,not_reached_on_tested_grid
d10b3aec4edc47fefb2bd92f,C_vs_Cp3__geometry_scores_only,8eb760d133ac749e3327,C_vs_Cp3,geometry_scores_only,fl3_entitlement_capped,confirmation,joint_gaussian_regularized_cluster,1.5,0.0,0.9,,not_reached_on_tested_grid
d10b3aec4edc47fefb2bd92f,C_vs_Cp3__geometry_scores_only,8eb760d133ac749e3327,C_vs_Cp3,geometry_scores_only,fl3_entitlement_capped,confirmation,joint_gaussian_regularized_cluster,1.5,0.25,0.5,,not_reached_on_tested_grid
d10b3aec4edc47fefb2bd92f,C_vs_Cp3__geometry_scores_only,8eb760d133ac749e3327,C_vs_Cp3,geometry_scores_only,fl3_entitlement_capped,confirmation,joint_gaussian_regularized_cluster,1.5,0.25,0.8,,not_reached_on_tested_grid
d10b3aec4edc47fefb2bd92f,C_vs_Cp3__geometry_scores_only,8eb760d133ac749e3327,C_vs_Cp3,geometry_scores_only,fl3_entitlement_capped,confirmation,joint_gaussian_regularized_cluster,1.5,0.25,0.9,,not_reached_on_tested_grid
d10b3aec4edc47fefb2bd92f,C_vs_Cp3__geometry_scores_only,8eb760d133ac749e3327,C_vs_Cp3,geometry_scores_only,fl3_entitlement_capped,confirmation,joint_gaussian_regularized_cluster,1.5,0.5,0.5,,not_reached_on_tested_grid
d10b3aec4edc47fefb2bd92f,C_vs_Cp3__geometry_scores_only,8eb760d133ac749e3327,C_vs_Cp3,geometry_scores_only,fl3_entitlement_capped,confirmation,joint_gaussian_regularized_cluster,1.5,0.5,0.8,,not_reached_on_tested_grid
d10b3aec4edc47fefb2bd92f,C_vs_Cp3__geometry_scores_only,8eb760d133ac749e3327,C_vs_Cp3,geometry_scores_only,fl3_entitlement_capped,confirmation,joint_gaussian_regularized_cluster,1.5,0.5,0.9,,not_reached_on_tested_grid
d10b3aec4edc47fefb2bd92f,C_vs_Cp3__geometry_scores_only,8eb760d133ac749e3327,C_vs_Cp3,geometry_scores_only,fl3_entitlement_capped,confirmation,joint_gaussian_regularized_cluster,1.5,1.0,0.5,,not_reached_on_tested_grid
d10b3aec4edc47fefb2bd92f,C_vs_Cp3__geometry_scores_only,8eb760d133ac749e3327,C_vs_Cp3,geometry_scores_only,fl3_entitlement_capped,confirmation,joint_gaussian_regularized_cluster,1.5,1.0,0.8,,not_reached_on_tested_grid
d10b3aec4edc47fefb2bd92f,C_vs_Cp3__geometry_scores_only,8eb760d133ac749e3327,C_vs_Cp3,geometry_scores_only,fl3_entitlement_capped,confirmation,joint_gaussian_regularized_cluster,1.5,1.0,0.9,,not_reached_on_tested_grid
d10b3aec4edc47fefb2bd92f,C_vs_Cp3__geometry_scores_only,8eb760d133ac749e3327,C_vs_Cp3,geometry_scores_only,fl3_entitlement_capped,confirmation,joint_gaussian_regularized_cluster,2.0,0.0,0.5,,not_reached_on_tested_grid
d10b3aec4edc47fefb2bd92f,C_vs_Cp3__geometry_scores_only,8eb760d133ac749e3327,C_vs_Cp3,geometry_scores_only,fl3_entitlement_capped,confirmation,joint_gaussian_regularized_cluster,2.0,0.0,0.8,,not_reached_on_tested_grid
d10b3aec4edc47fefb2bd92f,C_vs_Cp3__geometry_scores_only,8eb760d133ac749e3327,C_vs_Cp3,geometry_scores_only,fl3_entitlement_capped,confirmation,joint_gaussian_regularized_cluster,2.0,0.0,0.9,,not_reached_on_tested_grid
d10b3aec4edc47fefb2bd92f,C_vs_Cp3__geometry_scores_only,8eb760d133ac749e3327,C_vs_Cp3,geometry_scores_only,fl3_entitlement_capped,confirmation,joint_gaussian_regularized_cluster,2.0,0.25,0.5,,not_reached_on_tested_grid
d10b3aec4edc47fefb2bd92f,C_vs_Cp3__geometry_scores_only,8eb760d133ac749e3327,C_vs_Cp3,geometry_scores_only,fl3_entitlement_capped,confirmation,joint_gaussian_regularized_cluster,2.0,0.25,0.8,,not_reached_on_tested_grid
d10b3aec4edc47fefb2bd92f,C_vs_Cp3__geometry_scores_only,8eb760d133ac749e3327,C_vs_Cp3,geometry_scores_only,fl3_entitlement_capped,confirmation,joint_gaussian_regularized_cluster,2.0,0.25,0.9,,not_reached_on_tested_grid
d10b3aec4edc47fefb2bd92f,C_vs_Cp3__geometry_scores_only,8eb760d133ac749e3327,C_vs_Cp3,geometry_scores_only,fl3_entitlement_capped,confirmation,joint_gaussian_regularized_cluster,2.0,0.5,0.5,,not_reached_on_tested_grid
d10b3aec4edc47fefb2bd92f,C_vs_Cp3__geometry_scores_only,8eb760d133ac749e3327,C_vs_Cp3,geometry_scores_only,fl3_entitlement_capped,confirmation,joint_gaussian_regularized_cluster,2.0,0.5,0.8,,not_reached_on_tested_grid
d10b3aec4edc47fefb2bd92f,C_vs_Cp3__geometry_scores_only,8eb760d133ac749e3327,C_vs_Cp3,geometry_scores_only,fl3_entitlement_capped,confirmation,joint_gaussian_regularized_cluster,2.0,0.5,0.9,,not_reached_on_tested_grid
d10b3aec4edc47fefb2bd92f,C_vs_Cp3__geometry_scores_only,8eb760d133ac749e3327,C_vs_Cp3,geometry_scores_only,fl3_entitlement_capped,confirmation,joint_gaussian_regularized_cluster,2.0,1.0,0.5,,not_reached_on_tested_grid
d10b3aec4edc47fefb2bd92f,C_vs_Cp3__geometry_scores_only,8eb760d133ac749e3327,C_vs_Cp3,geometry_scores_only,fl3_entitlement_capped,confirmation,joint_gaussian_regularized_cluster,2.0,1.0,0.8,,not_reached_on_tested_grid
d10b3aec4edc47fefb2bd92f,C_vs_Cp3__geometry_scores_only,8eb760d133ac749e3327,C_vs_Cp3,geometry_scores_only,fl3_entitlement_capped,confirmation,joint_gaussian_regularized_cluster,2.0,1.0,0.9,,not_reached_on_tested_grid
d10b3aec4edc47fefb2bd92f,C_vs_Cp3__geometry_scores_only,8eb760d133ac749e3327,C_vs_Cp3,geometry_scores_only,fl3_entitlement_capped,confirmation,joint_wild_cluster_rademacher,0.0,0.0,0.5,,not_reached_on_tested_grid
d10b3aec4edc47fefb2bd92f,C_vs_Cp3__geometry_scores_only,8eb760d133ac749e3327,C_vs_Cp3,geometry_scores_only,fl3_entitlement_capped,confirmation,joint_wild_cluster_rademacher,0.0,0.0,0.8,,not_reached_on_tested_grid
d10b3aec4edc47fefb2bd92f,C_vs_Cp3__geometry_scores_only,8eb760d133ac749e3327,C_vs_Cp3,geometry_scores_only,fl3_entitlement_capped,confirmation,joint_wild_cluster_rademacher,0.0,0.0,0.9,,not_reached_on_tested_grid
d10b3aec4edc47fefb2bd92f,C_vs_Cp3__geometry_scores_only,8eb760d133ac749e3327,C_vs_Cp3,geometry_scores_only,fl3_entitlement_capped,confirmation,joint_wild_cluster_rademacher,0.25,0.0,0.5,,not_reached_on_tested_grid
d10b3aec4edc47fefb2bd92f,C_vs_Cp3__geometry_scores_only,8eb760d133ac749e3327,C_vs_Cp3,geometry_scores_only,fl3_entitlement_capped,confirmation,joint_wild_cluster_rademacher,0.25,0.0,0.8,,not_reached_on_tested_grid
d10b3aec4edc47fefb2bd92f,C_vs_Cp3__geometry_scores_only,8eb760d133ac749e3327,C_vs_Cp3,geometry_scores_only,fl3_entitlement_capped,confirmation,joint_wild_cluster_rademacher,0.25,0.0,0.9,,not_reached_on_tested_grid
d10b3aec4edc47fefb2bd92f,C_vs_Cp3__geometry_scores_only,8eb760d133ac749e3327,C_vs_Cp3,geometry_scores_only,fl3_entitlement_capped,confirmation,joint_wild_cluster_rademacher,0.25,0.25,0.5,,not_reached_on_tested_grid
d10b3aec4edc47fefb2bd92f,C_vs_Cp3__geometry_scores_only,8eb760d133ac749e3327,C_vs_Cp3,geometry_scores_only,fl3_entitlement_capped,confirmation,joint_wild_cluster_rademacher,0.25,0.25,0.8,,not_reached_on_tested_grid
d10b3aec4edc47fefb2bd92f,C_vs_Cp3__geometry_scores_only,8eb760d133ac749e3327,C_vs_Cp3,geometry_scores_only,fl3_entitlement_capped,confirmation,joint_wild_cluster_rademacher,0.25,0.25,0.9,,not_reached_on_tested_grid
d10b3aec4edc47fefb2bd92f,C_vs_Cp3__geometry_scores_only,8eb760d133ac749e3327,C_vs_Cp3,geometry_scores_only,fl3_entitlement_capped,confirmation,joint_wild_cluster_rademacher,0.25,0.5,0.5,,not_reached_on_tested_grid
d10b3aec4edc47fefb2bd92f,C_vs_Cp3__geometry_scores_only,8eb760d133ac749e3327,C_vs_Cp3,geometry_scores_only,fl3_entitlement_capped,confirmation,joint_wild_cluster_rademacher,0.25,0.5,0.8,,not_reached_on_tested_grid
d10b3aec4edc47fefb2bd92f,C_vs_Cp3__geometry_scores_only,8eb760d133ac749e3327,C_vs_Cp3,geometry_scores_only,fl3_entitlement_capped,confirmation,joint_wild_cluster_rademacher,0.25,0.5,0.9,,not_reached_on_tested_grid
d10b3aec4edc47fefb2bd92f,C_vs_Cp3__geometry_scores_only,8eb760d133ac749e3327,C_vs_Cp3,geometry_scores_only,fl3_entitlement_capped,confirmation,joint_wild_cluster_rademacher,0.25,1.0,0.5,,not_reached_on_tested_grid
d10b3aec4edc47fefb2bd92f,C_vs_Cp3__geometry_scores_only,8eb760d133ac749e3327,C_vs_Cp3,geometry_scores_only,fl3_entitlement_capped,confirmation,joint_wild_cluster_rademacher,0.25,1.0,0.8,,not_reached_on_tested_grid
d10b3aec4edc47fefb2bd92f,C_vs_Cp3__geometry_scores_only,8eb760d133ac749e3327,C_vs_Cp3,geometry_scores_only,fl3_entitlement_capped,confirmation,joint_wild_cluster_rademacher,0.25,1.0,0.9,,not_reached_on_tested_grid
d10b3aec4edc47fefb2bd92f,C_vs_Cp3__geometry_scores_only,8eb760d133ac749e3327,C_vs_Cp3,geometry_scores_only,fl3_entitlement_capped,confirmation,joint_wild_cluster_rademacher,0.5,0.0,0.5,,not_reached_on_tested_grid
d10b3aec4edc47fefb2bd92f,C_vs_Cp3__geometry_scores_only,8eb760d133ac749e3327,C_vs_Cp3,geometry_scores_only,fl3_entitlement_capped,confirmation,joint_wild_cluster_rademacher,0.5,0.0,0.8,,not_reached_on_tested_grid
d10b3aec4edc47fefb2bd92f,C_vs_Cp3__geometry_scores_only,8eb760d133ac749e3327,C_vs_Cp3,geometry_scores_only,fl3_entitlement_capped,confirmation,joint_wild_cluster_rademacher,0.5,0.0,0.9,,not_reached_on_tested_grid
d10b3aec4edc47fefb2bd92f,C_vs_Cp3__geometry_scores_only,8eb760d133ac749e3327,C_vs_Cp3,geometry_scores_only,fl3_entitlement_capped,confirmation,joint_wild_cluster_rademacher,0.5,0.25,0.5,,not_reached_on_tested_grid
d10b3aec4edc47fefb2bd92f,C_vs_Cp3__geometry_scores_only,8eb760d133ac749e3327,C_vs_Cp3,geometry_scores_only,fl3_entitlement_capped,confirmation,joint_wild_cluster_rademacher,0.5,0.25,0.8,,not_reached_on_tested_grid
d10b3aec4edc47fefb2bd92f,C_vs_Cp3__geometry_scores_only,8eb760d133ac749e3327,C_vs_Cp3,geometry_scores_only,fl3_entitlement_capped,confirmation,joint_wild_cluster_rademacher,0.5,0.25,0.9,,not_reached_on_tested_grid
d10b3aec4edc47fefb2bd92f,C_vs_Cp3__geometry_scores_only,8eb760d133ac749e3327,C_vs_Cp3,geometry_scores_only,fl3_entitlement_capped,confirmation,joint_wild_cluster_rademacher,0.5,0.5,0.5,,not_reached_on_tested_grid
d10b3aec4edc47fefb2bd92f,C_vs_Cp3__geometry_scores_only,8eb760d133ac749e3327,C_vs_Cp3,geometry_scores_only,fl3_entitlement_capped,confirmation,joint_wild_cluster_rademacher,0.5,0.5,0.8,,not_reached_on_tested_grid
d10b3aec4edc47fefb2bd92f,C_vs_Cp3__geometry_scores_only,8eb760d133ac749e3327,C_vs_Cp3,geometry_scores_only,fl3_entitlement_capped,confirmation,joint_wild_cluster_rademacher,0.5,0.5,0.9,,not_reached_on_tested_grid
d10b3aec4edc47fefb2bd92f,C_vs_Cp3__geometry_scores_only,8eb760d133ac749e3327,C_vs_Cp3,geometry_scores_only,fl3_entitlement_capped,confirmation,joint_wild_cluster_rademacher,0.5,1.0,0.5,,not_reached_on_tested_grid
d10b3aec4edc47fefb2bd92f,C_vs_Cp3__geometry_scores_only,8eb760d133ac749e3327,C_vs_Cp3,geometry_scores_only,fl3_entitlement_capped,confirmation,joint_wild_cluster_rademacher,0.5,1.0,0.8,,not_reached_on_tested_grid
d10b3aec4edc47fefb2bd92f,C_vs_Cp3__geometry_scores_only,8eb760d133ac749e3327,C_vs_Cp3,geometry_scores_only,fl3_entitlement_capped,confirmation,joint_wild_cluster_rademacher,0.5,1.0,0.9,,not_reached_on_tested_grid
d10b3aec4edc47fefb2bd92f,C_vs_Cp3__geometry_scores_only,8eb760d133ac749e3327,C_vs_Cp3,geometry_scores_only,fl3_entitlement_capped,confirmation,joint_wild_cluster_rademacher,0.75,0.0,0.5,,not_reached_on_tested_grid
d10b3aec4edc47fefb2bd92f,C_vs_Cp3__geometry_scores_only,8eb760d133ac749e3327,C_vs_Cp3,geometry_scores_only,fl3_entitlement_capped,confirmation,joint_wild_cluster_rademacher,0.75,0.0,0.8,,not_reached_on_tested_grid
d10b3aec4edc47fefb2bd92f,C_vs_Cp3__geometry_scores_only,8eb760d133ac749e3327,C_vs_Cp3,geometry_scores_only,fl3_entitlement_capped,confirmation,joint_wild_cluster_rademacher,0.75,0.0,0.9,,not_reached_on_tested_grid
d10b3aec4edc47fefb2bd92f,C_vs_Cp3__geometry_scores_only,8eb760d133ac749e3327,C_vs_Cp3,geometry_scores_only,fl3_entitlement_capped,confirmation,joint_wild_cluster_rademacher,0.75,0.25,0.5,,not_reached_on_tested_grid
d10b3aec4edc47fefb2bd92f,C_vs_Cp3__geometry_scores_only,8eb760d133ac749e3327,C_vs_Cp3,geometry_scores_only,fl3_entitlement_capped,confirmation,joint_wild_cluster_rademacher,0.75,0.25,0.8,,not_reached_on_tested_grid
d10b3aec4edc47fefb2bd92f,C_vs_Cp3__geometry_scores_only,8eb760d133ac749e3327,C_vs_Cp3,geometry_scores_only,fl3_entitlement_capped,confirmation,joint_wild_cluster_rademacher,0.75,0.25,0.9,,not_reached_on_tested_grid
d10b3aec4edc47fefb2bd92f,C_vs_Cp3__geometry_scores_only,8eb760d133ac749e3327,C_vs_Cp3,geometry_scores_only,fl3_entitlement_capped,confirmation,joint_wild_cluster_rademacher,0.75,0.5,0.5,,not_reached_on_tested_grid
d10b3aec4edc47fefb2bd92f,C_vs_Cp3__geometry_scores_only,8eb760d133ac749e3327,C_vs_Cp3,geometry_scores_only,fl3_entitlement_capped,confirmation,joint_wild_cluster_rademacher,0.75,0.5,0.8,,not_reached_on_tested_grid
d10b3aec4edc47fefb2bd92f,C_vs_Cp3__geometry_scores_only,8eb760d133ac749e3327,C_vs_Cp3,geometry_scores_only,fl3_entitlement_capped,confirmation,joint_wild_cluster_rademacher,0.75,0.5,0.9,,not_reached_on_tested_grid
d10b3aec4edc47fefb2bd92f,C_vs_Cp3__geometry_scores_only,8eb760d133ac749e3327,C_vs_Cp3,geometry_scores_only,fl3_entitlement_capped,confirmation,joint_wild_cluster_rademacher,0.75,1.0,0.5,,not_reached_on_tested_grid
d10b3aec4edc47fefb2bd92f,C_vs_Cp3__geometry_scores_only,8eb760d133ac749e3327,C_vs_Cp3,geometry_scores_only,fl3_entitlement_capped,confirmation,joint_wild_cluster_rademacher,0.75,1.0,0.8,,not_reached_on_tested_grid
d10b3aec4edc47fefb2bd92f,C_vs_Cp3__geometry_scores_only,8eb760d133ac749e3327,C_vs_Cp3,geometry_scores_only,fl3_entitlement_capped,confirmation,joint_wild_cluster_rademacher,0.75,1.0,0.9,,not_reached_on_tested_grid
d10b3aec4edc47fefb2bd92f,C_vs_Cp3__geometry_scores_only,8eb760d133ac749e3327,C_vs_Cp3,geometry_scores_only,fl3_entitlement_capped,confirmation,joint_wild_cluster_rademacher,1.0,0.0,0.5,,not_reached_on_tested_grid
d10b3aec4edc47fefb2bd92f,C_vs_Cp3__geometry_scores_only,8eb760d133ac749e3327,C_vs_Cp3,geometry_scores_only,fl3_entitlement_capped,confirmation,joint_wild_cluster_rademacher,1.0,0.0,0.8,,not_reached_on_tested_grid
d10b3aec4edc47fefb2bd92f,C_vs_Cp3__geometry_scores_only,8eb760d133ac749e3327,C_vs_Cp3,geometry_scores_only,fl3_entitlement_capped,confirmation,joint_wild_cluster_rademacher,1.0,0.0,0.9,,not_reached_on_tested_grid
d10b3aec4edc47fefb2bd92f,C_vs_Cp3__geometry_scores_only,8eb760d133ac749e3327,C_vs_Cp3,geometry_scores_only,fl3_entitlement_capped,confirmation,joint_wild_cluster_rademacher,1.0,0.25,0.5,,not_reached_on_tested_grid
d10b3aec4edc47fefb2bd92f,C_vs_Cp3__geometry_scores_only,8eb760d133ac749e3327,C_vs_Cp3,geometry_scores_only,fl3_entitlement_capped,confirmation,joint_wild_cluster_rademacher,1.0,0.25,0.8,,not_reached_on_tested_grid
d10b3aec4edc47fefb2bd92f,C_vs_Cp3__geometry_scores_only,8eb760d133ac749e3327,C_vs_Cp3,geometry_scores_only,fl3_entitlement_capped,confirmation,joint_wild_cluster_rademacher,1.0,0.25,0.9,,not_reached_on_tested_grid
d10b3aec4edc47fefb2bd92f,C_vs_Cp3__geometry_scores_only,8eb760d133ac749e3327,C_vs_Cp3,geometry_scores_only,fl3_entitlement_capped,confirmation,joint_wild_cluster_rademacher,1.0,0.5,0.5,,not_reached_on_tested_grid
d10b3aec4edc47fefb2bd92f,C_vs_Cp3__geometry_scores_only,8eb760d133ac749e3327,C_vs_Cp3,geometry_scores_only,fl3_entitlement_capped,confirmation,joint_wild_cluster_rademacher,1.0,0.5,0.8,,not_reached_on_tested_grid
d10b3aec4edc47fefb2bd92f,C_vs_Cp3__geometry_scores_only,8eb760d133ac749e3327,C_vs_Cp3,geometry_scores_only,fl3_entitlement_capped,confirmation,joint_wild_cluster_rademacher,1.0,0.5,0.9,,not_reached_on_tested_grid
d10b3aec4edc47fefb2bd92f,C_vs_Cp3__geometry_scores_only,8eb760d133ac749e3327,C_vs_Cp3,geometry_scores_only,fl3_entitlement_capped,confirmation,joint_wild_cluster_rademacher,1.0,1.0,0.5,,not_reached_on_tested_grid
d10b3aec4edc47fefb2bd92f,C_vs_Cp3__geometry_scores_only,8eb760d133ac749e3327,C_vs_Cp3,geometry_scores_only,fl3_entitlement_capped,confirmation,joint_wild_cluster_rademacher,1.0,1.0,0.8,,not_reached_on_tested_grid
d10b3aec4edc47fefb2bd92f,C_vs_Cp3__geometry_scores_only,8eb760d133ac749e3327,C_vs_Cp3,geometry_scores_only,fl3_entitlement_capped,confirmation,joint_wild_cluster_rademacher,1.0,1.0,0.9,,not_reached_on_tested_grid
d10b3aec4edc47fefb2bd92f,C_vs_Cp3__geometry_scores_only,8eb760d133ac749e3327,C_vs_Cp3,geometry_scores_only,fl3_entitlement_capped,confirmation,joint_wild_cluster_rademacher,1.5,0.0,0.5,,not_reached_on_tested_grid
d10b3aec4edc47fefb2bd92f,C_vs_Cp3__geometry_scores_only,8eb760d133ac749e3327,C_vs_Cp3,geometry_scores_only,fl3_entitlement_capped,confirmation,joint_wild_cluster_rademacher,1.5,0.0,0.8,,not_reached_on_tested_grid
d10b3aec4edc47fefb2bd92f,C_vs_Cp3__geometry_scores_only,8eb760d133ac749e3327,C_vs_Cp3,geometry_scores_only,fl3_entitlement_capped,confirmation,joint_wild_cluster_rademacher,1.5,0.0,0.9,,not_reached_on_tested_grid
d10b3aec4edc47fefb2bd92f,C_vs_Cp3__geometry_scores_only,8eb760d133ac749e3327,C_vs_Cp3,geometry_scores_only,fl3_entitlement_capped,confirmation,joint_wild_cluster_rademacher,1.5,0.25,0.5,,not_reached_on_tested_grid
d10b3aec4edc47fefb2bd92f,C_vs_Cp3__geometry_scores_only,8eb760d133ac749e3327,C_vs_Cp3,geometry_scores_only,fl3_entitlement_capped,confirmation,joint_wild_cluster_rademacher,1.5,0.25,0.8,,not_reached_on_tested_grid
d10b3aec4edc47fefb2bd92f,C_vs_Cp3__geometry_scores_only,8eb760d133ac749e3327,C_vs_Cp3,geometry_scores_only,fl3_entitlement_capped,confirmation,joint_wild_cluster_rademacher,1.5,0.25,0.9,,not_reached_on_tested_grid
d10b3aec4edc47fefb2bd92f,C_vs_Cp3__geometry_scores_only,8eb760d133ac749e3327,C_vs_Cp3,geometry_scores_only,fl3_entitlement_capped,confirmation,joint_wild_cluster_rademacher,1.5,0.5,0.5,,not_reached_on_tested_grid
d10b3aec4edc47fefb2bd92f,C_vs_Cp3__geometry_scores_only,8eb760d133ac749e3327,C_vs_Cp3,geometry_scores_only,fl3_entitlement_capped,confirmation,joint_wild_cluster_rademacher,1.5,0.5,0.8,,not_reached_on_tested_grid
d10b3aec4edc47fefb2bd92f,C_vs_Cp3__geometry_scores_only,8eb760d133ac749e3327,C_vs_Cp3,geometry_scores_only,fl3_entitlement_capped,confirmation,joint_wild_cluster_rademacher,1.5,0.5,0.9,,not_reached_on_tested_grid
d10b3aec4edc47fefb2bd92f,C_vs_Cp3__geometry_scores_only,8eb760d133ac749e3327,C_vs_Cp3,geometry_scores_only,fl3_entitlement_capped,confirmation,joint_wild_cluster_rademacher,1.5,1.0,0.5,,not_reached_on_tested_grid
d10b3aec4edc47fefb2bd92f,C_vs_Cp3__geometry_scores_only,8eb760d133ac749e3327,C_vs_Cp3,geometry_scores_only,fl3_entitlement_capped,confirmation,joint_wild_cluster_rademacher,1.5,1.0,0.8,,not_reached_on_tested_grid
d10b3aec4edc47fefb2bd92f,C_vs_Cp3__geometry_scores_only,8eb760d133ac749e3327,C_vs_Cp3,geometry_scores_only,fl3_entitlement_capped,confirmation,joint_wild_cluster_rademacher,1.5,1.0,0.9,,not_reached_on_tested_grid
d10b3aec4edc47fefb2bd92f,C_vs_Cp3__geometry_scores_only,8eb760d133ac749e3327,C_vs_Cp3,geometry_scores_only,fl3_entitlement_capped,confirmation,joint_wild_cluster_rademacher,2.0,0.0,0.5,,not_reached_on_tested_grid
d10b3aec4edc47fefb2bd92f,C_vs_Cp3__geometry_scores_only,8eb760d133ac749e3327,C_vs_Cp3,geometry_scores_only,fl3_entitlement_capped,confirmation,joint_wild_cluster_rademacher,2.0,0.0,0.8,,not_reached_on_tested_grid
d10b3aec4edc47fefb2bd92f,C_vs_Cp3__geometry_scores_only,8eb760d133ac749e3327,C_vs_Cp3,geometry_scores_only,fl3_entitlement_capped,confirmation,joint_wild_cluster_rademacher,2.0,0.0,0.9,,not_reached_on_tested_grid
d10b3aec4edc47fefb2bd92f,C_vs_Cp3__geometry_scores_only,8eb760d133ac749e3327,C_vs_Cp3,geometry_scores_only,fl3_entitlement_capped,confirmation,joint_wild_cluster_rademacher,2.0,0.25,0.5,,not_reached_on_tested_grid
d10b3aec4edc47fefb2bd92f,C_vs_Cp3__geometry_scores_only,8eb760d133ac749e3327,C_vs_Cp3,geometry_scores_only,fl3_entitlement_capped,confirmation,joint_wild_cluster_rademacher,2.0,0.25,0.8,,not_reached_on_tested_grid
d10b3aec4edc47fefb2bd92f,C_vs_Cp3__geometry_scores_only,8eb760d133ac749e3327,C_vs_Cp3,geometry_scores_only,fl3_entitlement_capped,confirmation,joint_wild_cluster_rademacher,2.0,0.25,0.9,,not_reached_on_tested_grid
d10b3aec4edc47fefb2bd92f,C_vs_Cp3__geometry_scores_only,8eb760d133ac749e3327,C_vs_Cp3,geometry_scores_only,fl3_entitlement_capped,confirmation,joint_wild_cluster_rademacher,2.0,0.5,0.5,,not_reached_on_tested_grid
d10b3aec4edc47fefb2bd92f,C_vs_Cp3__geometry_scores_only,8eb760d133ac749e3327,C_vs_Cp3,geometry_scores_only,fl3_entitlement_capped,confirmation,joint_wild_cluster_rademacher,2.0,0.5,0.8,,not_reached_on_tested_grid
d10b3aec4edc47fefb2bd92f,C_vs_Cp3__geometry_scores_only,8eb760d133ac749e3327,C_vs_Cp3,geometry_scores_only,fl3_entitlement_capped,confirmation,joint_wild_cluster_rademacher,2.0,0.5,0.9,,not_reached_on_tested_grid
d10b3aec4edc47fefb2bd92f,C_vs_Cp3__geometry_scores_only,8eb760d133ac749e3327,C_vs_Cp3,geometry_scores_only,fl3_entitlement_capped,confirmation,joint_wild_cluster_rademacher,2.0,1.0,0.5,,not_reached_on_tested_grid
d10b3aec4edc47fefb2bd92f,C_vs_Cp3__geometry_scores_only,8eb760d133ac749e3327,C_vs_Cp3,geometry_scores_only,fl3_entitlement_capped,confirmation,joint_wild_cluster_rademacher,2.0,1.0,0.8,,not_reached_on_tested_grid
d10b3aec4edc47fefb2bd92f,C_vs_Cp3__geometry_scores_only,8eb760d133ac749e3327,C_vs_Cp3,geometry_scores_only,fl3_entitlement_capped,confirmation,joint_wild_cluster_rademacher,2.0,1.0,0.9,,not_reached_on_tested_grid
d10b3aec4edc47fefb2bd92f,C_vs_Cp3__geometry_scores_only,8eb760d133ac749e3327,C_vs_Cp3,geometry_scores_only,fl3_entitlement_capped,discovery,joint_gaussian_regularized_cluster,0.0,0.0,0.5,,not_reached_on_tested_grid
d10b3aec4edc47fefb2bd92f,C_vs_Cp3__geometry_scores_only,8eb760d133ac749e3327,C_vs_Cp3,geometry_scores_only,fl3_entitlement_capped,discovery,joint_gaussian_regularized_cluster,0.0,0.0,0.8,,not_reached_on_tested_grid
d10b3aec4edc47fefb2bd92f,C_vs_Cp3__geometry_scores_only,8eb760d133ac749e3327,C_vs_Cp3,geometry_scores_only,fl3_entitlement_capped,discovery,joint_gaussian_regularized_cluster,0.0,0.0,0.9,,not_reached_on_tested_grid
d10b3aec4edc47fefb2bd92f,C_vs_Cp3__geometry_scores_only,8eb760d133ac749e3327,C_vs_Cp3,geometry_scores_only,fl3_entitlement_capped,discovery,joint_gaussian_regularized_cluster,0.25,0.0,0.5,,not_reached_on_tested_grid
d10b3aec4edc47fefb2bd92f,C_vs_Cp3__geometry_scores_only,8eb760d133ac749e3327,C_vs_Cp3,geometry_scores_only,fl3_entitlement_capped,discovery,joint_gaussian_regularized_cluster,0.25,0.0,0.8,,not_reached_on_tested_grid
d10b3aec4edc47fefb2bd92f,C_vs_Cp3__geometry_scores_only,8eb760d133ac749e3327,C_vs_Cp3,geometry_scores_only,fl3_entitlement_capped,discovery,joint_gaussian_regularized_cluster,0.25,0.0,0.9,,not_reached_on_tested_grid
d10b3aec4edc47fefb2bd92f,C_vs_Cp3__geometry_scores_only,8eb760d133ac749e3327,C_vs_Cp3,geometry_scores_only,fl3_entitlement_capped,discovery,joint_gaussian_regularized_cluster,0.25,0.25,0.5,,not_reached_on_tested_grid
d10b3aec4edc47fefb2bd92f,C_vs_Cp3__geometry_scores_only,8eb760d133ac749e3327,C_vs_Cp3,geometry_scores_only,fl3_entitlement_capped,discovery,joint_gaussian_regularized_cluster,0.25,0.25,0.8,,not_reached_on_tested_grid
d10b3aec4edc47fefb2bd92f,C_vs_Cp3__geometry_scores_only,8eb760d133ac749e3327,C_vs_Cp3,geometry_scores_only,fl3_entitlement_capped,discovery,joint_gaussian_regularized_cluster,0.25,0.25,0.9,,not_reached_on_tested_grid
d10b3aec4edc47fefb2bd92f,C_vs_Cp3__geometry_scores_only,8eb760d133ac749e3327,C_vs_Cp3,geometry_scores_only,fl3_entitlement_capped,discovery,joint_gaussian_regularized_cluster,0.25,0.5,0.5,,not_reached_on_tested_grid
d10b3aec4edc47fefb2bd92f,C_vs_Cp3__geometry_scores_only,8eb760d133ac749e3327,C_vs_Cp3,geometry_scores_only,fl3_entitlement_capped,discovery,joint_gaussian_regularized_cluster,0.25,0.5,0.8,,not_reached_on_tested_grid
d10b3aec4edc47fefb2bd92f,C_vs_Cp3__geometry_scores_only,8eb760d133ac749e3327,C_vs_Cp3,geometry_scores_only,fl3_entitlement_capped,discovery,joint_gaussian_regularized_cluster,0.25,0.5,0.9,,not_reached_on_tested_grid
d10b3aec4edc47fefb2bd92f,C_vs_Cp3__geometry_scores_only,8eb760d133ac749e3327,C_vs_Cp3,geometry_scores_only,fl3_entitlement_capped,discovery,joint_gaussian_regularized_cluster,0.25,1.0,0.5,,not_reached_on_tested_grid
d10b3aec4edc47fefb2bd92f,C_vs_Cp3__geometry_scores_only,8eb760d133ac749e3327,C_vs_Cp3,geometry_scores_only,fl3_entitlement_capped,discovery,joint_gaussian_regularized_cluster,0.25,1.0,0.8,,not_reached_on_tested_grid
d10b3aec4edc47fefb2bd92f,C_vs_Cp3__geometry_scores_only,8eb760d133ac749e3327,C_vs_Cp3,geometry_scores_only,fl3_entitlement_capped,discovery,joint_gaussian_regularized_cluster,0.25,1.0,0.9,,not_reached_on_tested_grid
d10b3aec4edc47fefb2bd92f,C_vs_Cp3__geometry_scores_only,8eb760d133ac749e3327,C_vs_Cp3,geometry_scores_only,fl3_entitlement_capped,discovery,joint_gaussian_regularized_cluster,0.5,0.0,0.5,,not_reached_on_tested_grid
d10b3aec4edc47fefb2bd92f,C_vs_Cp3__geometry_scores_only,8eb760d133ac749e3327,C_vs_Cp3,geometry_scores_only,fl3_entitlement_capped,discovery,joint_gaussian_regularized_cluster,0.5,0.0,0.8,,not_reached_on_tested_grid
d10b3aec4edc47fefb2bd92f,C_vs_Cp3__geometry_scores_only,8eb760d133ac749e3327,C_vs_Cp3,geometry_scores_only,fl3_entitlement_capped,discovery,joint_gaussian_regularized_cluster,0.5,0.0,0.9,,not_reached_on_tested_grid
d10b3aec4edc47fefb2bd92f,C_vs_Cp3__geometry_scores_only,8eb760d133ac749e3327,C_vs_Cp3,geometry_scores_only,fl3_entitlement_capped,discovery,joint_gaussian_regularized_cluster,0.5,0.25,0.5,,not_reached_on_tested_grid
d10b3aec4edc47fefb2bd92f,C_vs_Cp3__geometry_scores_only,8eb760d133ac749e3327,C_vs_Cp3,geometry_scores_only,fl3_entitlement_capped,discovery,joint_gaussian_regularized_cluster,0.5,0.25,0.8,,not_reached_on_tested_grid
d10b3aec4edc47fefb2bd92f,C_vs_Cp3__geometry_scores_only,8eb760d133ac749e3327,C_vs_Cp3,geometry_scores_only,fl3_entitlement_capped,discovery,joint_gaussian_regularized_cluster,0.5,0.25,0.9,,not_reached_on_tested_grid
d10b3aec4edc47fefb2bd92f,C_vs_Cp3__geometry_scores_only,8eb760d133ac749e3327,C_vs_Cp3,geometry_scores_only,fl3_entitlement_capped,discovery,joint_gaussian_regularized_cluster,0.5,0.5,0.5,,not_reached_on_tested_grid
d10b3aec4edc47fefb2bd92f,C_vs_Cp3__geometry_scores_only,8eb760d133ac749e3327,C_vs_Cp3,geometry_scores_only,fl3_entitlement_capped,discovery,joint_gaussian_regularized_cluster,0.5,0.5,0.8,,not_reached_on_tested_grid
d10b3aec4edc47fefb2bd92f,C_vs_Cp3__geometry_scores_only,8eb760d133ac749e3327,C_vs_Cp3,geometry_scores_only,fl3_entitlement_capped,discovery,joint_gaussian_regularized_cluster,0.5,0.5,0.9,,not_reached_on_tested_grid
d10b3aec4edc47fefb2bd92f,C_vs_Cp3__geometry_scores_only,8eb760d133ac749e3327,C_vs_Cp3,geometry_scores_only,fl3_entitlement_capped,discovery,joint_gaussian_regularized_cluster,0.5,1.0,0.5,,not_reached_on_tested_grid
d10b3aec4edc47fefb2bd92f,C_vs_Cp3__geometry_scores_only,8eb760d133ac749e3327,C_vs_Cp3,geometry_scores_only,fl3_entitlement_capped,discovery,joint_gaussian_regularized_cluster,0.5,1.0,0.8,,not_reached_on_tested_grid
d10b3aec4edc47fefb2bd92f,C_vs_Cp3__geometry_scores_only,8eb760d133ac749e3327,C_vs_Cp3,geometry_scores_only,fl3_entitlement_capped,discovery,joint_gaussian_regularized_cluster,0.5,1.0,0.9,,not_reached_on_tested_grid
d10b3aec4edc47fefb2bd92f,C_vs_Cp3__geometry_scores_only,8eb760d133ac749e3327,C_vs_Cp3,geometry_scores_only,fl3_entitlement_capped,discovery,joint_gaussian_regularized_cluster,0.75,0.0,0.5,,not_reached_on_tested_grid
d10b3aec4edc47fefb2bd92f,C_vs_Cp3__geometry_scores_only,8eb760d133ac749e3327,C_vs_Cp3,geometry_scores_only,fl3_entitlement_capped,discovery,joint_gaussian_regularized_cluster,0.75,0.0,0.8,,not_reached_on_tested_grid
d10b3aec4edc47fefb2bd92f,C_vs_Cp3__geometry_scores_only,8eb760d133ac749e3327,C_vs_Cp3,geometry_scores_only,fl3_entitlement_capped,discovery,joint_gaussian_regularized_cluster,0.75,0.0,0.9,,not_reached_on_tested_grid
d10b3aec4edc47fefb2bd92f,C_vs_Cp3__geometry_scores_only,8eb760d133ac749e3327,C_vs_Cp3,geometry_scores_only,fl3_entitlement_capped,discovery,joint_gaussian_regularized_cluster,0.75,0.25,0.5,,not_reached_on_tested_grid
d10b3aec4edc47fefb2bd92f,C_vs_Cp3__geometry_scores_only,8eb760d133ac749e3327,C_vs_Cp3,geometry_scores_only,fl3_entitlement_capped,discovery,joint_gaussian_regularized_cluster,0.75,0.25,0.8,,not_reached_on_tested_grid
d10b3aec4edc47fefb2bd92f,C_vs_Cp3__geometry_scores_only,8eb760d133ac749e3327,C_vs_Cp3,geometry_scores_only,fl3_entitlement_capped,discovery,joint_gaussian_regularized_cluster,0.75,0.25,0.9,,not_reached_on_tested_grid
d10b3aec4edc47fefb2bd92f,C_vs_Cp3__geometry_scores_only,8eb760d133ac749e3327,C_vs_Cp3,geometry_scores_only,fl3_entitlement_capped,discovery,joint_gaussian_regularized_cluster,0.75,0.5,0.5,,not_reached_on_tested_grid
d10b3aec4edc47fefb2bd92f,C_vs_Cp3__geometry_scores_only,8eb760d133ac749e3327,C_vs_Cp3,geometry_scores_only,fl3_entitlement_capped,discovery,joint_gaussian_regularized_cluster,0.75,0.5,0.8,,not_reached_on_tested_grid
d10b3aec4edc47fefb2bd92f,C_vs_Cp3__geometry_scores_only,8eb760d133ac749e3327,C_vs_Cp3,geometry_scores_only,fl3_entitlement_capped,discovery,joint_gaussian_regularized_cluster,0.75,0.5,0.9,,not_reached_on_tested_grid
d10b3aec4edc47fefb2bd92f,C_vs_Cp3__geometry_scores_only,8eb760d133ac749e3327,C_vs_Cp3,geometry_scores_only,fl3_entitlement_capped,discovery,joint_gaussian_regularized_cluster,0.75,1.0,0.5,,not_reached_on_tested_grid
d10b3aec4edc47fefb2bd92f,C_vs_Cp3__geometry_scores_only,8eb760d133ac749e3327,C_vs_Cp3,geometry_scores_only,fl3_entitlement_capped,discovery,joint_gaussian_regularized_cluster,0.75,1.0,0.8,,not_reached_on_tested_grid
d10b3aec4edc47fefb2bd92f,C_vs_Cp3__geometry_scores_only,8eb760d133ac749e3327,C_vs_Cp3,geometry_scores_only,fl3_entitlement_capped,discovery,joint_gaussian_regularized_cluster,0.75,1.0,0.9,,not_reached_on_tested_grid
d10b3aec4edc47fefb2bd92f,C_vs_Cp3__geometry_scores_only,8eb760d133ac749e3327,C_vs_Cp3,geometry_scores_only,fl3_entitlement_capped,discovery,joint_gaussian_regularized_cluster,1.0,0.0,0.5,,not_reached_on_tested_grid
d10b3aec4edc47fefb2bd92f,C_vs_Cp3__geometry_scores_only,8eb760d133ac749e3327,C_vs_Cp3,geometry_scores_only,fl3_entitlement_capped,discovery,joint_gaussian_regularized_cluster,1.0,0.0,0.8,,not_reached_on_tested_grid
d10b3aec4edc47fefb2bd92f,C_vs_Cp3__geometry_scores_only,8eb760d133ac749e3327,C_vs_Cp3,geometry_scores_only,fl3_entitlement_capped,discovery,joint_gaussian_regularized_cluster,1.0,0.0,0.9,,not_reached_on_tested_grid
d10b3aec4edc47fefb2bd92f,C_vs_Cp3__geometry_scores_only,8eb760d133ac749e3327,C_vs_Cp3,geometry_scores_only,fl3_entitlement_capped,discovery,joint_gaussian_regularized_cluster,1.0,0.25,0.5,,not_reached_on_tested_grid
d10b3aec4edc47fefb2bd92f,C_vs_Cp3__geometry_scores_only,8eb760d133ac749e3327,C_vs_Cp3,geometry_scores_only,fl3_entitlement_capped,discovery,joint_gaussian_regularized_cluster,1.0,0.25,0.8,,not_reached_on_tested_grid
d10b3aec4edc47fefb2bd92f,C_vs_Cp3__geometry_scores_only,8eb760d133ac749e3327,C_vs_Cp3,geometry_scores_only,fl3_entitlement_capped,discovery,joint_gaussian_regularized_cluster,1.0,0.25,0.9,,not_reached_on_tested_grid
d10b3aec4edc47fefb2bd92f,C_vs_Cp3__geometry_scores_only,8eb760d133ac749e3327,C_vs_Cp3,geometry_scores_only,fl3_entitlement_capped,discovery,joint_gaussian_regularized_cluster,1.0,0.5,0.5,,not_reached_on_tested_grid
d10b3aec4edc47fefb2bd92f,C_vs_Cp3__geometry_scores_only,8eb760d133ac749e3327,C_vs_Cp3,geometry_scores_only,fl3_entitlement_capped,discovery,joint_gaussian_regularized_cluster,1.0,0.5,0.8,,not_reached_on_tested_grid
d10b3aec4edc47fefb2bd92f,C_vs_Cp3__geometry_scores_only,8eb760d133ac749e3327,C_vs_Cp3,geometry_scores_only,fl3_entitlement_capped,discovery,joint_gaussian_regularized_cluster,1.0,0.5,0.9,,not_reached_on_tested_grid
d10b3aec4edc47fefb2bd92f,C_vs_Cp3__geometry_scores_only,8eb760d133ac749e3327,C_vs_Cp3,geometry_scores_only,fl3_entitlement_capped,discovery,joint_gaussian_regularized_cluster,1.0,1.0,0.5,,not_reached_on_tested_grid
d10b3aec4edc47fefb2bd92f,C_vs_Cp3__geometry_scores_only,8eb760d133ac749e3327,C_vs_Cp3,geometry_scores_only,fl3_entitlement_capped,discovery,joint_gaussian_regularized_cluster,1.0,1.0,0.8,,not_reached_on_tested_grid
d10b3aec4edc47fefb2bd92f,C_vs_Cp3__geometry_scores_only,8eb760d133ac749e3327,C_vs_Cp3,geometry_scores_only,fl3_entitlement_capped,discovery,joint_gaussian_regularized_cluster,1.0,1.0,0.9,,not_reached_on_tested_grid
d10b3aec4edc47fefb2bd92f,C_vs_Cp3__geometry_scores_only,8eb760d133ac749e3327,C_vs_Cp3,geometry_scores_only,fl3_entitlement_capped,discovery,joint_gaussian_regularized_cluster,1.5,0.0,0.5,,not_reached_on_tested_grid
d10b3aec4edc47fefb2bd92f,C_vs_Cp3__geometry_scores_only,8eb760d133ac749e3327,C_vs_Cp3,geometry_scores_only,fl3_entitlement_capped,discovery,joint_gaussian_regularized_cluster,1.5,0.0,0.8,,not_reached_on_tested_grid
d10b3aec4edc47fefb2bd92f,C_vs_Cp3__geometry_scores_only,8eb760d133ac749e3327,C_vs_Cp3,geometry_scores_only,fl3_entitlement_capped,discovery,joint_gaussian_regularized_cluster,1.5,0.0,0.9,,not_reached_on_tested_grid
d10b3aec4edc47fefb2bd92f,C_vs_Cp3__geometry_scores_only,8eb760d133ac749e3327,C_vs_Cp3,geometry_scores_only,fl3_entitlement_capped,discovery,joint_gaussian_regularized_cluster,1.5,0.25,0.5,,not_reached_on_tested_grid
d10b3aec4edc47fefb2bd92f,C_vs_Cp3__geometry_scores_only,8eb760d133ac749e3327,C_vs_Cp3,geometry_scores_only,fl3_entitlement_capped,discovery,joint_gaussian_regularized_cluster,1.5,0.25,0.8,,not_reached_on_tested_grid
d10b3aec4edc47fefb2bd92f,C_vs_Cp3__geometry_scores_only,8eb760d133ac749e3327,C_vs_Cp3,geometry_scores_only,fl3_entitlement_capped,discovery,joint_gaussian_regularized_cluster,1.5,0.25,0.9,,not_reached_on_tested_grid
d10b3aec4edc47fefb2bd92f,C_vs_Cp3__geometry_scores_only,8eb760d133ac749e3327,C_vs_Cp3,geometry_scores_only,fl3_entitlement_capped,discovery,joint_gaussian_regularized_cluster,1.5,0.5,0.5,,not_reached_on_tested_grid
d10b3aec4edc47fefb2bd92f,C_vs_Cp3__geometry_scores_only,8eb760d133ac749e3327,C_vs_Cp3,geometry_scores_only,fl3_entitlement_capped,discovery,joint_gaussian_regularized_cluster,1.5,0.5,0.8,,not_reached_on_tested_grid
d10b3aec4edc47fefb2bd92f,C_vs_Cp3__geometry_scores_only,8eb760d133ac749e3327,C_vs_Cp3,geometry_scores_only,fl3_entitlement_capped,discovery,joint_gaussian_regularized_cluster,1.5,0.5,0.9,,not_reached_on_tested_grid
d10b3aec4edc47fefb2bd92f,C_vs_Cp3__geometry_scores_only,8eb760d133ac749e3327,C_vs_Cp3,geometry_scores_only,fl3_entitlement_capped,discovery,joint_gaussian_regularized_cluster,1.5,1.0,0.5,,not_reached_on_tested_grid
d10b3aec4edc47fefb2bd92f,C_vs_Cp3__geometry_scores_only,8eb760d133ac749e3327,C_vs_Cp3,geometry_scores_only,fl3_entitlement_capped,discovery,joint_gaussian_regularized_cluster,1.5,1.0,0.8,,not_reached_on_tested_grid
d10b3aec4edc47fefb2bd92f,C_vs_Cp3__geometry_scores_only,8eb760d133ac749e3327,C_vs_Cp3,geometry_scores_only,fl3_entitlement_capped,discovery,joint_gaussian_regularized_cluster,1.5,1.0,0.9,,not_reached_on_tested_grid
d10b3aec4edc47fefb2bd92f,C_vs_Cp3__geometry_scores_only,8eb760d133ac749e3327,C_vs_Cp3,geometry_scores_only,fl3_entitlement_capped,discovery,joint_gaussian_regularized_cluster,2.0,0.0,0.5,,not_reached_on_tested_grid
d10b3aec4edc47fefb2bd92f,C_vs_Cp3__geometry_scores_only,8eb760d133ac749e3327,C_vs_Cp3,geometry_scores_only,fl3_entitlement_capped,discovery,joint_gaussian_regularized_cluster,2.0,0.0,0.8,,not_reached_on_tested_grid
d10b3aec4edc47fefb2bd92f,C_vs_Cp3__geometry_scores_only,8eb760d133ac749e3327,C_vs_Cp3,geometry_scores_only,fl3_entitlement_capped,discovery,joint_gaussian_regularized_cluster,2.0,0.0,0.9,,not_reached_on_tested_grid
d10b3aec4edc47fefb2bd92f,C_vs_Cp3__geometry_scores_only,8eb760d133ac749e3327,C_vs_Cp3,geometry_scores_only,fl3_entitlement_capped,discovery,joint_gaussian_regularized_cluster,2.0,0.25,0.5,,not_reached_on_tested_grid
d10b3aec4edc47fefb2bd92f,C_vs_Cp3__geometry_scores_only,8eb760d133ac749e3327,C_vs_Cp3,geometry_scores_only,fl3_entitlement_capped,discovery,joint_gaussian_regularized_cluster,2.0,0.25,0.8,,not_reached_on_tested_grid
d10b3aec4edc47fefb2bd92f,C_vs_Cp3__geometry_scores_only,8eb760d133ac749e3327,C_vs_Cp3,geometry_scores_only,fl3_entitlement_capped,discovery,joint_gaussian_regularized_cluster,2.0,0.25,0.9,,not_reached_on_tested_grid
d10b3aec4edc47fefb2bd92f,C_vs_Cp3__geometry_scores_only,8eb760d133ac749e3327,C_vs_Cp3,geometry_scores_only,fl3_entitlement_capped,discovery,joint_gaussian_regularized_cluster,2.0,0.5,0.5,,not_reached_on_tested_grid
d10b3aec4edc47fefb2bd92f,C_vs_Cp3__geometry_scores_only,8eb760d133ac749e3327,C_vs_Cp3,geometry_scores_only,fl3_entitlement_capped,discovery,joint_gaussian_regularized_cluster,2.0,0.5,0.8,,not_reached_on_tested_grid
d10b3aec4edc47fefb2bd92f,C_vs_Cp3__geometry_scores_only,8eb760d133ac749e3327,C_vs_Cp3,geometry_scores_only,fl3_entitlement_capped,discovery,joint_gaussian_regularized_cluster,2.0,0.5,0.9,,not_reached_on_tested_grid
d10b3aec4edc47fefb2bd92f,C_vs_Cp3__geometry_scores_only,8eb760d133ac749e3327,C_vs_Cp3,geometry_scores_only,fl3_entitlement_capped,discovery,joint_gaussian_regularized_cluster,2.0,1.0,0.5,,not_reached_on_tested_grid
d10b3aec4edc47fefb2bd92f,C_vs_Cp3__geometry_scores_only,8eb760d133ac749e3327,C_vs_Cp3,geometry_scores_only,fl3_entitlement_capped,discovery,joint_gaussian_regularized_cluster,2.0,1.0,0.8,,not_reached_on_tested_grid
d10b3aec4edc47fefb2bd92f,C_vs_Cp3__geometry_scores_only,8eb760d133ac749e3327,C_vs_Cp3,geometry_scores_only,fl3_entitlement_capped,discovery,joint_gaussian_regularized_cluster,2.0,1.0,0.9,,not_reached_on_tested_grid
d10b3aec4edc47fefb2bd92f,C_vs_Cp3__geometry_scores_only,8eb760d133ac749e3327,C_vs_Cp3,geometry_scores_only,fl3_entitlement_capped,discovery,joint_wild_cluster_rademacher,0.0,0.0,0.5,,not_reached_on_tested_grid
d10b3aec4edc47fefb2bd92f,C_vs_Cp3__geometry_scores_only,8eb760d133ac749e3327,C_vs_Cp3,geometry_scores_only,fl3_entitlement_capped,discovery,joint_wild_cluster_rademacher,0.0,0.0,0.8,,not_reached_on_tested_grid
d10b3aec4edc47fefb2bd92f,C_vs_Cp3__geometry_scores_only,8eb760d133ac749e3327,C_vs_Cp3,geometry_scores_only,fl3_entitlement_capped,discovery,joint_wild_cluster_rademacher,0.0,0.0,0.9,,not_reached_on_tested_grid
d10b3aec4edc47fefb2bd92f,C_vs_Cp3__geometry_scores_only,8eb760d133ac749e3327,C_vs_Cp3,geometry_scores_only,fl3_entitlement_capped,discovery,joint_wild_cluster_rademacher,0.25,0.0,0.5,,not_reached_on_tested_grid
d10b3aec4edc47fefb2bd92f,C_vs_Cp3__geometry_scores_only,8eb760d133ac749e3327,C_vs_Cp3,geometry_scores_only,fl3_entitlement_capped,discovery,joint_wild_cluster_rademacher,0.25,0.0,0.8,,not_reached_on_tested_grid
d10b3aec4edc47fefb2bd92f,C_vs_Cp3__geometry_scores_only,8eb760d133ac749e3327,C_vs_Cp3,geometry_scores_only,fl3_entitlement_capped,discovery,joint_wild_cluster_rademacher,0.25,0.0,0.9,,not_reached_on_tested_grid
d10b3aec4edc47fefb2bd92f,C_vs_Cp3__geometry_scores_only,8eb760d133ac749e3327,C_vs_Cp3,geometry_scores_only,fl3_entitlement_capped,discovery,joint_wild_cluster_rademacher,0.25,0.25,0.5,,not_reached_on_tested_grid
d10b3aec4edc47fefb2bd92f,C_vs_Cp3__geometry_scores_only,8eb760d133ac749e3327,C_vs_Cp3,geometry_scores_only,fl3_entitlement_capped,discovery,joint_wild_cluster_rademacher,0.25,0.25,0.8,,not_reached_on_tested_grid
d10b3aec4edc47fefb2bd92f,C_vs_Cp3__geometry_scores_only,8eb760d133ac749e3327,C_vs_Cp3,geometry_scores_only,fl3_entitlement_capped,discovery,joint_wild_cluster_rademacher,0.25,0.25,0.9,,not_reached_on_tested_grid
d10b3aec4edc47fefb2bd92f,C_vs_Cp3__geometry_scores_only,8eb760d133ac749e3327,C_vs_Cp3,geometry_scores_only,fl3_entitlement_capped,discovery,joint_wild_cluster_rademacher,0.25,0.5,0.5,,not_reached_on_tested_grid
d10b3aec4edc47fefb2bd92f,C_vs_Cp3__geometry_scores_only,8eb760d133ac749e3327,C_vs_Cp3,geometry_scores_only,fl3_entitlement_capped,discovery,joint_wild_cluster_rademacher,0.25,0.5,0.8,,not_reached_on_tested_grid
d10b3aec4edc47fefb2bd92f,C_vs_Cp3__geometry_scores_only,8eb760d133ac749e3327,C_vs_Cp3,geometry_scores_only,fl3_entitlement_capped,discovery,joint_wild_cluster_rademacher,0.25,0.5,0.9,,not_reached_on_tested_grid
d10b3aec4edc47fefb2bd92f,C_vs_Cp3__geometry_scores_only,8eb760d133ac749e3327,C_vs_Cp3,geometry_scores_only,fl3_entitlement_capped,discovery,joint_wild_cluster_rademacher,0.25,1.0,0.5,,not_reached_on_tested_grid
d10b3aec4edc47fefb2bd92f,C_vs_Cp3__geometry_scores_only,8eb760d133ac749e3327,C_vs_Cp3,geometry_scores_only,fl3_entitlement_capped,discovery,joint_wild_cluster_rademacher,0.25,1.0,0.8,,not_reached_on_tested_grid
d10b3aec4edc47fefb2bd92f,C_vs_Cp3__geometry_scores_only,8eb760d133ac749e3327,C_vs_Cp3,geometry_scores_only,fl3_entitlement_capped,discovery,joint_wild_cluster_rademacher,0.25,1.0,0.9,,not_reached_on_tested_grid
d10b3aec4edc47fefb2bd92f,C_vs_Cp3__geometry_scores_only,8eb760d133ac749e3327,C_vs_Cp3,geometry_scores_only,fl3_entitlement_capped,discovery,joint_wild_cluster_rademacher,0.5,0.0,0.5,,not_reached_on_tested_grid
d10b3aec4edc47fefb2bd92f,C_vs_Cp3__geometry_scores_only,8eb760d133ac749e3327,C_vs_Cp3,geometry_scores_only,fl3_entitlement_capped,discovery,joint_wild_cluster_rademacher,0.5,0.0,0.8,,not_reached_on_tested_grid
d10b3aec4edc47fefb2bd92f,C_vs_Cp3__geometry_scores_only,8eb760d133ac749e3327,C_vs_Cp3,geometry_scores_only,fl3_entitlement_capped,discovery,joint_wild_cluster_rademacher,0.5,0.0,0.9,,not_reached_on_tested_grid
d10b3aec4edc47fefb2bd92f,C_vs_Cp3__geometry_scores_only,8eb760d133ac749e3327,C_vs_Cp3,geometry_scores_only,fl3_entitlement_capped,discovery,joint_wild_cluster_rademacher,0.5,0.25,0.5,,not_reached_on_tested_grid
d10b3aec4edc47fefb2bd92f,C_vs_Cp3__geometry_scores_only,8eb760d133ac749e3327,C_vs_Cp3,geometry_scores_only,fl3_entitlement_capped,discovery,joint_wild_cluster_rademacher,0.5,0.25,0.8,,not_reached_on_tested_grid
d10b3aec4edc47fefb2bd92f,C_vs_Cp3__geometry_scores_only,8eb760d133ac749e3327,C_vs_Cp3,geometry_scores_only,fl3_entitlement_capped,discovery,joint_wild_cluster_rademacher,0.5,0.25,0.9,,not_reached_on_tested_grid
d10b3aec4edc47fefb2bd92f,C_vs_Cp3__geometry_scores_only,8eb760d133ac749e3327,C_vs_Cp3,geometry_scores_only,fl3_entitlement_capped,discovery,joint_wild_cluster_rademacher,0.5,0.5,0.5,,not_reached_on_tested_grid
d10b3aec4edc47fefb2bd92f,C_vs_Cp3__geometry_scores_only,8eb760d133ac749e3327,C_vs_Cp3,geometry_scores_only,fl3_entitlement_capped,discovery,joint_wild_cluster_rademacher,0.5,0.5,0.8,,not_reached_on_tested_grid
d10b3aec4edc47fefb2bd92f,C_vs_Cp3__geometry_scores_only,8eb760d133ac749e3327,C_vs_Cp3,geometry_scores_only,fl3_entitlement_capped,discovery,joint_wild_cluster_rademacher,0.5,0.5,0.9,,not_reached_on_tested_grid
d10b3aec4edc47fefb2bd92f,C_vs_Cp3__geometry_scores_only,8eb760d133ac749e3327,C_vs_Cp3,geometry_scores_only,fl3_entitlement_capped,discovery,joint_wild_cluster_rademacher,0.5,1.0,0.5,,not_reached_on_tested_grid
d10b3aec4edc47fefb2bd92f,C_vs_Cp3__geometry_scores_only,8eb760d133ac749e3327,C_vs_Cp3,geometry_scores_only,fl3_entitlement_capped,discovery,joint_wild_cluster_rademacher,0.5,1.0,0.8,,not_reached_on_tested_grid
d10b3aec4edc47fefb2bd92f,C_vs_Cp3__geometry_scores_only,8eb760d133ac749e3327,C_vs_Cp3,geometry_scores_only,fl3_entitlement_capped,discovery,joint_wild_cluster_rademacher,0.5,1.0,0.9,,not_reached_on_tested_grid
d10b3aec4edc47fefb2bd92f,C_vs_Cp3__geometry_scores_only,8eb760d133ac749e3327,C_vs_Cp3,geometry_scores_only,fl3_entitlement_capped,discovery,joint_wild_cluster_rademacher,0.75,0.0,0.5,,not_reached_on_tested_grid
d10b3aec4edc47fefb2bd92f,C_vs_Cp3__geometry_scores_only,8eb760d133ac749e3327,C_vs_Cp3,geometry_scores_only,fl3_entitlement_capped,discovery,joint_wild_cluster_rademacher,0.75,0.0,0.8,,not_reached_on_tested_grid
d10b3aec4edc47fefb2bd92f,C_vs_Cp3__geometry_scores_only,8eb760d133ac749e3327,C_vs_Cp3,geometry_scores_only,fl3_entitlement_capped,discovery,joint_wild_cluster_rademacher,0.75,0.0,0.9,,not_reached_on_tested_grid
d10b3aec4edc47fefb2bd92f,C_vs_Cp3__geometry_scores_only,8eb760d133ac749e3327,C_vs_Cp3,geometry_scores_only,fl3_entitlement_capped,discovery,joint_wild_cluster_rademacher,0.75,0.25,0.5,,not_reached_on_tested_grid
d10b3aec4edc47fefb2bd92f,C_vs_Cp3__geometry_scores_only,8eb760d133ac749e3327,C_vs_Cp3,geometry_scores_only,fl3_entitlement_capped,discovery,joint_wild_cluster_rademacher,0.75,0.25,0.8,,not_reached_on_tested_grid
d10b3aec4edc47fefb2bd92f,C_vs_Cp3__geometry_scores_only,8eb760d133ac749e3327,C_vs_Cp3,geometry_scores_only,fl3_entitlement_capped,discovery,joint_wild_cluster_rademacher,0.75,0.25,0.9,,not_reached_on_tested_grid
d10b3aec4edc47fefb2bd92f,C_vs_Cp3__geometry_scores_only,8eb760d133ac749e3327,C_vs_Cp3,geometry_scores_only,fl3_entitlement_capped,discovery,joint_wild_cluster_rademacher,0.75,0.5,0.5,,not_reached_on_tested_grid
d10b3aec4edc47fefb2bd92f,C_vs_Cp3__geometry_scores_only,8eb760d133ac749e3327,C_vs_Cp3,geometry_scores_only,fl3_entitlement_capped,discovery,joint_wild_cluster_rademacher,0.75,0.5,0.8,,not_reached_on_tested_grid
d10b3aec4edc47fefb2bd92f,C_vs_Cp3__geometry_scores_only,8eb760d133ac749e3327,C_vs_Cp3,geometry_scores_only,fl3_entitlement_capped,discovery,joint_wild_cluster_rademacher,0.75,0.5,0.9,,not_reached_on_tested_grid
d10b3aec4edc47fefb2bd92f,C_vs_Cp3__geometry_scores_only,8eb760d133ac749e3327,C_vs_Cp3,geometry_scores_only,fl3_entitlement_capped,discovery,joint_wild_cluster_rademacher,0.75,1.0,0.5,,not_reached_on_tested_grid
d10b3aec4edc47fefb2bd92f,C_vs_Cp3__geometry_scores_only,8eb760d133ac749e3327,C_vs_Cp3,geometry_scores_only,fl3_entitlement_capped,discovery,joint_wild_cluster_rademacher,0.75,1.0,0.8,,not_reached_on_tested_grid
d10b3aec4edc47fefb2bd92f,C_vs_Cp3__geometry_scores_only,8eb760d133ac749e3327,C_vs_Cp3,geometry_scores_only,fl3_entitlement_capped,discovery,joint_wild_cluster_rademacher,0.75,1.0,0.9,,not_reached_on_tested_grid
d10b3aec4edc47fefb2bd92f,C_vs_Cp3__geometry_scores_only,8eb760d133ac749e3327,C_vs_Cp3,geometry_scores_only,fl3_entitlement_capped,discovery,joint_wild_cluster_rademacher,1.0,0.0,0.5,,not_reached_on_tested_grid
d10b3aec4edc47fefb2bd92f,C_vs_Cp3__geometry_scores_only,8eb760d133ac749e3327,C_vs_Cp3,geometry_scores_only,fl3_entitlement_capped,discovery,joint_wild_cluster_rademacher,1.0,0.0,0.8,,not_reached_on_tested_grid
d10b3aec4edc47fefb2bd92f,C_vs_Cp3__geometry_scores_only,8eb760d133ac749e3327,C_vs_Cp3,geometry_scores_only,fl3_entitlement_capped,discovery,joint_wild_cluster_rademacher,1.0,0.0,0.9,,not_reached_on_tested_grid
d10b3aec4edc47fefb2bd92f,C_vs_Cp3__geometry_scores_only,8eb760d133ac749e3327,C_vs_Cp3,geometry_scores_only,fl3_entitlement_capped,discovery,joint_wild_cluster_rademacher,1.0,0.25,0.5,,not_reached_on_tested_grid
d10b3aec4edc47fefb2bd92f,C_vs_Cp3__geometry_scores_only,8eb760d133ac749e3327,C_vs_Cp3,geometry_scores_only,fl3_entitlement_capped,discovery,joint_wild_cluster_rademacher,1.0,0.25,0.8,,not_reached_on_tested_grid
d10b3aec4edc47fefb2bd92f,C_vs_Cp3__geometry_scores_only,8eb760d133ac749e3327,C_vs_Cp3,geometry_scores_only,fl3_entitlement_capped,discovery,joint_wild_cluster_rademacher,1.0,0.25,0.9,,not_reached_on_tested_grid
d10b3aec4edc47fefb2bd92f,C_vs_Cp3__geometry_scores_only,8eb760d133ac749e3327,C_vs_Cp3,geometry_scores_only,fl3_entitlement_capped,discovery,joint_wild_cluster_rademacher,1.0,0.5,0.5,,not_reached_on_tested_grid
d10b3aec4edc47fefb2bd92f,C_vs_Cp3__geometry_scores_only,8eb760d133ac749e3327,C_vs_Cp3,geometry_scores_only,fl3_entitlement_capped,discovery,joint_wild_cluster_rademacher,1.0,0.5,0.8,,not_reached_on_tested_grid
d10b3aec4edc47fefb2bd92f,C_vs_Cp3__geometry_scores_only,8eb760d133ac749e3327,C_vs_Cp3,geometry_scores_only,fl3_entitlement_capped,discovery,joint_wild_cluster_rademacher,1.0,0.5,0.9,,not_reached_on_tested_grid
d10b3aec4edc47fefb2bd92f,C_vs_Cp3__geometry_scores_only,8eb760d133ac749e3327,C_vs_Cp3,geometry_scores_only,fl3_entitlement_capped,discovery,joint_wild_cluster_rademacher,1.0,1.0,0.5,,not_reached_on_tested_grid
d10b3aec4edc47fefb2bd92f,C_vs_Cp3__geometry_scores_only,8eb760d133ac749e3327,C_vs_Cp3,geometry_scores_only,fl3_entitlement_capped,discovery,joint_wild_cluster_rademacher,1.0,1.0,0.8,,not_reached_on_tested_grid
d10b3aec4edc47fefb2bd92f,C_vs_Cp3__geometry_scores_only,8eb760d133ac749e3327,C_vs_Cp3,geometry_scores_only,fl3_entitlement_capped,discovery,joint_wild_cluster_rademacher,1.0,1.0,0.9,,not_reached_on_tested_grid
d10b3aec4edc47fefb2bd92f,C_vs_Cp3__geometry_scores_only,8eb760d133ac749e3327,C_vs_Cp3,geometry_scores_only,fl3_entitlement_capped,discovery,joint_wild_cluster_rademacher,1.5,0.0,0.5,,not_reached_on_tested_grid
d10b3aec4edc47fefb2bd92f,C_vs_Cp3__geometry_scores_only,8eb760d133ac749e3327,C_vs_Cp3,geometry_scores_only,fl3_entitlement_capped,discovery,joint_wild_cluster_rademacher,1.5,0.0,0.8,,not_reached_on_tested_grid
d10b3aec4edc47fefb2bd92f,C_vs_Cp3__geometry_scores_only,8eb760d133ac749e3327,C_vs_Cp3,geometry_scores_only,fl3_entitlement_capped,discovery,joint_wild_cluster_rademacher,1.5,0.0,0.9,,not_reached_on_tested_grid
d10b3aec4edc47fefb2bd92f,C_vs_Cp3__geometry_scores_only,8eb760d133ac749e3327,C_vs_Cp3,geometry_scores_only,fl3_entitlement_capped,discovery,joint_wild_cluster_rademacher,1.5,0.25,0.5,,not_reached_on_tested_grid
d10b3aec4edc47fefb2bd92f,C_vs_Cp3__geometry_scores_only,8eb760d133ac749e3327,C_vs_Cp3,geometry_scores_only,fl3_entitlement_capped,discovery,joint_wild_cluster_rademacher,1.5,0.25,0.8,,not_reached_on_tested_grid
d10b3aec4edc47fefb2bd92f,C_vs_Cp3__geometry_scores_only,8eb760d133ac749e3327,C_vs_Cp3,geometry_scores_only,fl3_entitlement_capped,discovery,joint_wild_cluster_rademacher,1.5,0.25,0.9,,not_reached_on_tested_grid
d10b3aec4edc47fefb2bd92f,C_vs_Cp3__geometry_scores_only,8eb760d133ac749e3327,C_vs_Cp3,geometry_scores_only,fl3_entitlement_capped,discovery,joint_wild_cluster_rademacher,1.5,0.5,0.5,,not_reached_on_tested_grid
d10b3aec4edc47fefb2bd92f,C_vs_Cp3__geometry_scores_only,8eb760d133ac749e3327,C_vs_Cp3,geometry_scores_only,fl3_entitlement_capped,discovery,joint_wild_cluster_rademacher,1.5,0.5,0.8,,not_reached_on_tested_grid
d10b3aec4edc47fefb2bd92f,C_vs_Cp3__geometry_scores_only,8eb760d133ac749e3327,C_vs_Cp3,geometry_scores_only,fl3_entitlement_capped,discovery,joint_wild_cluster_rademacher,1.5,0.5,0.9,,not_reached_on_tested_grid
d10b3aec4edc47fefb2bd92f,C_vs_Cp3__geometry_scores_only,8eb760d133ac749e3327,C_vs_Cp3,geometry_scores_only,fl3_entitlement_capped,discovery,joint_wild_cluster_rademacher,1.5,1.0,0.5,,not_reached_on_tested_grid
d10b3aec4edc47fefb2bd92f,C_vs_Cp3__geometry_scores_only,8eb760d133ac749e3327,C_vs_Cp3,geometry_scores_only,fl3_entitlement_capped,discovery,joint_wild_cluster_rademacher,1.5,1.0,0.8,,not_reached_on_tested_grid
d10b3aec4edc47fefb2bd92f,C_vs_Cp3__geometry_scores_only,8eb760d133ac749e3327,C_vs_Cp3,geometry_scores_only,fl3_entitlement_capped,discovery,joint_wild_cluster_rademacher,1.5,1.0,0.9,,not_reached_on_tested_grid
d10b3aec4edc47fefb2bd92f,C_vs_Cp3__geometry_scores_only,8eb760d133ac749e3327,C_vs_Cp3,geometry_scores_only,fl3_entitlement_capped,discovery,joint_wild_cluster_rademacher,2.0,0.0,0.5,,not_reached_on_tested_grid
d10b3aec4edc47fefb2bd92f,C_vs_Cp3__geometry_scores_only,8eb760d133ac749e3327,C_vs_Cp3,geometry_scores_only,fl3_entitlement_capped,discovery,joint_wild_cluster_rademacher,2.0,0.0,0.8,,not_reached_on_tested_grid
d10b3aec4edc47fefb2bd92f,C_vs_Cp3__geometry_scores_only,8eb760d133ac749e3327,C_vs_Cp3,geometry_scores_only,fl3_entitlement_capped,discovery,joint_wild_cluster_rademacher,2.0,0.0,0.9,,not_reached_on_tested_grid
d10b3aec4edc47fefb2bd92f,C_vs_Cp3__geometry_scores_only,8eb760d133ac749e3327,C_vs_Cp3,geometry_scores_only,fl3_entitlement_capped,discovery,joint_wild_cluster_rademacher,2.0,0.25,0.5,,not_reached_on_tested_grid
d10b3aec4edc47fefb2bd92f,C_vs_Cp3__geometry_scores_only,8eb760d133ac749e3327,C_vs_Cp3,geometry_scores_only,fl3_entitlement_capped,discovery,joint_wild_cluster_rademacher,2.0,0.25,0.8,,not_reached_on_tested_grid
d10b3aec4edc47fefb2bd92f,C_vs_Cp3__geometry_scores_only,8eb760d133ac749e3327,C_vs_Cp3,geometry_scores_only,fl3_entitlement_capped,discovery,joint_wild_cluster_rademacher,2.0,0.25,0.9,,not_reached_on_tested_grid
d10b3aec4edc47fefb2bd92f,C_vs_Cp3__geometry_scores_only,8eb760d133ac749e3327,C_vs_Cp3,geometry_scores_only,fl3_entitlement_capped,discovery,joint_wild_cluster_rademacher,2.0,0.5,0.5,,not_reached_on_tested_grid
d10b3aec4edc47fefb2bd92f,C_vs_Cp3__geometry_scores_only,8eb760d133ac749e3327,C_vs_Cp3,geometry_scores_only,fl3_entitlement_capped,discovery,joint_wild_cluster_rademacher,2.0,0.5,0.8,,not_reached_on_tested_grid
d10b3aec4edc47fefb2bd92f,C_vs_Cp3__geometry_scores_only,8eb760d133ac749e3327,C_vs_Cp3,geometry_scores_only,fl3_entitlement_capped,discovery,joint_wild_cluster_rademacher,2.0,0.5,0.9,,not_reached_on_tested_grid
d10b3aec4edc47fefb2bd92f,C_vs_Cp3__geometry_scores_only,8eb760d133ac749e3327,C_vs_Cp3,geometry_scores_only,fl3_entitlement_capped,discovery,joint_wild_cluster_rademacher,2.0,1.0,0.5,,not_reached_on_tested_grid
d10b3aec4edc47fefb2bd92f,C_vs_Cp3__geometry_scores_only,8eb760d133ac749e3327,C_vs_Cp3,geometry_scores_only,fl3_entitlement_capped,discovery,joint_wild_cluster_rademacher,2.0,1.0,0.8,,not_reached_on_tested_grid
d10b3aec4edc47fefb2bd92f,C_vs_Cp3__geometry_scores_only,8eb760d133ac749e3327,C_vs_Cp3,geometry_scores_only,fl3_entitlement_capped,discovery,joint_wild_cluster_rademacher,2.0,1.0,0.9,,not_reached_on_tested_grid
fe17c18b39eb86c6e9f982bd,C_vs_Cp3__path_shares_only,28ecf7e42b861405b6b3,C_vs_Cp3,path_shares_only,fl3_entitled,confirmation,joint_gaussian_regularized_cluster,0.0,0.0,0.5,,not_reached_on_tested_grid
fe17c18b39eb86c6e9f982bd,C_vs_Cp3__path_shares_only,28ecf7e42b861405b6b3,C_vs_Cp3,path_shares_only,fl3_entitled,confirmation,joint_gaussian_regularized_cluster,0.0,0.0,0.8,,not_reached_on_tested_grid
fe17c18b39eb86c6e9f982bd,C_vs_Cp3__path_shares_only,28ecf7e42b861405b6b3,C_vs_Cp3,path_shares_only,fl3_entitled,confirmation,joint_gaussian_regularized_cluster,0.0,0.0,0.9,,not_reached_on_tested_grid
fe17c18b39eb86c6e9f982bd,C_vs_Cp3__path_shares_only,28ecf7e42b861405b6b3,C_vs_Cp3,path_shares_only,fl3_entitled,confirmation,joint_gaussian_regularized_cluster,0.25,0.0,0.5,12.0,reached_on_tested_grid
fe17c18b39eb86c6e9f982bd,C_vs_Cp3__path_shares_only,28ecf7e42b861405b6b3,C_vs_Cp3,path_shares_only,fl3_entitled,confirmation,joint_gaussian_regularized_cluster,0.25,0.0,0.8,,not_reached_on_tested_grid
fe17c18b39eb86c6e9f982bd,C_vs_Cp3__path_shares_only,28ecf7e42b861405b6b3,C_vs_Cp3,path_shares_only,fl3_entitled,confirmation,joint_gaussian_regularized_cluster,0.25,0.0,0.9,,not_reached_on_tested_grid
fe17c18b39eb86c6e9f982bd,C_vs_Cp3__path_shares_only,28ecf7e42b861405b6b3,C_vs_Cp3,path_shares_only,fl3_entitled,confirmation,joint_gaussian_regularized_cluster,0.25,0.25,0.5,12.0,reached_on_tested_grid
fe17c18b39eb86c6e9f982bd,C_vs_Cp3__path_shares_only,28ecf7e42b861405b6b3,C_vs_Cp3,path_shares_only,fl3_entitled,confirmation,joint_gaussian_regularized_cluster,0.25,0.25,0.8,,not_reached_on_tested_grid
fe17c18b39eb86c6e9f982bd,C_vs_Cp3__path_shares_only,28ecf7e42b861405b6b3,C_vs_Cp3,path_shares_only,fl3_entitled,confirmation,joint_gaussian_regularized_cluster,0.25,0.25,0.9,,not_reached_on_tested_grid
fe17c18b39eb86c6e9f982bd,C_vs_Cp3__path_shares_only,28ecf7e42b861405b6b3,C_vs_Cp3,path_shares_only,fl3_entitled,confirmation,joint_gaussian_regularized_cluster,0.25,0.5,0.5,,not_reached_on_tested_grid
fe17c18b39eb86c6e9f982bd,C_vs_Cp3__path_shares_only,28ecf7e42b861405b6b3,C_vs_Cp3,path_shares_only,fl3_entitled,confirmation,joint_gaussian_regularized_cluster,0.25,0.5,0.8,,not_reached_on_tested_grid
fe17c18b39eb86c6e9f982bd,C_vs_Cp3__path_shares_only,28ecf7e42b861405b6b3,C_vs_Cp3,path_shares_only,fl3_entitled,confirmation,joint_gaussian_regularized_cluster,0.25,0.5,0.9,,not_reached_on_tested_grid
fe17c18b39eb86c6e9f982bd,C_vs_Cp3__path_shares_only,28ecf7e42b861405b6b3,C_vs_Cp3,path_shares_only,fl3_entitled,confirmation,joint_gaussian_regularized_cluster,0.25,1.0,0.5,,not_reached_on_tested_grid
fe17c18b39eb86c6e9f982bd,C_vs_Cp3__path_shares_only,28ecf7e42b861405b6b3,C_vs_Cp3,path_shares_only,fl3_entitled,confirmation,joint_gaussian_regularized_cluster,0.25,1.0,0.8,,not_reached_on_tested_grid
fe17c18b39eb86c6e9f982bd,C_vs_Cp3__path_shares_only,28ecf7e42b861405b6b3,C_vs_Cp3,path_shares_only,fl3_entitled,confirmation,joint_gaussian_regularized_cluster,0.25,1.0,0.9,,not_reached_on_tested_grid
fe17c18b39eb86c6e9f982bd,C_vs_Cp3__path_shares_only,28ecf7e42b861405b6b3,C_vs_Cp3,path_shares_only,fl3_entitled,confirmation,joint_gaussian_regularized_cluster,0.5,0.0,0.5,8.0,reached_on_tested_grid
fe17c18b39eb86c6e9f982bd,C_vs_Cp3__path_shares_only,28ecf7e42b861405b6b3,C_vs_Cp3,path_shares_only,fl3_entitled,confirmation,joint_gaussian_regularized_cluster,0.5,0.0,0.8,10.0,reached_on_tested_grid
fe17c18b39eb86c6e9f982bd,C_vs_Cp3__path_shares_only,28ecf7e42b861405b6b3,C_vs_Cp3,path_shares_only,fl3_entitled,confirmation,joint_gaussian_regularized_cluster,0.5,0.0,0.9,12.0,reached_on_tested_grid
fe17c18b39eb86c6e9f982bd,C_vs_Cp3__path_shares_only,28ecf7e42b861405b6b3,C_vs_Cp3,path_shares_only,fl3_entitled,confirmation,joint_gaussian_regularized_cluster,0.5,0.25,0.5,8.0,reached_on_tested_grid
fe17c18b39eb86c6e9f982bd,C_vs_Cp3__path_shares_only,28ecf7e42b861405b6b3,C_vs_Cp3,path_shares_only,fl3_entitled,confirmation,joint_gaussian_regularized_cluster,0.5,0.25,0.8,10.0,reached_on_tested_grid
fe17c18b39eb86c6e9f982bd,C_vs_Cp3__path_shares_only,28ecf7e42b861405b6b3,C_vs_Cp3,path_shares_only,fl3_entitled,confirmation,joint_gaussian_regularized_cluster,0.5,0.25,0.9,,not_reached_on_tested_grid
fe17c18b39eb86c6e9f982bd,C_vs_Cp3__path_shares_only,28ecf7e42b861405b6b3,C_vs_Cp3,path_shares_only,fl3_entitled,confirmation,joint_gaussian_regularized_cluster,0.5,0.5,0.5,8.0,reached_on_tested_grid
fe17c18b39eb86c6e9f982bd,C_vs_Cp3__path_shares_only,28ecf7e42b861405b6b3,C_vs_Cp3,path_shares_only,fl3_entitled,confirmation,joint_gaussian_regularized_cluster,0.5,0.5,0.8,12.0,reached_on_tested_grid
fe17c18b39eb86c6e9f982bd,C_vs_Cp3__path_shares_only,28ecf7e42b861405b6b3,C_vs_Cp3,path_shares_only,fl3_entitled,confirmation,joint_gaussian_regularized_cluster,0.5,0.5,0.9,,not_reached_on_tested_grid
fe17c18b39eb86c6e9f982bd,C_vs_Cp3__path_shares_only,28ecf7e42b861405b6b3,C_vs_Cp3,path_shares_only,fl3_entitled,confirmation,joint_gaussian_regularized_cluster,0.5,1.0,0.5,,not_reached_on_tested_grid
fe17c18b39eb86c6e9f982bd,C_vs_Cp3__path_shares_only,28ecf7e42b861405b6b3,C_vs_Cp3,path_shares_only,fl3_entitled,confirmation,joint_gaussian_regularized_cluster,0.5,1.0,0.8,,not_reached_on_tested_grid
fe17c18b39eb86c6e9f982bd,C_vs_Cp3__path_shares_only,28ecf7e42b861405b6b3,C_vs_Cp3,path_shares_only,fl3_entitled,confirmation,joint_gaussian_regularized_cluster,0.5,1.0,0.9,,not_reached_on_tested_grid
fe17c18b39eb86c6e9f982bd,C_vs_Cp3__path_shares_only,28ecf7e42b861405b6b3,C_vs_Cp3,path_shares_only,fl3_entitled,confirmation,joint_gaussian_regularized_cluster,0.75,0.0,0.5,6.0,reached_on_tested_grid
fe17c18b39eb86c6e9f982bd,C_vs_Cp3__path_shares_only,28ecf7e42b861405b6b3,C_vs_Cp3,path_shares_only,fl3_entitled,confirmation,joint_gaussian_regularized_cluster,0.75,0.0,0.8,8.0,reached_on_tested_grid
fe17c18b39eb86c6e9f982bd,C_vs_Cp3__path_shares_only,28ecf7e42b861405b6b3,C_vs_Cp3,path_shares_only,fl3_entitled,confirmation,joint_gaussian_regularized_cluster,0.75,0.0,0.9,10.0,reached_on_tested_grid
fe17c18b39eb86c6e9f982bd,C_vs_Cp3__path_shares_only,28ecf7e42b861405b6b3,C_vs_Cp3,path_shares_only,fl3_entitled,confirmation,joint_gaussian_regularized_cluster,0.75,0.25,0.5,6.0,reached_on_tested_grid
fe17c18b39eb86c6e9f982bd,C_vs_Cp3__path_shares_only,28ecf7e42b861405b6b3,C_vs_Cp3,path_shares_only,fl3_entitled,confirmation,joint_gaussian_regularized_cluster,0.75,0.25,0.8,8.0,reached_on_tested_grid
fe17c18b39eb86c6e9f982bd,C_vs_Cp3__path_shares_only,28ecf7e42b861405b6b3,C_vs_Cp3,path_shares_only,fl3_entitled,confirmation,joint_gaussian_regularized_cluster,0.75,0.25,0.9,10.0,reached_on_tested_grid
fe17c18b39eb86c6e9f982bd,C_vs_Cp3__path_shares_only,28ecf7e42b861405b6b3,C_vs_Cp3,path_shares_only,fl3_entitled,confirmation,joint_gaussian_regularized_cluster,0.75,0.5,0.5,6.0,reached_on_tested_grid
fe17c18b39eb86c6e9f982bd,C_vs_Cp3__path_shares_only,28ecf7e42b861405b6b3,C_vs_Cp3,path_shares_only,fl3_entitled,confirmation,joint_gaussian_regularized_cluster,0.75,0.5,0.8,10.0,reached_on_tested_grid
fe17c18b39eb86c6e9f982bd,C_vs_Cp3__path_shares_only,28ecf7e42b861405b6b3,C_vs_Cp3,path_shares_only,fl3_entitled,confirmation,joint_gaussian_regularized_cluster,0.75,0.5,0.9,12.0,reached_on_tested_grid
fe17c18b39eb86c6e9f982bd,C_vs_Cp3__path_shares_only,28ecf7e42b861405b6b3,C_vs_Cp3,path_shares_only,fl3_entitled,confirmation,joint_gaussian_regularized_cluster,0.75,1.0,0.5,,not_reached_on_tested_grid
fe17c18b39eb86c6e9f982bd,C_vs_Cp3__path_shares_only,28ecf7e42b861405b6b3,C_vs_Cp3,path_shares_only,fl3_entitled,confirmation,joint_gaussian_regularized_cluster,0.75,1.0,0.8,,not_reached_on_tested_grid
fe17c18b39eb86c6e9f982bd,C_vs_Cp3__path_shares_only,28ecf7e42b861405b6b3,C_vs_Cp3,path_shares_only,fl3_entitled,confirmation,joint_gaussian_regularized_cluster,0.75,1.0,0.9,,not_reached_on_tested_grid
fe17c18b39eb86c6e9f982bd,C_vs_Cp3__path_shares_only,28ecf7e42b861405b6b3,C_vs_Cp3,path_shares_only,fl3_entitled,confirmation,joint_gaussian_regularized_cluster,1.0,0.0,0.5,6.0,reached_on_tested_grid
fe17c18b39eb86c6e9f982bd,C_vs_Cp3__path_shares_only,28ecf7e42b861405b6b3,C_vs_Cp3,path_shares_only,fl3_entitled,confirmation,joint_gaussian_regularized_cluster,1.0,0.0,0.8,8.0,reached_on_tested_grid
fe17c18b39eb86c6e9f982bd,C_vs_Cp3__path_shares_only,28ecf7e42b861405b6b3,C_vs_Cp3,path_shares_only,fl3_entitled,confirmation,joint_gaussian_regularized_cluster,1.0,0.0,0.9,8.0,reached_on_tested_grid
fe17c18b39eb86c6e9f982bd,C_vs_Cp3__path_shares_only,28ecf7e42b861405b6b3,C_vs_Cp3,path_shares_only,fl3_entitled,confirmation,joint_gaussian_regularized_cluster,1.0,0.25,0.5,6.0,reached_on_tested_grid
fe17c18b39eb86c6e9f982bd,C_vs_Cp3__path_shares_only,28ecf7e42b861405b6b3,C_vs_Cp3,path_shares_only,fl3_entitled,confirmation,joint_gaussian_regularized_cluster,1.0,0.25,0.8,8.0,reached_on_tested_grid
fe17c18b39eb86c6e9f982bd,C_vs_Cp3__path_shares_only,28ecf7e42b861405b6b3,C_vs_Cp3,path_shares_only,fl3_entitled,confirmation,joint_gaussian_regularized_cluster,1.0,0.25,0.9,10.0,reached_on_tested_grid
fe17c18b39eb86c6e9f982bd,C_vs_Cp3__path_shares_only,28ecf7e42b861405b6b3,C_vs_Cp3,path_shares_only,fl3_entitled,confirmation,joint_gaussian_regularized_cluster,1.0,0.5,0.5,6.0,reached_on_tested_grid
fe17c18b39eb86c6e9f982bd,C_vs_Cp3__path_shares_only,28ecf7e42b861405b6b3,C_vs_Cp3,path_shares_only,fl3_entitled,confirmation,joint_gaussian_regularized_cluster,1.0,0.5,0.8,8.0,reached_on_tested_grid
fe17c18b39eb86c6e9f982bd,C_vs_Cp3__path_shares_only,28ecf7e42b861405b6b3,C_vs_Cp3,path_shares_only,fl3_entitled,confirmation,joint_gaussian_regularized_cluster,1.0,0.5,0.9,10.0,reached_on_tested_grid
fe17c18b39eb86c6e9f982bd,C_vs_Cp3__path_shares_only,28ecf7e42b861405b6b3,C_vs_Cp3,path_shares_only,fl3_entitled,confirmation,joint_gaussian_regularized_cluster,1.0,1.0,0.5,,not_reached_on_tested_grid
fe17c18b39eb86c6e9f982bd,C_vs_Cp3__path_shares_only,28ecf7e42b861405b6b3,C_vs_Cp3,path_shares_only,fl3_entitled,confirmation,joint_gaussian_regularized_cluster,1.0,1.0,0.8,,not_reached_on_tested_grid
fe17c18b39eb86c6e9f982bd,C_vs_Cp3__path_shares_only,28ecf7e42b861405b6b3,C_vs_Cp3,path_shares_only,fl3_entitled,confirmation,joint_gaussian_regularized_cluster,1.0,1.0,0.9,,not_reached_on_tested_grid
fe17c18b39eb86c6e9f982bd,C_vs_Cp3__path_shares_only,28ecf7e42b861405b6b3,C_vs_Cp3,path_shares_only,fl3_entitled,confirmation,joint_gaussian_regularized_cluster,1.5,0.0,0.5,5.0,reached_on_tested_grid
fe17c18b39eb86c6e9f982bd,C_vs_Cp3__path_shares_only,28ecf7e42b861405b6b3,C_vs_Cp3,path_shares_only,fl3_entitled,confirmation,joint_gaussian_regularized_cluster,1.5,0.0,0.8,8.0,reached_on_tested_grid
fe17c18b39eb86c6e9f982bd,C_vs_Cp3__path_shares_only,28ecf7e42b861405b6b3,C_vs_Cp3,path_shares_only,fl3_entitled,confirmation,joint_gaussian_regularized_cluster,1.5,0.0,0.9,8.0,reached_on_tested_grid
fe17c18b39eb86c6e9f982bd,C_vs_Cp3__path_shares_only,28ecf7e42b861405b6b3,C_vs_Cp3,path_shares_only,fl3_entitled,confirmation,joint_gaussian_regularized_cluster,1.5,0.25,0.5,5.0,reached_on_tested_grid
fe17c18b39eb86c6e9f982bd,C_vs_Cp3__path_shares_only,28ecf7e42b861405b6b3,C_vs_Cp3,path_shares_only,fl3_entitled,confirmation,joint_gaussian_regularized_cluster,1.5,0.25,0.8,8.0,reached_on_tested_grid
fe17c18b39eb86c6e9f982bd,C_vs_Cp3__path_shares_only,28ecf7e42b861405b6b3,C_vs_Cp3,path_shares_only,fl3_entitled,confirmation,joint_gaussian_regularized_cluster,1.5,0.25,0.9,8.0,reached_on_tested_grid
fe17c18b39eb86c6e9f982bd,C_vs_Cp3__path_shares_only,28ecf7e42b861405b6b3,C_vs_Cp3,path_shares_only,fl3_entitled,confirmation,joint_gaussian_regularized_cluster,1.5,0.5,0.5,5.0,reached_on_tested_grid
fe17c18b39eb86c6e9f982bd,C_vs_Cp3__path_shares_only,28ecf7e42b861405b6b3,C_vs_Cp3,path_shares_only,fl3_entitled,confirmation,joint_gaussian_regularized_cluster,1.5,0.5,0.8,8.0,reached_on_tested_grid
fe17c18b39eb86c6e9f982bd,C_vs_Cp3__path_shares_only,28ecf7e42b861405b6b3,C_vs_Cp3,path_shares_only,fl3_entitled,confirmation,joint_gaussian_regularized_cluster,1.5,0.5,0.9,8.0,reached_on_tested_grid
fe17c18b39eb86c6e9f982bd,C_vs_Cp3__path_shares_only,28ecf7e42b861405b6b3,C_vs_Cp3,path_shares_only,fl3_entitled,confirmation,joint_gaussian_regularized_cluster,1.5,1.0,0.5,,not_reached_on_tested_grid
fe17c18b39eb86c6e9f982bd,C_vs_Cp3__path_shares_only,28ecf7e42b861405b6b3,C_vs_Cp3,path_shares_only,fl3_entitled,confirmation,joint_gaussian_regularized_cluster,1.5,1.0,0.8,,not_reached_on_tested_grid
fe17c18b39eb86c6e9f982bd,C_vs_Cp3__path_shares_only,28ecf7e42b861405b6b3,C_vs_Cp3,path_shares_only,fl3_entitled,confirmation,joint_gaussian_regularized_cluster,1.5,1.0,0.9,,not_reached_on_tested_grid
fe17c18b39eb86c6e9f982bd,C_vs_Cp3__path_shares_only,28ecf7e42b861405b6b3,C_vs_Cp3,path_shares_only,fl3_entitled,confirmation,joint_gaussian_regularized_cluster,2.0,0.0,0.5,5.0,reached_on_tested_grid
fe17c18b39eb86c6e9f982bd,C_vs_Cp3__path_shares_only,28ecf7e42b861405b6b3,C_vs_Cp3,path_shares_only,fl3_entitled,confirmation,joint_gaussian_regularized_cluster,2.0,0.0,0.8,6.0,reached_on_tested_grid
fe17c18b39eb86c6e9f982bd,C_vs_Cp3__path_shares_only,28ecf7e42b861405b6b3,C_vs_Cp3,path_shares_only,fl3_entitled,confirmation,joint_gaussian_regularized_cluster,2.0,0.0,0.9,8.0,reached_on_tested_grid
fe17c18b39eb86c6e9f982bd,C_vs_Cp3__path_shares_only,28ecf7e42b861405b6b3,C_vs_Cp3,path_shares_only,fl3_entitled,confirmation,joint_gaussian_regularized_cluster,2.0,0.25,0.5,5.0,reached_on_tested_grid
fe17c18b39eb86c6e9f982bd,C_vs_Cp3__path_shares_only,28ecf7e42b861405b6b3,C_vs_Cp3,path_shares_only,fl3_entitled,confirmation,joint_gaussian_regularized_cluster,2.0,0.25,0.8,6.0,reached_on_tested_grid
fe17c18b39eb86c6e9f982bd,C_vs_Cp3__path_shares_only,28ecf7e42b861405b6b3,C_vs_Cp3,path_shares_only,fl3_entitled,confirmation,joint_gaussian_regularized_cluster,2.0,0.25,0.9,8.0,reached_on_tested_grid
fe17c18b39eb86c6e9f982bd,C_vs_Cp3__path_shares_only,28ecf7e42b861405b6b3,C_vs_Cp3,path_shares_only,fl3_entitled,confirmation,joint_gaussian_regularized_cluster,2.0,0.5,0.5,5.0,reached_on_tested_grid
fe17c18b39eb86c6e9f982bd,C_vs_Cp3__path_shares_only,28ecf7e42b861405b6b3,C_vs_Cp3,path_shares_only,fl3_entitled,confirmation,joint_gaussian_regularized_cluster,2.0,0.5,0.8,8.0,reached_on_tested_grid
fe17c18b39eb86c6e9f982bd,C_vs_Cp3__path_shares_only,28ecf7e42b861405b6b3,C_vs_Cp3,path_shares_only,fl3_entitled,confirmation,joint_gaussian_regularized_cluster,2.0,0.5,0.9,8.0,reached_on_tested_grid
fe17c18b39eb86c6e9f982bd,C_vs_Cp3__path_shares_only,28ecf7e42b861405b6b3,C_vs_Cp3,path_shares_only,fl3_entitled,confirmation,joint_gaussian_regularized_cluster,2.0,1.0,0.5,,not_reached_on_tested_grid
fe17c18b39eb86c6e9f982bd,C_vs_Cp3__path_shares_only,28ecf7e42b861405b6b3,C_vs_Cp3,path_shares_only,fl3_entitled,confirmation,joint_gaussian_regularized_cluster,2.0,1.0,0.8,,not_reached_on_tested_grid
fe17c18b39eb86c6e9f982bd,C_vs_Cp3__path_shares_only,28ecf7e42b861405b6b3,C_vs_Cp3,path_shares_only,fl3_entitled,confirmation,joint_gaussian_regularized_cluster,2.0,1.0,0.9,,not_reached_on_tested_grid
fe17c18b39eb86c6e9f982bd,C_vs_Cp3__path_shares_only,28ecf7e42b861405b6b3,C_vs_Cp3,path_shares_only,fl3_entitled,confirmation,joint_wild_cluster_rademacher,0.0,0.0,0.5,,not_reached_on_tested_grid
fe17c18b39eb86c6e9f982bd,C_vs_Cp3__path_shares_only,28ecf7e42b861405b6b3,C_vs_Cp3,path_shares_only,fl3_entitled,confirmation,joint_wild_cluster_rademacher,0.0,0.0,0.8,,not_reached_on_tested_grid
fe17c18b39eb86c6e9f982bd,C_vs_Cp3__path_shares_only,28ecf7e42b861405b6b3,C_vs_Cp3,path_shares_only,fl3_entitled,confirmation,joint_wild_cluster_rademacher,0.0,0.0,0.9,,not_reached_on_tested_grid
fe17c18b39eb86c6e9f982bd,C_vs_Cp3__path_shares_only,28ecf7e42b861405b6b3,C_vs_Cp3,path_shares_only,fl3_entitled,confirmation,joint_wild_cluster_rademacher,0.25,0.0,0.5,12.0,reached_on_tested_grid
fe17c18b39eb86c6e9f982bd,C_vs_Cp3__path_shares_only,28ecf7e42b861405b6b3,C_vs_Cp3,path_shares_only,fl3_entitled,confirmation,joint_wild_cluster_rademacher,0.25,0.0,0.8,,not_reached_on_tested_grid
fe17c18b39eb86c6e9f982bd,C_vs_Cp3__path_shares_only,28ecf7e42b861405b6b3,C_vs_Cp3,path_shares_only,fl3_entitled,confirmation,joint_wild_cluster_rademacher,0.25,0.0,0.9,,not_reached_on_tested_grid
fe17c18b39eb86c6e9f982bd,C_vs_Cp3__path_shares_only,28ecf7e42b861405b6b3,C_vs_Cp3,path_shares_only,fl3_entitled,confirmation,joint_wild_cluster_rademacher,0.25,0.25,0.5,12.0,reached_on_tested_grid
fe17c18b39eb86c6e9f982bd,C_vs_Cp3__path_shares_only,28ecf7e42b861405b6b3,C_vs_Cp3,path_shares_only,fl3_entitled,confirmation,joint_wild_cluster_rademacher,0.25,0.25,0.8,,not_reached_on_tested_grid
fe17c18b39eb86c6e9f982bd,C_vs_Cp3__path_shares_only,28ecf7e42b861405b6b3,C_vs_Cp3,path_shares_only,fl3_entitled,confirmation,joint_wild_cluster_rademacher,0.25,0.25,0.9,,not_reached_on_tested_grid
fe17c18b39eb86c6e9f982bd,C_vs_Cp3__path_shares_only,28ecf7e42b861405b6b3,C_vs_Cp3,path_shares_only,fl3_entitled,confirmation,joint_wild_cluster_rademacher,0.25,0.5,0.5,,not_reached_on_tested_grid
fe17c18b39eb86c6e9f982bd,C_vs_Cp3__path_shares_only,28ecf7e42b861405b6b3,C_vs_Cp3,path_shares_only,fl3_entitled,confirmation,joint_wild_cluster_rademacher,0.25,0.5,0.8,,not_reached_on_tested_grid
fe17c18b39eb86c6e9f982bd,C_vs_Cp3__path_shares_only,28ecf7e42b861405b6b3,C_vs_Cp3,path_shares_only,fl3_entitled,confirmation,joint_wild_cluster_rademacher,0.25,0.5,0.9,,not_reached_on_tested_grid
fe17c18b39eb86c6e9f982bd,C_vs_Cp3__path_shares_only,28ecf7e42b861405b6b3,C_vs_Cp3,path_shares_only,fl3_entitled,confirmation,joint_wild_cluster_rademacher,0.25,1.0,0.5,,not_reached_on_tested_grid
fe17c18b39eb86c6e9f982bd,C_vs_Cp3__path_shares_only,28ecf7e42b861405b6b3,C_vs_Cp3,path_shares_only,fl3_entitled,confirmation,joint_wild_cluster_rademacher,0.25,1.0,0.8,,not_reached_on_tested_grid
fe17c18b39eb86c6e9f982bd,C_vs_Cp3__path_shares_only,28ecf7e42b861405b6b3,C_vs_Cp3,path_shares_only,fl3_entitled,confirmation,joint_wild_cluster_rademacher,0.25,1.0,0.9,,not_reached_on_tested_grid
fe17c18b39eb86c6e9f982bd,C_vs_Cp3__path_shares_only,28ecf7e42b861405b6b3,C_vs_Cp3,path_shares_only,fl3_entitled,confirmation,joint_wild_cluster_rademacher,0.5,0.0,0.5,8.0,reached_on_tested_grid
fe17c18b39eb86c6e9f982bd,C_vs_Cp3__path_shares_only,28ecf7e42b861405b6b3,C_vs_Cp3,path_shares_only,fl3_entitled,confirmation,joint_wild_cluster_rademacher,0.5,0.0,0.8,10.0,reached_on_tested_grid
fe17c18b39eb86c6e9f982bd,C_vs_Cp3__path_shares_only,28ecf7e42b861405b6b3,C_vs_Cp3,path_shares_only,fl3_entitled,confirmation,joint_wild_cluster_rademacher,0.5,0.0,0.9,12.0,reached_on_tested_grid
fe17c18b39eb86c6e9f982bd,C_vs_Cp3__path_shares_only,28ecf7e42b861405b6b3,C_vs_Cp3,path_shares_only,fl3_entitled,confirmation,joint_wild_cluster_rademacher,0.5,0.25,0.5,8.0,reached_on_tested_grid
fe17c18b39eb86c6e9f982bd,C_vs_Cp3__path_shares_only,28ecf7e42b861405b6b3,C_vs_Cp3,path_shares_only,fl3_entitled,confirmation,joint_wild_cluster_rademacher,0.5,0.25,0.8,10.0,reached_on_tested_grid
fe17c18b39eb86c6e9f982bd,C_vs_Cp3__path_shares_only,28ecf7e42b861405b6b3,C_vs_Cp3,path_shares_only,fl3_entitled,confirmation,joint_wild_cluster_rademacher,0.5,0.25,0.9,12.0,reached_on_tested_grid
fe17c18b39eb86c6e9f982bd,C_vs_Cp3__path_shares_only,28ecf7e42b861405b6b3,C_vs_Cp3,path_shares_only,fl3_entitled,confirmation,joint_wild_cluster_rademacher,0.5,0.5,0.5,8.0,reached_on_tested_grid
fe17c18b39eb86c6e9f982bd,C_vs_Cp3__path_shares_only,28ecf7e42b861405b6b3,C_vs_Cp3,path_shares_only,fl3_entitled,confirmation,joint_wild_cluster_rademacher,0.5,0.5,0.8,12.0,reached_on_tested_grid
fe17c18b39eb86c6e9f982bd,C_vs_Cp3__path_shares_only,28ecf7e42b861405b6b3,C_vs_Cp3,path_shares_only,fl3_entitled,confirmation,joint_wild_cluster_rademacher,0.5,0.5,0.9,,not_reached_on_tested_grid
fe17c18b39eb86c6e9f982bd,C_vs_Cp3__path_shares_only,28ecf7e42b861405b6b3,C_vs_Cp3,path_shares_only,fl3_entitled,confirmation,joint_wild_cluster_rademacher,0.5,1.0,0.5,,not_reached_on_tested_grid
fe17c18b39eb86c6e9f982bd,C_vs_Cp3__path_shares_only,28ecf7e42b861405b6b3,C_vs_Cp3,path_shares_only,fl3_entitled,confirmation,joint_wild_cluster_rademacher,0.5,1.0,0.8,,not_reached_on_tested_grid
fe17c18b39eb86c6e9f982bd,C_vs_Cp3__path_shares_only,28ecf7e42b861405b6b3,C_vs_Cp3,path_shares_only,fl3_entitled,confirmation,joint_wild_cluster_rademacher,0.5,1.0,0.9,,not_reached_on_tested_grid
fe17c18b39eb86c6e9f982bd,C_vs_Cp3__path_shares_only,28ecf7e42b861405b6b3,C_vs_Cp3,path_shares_only,fl3_entitled,confirmation,joint_wild_cluster_rademacher,0.75,0.0,0.5,6.0,reached_on_tested_grid
fe17c18b39eb86c6e9f982bd,C_vs_Cp3__path_shares_only,28ecf7e42b861405b6b3,C_vs_Cp3,path_shares_only,fl3_entitled,confirmation,joint_wild_cluster_rademacher,0.75,0.0,0.8,10.0,reached_on_tested_grid
fe17c18b39eb86c6e9f982bd,C_vs_Cp3__path_shares_only,28ecf7e42b861405b6b3,C_vs_Cp3,path_shares_only,fl3_entitled,confirmation,joint_wild_cluster_rademacher,0.75,0.0,0.9,10.0,reached_on_tested_grid
fe17c18b39eb86c6e9f982bd,C_vs_Cp3__path_shares_only,28ecf7e42b861405b6b3,C_vs_Cp3,path_shares_only,fl3_entitled,confirmation,joint_wild_cluster_rademacher,0.75,0.25,0.5,6.0,reached_on_tested_grid
fe17c18b39eb86c6e9f982bd,C_vs_Cp3__path_shares_only,28ecf7e42b861405b6b3,C_vs_Cp3,path_shares_only,fl3_entitled,confirmation,joint_wild_cluster_rademacher,0.75,0.25,0.8,10.0,reached_on_tested_grid
fe17c18b39eb86c6e9f982bd,C_vs_Cp3__path_shares_only,28ecf7e42b861405b6b3,C_vs_Cp3,path_shares_only,fl3_entitled,confirmation,joint_wild_cluster_rademacher,0.75,0.25,0.9,10.0,reached_on_tested_grid
fe17c18b39eb86c6e9f982bd,C_vs_Cp3__path_shares_only,28ecf7e42b861405b6b3,C_vs_Cp3,path_shares_only,fl3_entitled,confirmation,joint_wild_cluster_rademacher,0.75,0.5,0.5,6.0,reached_on_tested_grid
fe17c18b39eb86c6e9f982bd,C_vs_Cp3__path_shares_only,28ecf7e42b861405b6b3,C_vs_Cp3,path_shares_only,fl3_entitled,confirmation,joint_wild_cluster_rademacher,0.75,0.5,0.8,10.0,reached_on_tested_grid
fe17c18b39eb86c6e9f982bd,C_vs_Cp3__path_shares_only,28ecf7e42b861405b6b3,C_vs_Cp3,path_shares_only,fl3_entitled,confirmation,joint_wild_cluster_rademacher,0.75,0.5,0.9,12.0,reached_on_tested_grid
fe17c18b39eb86c6e9f982bd,C_vs_Cp3__path_shares_only,28ecf7e42b861405b6b3,C_vs_Cp3,path_shares_only,fl3_entitled,confirmation,joint_wild_cluster_rademacher,0.75,1.0,0.5,,not_reached_on_tested_grid
fe17c18b39eb86c6e9f982bd,C_vs_Cp3__path_shares_only,28ecf7e42b861405b6b3,C_vs_Cp3,path_shares_only,fl3_entitled,confirmation,joint_wild_cluster_rademacher,0.75,1.0,0.8,,not_reached_on_tested_grid
fe17c18b39eb86c6e9f982bd,C_vs_Cp3__path_shares_only,28ecf7e42b861405b6b3,C_vs_Cp3,path_shares_only,fl3_entitled,confirmation,joint_wild_cluster_rademacher,0.75,1.0,0.9,,not_reached_on_tested_grid
fe17c18b39eb86c6e9f982bd,C_vs_Cp3__path_shares_only,28ecf7e42b861405b6b3,C_vs_Cp3,path_shares_only,fl3_entitled,confirmation,joint_wild_cluster_rademacher,1.0,0.0,0.5,6.0,reached_on_tested_grid
fe17c18b39eb86c6e9f982bd,C_vs_Cp3__path_shares_only,28ecf7e42b861405b6b3,C_vs_Cp3,path_shares_only,fl3_entitled,confirmation,joint_wild_cluster_rademacher,1.0,0.0,0.8,8.0,reached_on_tested_grid
fe17c18b39eb86c6e9f982bd,C_vs_Cp3__path_shares_only,28ecf7e42b861405b6b3,C_vs_Cp3,path_shares_only,fl3_entitled,confirmation,joint_wild_cluster_rademacher,1.0,0.0,0.9,10.0,reached_on_tested_grid
fe17c18b39eb86c6e9f982bd,C_vs_Cp3__path_shares_only,28ecf7e42b861405b6b3,C_vs_Cp3,path_shares_only,fl3_entitled,confirmation,joint_wild_cluster_rademacher,1.0,0.25,0.5,6.0,reached_on_tested_grid
fe17c18b39eb86c6e9f982bd,C_vs_Cp3__path_shares_only,28ecf7e42b861405b6b3,C_vs_Cp3,path_shares_only,fl3_entitled,confirmation,joint_wild_cluster_rademacher,1.0,0.25,0.8,8.0,reached_on_tested_grid
fe17c18b39eb86c6e9f982bd,C_vs_Cp3__path_shares_only,28ecf7e42b861405b6b3,C_vs_Cp3,path_shares_only,fl3_entitled,confirmation,joint_wild_cluster_rademacher,1.0,0.25,0.9,8.0,reached_on_tested_grid
fe17c18b39eb86c6e9f982bd,C_vs_Cp3__path_shares_only,28ecf7e42b861405b6b3,C_vs_Cp3,path_shares_only,fl3_entitled,confirmation,joint_wild_cluster_rademacher,1.0,0.5,0.5,6.0,reached_on_tested_grid
fe17c18b39eb86c6e9f982bd,C_vs_Cp3__path_shares_only,28ecf7e42b861405b6b3,C_vs_Cp3,path_shares_only,fl3_entitled,confirmation,joint_wild_cluster_rademacher,1.0,0.5,0.8,8.0,reached_on_tested_grid
fe17c18b39eb86c6e9f982bd,C_vs_Cp3__path_shares_only,28ecf7e42b861405b6b3,C_vs_Cp3,path_shares_only,fl3_entitled,confirmation,joint_wild_cluster_rademacher,1.0,0.5,0.9,12.0,reached_on_tested_grid
fe17c18b39eb86c6e9f982bd,C_vs_Cp3__path_shares_only,28ecf7e42b861405b6b3,C_vs_Cp3,path_shares_only,fl3_entitled,confirmation,joint_wild_cluster_rademacher,1.0,1.0,0.5,,not_reached_on_tested_grid
fe17c18b39eb86c6e9f982bd,C_vs_Cp3__path_shares_only,28ecf7e42b861405b6b3,C_vs_Cp3,path_shares_only,fl3_entitled,confirmation,joint_wild_cluster_rademacher,1.0,1.0,0.8,,not_reached_on_tested_grid
fe17c18b39eb86c6e9f982bd,C_vs_Cp3__path_shares_only,28ecf7e42b861405b6b3,C_vs_Cp3,path_shares_only,fl3_entitled,confirmation,joint_wild_cluster_rademacher,1.0,1.0,0.9,,not_reached_on_tested_grid
fe17c18b39eb86c6e9f982bd,C_vs_Cp3__path_shares_only,28ecf7e42b861405b6b3,C_vs_Cp3,path_shares_only,fl3_entitled,confirmation,joint_wild_cluster_rademacher,1.5,0.0,0.5,5.0,reached_on_tested_grid
fe17c18b39eb86c6e9f982bd,C_vs_Cp3__path_shares_only,28ecf7e42b861405b6b3,C_vs_Cp3,path_shares_only,fl3_entitled,confirmation,joint_wild_cluster_rademacher,1.5,0.0,0.8,8.0,reached_on_tested_grid
fe17c18b39eb86c6e9f982bd,C_vs_Cp3__path_shares_only,28ecf7e42b861405b6b3,C_vs_Cp3,path_shares_only,fl3_entitled,confirmation,joint_wild_cluster_rademacher,1.5,0.0,0.9,8.0,reached_on_tested_grid
fe17c18b39eb86c6e9f982bd,C_vs_Cp3__path_shares_only,28ecf7e42b861405b6b3,C_vs_Cp3,path_shares_only,fl3_entitled,confirmation,joint_wild_cluster_rademacher,1.5,0.25,0.5,5.0,reached_on_tested_grid
fe17c18b39eb86c6e9f982bd,C_vs_Cp3__path_shares_only,28ecf7e42b861405b6b3,C_vs_Cp3,path_shares_only,fl3_entitled,confirmation,joint_wild_cluster_rademacher,1.5,0.25,0.8,8.0,reached_on_tested_grid
fe17c18b39eb86c6e9f982bd,C_vs_Cp3__path_shares_only,28ecf7e42b861405b6b3,C_vs_Cp3,path_shares_only,fl3_entitled,confirmation,joint_wild_cluster_rademacher,1.5,0.25,0.9,8.0,reached_on_tested_grid
fe17c18b39eb86c6e9f982bd,C_vs_Cp3__path_shares_only,28ecf7e42b861405b6b3,C_vs_Cp3,path_shares_only,fl3_entitled,confirmation,joint_wild_cluster_rademacher,1.5,0.5,0.5,5.0,reached_on_tested_grid
fe17c18b39eb86c6e9f982bd,C_vs_Cp3__path_shares_only,28ecf7e42b861405b6b3,C_vs_Cp3,path_shares_only,fl3_entitled,confirmation,joint_wild_cluster_rademacher,1.5,0.5,0.8,8.0,reached_on_tested_grid
fe17c18b39eb86c6e9f982bd,C_vs_Cp3__path_shares_only,28ecf7e42b861405b6b3,C_vs_Cp3,path_shares_only,fl3_entitled,confirmation,joint_wild_cluster_rademacher,1.5,0.5,0.9,10.0,reached_on_tested_grid
fe17c18b39eb86c6e9f982bd,C_vs_Cp3__path_shares_only,28ecf7e42b861405b6b3,C_vs_Cp3,path_shares_only,fl3_entitled,confirmation,joint_wild_cluster_rademacher,1.5,1.0,0.5,,not_reached_on_tested_grid
fe17c18b39eb86c6e9f982bd,C_vs_Cp3__path_shares_only,28ecf7e42b861405b6b3,C_vs_Cp3,path_shares_only,fl3_entitled,confirmation,joint_wild_cluster_rademacher,1.5,1.0,0.8,,not_reached_on_tested_grid
fe17c18b39eb86c6e9f982bd,C_vs_Cp3__path_shares_only,28ecf7e42b861405b6b3,C_vs_Cp3,path_shares_only,fl3_entitled,confirmation,joint_wild_cluster_rademacher,1.5,1.0,0.9,,not_reached_on_tested_grid
fe17c18b39eb86c6e9f982bd,C_vs_Cp3__path_shares_only,28ecf7e42b861405b6b3,C_vs_Cp3,path_shares_only,fl3_entitled,confirmation,joint_wild_cluster_rademacher,2.0,0.0,0.5,5.0,reached_on_tested_grid
fe17c18b39eb86c6e9f982bd,C_vs_Cp3__path_shares_only,28ecf7e42b861405b6b3,C_vs_Cp3,path_shares_only,fl3_entitled,confirmation,joint_wild_cluster_rademacher,2.0,0.0,0.8,6.0,reached_on_tested_grid
fe17c18b39eb86c6e9f982bd,C_vs_Cp3__path_shares_only,28ecf7e42b861405b6b3,C_vs_Cp3,path_shares_only,fl3_entitled,confirmation,joint_wild_cluster_rademacher,2.0,0.0,0.9,8.0,reached_on_tested_grid
fe17c18b39eb86c6e9f982bd,C_vs_Cp3__path_shares_only,28ecf7e42b861405b6b3,C_vs_Cp3,path_shares_only,fl3_entitled,confirmation,joint_wild_cluster_rademacher,2.0,0.25,0.5,5.0,reached_on_tested_grid
fe17c18b39eb86c6e9f982bd,C_vs_Cp3__path_shares_only,28ecf7e42b861405b6b3,C_vs_Cp3,path_shares_only,fl3_entitled,confirmation,joint_wild_cluster_rademacher,2.0,0.25,0.8,8.0,reached_on_tested_grid
fe17c18b39eb86c6e9f982bd,C_vs_Cp3__path_shares_only,28ecf7e42b861405b6b3,C_vs_Cp3,path_shares_only,fl3_entitled,confirmation,joint_wild_cluster_rademacher,2.0,0.25,0.9,8.0,reached_on_tested_grid
fe17c18b39eb86c6e9f982bd,C_vs_Cp3__path_shares_only,28ecf7e42b861405b6b3,C_vs_Cp3,path_shares_only,fl3_entitled,confirmation,joint_wild_cluster_rademacher,2.0,0.5,0.5,5.0,reached_on_tested_grid
fe17c18b39eb86c6e9f982bd,C_vs_Cp3__path_shares_only,28ecf7e42b861405b6b3,C_vs_Cp3,path_shares_only,fl3_entitled,confirmation,joint_wild_cluster_rademacher,2.0,0.5,0.8,8.0,reached_on_tested_grid
fe17c18b39eb86c6e9f982bd,C_vs_Cp3__path_shares_only,28ecf7e42b861405b6b3,C_vs_Cp3,path_shares_only,fl3_entitled,confirmation,joint_wild_cluster_rademacher,2.0,0.5,0.9,8.0,reached_on_tested_grid
fe17c18b39eb86c6e9f982bd,C_vs_Cp3__path_shares_only,28ecf7e42b861405b6b3,C_vs_Cp3,path_shares_only,fl3_entitled,confirmation,joint_wild_cluster_rademacher,2.0,1.0,0.5,,not_reached_on_tested_grid
fe17c18b39eb86c6e9f982bd,C_vs_Cp3__path_shares_only,28ecf7e42b861405b6b3,C_vs_Cp3,path_shares_only,fl3_entitled,confirmation,joint_wild_cluster_rademacher,2.0,1.0,0.8,,not_reached_on_tested_grid
fe17c18b39eb86c6e9f982bd,C_vs_Cp3__path_shares_only,28ecf7e42b861405b6b3,C_vs_Cp3,path_shares_only,fl3_entitled,confirmation,joint_wild_cluster_rademacher,2.0,1.0,0.9,,not_reached_on_tested_grid
fe17c18b39eb86c6e9f982bd,C_vs_Cp3__path_shares_only,28ecf7e42b861405b6b3,C_vs_Cp3,path_shares_only,fl3_entitled,discovery,joint_gaussian_regularized_cluster,0.0,0.0,0.5,,not_reached_on_tested_grid
fe17c18b39eb86c6e9f982bd,C_vs_Cp3__path_shares_only,28ecf7e42b861405b6b3,C_vs_Cp3,path_shares_only,fl3_entitled,discovery,joint_gaussian_regularized_cluster,0.0,0.0,0.8,,not_reached_on_tested_grid
fe17c18b39eb86c6e9f982bd,C_vs_Cp3__path_shares_only,28ecf7e42b861405b6b3,C_vs_Cp3,path_shares_only,fl3_entitled,discovery,joint_gaussian_regularized_cluster,0.0,0.0,0.9,,not_reached_on_tested_grid
fe17c18b39eb86c6e9f982bd,C_vs_Cp3__path_shares_only,28ecf7e42b861405b6b3,C_vs_Cp3,path_shares_only,fl3_entitled,discovery,joint_gaussian_regularized_cluster,0.25,0.0,0.5,12.0,reached_on_tested_grid
fe17c18b39eb86c6e9f982bd,C_vs_Cp3__path_shares_only,28ecf7e42b861405b6b3,C_vs_Cp3,path_shares_only,fl3_entitled,discovery,joint_gaussian_regularized_cluster,0.25,0.0,0.8,,not_reached_on_tested_grid
fe17c18b39eb86c6e9f982bd,C_vs_Cp3__path_shares_only,28ecf7e42b861405b6b3,C_vs_Cp3,path_shares_only,fl3_entitled,discovery,joint_gaussian_regularized_cluster,0.25,0.0,0.9,,not_reached_on_tested_grid
fe17c18b39eb86c6e9f982bd,C_vs_Cp3__path_shares_only,28ecf7e42b861405b6b3,C_vs_Cp3,path_shares_only,fl3_entitled,discovery,joint_gaussian_regularized_cluster,0.25,0.25,0.5,12.0,reached_on_tested_grid
fe17c18b39eb86c6e9f982bd,C_vs_Cp3__path_shares_only,28ecf7e42b861405b6b3,C_vs_Cp3,path_shares_only,fl3_entitled,discovery,joint_gaussian_regularized_cluster,0.25,0.25,0.8,,not_reached_on_tested_grid
fe17c18b39eb86c6e9f982bd,C_vs_Cp3__path_shares_only,28ecf7e42b861405b6b3,C_vs_Cp3,path_shares_only,fl3_entitled,discovery,joint_gaussian_regularized_cluster,0.25,0.25,0.9,,not_reached_on_tested_grid
fe17c18b39eb86c6e9f982bd,C_vs_Cp3__path_shares_only,28ecf7e42b861405b6b3,C_vs_Cp3,path_shares_only,fl3_entitled,discovery,joint_gaussian_regularized_cluster,0.25,0.5,0.5,12.0,reached_on_tested_grid
fe17c18b39eb86c6e9f982bd,C_vs_Cp3__path_shares_only,28ecf7e42b861405b6b3,C_vs_Cp3,path_shares_only,fl3_entitled,discovery,joint_gaussian_regularized_cluster,0.25,0.5,0.8,,not_reached_on_tested_grid
fe17c18b39eb86c6e9f982bd,C_vs_Cp3__path_shares_only,28ecf7e42b861405b6b3,C_vs_Cp3,path_shares_only,fl3_entitled,discovery,joint_gaussian_regularized_cluster,0.25,0.5,0.9,,not_reached_on_tested_grid
fe17c18b39eb86c6e9f982bd,C_vs_Cp3__path_shares_only,28ecf7e42b861405b6b3,C_vs_Cp3,path_shares_only,fl3_entitled,discovery,joint_gaussian_regularized_cluster,0.25,1.0,0.5,,not_reached_on_tested_grid
fe17c18b39eb86c6e9f982bd,C_vs_Cp3__path_shares_only,28ecf7e42b861405b6b3,C_vs_Cp3,path_shares_only,fl3_entitled,discovery,joint_gaussian_regularized_cluster,0.25,1.0,0.8,,not_reached_on_tested_grid
fe17c18b39eb86c6e9f982bd,C_vs_Cp3__path_shares_only,28ecf7e42b861405b6b3,C_vs_Cp3,path_shares_only,fl3_entitled,discovery,joint_gaussian_regularized_cluster,0.25,1.0,0.9,,not_reached_on_tested_grid
fe17c18b39eb86c6e9f982bd,C_vs_Cp3__path_shares_only,28ecf7e42b861405b6b3,C_vs_Cp3,path_shares_only,fl3_entitled,discovery,joint_gaussian_regularized_cluster,0.5,0.0,0.5,8.0,reached_on_tested_grid
fe17c18b39eb86c6e9f982bd,C_vs_Cp3__path_shares_only,28ecf7e42b861405b6b3,C_vs_Cp3,path_shares_only,fl3_entitled,discovery,joint_gaussian_regularized_cluster,0.5,0.0,0.8,10.0,reached_on_tested_grid
fe17c18b39eb86c6e9f982bd,C_vs_Cp3__path_shares_only,28ecf7e42b861405b6b3,C_vs_Cp3,path_shares_only,fl3_entitled,discovery,joint_gaussian_regularized_cluster,0.5,0.0,0.9,12.0,reached_on_tested_grid
fe17c18b39eb86c6e9f982bd,C_vs_Cp3__path_shares_only,28ecf7e42b861405b6b3,C_vs_Cp3,path_shares_only,fl3_entitled,discovery,joint_gaussian_regularized_cluster,0.5,0.25,0.5,8.0,reached_on_tested_grid
fe17c18b39eb86c6e9f982bd,C_vs_Cp3__path_shares_only,28ecf7e42b861405b6b3,C_vs_Cp3,path_shares_only,fl3_entitled,discovery,joint_gaussian_regularized_cluster,0.5,0.25,0.8,10.0,reached_on_tested_grid
fe17c18b39eb86c6e9f982bd,C_vs_Cp3__path_shares_only,28ecf7e42b861405b6b3,C_vs_Cp3,path_shares_only,fl3_entitled,discovery,joint_gaussian_regularized_cluster,0.5,0.25,0.9,12.0,reached_on_tested_grid
fe17c18b39eb86c6e9f982bd,C_vs_Cp3__path_shares_only,28ecf7e42b861405b6b3,C_vs_Cp3,path_shares_only,fl3_entitled,discovery,joint_gaussian_regularized_cluster,0.5,0.5,0.5,8.0,reached_on_tested_grid
fe17c18b39eb86c6e9f982bd,C_vs_Cp3__path_shares_only,28ecf7e42b861405b6b3,C_vs_Cp3,path_shares_only,fl3_entitled,discovery,joint_gaussian_regularized_cluster,0.5,0.5,0.8,12.0,reached_on_tested_grid
fe17c18b39eb86c6e9f982bd,C_vs_Cp3__path_shares_only,28ecf7e42b861405b6b3,C_vs_Cp3,path_shares_only,fl3_entitled,discovery,joint_gaussian_regularized_cluster,0.5,0.5,0.9,,not_reached_on_tested_grid
fe17c18b39eb86c6e9f982bd,C_vs_Cp3__path_shares_only,28ecf7e42b861405b6b3,C_vs_Cp3,path_shares_only,fl3_entitled,discovery,joint_gaussian_regularized_cluster,0.5,1.0,0.5,,not_reached_on_tested_grid
fe17c18b39eb86c6e9f982bd,C_vs_Cp3__path_shares_only,28ecf7e42b861405b6b3,C_vs_Cp3,path_shares_only,fl3_entitled,discovery,joint_gaussian_regularized_cluster,0.5,1.0,0.8,,not_reached_on_tested_grid
fe17c18b39eb86c6e9f982bd,C_vs_Cp3__path_shares_only,28ecf7e42b861405b6b3,C_vs_Cp3,path_shares_only,fl3_entitled,discovery,joint_gaussian_regularized_cluster,0.5,1.0,0.9,,not_reached_on_tested_grid
fe17c18b39eb86c6e9f982bd,C_vs_Cp3__path_shares_only,28ecf7e42b861405b6b3,C_vs_Cp3,path_shares_only,fl3_entitled,discovery,joint_gaussian_regularized_cluster,0.75,0.0,0.5,6.0,reached_on_tested_grid
fe17c18b39eb86c6e9f982bd,C_vs_Cp3__path_shares_only,28ecf7e42b861405b6b3,C_vs_Cp3,path_shares_only,fl3_entitled,discovery,joint_gaussian_regularized_cluster,0.75,0.0,0.8,8.0,reached_on_tested_grid
fe17c18b39eb86c6e9f982bd,C_vs_Cp3__path_shares_only,28ecf7e42b861405b6b3,C_vs_Cp3,path_shares_only,fl3_entitled,discovery,joint_gaussian_regularized_cluster,0.75,0.0,0.9,10.0,reached_on_tested_grid
fe17c18b39eb86c6e9f982bd,C_vs_Cp3__path_shares_only,28ecf7e42b861405b6b3,C_vs_Cp3,path_shares_only,fl3_entitled,discovery,joint_gaussian_regularized_cluster,0.75,0.25,0.5,6.0,reached_on_tested_grid
fe17c18b39eb86c6e9f982bd,C_vs_Cp3__path_shares_only,28ecf7e42b861405b6b3,C_vs_Cp3,path_shares_only,fl3_entitled,discovery,joint_gaussian_regularized_cluster,0.75,0.25,0.8,8.0,reached_on_tested_grid
fe17c18b39eb86c6e9f982bd,C_vs_Cp3__path_shares_only,28ecf7e42b861405b6b3,C_vs_Cp3,path_shares_only,fl3_entitled,discovery,joint_gaussian_regularized_cluster,0.75,0.25,0.9,10.0,reached_on_tested_grid
fe17c18b39eb86c6e9f982bd,C_vs_Cp3__path_shares_only,28ecf7e42b861405b6b3,C_vs_Cp3,path_shares_only,fl3_entitled,discovery,joint_gaussian_regularized_cluster,0.75,0.5,0.5,6.0,reached_on_tested_grid
fe17c18b39eb86c6e9f982bd,C_vs_Cp3__path_shares_only,28ecf7e42b861405b6b3,C_vs_Cp3,path_shares_only,fl3_entitled,discovery,joint_gaussian_regularized_cluster,0.75,0.5,0.8,10.0,reached_on_tested_grid
fe17c18b39eb86c6e9f982bd,C_vs_Cp3__path_shares_only,28ecf7e42b861405b6b3,C_vs_Cp3,path_shares_only,fl3_entitled,discovery,joint_gaussian_regularized_cluster,0.75,0.5,0.9,12.0,reached_on_tested_grid
fe17c18b39eb86c6e9f982bd,C_vs_Cp3__path_shares_only,28ecf7e42b861405b6b3,C_vs_Cp3,path_shares_only,fl3_entitled,discovery,joint_gaussian_regularized_cluster,0.75,1.0,0.5,,not_reached_on_tested_grid
fe17c18b39eb86c6e9f982bd,C_vs_Cp3__path_shares_only,28ecf7e42b861405b6b3,C_vs_Cp3,path_shares_only,fl3_entitled,discovery,joint_gaussian_regularized_cluster,0.75,1.0,0.8,,not_reached_on_tested_grid
fe17c18b39eb86c6e9f982bd,C_vs_Cp3__path_shares_only,28ecf7e42b861405b6b3,C_vs_Cp3,path_shares_only,fl3_entitled,discovery,joint_gaussian_regularized_cluster,0.75,1.0,0.9,,not_reached_on_tested_grid
fe17c18b39eb86c6e9f982bd,C_vs_Cp3__path_shares_only,28ecf7e42b861405b6b3,C_vs_Cp3,path_shares_only,fl3_entitled,discovery,joint_gaussian_regularized_cluster,1.0,0.0,0.5,6.0,reached_on_tested_grid
fe17c18b39eb86c6e9f982bd,C_vs_Cp3__path_shares_only,28ecf7e42b861405b6b3,C_vs_Cp3,path_shares_only,fl3_entitled,discovery,joint_gaussian_regularized_cluster,1.0,0.0,0.8,8.0,reached_on_tested_grid
fe17c18b39eb86c6e9f982bd,C_vs_Cp3__path_shares_only,28ecf7e42b861405b6b3,C_vs_Cp3,path_shares_only,fl3_entitled,discovery,joint_gaussian_regularized_cluster,1.0,0.0,0.9,8.0,reached_on_tested_grid
fe17c18b39eb86c6e9f982bd,C_vs_Cp3__path_shares_only,28ecf7e42b861405b6b3,C_vs_Cp3,path_shares_only,fl3_entitled,discovery,joint_gaussian_regularized_cluster,1.0,0.25,0.5,6.0,reached_on_tested_grid
fe17c18b39eb86c6e9f982bd,C_vs_Cp3__path_shares_only,28ecf7e42b861405b6b3,C_vs_Cp3,path_shares_only,fl3_entitled,discovery,joint_gaussian_regularized_cluster,1.0,0.25,0.8,8.0,reached_on_tested_grid
fe17c18b39eb86c6e9f982bd,C_vs_Cp3__path_shares_only,28ecf7e42b861405b6b3,C_vs_Cp3,path_shares_only,fl3_entitled,discovery,joint_gaussian_regularized_cluster,1.0,0.25,0.9,8.0,reached_on_tested_grid
fe17c18b39eb86c6e9f982bd,C_vs_Cp3__path_shares_only,28ecf7e42b861405b6b3,C_vs_Cp3,path_shares_only,fl3_entitled,discovery,joint_gaussian_regularized_cluster,1.0,0.5,0.5,6.0,reached_on_tested_grid
fe17c18b39eb86c6e9f982bd,C_vs_Cp3__path_shares_only,28ecf7e42b861405b6b3,C_vs_Cp3,path_shares_only,fl3_entitled,discovery,joint_gaussian_regularized_cluster,1.0,0.5,0.8,8.0,reached_on_tested_grid
fe17c18b39eb86c6e9f982bd,C_vs_Cp3__path_shares_only,28ecf7e42b861405b6b3,C_vs_Cp3,path_shares_only,fl3_entitled,discovery,joint_gaussian_regularized_cluster,1.0,0.5,0.9,10.0,reached_on_tested_grid
fe17c18b39eb86c6e9f982bd,C_vs_Cp3__path_shares_only,28ecf7e42b861405b6b3,C_vs_Cp3,path_shares_only,fl3_entitled,discovery,joint_gaussian_regularized_cluster,1.0,1.0,0.5,,not_reached_on_tested_grid
fe17c18b39eb86c6e9f982bd,C_vs_Cp3__path_shares_only,28ecf7e42b861405b6b3,C_vs_Cp3,path_shares_only,fl3_entitled,discovery,joint_gaussian_regularized_cluster,1.0,1.0,0.8,,not_reached_on_tested_grid
fe17c18b39eb86c6e9f982bd,C_vs_Cp3__path_shares_only,28ecf7e42b861405b6b3,C_vs_Cp3,path_shares_only,fl3_entitled,discovery,joint_gaussian_regularized_cluster,1.0,1.0,0.9,,not_reached_on_tested_grid
fe17c18b39eb86c6e9f982bd,C_vs_Cp3__path_shares_only,28ecf7e42b861405b6b3,C_vs_Cp3,path_shares_only,fl3_entitled,discovery,joint_gaussian_regularized_cluster,1.5,0.0,0.5,5.0,reached_on_tested_grid
fe17c18b39eb86c6e9f982bd,C_vs_Cp3__path_shares_only,28ecf7e42b861405b6b3,C_vs_Cp3,path_shares_only,fl3_entitled,discovery,joint_gaussian_regularized_cluster,1.5,0.0,0.8,8.0,reached_on_tested_grid
fe17c18b39eb86c6e9f982bd,C_vs_Cp3__path_shares_only,28ecf7e42b861405b6b3,C_vs_Cp3,path_shares_only,fl3_entitled,discovery,joint_gaussian_regularized_cluster,1.5,0.0,0.9,8.0,reached_on_tested_grid
fe17c18b39eb86c6e9f982bd,C_vs_Cp3__path_shares_only,28ecf7e42b861405b6b3,C_vs_Cp3,path_shares_only,fl3_entitled,discovery,joint_gaussian_regularized_cluster,1.5,0.25,0.5,5.0,reached_on_tested_grid
fe17c18b39eb86c6e9f982bd,C_vs_Cp3__path_shares_only,28ecf7e42b861405b6b3,C_vs_Cp3,path_shares_only,fl3_entitled,discovery,joint_gaussian_regularized_cluster,1.5,0.25,0.8,8.0,reached_on_tested_grid
fe17c18b39eb86c6e9f982bd,C_vs_Cp3__path_shares_only,28ecf7e42b861405b6b3,C_vs_Cp3,path_shares_only,fl3_entitled,discovery,joint_gaussian_regularized_cluster,1.5,0.25,0.9,8.0,reached_on_tested_grid
fe17c18b39eb86c6e9f982bd,C_vs_Cp3__path_shares_only,28ecf7e42b861405b6b3,C_vs_Cp3,path_shares_only,fl3_entitled,discovery,joint_gaussian_regularized_cluster,1.5,0.5,0.5,5.0,reached_on_tested_grid
fe17c18b39eb86c6e9f982bd,C_vs_Cp3__path_shares_only,28ecf7e42b861405b6b3,C_vs_Cp3,path_shares_only,fl3_entitled,discovery,joint_gaussian_regularized_cluster,1.5,0.5,0.8,8.0,reached_on_tested_grid
fe17c18b39eb86c6e9f982bd,C_vs_Cp3__path_shares_only,28ecf7e42b861405b6b3,C_vs_Cp3,path_shares_only,fl3_entitled,discovery,joint_gaussian_regularized_cluster,1.5,0.5,0.9,8.0,reached_on_tested_grid
fe17c18b39eb86c6e9f982bd,C_vs_Cp3__path_shares_only,28ecf7e42b861405b6b3,C_vs_Cp3,path_shares_only,fl3_entitled,discovery,joint_gaussian_regularized_cluster,1.5,1.0,0.5,,not_reached_on_tested_grid
fe17c18b39eb86c6e9f982bd,C_vs_Cp3__path_shares_only,28ecf7e42b861405b6b3,C_vs_Cp3,path_shares_only,fl3_entitled,discovery,joint_gaussian_regularized_cluster,1.5,1.0,0.8,,not_reached_on_tested_grid
fe17c18b39eb86c6e9f982bd,C_vs_Cp3__path_shares_only,28ecf7e42b861405b6b3,C_vs_Cp3,path_shares_only,fl3_entitled,discovery,joint_gaussian_regularized_cluster,1.5,1.0,0.9,,not_reached_on_tested_grid
fe17c18b39eb86c6e9f982bd,C_vs_Cp3__path_shares_only,28ecf7e42b861405b6b3,C_vs_Cp3,path_shares_only,fl3_entitled,discovery,joint_gaussian_regularized_cluster,2.0,0.0,0.5,5.0,reached_on_tested_grid
fe17c18b39eb86c6e9f982bd,C_vs_Cp3__path_shares_only,28ecf7e42b861405b6b3,C_vs_Cp3,path_shares_only,fl3_entitled,discovery,joint_gaussian_regularized_cluster,2.0,0.0,0.8,6.0,reached_on_tested_grid
fe17c18b39eb86c6e9f982bd,C_vs_Cp3__path_shares_only,28ecf7e42b861405b6b3,C_vs_Cp3,path_shares_only,fl3_entitled,discovery,joint_gaussian_regularized_cluster,2.0,0.0,0.9,8.0,reached_on_tested_grid
fe17c18b39eb86c6e9f982bd,C_vs_Cp3__path_shares_only,28ecf7e42b861405b6b3,C_vs_Cp3,path_shares_only,fl3_entitled,discovery,joint_gaussian_regularized_cluster,2.0,0.25,0.5,5.0,reached_on_tested_grid
fe17c18b39eb86c6e9f982bd,C_vs_Cp3__path_shares_only,28ecf7e42b861405b6b3,C_vs_Cp3,path_shares_only,fl3_entitled,discovery,joint_gaussian_regularized_cluster,2.0,0.25,0.8,6.0,reached_on_tested_grid
fe17c18b39eb86c6e9f982bd,C_vs_Cp3__path_shares_only,28ecf7e42b861405b6b3,C_vs_Cp3,path_shares_only,fl3_entitled,discovery,joint_gaussian_regularized_cluster,2.0,0.25,0.9,8.0,reached_on_tested_grid
fe17c18b39eb86c6e9f982bd,C_vs_Cp3__path_shares_only,28ecf7e42b861405b6b3,C_vs_Cp3,path_shares_only,fl3_entitled,discovery,joint_gaussian_regularized_cluster,2.0,0.5,0.5,5.0,reached_on_tested_grid
fe17c18b39eb86c6e9f982bd,C_vs_Cp3__path_shares_only,28ecf7e42b861405b6b3,C_vs_Cp3,path_shares_only,fl3_entitled,discovery,joint_gaussian_regularized_cluster,2.0,0.5,0.8,8.0,reached_on_tested_grid
fe17c18b39eb86c6e9f982bd,C_vs_Cp3__path_shares_only,28ecf7e42b861405b6b3,C_vs_Cp3,path_shares_only,fl3_entitled,discovery,joint_gaussian_regularized_cluster,2.0,0.5,0.9,8.0,reached_on_tested_grid
fe17c18b39eb86c6e9f982bd,C_vs_Cp3__path_shares_only,28ecf7e42b861405b6b3,C_vs_Cp3,path_shares_only,fl3_entitled,discovery,joint_gaussian_regularized_cluster,2.0,1.0,0.5,,not_reached_on_tested_grid
fe17c18b39eb86c6e9f982bd,C_vs_Cp3__path_shares_only,28ecf7e42b861405b6b3,C_vs_Cp3,path_shares_only,fl3_entitled,discovery,joint_gaussian_regularized_cluster,2.0,1.0,0.8,,not_reached_on_tested_grid
fe17c18b39eb86c6e9f982bd,C_vs_Cp3__path_shares_only,28ecf7e42b861405b6b3,C_vs_Cp3,path_shares_only,fl3_entitled,discovery,joint_gaussian_regularized_cluster,2.0,1.0,0.9,,not_reached_on_tested_grid
fe17c18b39eb86c6e9f982bd,C_vs_Cp3__path_shares_only,28ecf7e42b861405b6b3,C_vs_Cp3,path_shares_only,fl3_entitled,discovery,joint_wild_cluster_rademacher,0.0,0.0,0.5,,not_reached_on_tested_grid
fe17c18b39eb86c6e9f982bd,C_vs_Cp3__path_shares_only,28ecf7e42b861405b6b3,C_vs_Cp3,path_shares_only,fl3_entitled,discovery,joint_wild_cluster_rademacher,0.0,0.0,0.8,,not_reached_on_tested_grid
fe17c18b39eb86c6e9f982bd,C_vs_Cp3__path_shares_only,28ecf7e42b861405b6b3,C_vs_Cp3,path_shares_only,fl3_entitled,discovery,joint_wild_cluster_rademacher,0.0,0.0,0.9,,not_reached_on_tested_grid
fe17c18b39eb86c6e9f982bd,C_vs_Cp3__path_shares_only,28ecf7e42b861405b6b3,C_vs_Cp3,path_shares_only,fl3_entitled,discovery,joint_wild_cluster_rademacher,0.25,0.0,0.5,12.0,reached_on_tested_grid
fe17c18b39eb86c6e9f982bd,C_vs_Cp3__path_shares_only,28ecf7e42b861405b6b3,C_vs_Cp3,path_shares_only,fl3_entitled,discovery,joint_wild_cluster_rademacher,0.25,0.0,0.8,,not_reached_on_tested_grid
fe17c18b39eb86c6e9f982bd,C_vs_Cp3__path_shares_only,28ecf7e42b861405b6b3,C_vs_Cp3,path_shares_only,fl3_entitled,discovery,joint_wild_cluster_rademacher,0.25,0.0,0.9,,not_reached_on_tested_grid
fe17c18b39eb86c6e9f982bd,C_vs_Cp3__path_shares_only,28ecf7e42b861405b6b3,C_vs_Cp3,path_shares_only,fl3_entitled,discovery,joint_wild_cluster_rademacher,0.25,0.25,0.5,12.0,reached_on_tested_grid
fe17c18b39eb86c6e9f982bd,C_vs_Cp3__path_shares_only,28ecf7e42b861405b6b3,C_vs_Cp3,path_shares_only,fl3_entitled,discovery,joint_wild_cluster_rademacher,0.25,0.25,0.8,,not_reached_on_tested_grid
fe17c18b39eb86c6e9f982bd,C_vs_Cp3__path_shares_only,28ecf7e42b861405b6b3,C_vs_Cp3,path_shares_only,fl3_entitled,discovery,joint_wild_cluster_rademacher,0.25,0.25,0.9,,not_reached_on_tested_grid
fe17c18b39eb86c6e9f982bd,C_vs_Cp3__path_shares_only,28ecf7e42b861405b6b3,C_vs_Cp3,path_shares_only,fl3_entitled,discovery,joint_wild_cluster_rademacher,0.25,0.5,0.5,,not_reached_on_tested_grid
fe17c18b39eb86c6e9f982bd,C_vs_Cp3__path_shares_only,28ecf7e42b861405b6b3,C_vs_Cp3,path_shares_only,fl3_entitled,discovery,joint_wild_cluster_rademacher,0.25,0.5,0.8,,not_reached_on_tested_grid
fe17c18b39eb86c6e9f982bd,C_vs_Cp3__path_shares_only,28ecf7e42b861405b6b3,C_vs_Cp3,path_shares_only,fl3_entitled,discovery,joint_wild_cluster_rademacher,0.25,0.5,0.9,,not_reached_on_tested_grid
fe17c18b39eb86c6e9f982bd,C_vs_Cp3__path_shares_only,28ecf7e42b861405b6b3,C_vs_Cp3,path_shares_only,fl3_entitled,discovery,joint_wild_cluster_rademacher,0.25,1.0,0.5,,not_reached_on_tested_grid
fe17c18b39eb86c6e9f982bd,C_vs_Cp3__path_shares_only,28ecf7e42b861405b6b3,C_vs_Cp3,path_shares_only,fl3_entitled,discovery,joint_wild_cluster_rademacher,0.25,1.0,0.8,,not_reached_on_tested_grid
fe17c18b39eb86c6e9f982bd,C_vs_Cp3__path_shares_only,28ecf7e42b861405b6b3,C_vs_Cp3,path_shares_only,fl3_entitled,discovery,joint_wild_cluster_rademacher,0.25,1.0,0.9,,not_reached_on_tested_grid
fe17c18b39eb86c6e9f982bd,C_vs_Cp3__path_shares_only,28ecf7e42b861405b6b3,C_vs_Cp3,path_shares_only,fl3_entitled,discovery,joint_wild_cluster_rademacher,0.5,0.0,0.5,8.0,reached_on_tested_grid
fe17c18b39eb86c6e9f982bd,C_vs_Cp3__path_shares_only,28ecf7e42b861405b6b3,C_vs_Cp3,path_shares_only,fl3_entitled,discovery,joint_wild_cluster_rademacher,0.5,0.0,0.8,10.0,reached_on_tested_grid
fe17c18b39eb86c6e9f982bd,C_vs_Cp3__path_shares_only,28ecf7e42b861405b6b3,C_vs_Cp3,path_shares_only,fl3_entitled,discovery,joint_wild_cluster_rademacher,0.5,0.0,0.9,12.0,reached_on_tested_grid
fe17c18b39eb86c6e9f982bd,C_vs_Cp3__path_shares_only,28ecf7e42b861405b6b3,C_vs_Cp3,path_shares_only,fl3_entitled,discovery,joint_wild_cluster_rademacher,0.5,0.25,0.5,8.0,reached_on_tested_grid
fe17c18b39eb86c6e9f982bd,C_vs_Cp3__path_shares_only,28ecf7e42b861405b6b3,C_vs_Cp3,path_shares_only,fl3_entitled,discovery,joint_wild_cluster_rademacher,0.5,0.25,0.8,10.0,reached_on_tested_grid
fe17c18b39eb86c6e9f982bd,C_vs_Cp3__path_shares_only,28ecf7e42b861405b6b3,C_vs_Cp3,path_shares_only,fl3_entitled,discovery,joint_wild_cluster_rademacher,0.5,0.25,0.9,12.0,reached_on_tested_grid
fe17c18b39eb86c6e9f982bd,C_vs_Cp3__path_shares_only,28ecf7e42b861405b6b3,C_vs_Cp3,path_shares_only,fl3_entitled,discovery,joint_wild_cluster_rademacher,0.5,0.5,0.5,8.0,reached_on_tested_grid
fe17c18b39eb86c6e9f982bd,C_vs_Cp3__path_shares_only,28ecf7e42b861405b6b3,C_vs_Cp3,path_shares_only,fl3_entitled,discovery,joint_wild_cluster_rademacher,0.5,0.5,0.8,12.0,reached_on_tested_grid
fe17c18b39eb86c6e9f982bd,C_vs_Cp3__path_shares_only,28ecf7e42b861405b6b3,C_vs_Cp3,path_shares_only,fl3_entitled,discovery,joint_wild_cluster_rademacher,0.5,0.5,0.9,,not_reached_on_tested_grid
fe17c18b39eb86c6e9f982bd,C_vs_Cp3__path_shares_only,28ecf7e42b861405b6b3,C_vs_Cp3,path_shares_only,fl3_entitled,discovery,joint_wild_cluster_rademacher,0.5,1.0,0.5,,not_reached_on_tested_grid
fe17c18b39eb86c6e9f982bd,C_vs_Cp3__path_shares_only,28ecf7e42b861405b6b3,C_vs_Cp3,path_shares_only,fl3_entitled,discovery,joint_wild_cluster_rademacher,0.5,1.0,0.8,,not_reached_on_tested_grid
fe17c18b39eb86c6e9f982bd,C_vs_Cp3__path_shares_only,28ecf7e42b861405b6b3,C_vs_Cp3,path_shares_only,fl3_entitled,discovery,joint_wild_cluster_rademacher,0.5,1.0,0.9,,not_reached_on_tested_grid
fe17c18b39eb86c6e9f982bd,C_vs_Cp3__path_shares_only,28ecf7e42b861405b6b3,C_vs_Cp3,path_shares_only,fl3_entitled,discovery,joint_wild_cluster_rademacher,0.75,0.0,0.5,6.0,reached_on_tested_grid
fe17c18b39eb86c6e9f982bd,C_vs_Cp3__path_shares_only,28ecf7e42b861405b6b3,C_vs_Cp3,path_shares_only,fl3_entitled,discovery,joint_wild_cluster_rademacher,0.75,0.0,0.8,8.0,reached_on_tested_grid
fe17c18b39eb86c6e9f982bd,C_vs_Cp3__path_shares_only,28ecf7e42b861405b6b3,C_vs_Cp3,path_shares_only,fl3_entitled,discovery,joint_wild_cluster_rademacher,0.75,0.0,0.9,10.0,reached_on_tested_grid
fe17c18b39eb86c6e9f982bd,C_vs_Cp3__path_shares_only,28ecf7e42b861405b6b3,C_vs_Cp3,path_shares_only,fl3_entitled,discovery,joint_wild_cluster_rademacher,0.75,0.25,0.5,6.0,reached_on_tested_grid
fe17c18b39eb86c6e9f982bd,C_vs_Cp3__path_shares_only,28ecf7e42b861405b6b3,C_vs_Cp3,path_shares_only,fl3_entitled,discovery,joint_wild_cluster_rademacher,0.75,0.25,0.8,8.0,reached_on_tested_grid
fe17c18b39eb86c6e9f982bd,C_vs_Cp3__path_shares_only,28ecf7e42b861405b6b3,C_vs_Cp3,path_shares_only,fl3_entitled,discovery,joint_wild_cluster_rademacher,0.75,0.25,0.9,10.0,reached_on_tested_grid
fe17c18b39eb86c6e9f982bd,C_vs_Cp3__path_shares_only,28ecf7e42b861405b6b3,C_vs_Cp3,path_shares_only,fl3_entitled,discovery,joint_wild_cluster_rademacher,0.75,0.5,0.5,6.0,reached_on_tested_grid
fe17c18b39eb86c6e9f982bd,C_vs_Cp3__path_shares_only,28ecf7e42b861405b6b3,C_vs_Cp3,path_shares_only,fl3_entitled,discovery,joint_wild_cluster_rademacher,0.75,0.5,0.8,10.0,reached_on_tested_grid
fe17c18b39eb86c6e9f982bd,C_vs_Cp3__path_shares_only,28ecf7e42b861405b6b3,C_vs_Cp3,path_shares_only,fl3_entitled,discovery,joint_wild_cluster_rademacher,0.75,0.5,0.9,12.0,reached_on_tested_grid
fe17c18b39eb86c6e9f982bd,C_vs_Cp3__path_shares_only,28ecf7e42b861405b6b3,C_vs_Cp3,path_shares_only,fl3_entitled,discovery,joint_wild_cluster_rademacher,0.75,1.0,0.5,,not_reached_on_tested_grid
fe17c18b39eb86c6e9f982bd,C_vs_Cp3__path_shares_only,28ecf7e42b861405b6b3,C_vs_Cp3,path_shares_only,fl3_entitled,discovery,joint_wild_cluster_rademacher,0.75,1.0,0.8,,not_reached_on_tested_grid
fe17c18b39eb86c6e9f982bd,C_vs_Cp3__path_shares_only,28ecf7e42b861405b6b3,C_vs_Cp3,path_shares_only,fl3_entitled,discovery,joint_wild_cluster_rademacher,0.75,1.0,0.9,,not_reached_on_tested_grid
fe17c18b39eb86c6e9f982bd,C_vs_Cp3__path_shares_only,28ecf7e42b861405b6b3,C_vs_Cp3,path_shares_only,fl3_entitled,discovery,joint_wild_cluster_rademacher,1.0,0.0,0.5,6.0,reached_on_tested_grid
fe17c18b39eb86c6e9f982bd,C_vs_Cp3__path_shares_only,28ecf7e42b861405b6b3,C_vs_Cp3,path_shares_only,fl3_entitled,discovery,joint_wild_cluster_rademacher,1.0,0.0,0.8,8.0,reached_on_tested_grid
fe17c18b39eb86c6e9f982bd,C_vs_Cp3__path_shares_only,28ecf7e42b861405b6b3,C_vs_Cp3,path_shares_only,fl3_entitled,discovery,joint_wild_cluster_rademacher,1.0,0.0,0.9,8.0,reached_on_tested_grid
fe17c18b39eb86c6e9f982bd,C_vs_Cp3__path_shares_only,28ecf7e42b861405b6b3,C_vs_Cp3,path_shares_only,fl3_entitled,discovery,joint_wild_cluster_rademacher,1.0,0.25,0.5,6.0,reached_on_tested_grid
fe17c18b39eb86c6e9f982bd,C_vs_Cp3__path_shares_only,28ecf7e42b861405b6b3,C_vs_Cp3,path_shares_only,fl3_entitled,discovery,joint_wild_cluster_rademacher,1.0,0.25,0.8,8.0,reached_on_tested_grid
fe17c18b39eb86c6e9f982bd,C_vs_Cp3__path_shares_only,28ecf7e42b861405b6b3,C_vs_Cp3,path_shares_only,fl3_entitled,discovery,joint_wild_cluster_rademacher,1.0,0.25,0.9,8.0,reached_on_tested_grid
fe17c18b39eb86c6e9f982bd,C_vs_Cp3__path_shares_only,28ecf7e42b861405b6b3,C_vs_Cp3,path_shares_only,fl3_entitled,discovery,joint_wild_cluster_rademacher,1.0,0.5,0.5,6.0,reached_on_tested_grid
fe17c18b39eb86c6e9f982bd,C_vs_Cp3__path_shares_only,28ecf7e42b861405b6b3,C_vs_Cp3,path_shares_only,fl3_entitled,discovery,joint_wild_cluster_rademacher,1.0,0.5,0.8,8.0,reached_on_tested_grid
fe17c18b39eb86c6e9f982bd,C_vs_Cp3__path_shares_only,28ecf7e42b861405b6b3,C_vs_Cp3,path_shares_only,fl3_entitled,discovery,joint_wild_cluster_rademacher,1.0,0.5,0.9,10.0,reached_on_tested_grid
fe17c18b39eb86c6e9f982bd,C_vs_Cp3__path_shares_only,28ecf7e42b861405b6b3,C_vs_Cp3,path_shares_only,fl3_entitled,discovery,joint_wild_cluster_rademacher,1.0,1.0,0.5,,not_reached_on_tested_grid
fe17c18b39eb86c6e9f982bd,C_vs_Cp3__path_shares_only,28ecf7e42b861405b6b3,C_vs_Cp3,path_shares_only,fl3_entitled,discovery,joint_wild_cluster_rademacher,1.0,1.0,0.8,,not_reached_on_tested_grid
fe17c18b39eb86c6e9f982bd,C_vs_Cp3__path_shares_only,28ecf7e42b861405b6b3,C_vs_Cp3,path_shares_only,fl3_entitled,discovery,joint_wild_cluster_rademacher,1.0,1.0,0.9,,not_reached_on_tested_grid
fe17c18b39eb86c6e9f982bd,C_vs_Cp3__path_shares_only,28ecf7e42b861405b6b3,C_vs_Cp3,path_shares_only,fl3_entitled,discovery,joint_wild_cluster_rademacher,1.5,0.0,0.5,5.0,reached_on_tested_grid
fe17c18b39eb86c6e9f982bd,C_vs_Cp3__path_shares_only,28ecf7e42b861405b6b3,C_vs_Cp3,path_shares_only,fl3_entitled,discovery,joint_wild_cluster_rademacher,1.5,0.0,0.8,8.0,reached_on_tested_grid
fe17c18b39eb86c6e9f982bd,C_vs_Cp3__path_shares_only,28ecf7e42b861405b6b3,C_vs_Cp3,path_shares_only,fl3_entitled,discovery,joint_wild_cluster_rademacher,1.5,0.0,0.9,8.0,reached_on_tested_grid
fe17c18b39eb86c6e9f982bd,C_vs_Cp3__path_shares_only,28ecf7e42b861405b6b3,C_vs_Cp3,path_shares_only,fl3_entitled,discovery,joint_wild_cluster_rademacher,1.5,0.25,0.5,5.0,reached_on_tested_grid
fe17c18b39eb86c6e9f982bd,C_vs_Cp3__path_shares_only,28ecf7e42b861405b6b3,C_vs_Cp3,path_shares_only,fl3_entitled,discovery,joint_wild_cluster_rademacher,1.5,0.25,0.8,8.0,reached_on_tested_grid
fe17c18b39eb86c6e9f982bd,C_vs_Cp3__path_shares_only,28ecf7e42b861405b6b3,C_vs_Cp3,path_shares_only,fl3_entitled,discovery,joint_wild_cluster_rademacher,1.5,0.25,0.9,8.0,reached_on_tested_grid
fe17c18b39eb86c6e9f982bd,C_vs_Cp3__path_shares_only,28ecf7e42b861405b6b3,C_vs_Cp3,path_shares_only,fl3_entitled,discovery,joint_wild_cluster_rademacher,1.5,0.5,0.5,5.0,reached_on_tested_grid
fe17c18b39eb86c6e9f982bd,C_vs_Cp3__path_shares_only,28ecf7e42b861405b6b3,C_vs_Cp3,path_shares_only,fl3_entitled,discovery,joint_wild_cluster_rademacher,1.5,0.5,0.8,8.0,reached_on_tested_grid
fe17c18b39eb86c6e9f982bd,C_vs_Cp3__path_shares_only,28ecf7e42b861405b6b3,C_vs_Cp3,path_shares_only,fl3_entitled,discovery,joint_wild_cluster_rademacher,1.5,0.5,0.9,10.0,reached_on_tested_grid
fe17c18b39eb86c6e9f982bd,C_vs_Cp3__path_shares_only,28ecf7e42b861405b6b3,C_vs_Cp3,path_shares_only,fl3_entitled,discovery,joint_wild_cluster_rademacher,1.5,1.0,0.5,,not_reached_on_tested_grid
fe17c18b39eb86c6e9f982bd,C_vs_Cp3__path_shares_only,28ecf7e42b861405b6b3,C_vs_Cp3,path_shares_only,fl3_entitled,discovery,joint_wild_cluster_rademacher,1.5,1.0,0.8,,not_reached_on_tested_grid
fe17c18b39eb86c6e9f982bd,C_vs_Cp3__path_shares_only,28ecf7e42b861405b6b3,C_vs_Cp3,path_shares_only,fl3_entitled,discovery,joint_wild_cluster_rademacher,1.5,1.0,0.9,,not_reached_on_tested_grid
fe17c18b39eb86c6e9f982bd,C_vs_Cp3__path_shares_only,28ecf7e42b861405b6b3,C_vs_Cp3,path_shares_only,fl3_entitled,discovery,joint_wild_cluster_rademacher,2.0,0.0,0.5,5.0,reached_on_tested_grid
fe17c18b39eb86c6e9f982bd,C_vs_Cp3__path_shares_only,28ecf7e42b861405b6b3,C_vs_Cp3,path_shares_only,fl3_entitled,discovery,joint_wild_cluster_rademacher,2.0,0.0,0.8,6.0,reached_on_tested_grid
fe17c18b39eb86c6e9f982bd,C_vs_Cp3__path_shares_only,28ecf7e42b861405b6b3,C_vs_Cp3,path_shares_only,fl3_entitled,discovery,joint_wild_cluster_rademacher,2.0,0.0,0.9,8.0,reached_on_tested_grid
fe17c18b39eb86c6e9f982bd,C_vs_Cp3__path_shares_only,28ecf7e42b861405b6b3,C_vs_Cp3,path_shares_only,fl3_entitled,discovery,joint_wild_cluster_rademacher,2.0,0.25,0.5,5.0,reached_on_tested_grid
fe17c18b39eb86c6e9f982bd,C_vs_Cp3__path_shares_only,28ecf7e42b861405b6b3,C_vs_Cp3,path_shares_only,fl3_entitled,discovery,joint_wild_cluster_rademacher,2.0,0.25,0.8,6.0,reached_on_tested_grid
fe17c18b39eb86c6e9f982bd,C_vs_Cp3__path_shares_only,28ecf7e42b861405b6b3,C_vs_Cp3,path_shares_only,fl3_entitled,discovery,joint_wild_cluster_rademacher,2.0,0.25,0.9,8.0,reached_on_tested_grid
fe17c18b39eb86c6e9f982bd,C_vs_Cp3__path_shares_only,28ecf7e42b861405b6b3,C_vs_Cp3,path_shares_only,fl3_entitled,discovery,joint_wild_cluster_rademacher,2.0,0.5,0.5,5.0,reached_on_tested_grid
fe17c18b39eb86c6e9f982bd,C_vs_Cp3__path_shares_only,28ecf7e42b861405b6b3,C_vs_Cp3,path_shares_only,fl3_entitled,discovery,joint_wild_cluster_rademacher,2.0,0.5,0.8,8.0,reached_on_tested_grid
fe17c18b39eb86c6e9f982bd,C_vs_Cp3__path_shares_only,28ecf7e42b861405b6b3,C_vs_Cp3,path_shares_only,fl3_entitled,discovery,joint_wild_cluster_rademacher,2.0,0.5,0.9,8.0,reached_on_tested_grid
fe17c18b39eb86c6e9f982bd,C_vs_Cp3__path_shares_only,28ecf7e42b861405b6b3,C_vs_Cp3,path_shares_only,fl3_entitled,discovery,joint_wild_cluster_rademacher,2.0,1.0,0.5,,not_reached_on_tested_grid
fe17c18b39eb86c6e9f982bd,C_vs_Cp3__path_shares_only,28ecf7e42b861405b6b3,C_vs_Cp3,path_shares_only,fl3_entitled,discovery,joint_wild_cluster_rademacher,2.0,1.0,0.8,,not_reached_on_tested_grid
fe17c18b39eb86c6e9f982bd,C_vs_Cp3__path_shares_only,28ecf7e42b861405b6b3,C_vs_Cp3,path_shares_only,fl3_entitled,discovery,joint_wild_cluster_rademacher,2.0,1.0,0.9,,not_reached_on_tested_grid
