partition,simulator_id,prospective_cluster_count,delta,control_response_lambda,gate_order,gate_name,cumulative_pass_count,replicates,cumulative_pass_probability
confirmation,joint_gaussian_regularized_cluster,3,0.0,0.0,1,support_available_pass,5706,6000,0.951
confirmation,joint_gaussian_regularized_cluster,3,0.0,0.0,2,complement_admissible_pass,3760,6000,0.6266666666666667
confirmation,joint_gaussian_regularized_cluster,3,0.0,0.0,3,effect_direction_reproduced_pass,0,6000,0.0
confirmation,joint_gaussian_regularized_cluster,3,0.0,0.0,4,target_contrast_positive_pass,0,6000,0.0
confirmation,joint_gaussian_regularized_cluster,3,0.0,0.0,5,minimum_effect_pass,0,6000,0.0
confirmation,joint_gaussian_regularized_cluster,3,0.0,0.0,6,cluster_uncertainty_pass,0,6000,0.0
confirmation,joint_gaussian_regularized_cluster,3,0.0,0.0,7,raw_statistical_threshold_pass,0,6000,0.0
confirmation,joint_gaussian_regularized_cluster,3,0.0,0.0,8,multiplicity_adjusted_threshold_pass,0,6000,0.0
confirmation,joint_gaussian_regularized_cluster,3,0.0,0.0,9,control_adjusted_contrast_pass,0,6000,0.0
confirmation,joint_gaussian_regularized_cluster,3,0.0,0.0,10,control_specificity_pass,0,6000,0.0
confirmation,joint_gaussian_regularized_cluster,3,0.25,0.0,1,support_available_pass,5730,6000,0.955
confirmation,joint_gaussian_regularized_cluster,3,0.25,0.0,2,complement_admissible_pass,3871,6000,0.6451666666666667
confirmation,joint_gaussian_regularized_cluster,3,0.25,0.0,3,effect_direction_reproduced_pass,3010,6000,0.5016666666666667
confirmation,joint_gaussian_regularized_cluster,3,0.25,0.0,4,target_contrast_positive_pass,3010,6000,0.5016666666666667
confirmation,joint_gaussian_regularized_cluster,3,0.25,0.0,5,minimum_effect_pass,2338,6000,0.38966666666666666
confirmation,joint_gaussian_regularized_cluster,3,0.25,0.0,6,cluster_uncertainty_pass,611,6000,0.10183333333333333
confirmation,joint_gaussian_regularized_cluster,3,0.25,0.0,7,raw_statistical_threshold_pass,0,6000,0.0
confirmation,joint_gaussian_regularized_cluster,3,0.25,0.0,8,multiplicity_adjusted_threshold_pass,0,6000,0.0
confirmation,joint_gaussian_regularized_cluster,3,0.25,0.0,9,control_adjusted_contrast_pass,0,6000,0.0
confirmation,joint_gaussian_regularized_cluster,3,0.25,0.0,10,control_specificity_pass,0,6000,0.0
confirmation,joint_gaussian_regularized_cluster,3,0.25,0.25,1,support_available_pass,5744,6000,0.9573333333333334
confirmation,joint_gaussian_regularized_cluster,3,0.25,0.25,2,complement_admissible_pass,3872,6000,0.6453333333333333
confirmation,joint_gaussian_regularized_cluster,3,0.25,0.25,3,effect_direction_reproduced_pass,3003,6000,0.5005
confirmation,joint_gaussian_regularized_cluster,3,0.25,0.25,4,target_contrast_positive_pass,3003,6000,0.5005
confirmation,joint_gaussian_regularized_cluster,3,0.25,0.25,5,minimum_effect_pass,2371,6000,0.39516666666666667
confirmation,joint_gaussian_regularized_cluster,3,0.25,0.25,6,cluster_uncertainty_pass,624,6000,0.104
confirmation,joint_gaussian_regularized_cluster,3,0.25,0.25,7,raw_statistical_threshold_pass,0,6000,0.0
confirmation,joint_gaussian_regularized_cluster,3,0.25,0.25,8,multiplicity_adjusted_threshold_pass,0,6000,0.0
confirmation,joint_gaussian_regularized_cluster,3,0.25,0.25,9,control_adjusted_contrast_pass,0,6000,0.0
confirmation,joint_gaussian_regularized_cluster,3,0.25,0.25,10,control_specificity_pass,0,6000,0.0
confirmation,joint_gaussian_regularized_cluster,3,0.25,0.5,1,support_available_pass,5733,6000,0.9555
confirmation,joint_gaussian_regularized_cluster,3,0.25,0.5,2,complement_admissible_pass,3781,6000,0.6301666666666667
confirmation,joint_gaussian_regularized_cluster,3,0.25,0.5,3,effect_direction_reproduced_pass,2966,6000,0.49433333333333335
confirmation,joint_gaussian_regularized_cluster,3,0.25,0.5,4,target_contrast_positive_pass,2966,6000,0.49433333333333335
confirmation,joint_gaussian_regularized_cluster,3,0.25,0.5,5,minimum_effect_pass,2367,6000,0.3945
confirmation,joint_gaussian_regularized_cluster,3,0.25,0.5,6,cluster_uncertainty_pass,620,6000,0.10333333333333333
confirmation,joint_gaussian_regularized_cluster,3,0.25,0.5,7,raw_statistical_threshold_pass,0,6000,0.0
confirmation,joint_gaussian_regularized_cluster,3,0.25,0.5,8,multiplicity_adjusted_threshold_pass,0,6000,0.0
confirmation,joint_gaussian_regularized_cluster,3,0.25,0.5,9,control_adjusted_contrast_pass,0,6000,0.0
confirmation,joint_gaussian_regularized_cluster,3,0.25,0.5,10,control_specificity_pass,0,6000,0.0
confirmation,joint_gaussian_regularized_cluster,3,0.25,1.0,1,support_available_pass,5720,6000,0.9533333333333334
confirmation,joint_gaussian_regularized_cluster,3,0.25,1.0,2,complement_admissible_pass,3889,6000,0.6481666666666667
confirmation,joint_gaussian_regularized_cluster,3,0.25,1.0,3,effect_direction_reproduced_pass,3007,6000,0.5011666666666666
confirmation,joint_gaussian_regularized_cluster,3,0.25,1.0,4,target_contrast_positive_pass,3007,6000,0.5011666666666666
confirmation,joint_gaussian_regularized_cluster,3,0.25,1.0,5,minimum_effect_pass,2376,6000,0.396
confirmation,joint_gaussian_regularized_cluster,3,0.25,1.0,6,cluster_uncertainty_pass,614,6000,0.10233333333333333
confirmation,joint_gaussian_regularized_cluster,3,0.25,1.0,7,raw_statistical_threshold_pass,0,6000,0.0
confirmation,joint_gaussian_regularized_cluster,3,0.25,1.0,8,multiplicity_adjusted_threshold_pass,0,6000,0.0
confirmation,joint_gaussian_regularized_cluster,3,0.25,1.0,9,control_adjusted_contrast_pass,0,6000,0.0
confirmation,joint_gaussian_regularized_cluster,3,0.25,1.0,10,control_specificity_pass,0,6000,0.0
confirmation,joint_gaussian_regularized_cluster,3,0.5,0.0,1,support_available_pass,5736,6000,0.956
confirmation,joint_gaussian_regularized_cluster,3,0.5,0.0,2,complement_admissible_pass,3827,6000,0.6378333333333334
confirmation,joint_gaussian_regularized_cluster,3,0.5,0.0,3,effect_direction_reproduced_pass,3236,6000,0.5393333333333333
confirmation,joint_gaussian_regularized_cluster,3,0.5,0.0,4,target_contrast_positive_pass,3236,6000,0.5393333333333333
confirmation,joint_gaussian_regularized_cluster,3,0.5,0.0,5,minimum_effect_pass,3110,6000,0.5183333333333333
confirmation,joint_gaussian_regularized_cluster,3,0.5,0.0,6,cluster_uncertainty_pass,1000,6000,0.16666666666666666
confirmation,joint_gaussian_regularized_cluster,3,0.5,0.0,7,raw_statistical_threshold_pass,0,6000,0.0
confirmation,joint_gaussian_regularized_cluster,3,0.5,0.0,8,multiplicity_adjusted_threshold_pass,0,6000,0.0
confirmation,joint_gaussian_regularized_cluster,3,0.5,0.0,9,control_adjusted_contrast_pass,0,6000,0.0
confirmation,joint_gaussian_regularized_cluster,3,0.5,0.0,10,control_specificity_pass,0,6000,0.0
confirmation,joint_gaussian_regularized_cluster,3,0.5,0.25,1,support_available_pass,5735,6000,0.9558333333333333
confirmation,joint_gaussian_regularized_cluster,3,0.5,0.25,2,complement_admissible_pass,3825,6000,0.6375
confirmation,joint_gaussian_regularized_cluster,3,0.5,0.25,3,effect_direction_reproduced_pass,3224,6000,0.5373333333333333
confirmation,joint_gaussian_regularized_cluster,3,0.5,0.25,4,target_contrast_positive_pass,3224,6000,0.5373333333333333
confirmation,joint_gaussian_regularized_cluster,3,0.5,0.25,5,minimum_effect_pass,3102,6000,0.517
confirmation,joint_gaussian_regularized_cluster,3,0.5,0.25,6,cluster_uncertainty_pass,1041,6000,0.1735
confirmation,joint_gaussian_regularized_cluster,3,0.5,0.25,7,raw_statistical_threshold_pass,0,6000,0.0
confirmation,joint_gaussian_regularized_cluster,3,0.5,0.25,8,multiplicity_adjusted_threshold_pass,0,6000,0.0
confirmation,joint_gaussian_regularized_cluster,3,0.5,0.25,9,control_adjusted_contrast_pass,0,6000,0.0
confirmation,joint_gaussian_regularized_cluster,3,0.5,0.25,10,control_specificity_pass,0,6000,0.0
confirmation,joint_gaussian_regularized_cluster,3,0.5,0.5,1,support_available_pass,5734,6000,0.9556666666666667
confirmation,joint_gaussian_regularized_cluster,3,0.5,0.5,2,complement_admissible_pass,3841,6000,0.6401666666666667
confirmation,joint_gaussian_regularized_cluster,3,0.5,0.5,3,effect_direction_reproduced_pass,3263,6000,0.5438333333333333
confirmation,joint_gaussian_regularized_cluster,3,0.5,0.5,4,target_contrast_positive_pass,3263,6000,0.5438333333333333
confirmation,joint_gaussian_regularized_cluster,3,0.5,0.5,5,minimum_effect_pass,3146,6000,0.5243333333333333
confirmation,joint_gaussian_regularized_cluster,3,0.5,0.5,6,cluster_uncertainty_pass,1105,6000,0.18416666666666667
confirmation,joint_gaussian_regularized_cluster,3,0.5,0.5,7,raw_statistical_threshold_pass,0,6000,0.0
confirmation,joint_gaussian_regularized_cluster,3,0.5,0.5,8,multiplicity_adjusted_threshold_pass,0,6000,0.0
confirmation,joint_gaussian_regularized_cluster,3,0.5,0.5,9,control_adjusted_contrast_pass,0,6000,0.0
confirmation,joint_gaussian_regularized_cluster,3,0.5,0.5,10,control_specificity_pass,0,6000,0.0
confirmation,joint_gaussian_regularized_cluster,3,0.5,1.0,1,support_available_pass,5744,6000,0.9573333333333334
confirmation,joint_gaussian_regularized_cluster,3,0.5,1.0,2,complement_admissible_pass,3792,6000,0.632
confirmation,joint_gaussian_regularized_cluster,3,0.5,1.0,3,effect_direction_reproduced_pass,3203,6000,0.5338333333333334
confirmation,joint_gaussian_regularized_cluster,3,0.5,1.0,4,target_contrast_positive_pass,3203,6000,0.5338333333333334
confirmation,joint_gaussian_regularized_cluster,3,0.5,1.0,5,minimum_effect_pass,3083,6000,0.5138333333333334
confirmation,joint_gaussian_regularized_cluster,3,0.5,1.0,6,cluster_uncertainty_pass,1054,6000,0.17566666666666667
confirmation,joint_gaussian_regularized_cluster,3,0.5,1.0,7,raw_statistical_threshold_pass,0,6000,0.0
confirmation,joint_gaussian_regularized_cluster,3,0.5,1.0,8,multiplicity_adjusted_threshold_pass,0,6000,0.0
confirmation,joint_gaussian_regularized_cluster,3,0.5,1.0,9,control_adjusted_contrast_pass,0,6000,0.0
confirmation,joint_gaussian_regularized_cluster,3,0.5,1.0,10,control_specificity_pass,0,6000,0.0
confirmation,joint_gaussian_regularized_cluster,3,0.75,0.0,1,support_available_pass,5717,6000,0.9528333333333333
confirmation,joint_gaussian_regularized_cluster,3,0.75,0.0,2,complement_admissible_pass,3833,6000,0.6388333333333334
confirmation,joint_gaussian_regularized_cluster,3,0.75,0.0,3,effect_direction_reproduced_pass,3259,6000,0.5431666666666667
confirmation,joint_gaussian_regularized_cluster,3,0.75,0.0,4,target_contrast_positive_pass,3259,6000,0.5431666666666667
confirmation,joint_gaussian_regularized_cluster,3,0.75,0.0,5,minimum_effect_pass,3245,6000,0.5408333333333334
confirmation,joint_gaussian_regularized_cluster,3,0.75,0.0,6,cluster_uncertainty_pass,1221,6000,0.2035
confirmation,joint_gaussian_regularized_cluster,3,0.75,0.0,7,raw_statistical_threshold_pass,0,6000,0.0
confirmation,joint_gaussian_regularized_cluster,3,0.75,0.0,8,multiplicity_adjusted_threshold_pass,0,6000,0.0
confirmation,joint_gaussian_regularized_cluster,3,0.75,0.0,9,control_adjusted_contrast_pass,0,6000,0.0
confirmation,joint_gaussian_regularized_cluster,3,0.75,0.0,10,control_specificity_pass,0,6000,0.0
confirmation,joint_gaussian_regularized_cluster,3,0.75,0.25,1,support_available_pass,5727,6000,0.9545
confirmation,joint_gaussian_regularized_cluster,3,0.75,0.25,2,complement_admissible_pass,3824,6000,0.6373333333333333
confirmation,joint_gaussian_regularized_cluster,3,0.75,0.25,3,effect_direction_reproduced_pass,3264,6000,0.544
confirmation,joint_gaussian_regularized_cluster,3,0.75,0.25,4,target_contrast_positive_pass,3264,6000,0.544
confirmation,joint_gaussian_regularized_cluster,3,0.75,0.25,5,minimum_effect_pass,3240,6000,0.54
confirmation,joint_gaussian_regularized_cluster,3,0.75,0.25,6,cluster_uncertainty_pass,1185,6000,0.1975
confirmation,joint_gaussian_regularized_cluster,3,0.75,0.25,7,raw_statistical_threshold_pass,0,6000,0.0
confirmation,joint_gaussian_regularized_cluster,3,0.75,0.25,8,multiplicity_adjusted_threshold_pass,0,6000,0.0
confirmation,joint_gaussian_regularized_cluster,3,0.75,0.25,9,control_adjusted_contrast_pass,0,6000,0.0
confirmation,joint_gaussian_regularized_cluster,3,0.75,0.25,10,control_specificity_pass,0,6000,0.0
confirmation,joint_gaussian_regularized_cluster,3,0.75,0.5,1,support_available_pass,5748,6000,0.958
confirmation,joint_gaussian_regularized_cluster,3,0.75,0.5,2,complement_admissible_pass,3867,6000,0.6445
confirmation,joint_gaussian_regularized_cluster,3,0.75,0.5,3,effect_direction_reproduced_pass,3327,6000,0.5545
confirmation,joint_gaussian_regularized_cluster,3,0.75,0.5,4,target_contrast_positive_pass,3327,6000,0.5545
confirmation,joint_gaussian_regularized_cluster,3,0.75,0.5,5,minimum_effect_pass,3304,6000,0.5506666666666666
confirmation,joint_gaussian_regularized_cluster,3,0.75,0.5,6,cluster_uncertainty_pass,1236,6000,0.206
confirmation,joint_gaussian_regularized_cluster,3,0.75,0.5,7,raw_statistical_threshold_pass,0,6000,0.0
confirmation,joint_gaussian_regularized_cluster,3,0.75,0.5,8,multiplicity_adjusted_threshold_pass,0,6000,0.0
confirmation,joint_gaussian_regularized_cluster,3,0.75,0.5,9,control_adjusted_contrast_pass,0,6000,0.0
confirmation,joint_gaussian_regularized_cluster,3,0.75,0.5,10,control_specificity_pass,0,6000,0.0
confirmation,joint_gaussian_regularized_cluster,3,0.75,1.0,1,support_available_pass,5723,6000,0.9538333333333333
confirmation,joint_gaussian_regularized_cluster,3,0.75,1.0,2,complement_admissible_pass,3843,6000,0.6405
confirmation,joint_gaussian_regularized_cluster,3,0.75,1.0,3,effect_direction_reproduced_pass,3265,6000,0.5441666666666667
confirmation,joint_gaussian_regularized_cluster,3,0.75,1.0,4,target_contrast_positive_pass,3265,6000,0.5441666666666667
confirmation,joint_gaussian_regularized_cluster,3,0.75,1.0,5,minimum_effect_pass,3249,6000,0.5415
confirmation,joint_gaussian_regularized_cluster,3,0.75,1.0,6,cluster_uncertainty_pass,1237,6000,0.20616666666666666
confirmation,joint_gaussian_regularized_cluster,3,0.75,1.0,7,raw_statistical_threshold_pass,0,6000,0.0
confirmation,joint_gaussian_regularized_cluster,3,0.75,1.0,8,multiplicity_adjusted_threshold_pass,0,6000,0.0
confirmation,joint_gaussian_regularized_cluster,3,0.75,1.0,9,control_adjusted_contrast_pass,0,6000,0.0
confirmation,joint_gaussian_regularized_cluster,3,0.75,1.0,10,control_specificity_pass,0,6000,0.0
confirmation,joint_gaussian_regularized_cluster,3,1.0,0.0,1,support_available_pass,5728,6000,0.9546666666666667
confirmation,joint_gaussian_regularized_cluster,3,1.0,0.0,2,complement_admissible_pass,3862,6000,0.6436666666666667
confirmation,joint_gaussian_regularized_cluster,3,1.0,0.0,3,effect_direction_reproduced_pass,3255,6000,0.5425
confirmation,joint_gaussian_regularized_cluster,3,1.0,0.0,4,target_contrast_positive_pass,3255,6000,0.5425
confirmation,joint_gaussian_regularized_cluster,3,1.0,0.0,5,minimum_effect_pass,3246,6000,0.541
confirmation,joint_gaussian_regularized_cluster,3,1.0,0.0,6,cluster_uncertainty_pass,1294,6000,0.21566666666666667
confirmation,joint_gaussian_regularized_cluster,3,1.0,0.0,7,raw_statistical_threshold_pass,0,6000,0.0
confirmation,joint_gaussian_regularized_cluster,3,1.0,0.0,8,multiplicity_adjusted_threshold_pass,0,6000,0.0
confirmation,joint_gaussian_regularized_cluster,3,1.0,0.0,9,control_adjusted_contrast_pass,0,6000,0.0
confirmation,joint_gaussian_regularized_cluster,3,1.0,0.0,10,control_specificity_pass,0,6000,0.0
confirmation,joint_gaussian_regularized_cluster,3,1.0,0.25,1,support_available_pass,5717,6000,0.9528333333333333
confirmation,joint_gaussian_regularized_cluster,3,1.0,0.25,2,complement_admissible_pass,3852,6000,0.642
confirmation,joint_gaussian_regularized_cluster,3,1.0,0.25,3,effect_direction_reproduced_pass,3293,6000,0.5488333333333333
confirmation,joint_gaussian_regularized_cluster,3,1.0,0.25,4,target_contrast_positive_pass,3293,6000,0.5488333333333333
confirmation,joint_gaussian_regularized_cluster,3,1.0,0.25,5,minimum_effect_pass,3288,6000,0.548
confirmation,joint_gaussian_regularized_cluster,3,1.0,0.25,6,cluster_uncertainty_pass,1298,6000,0.21633333333333332
confirmation,joint_gaussian_regularized_cluster,3,1.0,0.25,7,raw_statistical_threshold_pass,0,6000,0.0
confirmation,joint_gaussian_regularized_cluster,3,1.0,0.25,8,multiplicity_adjusted_threshold_pass,0,6000,0.0
confirmation,joint_gaussian_regularized_cluster,3,1.0,0.25,9,control_adjusted_contrast_pass,0,6000,0.0
confirmation,joint_gaussian_regularized_cluster,3,1.0,0.25,10,control_specificity_pass,0,6000,0.0
confirmation,joint_gaussian_regularized_cluster,3,1.0,0.5,1,support_available_pass,5716,6000,0.9526666666666667
confirmation,joint_gaussian_regularized_cluster,3,1.0,0.5,2,complement_admissible_pass,3788,6000,0.6313333333333333
confirmation,joint_gaussian_regularized_cluster,3,1.0,0.5,3,effect_direction_reproduced_pass,3253,6000,0.5421666666666667
confirmation,joint_gaussian_regularized_cluster,3,1.0,0.5,4,target_contrast_positive_pass,3253,6000,0.5421666666666667
confirmation,joint_gaussian_regularized_cluster,3,1.0,0.5,5,minimum_effect_pass,3248,6000,0.5413333333333333
confirmation,joint_gaussian_regularized_cluster,3,1.0,0.5,6,cluster_uncertainty_pass,1226,6000,0.20433333333333334
confirmation,joint_gaussian_regularized_cluster,3,1.0,0.5,7,raw_statistical_threshold_pass,0,6000,0.0
confirmation,joint_gaussian_regularized_cluster,3,1.0,0.5,8,multiplicity_adjusted_threshold_pass,0,6000,0.0
confirmation,joint_gaussian_regularized_cluster,3,1.0,0.5,9,control_adjusted_contrast_pass,0,6000,0.0
confirmation,joint_gaussian_regularized_cluster,3,1.0,0.5,10,control_specificity_pass,0,6000,0.0
confirmation,joint_gaussian_regularized_cluster,3,1.0,1.0,1,support_available_pass,5751,6000,0.9585
confirmation,joint_gaussian_regularized_cluster,3,1.0,1.0,2,complement_admissible_pass,3823,6000,0.6371666666666667
confirmation,joint_gaussian_regularized_cluster,3,1.0,1.0,3,effect_direction_reproduced_pass,3271,6000,0.5451666666666667
confirmation,joint_gaussian_regularized_cluster,3,1.0,1.0,4,target_contrast_positive_pass,3271,6000,0.5451666666666667
confirmation,joint_gaussian_regularized_cluster,3,1.0,1.0,5,minimum_effect_pass,3264,6000,0.544
confirmation,joint_gaussian_regularized_cluster,3,1.0,1.0,6,cluster_uncertainty_pass,1274,6000,0.21233333333333335
confirmation,joint_gaussian_regularized_cluster,3,1.0,1.0,7,raw_statistical_threshold_pass,0,6000,0.0
confirmation,joint_gaussian_regularized_cluster,3,1.0,1.0,8,multiplicity_adjusted_threshold_pass,0,6000,0.0
confirmation,joint_gaussian_regularized_cluster,3,1.0,1.0,9,control_adjusted_contrast_pass,0,6000,0.0
confirmation,joint_gaussian_regularized_cluster,3,1.0,1.0,10,control_specificity_pass,0,6000,0.0
confirmation,joint_gaussian_regularized_cluster,3,1.5,0.0,1,support_available_pass,5739,6000,0.9565
confirmation,joint_gaussian_regularized_cluster,3,1.5,0.0,2,complement_admissible_pass,3866,6000,0.6443333333333333
confirmation,joint_gaussian_regularized_cluster,3,1.5,0.0,3,effect_direction_reproduced_pass,3295,6000,0.5491666666666667
confirmation,joint_gaussian_regularized_cluster,3,1.5,0.0,4,target_contrast_positive_pass,3295,6000,0.5491666666666667
confirmation,joint_gaussian_regularized_cluster,3,1.5,0.0,5,minimum_effect_pass,3294,6000,0.549
confirmation,joint_gaussian_regularized_cluster,3,1.5,0.0,6,cluster_uncertainty_pass,1329,6000,0.2215
confirmation,joint_gaussian_regularized_cluster,3,1.5,0.0,7,raw_statistical_threshold_pass,0,6000,0.0
confirmation,joint_gaussian_regularized_cluster,3,1.5,0.0,8,multiplicity_adjusted_threshold_pass,0,6000,0.0
confirmation,joint_gaussian_regularized_cluster,3,1.5,0.0,9,control_adjusted_contrast_pass,0,6000,0.0
confirmation,joint_gaussian_regularized_cluster,3,1.5,0.0,10,control_specificity_pass,0,6000,0.0
confirmation,joint_gaussian_regularized_cluster,3,1.5,0.25,1,support_available_pass,5743,6000,0.9571666666666667
confirmation,joint_gaussian_regularized_cluster,3,1.5,0.25,2,complement_admissible_pass,3842,6000,0.6403333333333333
confirmation,joint_gaussian_regularized_cluster,3,1.5,0.25,3,effect_direction_reproduced_pass,3320,6000,0.5533333333333333
confirmation,joint_gaussian_regularized_cluster,3,1.5,0.25,4,target_contrast_positive_pass,3320,6000,0.5533333333333333
confirmation,joint_gaussian_regularized_cluster,3,1.5,0.25,5,minimum_effect_pass,3318,6000,0.553
confirmation,joint_gaussian_regularized_cluster,3,1.5,0.25,6,cluster_uncertainty_pass,1312,6000,0.21866666666666668
confirmation,joint_gaussian_regularized_cluster,3,1.5,0.25,7,raw_statistical_threshold_pass,0,6000,0.0
confirmation,joint_gaussian_regularized_cluster,3,1.5,0.25,8,multiplicity_adjusted_threshold_pass,0,6000,0.0
confirmation,joint_gaussian_regularized_cluster,3,1.5,0.25,9,control_adjusted_contrast_pass,0,6000,0.0
confirmation,joint_gaussian_regularized_cluster,3,1.5,0.25,10,control_specificity_pass,0,6000,0.0
confirmation,joint_gaussian_regularized_cluster,3,1.5,0.5,1,support_available_pass,5727,6000,0.9545
confirmation,joint_gaussian_regularized_cluster,3,1.5,0.5,2,complement_admissible_pass,3847,6000,0.6411666666666667
confirmation,joint_gaussian_regularized_cluster,3,1.5,0.5,3,effect_direction_reproduced_pass,3316,6000,0.5526666666666666
confirmation,joint_gaussian_regularized_cluster,3,1.5,0.5,4,target_contrast_positive_pass,3316,6000,0.5526666666666666
confirmation,joint_gaussian_regularized_cluster,3,1.5,0.5,5,minimum_effect_pass,3316,6000,0.5526666666666666
confirmation,joint_gaussian_regularized_cluster,3,1.5,0.5,6,cluster_uncertainty_pass,1312,6000,0.21866666666666668
confirmation,joint_gaussian_regularized_cluster,3,1.5,0.5,7,raw_statistical_threshold_pass,0,6000,0.0
confirmation,joint_gaussian_regularized_cluster,3,1.5,0.5,8,multiplicity_adjusted_threshold_pass,0,6000,0.0
confirmation,joint_gaussian_regularized_cluster,3,1.5,0.5,9,control_adjusted_contrast_pass,0,6000,0.0
confirmation,joint_gaussian_regularized_cluster,3,1.5,0.5,10,control_specificity_pass,0,6000,0.0
confirmation,joint_gaussian_regularized_cluster,3,1.5,1.0,1,support_available_pass,5748,6000,0.958
confirmation,joint_gaussian_regularized_cluster,3,1.5,1.0,2,complement_admissible_pass,3862,6000,0.6436666666666667
confirmation,joint_gaussian_regularized_cluster,3,1.5,1.0,3,effect_direction_reproduced_pass,3315,6000,0.5525
confirmation,joint_gaussian_regularized_cluster,3,1.5,1.0,4,target_contrast_positive_pass,3315,6000,0.5525
confirmation,joint_gaussian_regularized_cluster,3,1.5,1.0,5,minimum_effect_pass,3315,6000,0.5525
confirmation,joint_gaussian_regularized_cluster,3,1.5,1.0,6,cluster_uncertainty_pass,1314,6000,0.219
confirmation,joint_gaussian_regularized_cluster,3,1.5,1.0,7,raw_statistical_threshold_pass,0,6000,0.0
confirmation,joint_gaussian_regularized_cluster,3,1.5,1.0,8,multiplicity_adjusted_threshold_pass,0,6000,0.0
confirmation,joint_gaussian_regularized_cluster,3,1.5,1.0,9,control_adjusted_contrast_pass,0,6000,0.0
confirmation,joint_gaussian_regularized_cluster,3,1.5,1.0,10,control_specificity_pass,0,6000,0.0
confirmation,joint_gaussian_regularized_cluster,3,2.0,0.0,1,support_available_pass,5722,6000,0.9536666666666667
confirmation,joint_gaussian_regularized_cluster,3,2.0,0.0,2,complement_admissible_pass,3833,6000,0.6388333333333334
confirmation,joint_gaussian_regularized_cluster,3,2.0,0.0,3,effect_direction_reproduced_pass,3308,6000,0.5513333333333333
confirmation,joint_gaussian_regularized_cluster,3,2.0,0.0,4,target_contrast_positive_pass,3308,6000,0.5513333333333333
confirmation,joint_gaussian_regularized_cluster,3,2.0,0.0,5,minimum_effect_pass,3308,6000,0.5513333333333333
confirmation,joint_gaussian_regularized_cluster,3,2.0,0.0,6,cluster_uncertainty_pass,1304,6000,0.21733333333333332
confirmation,joint_gaussian_regularized_cluster,3,2.0,0.0,7,raw_statistical_threshold_pass,0,6000,0.0
confirmation,joint_gaussian_regularized_cluster,3,2.0,0.0,8,multiplicity_adjusted_threshold_pass,0,6000,0.0
confirmation,joint_gaussian_regularized_cluster,3,2.0,0.0,9,control_adjusted_contrast_pass,0,6000,0.0
confirmation,joint_gaussian_regularized_cluster,3,2.0,0.0,10,control_specificity_pass,0,6000,0.0
confirmation,joint_gaussian_regularized_cluster,3,2.0,0.25,1,support_available_pass,5728,6000,0.9546666666666667
confirmation,joint_gaussian_regularized_cluster,3,2.0,0.25,2,complement_admissible_pass,3827,6000,0.6378333333333334
confirmation,joint_gaussian_regularized_cluster,3,2.0,0.25,3,effect_direction_reproduced_pass,3265,6000,0.5441666666666667
confirmation,joint_gaussian_regularized_cluster,3,2.0,0.25,4,target_contrast_positive_pass,3265,6000,0.5441666666666667
confirmation,joint_gaussian_regularized_cluster,3,2.0,0.25,5,minimum_effect_pass,3265,6000,0.5441666666666667
confirmation,joint_gaussian_regularized_cluster,3,2.0,0.25,6,cluster_uncertainty_pass,1298,6000,0.21633333333333332
confirmation,joint_gaussian_regularized_cluster,3,2.0,0.25,7,raw_statistical_threshold_pass,0,6000,0.0
confirmation,joint_gaussian_regularized_cluster,3,2.0,0.25,8,multiplicity_adjusted_threshold_pass,0,6000,0.0
confirmation,joint_gaussian_regularized_cluster,3,2.0,0.25,9,control_adjusted_contrast_pass,0,6000,0.0
confirmation,joint_gaussian_regularized_cluster,3,2.0,0.25,10,control_specificity_pass,0,6000,0.0
confirmation,joint_gaussian_regularized_cluster,3,2.0,0.5,1,support_available_pass,5737,6000,0.9561666666666667
confirmation,joint_gaussian_regularized_cluster,3,2.0,0.5,2,complement_admissible_pass,3828,6000,0.638
confirmation,joint_gaussian_regularized_cluster,3,2.0,0.5,3,effect_direction_reproduced_pass,3241,6000,0.5401666666666667
confirmation,joint_gaussian_regularized_cluster,3,2.0,0.5,4,target_contrast_positive_pass,3241,6000,0.5401666666666667
confirmation,joint_gaussian_regularized_cluster,3,2.0,0.5,5,minimum_effect_pass,3241,6000,0.5401666666666667
confirmation,joint_gaussian_regularized_cluster,3,2.0,0.5,6,cluster_uncertainty_pass,1235,6000,0.20583333333333334
confirmation,joint_gaussian_regularized_cluster,3,2.0,0.5,7,raw_statistical_threshold_pass,0,6000,0.0
confirmation,joint_gaussian_regularized_cluster,3,2.0,0.5,8,multiplicity_adjusted_threshold_pass,0,6000,0.0
confirmation,joint_gaussian_regularized_cluster,3,2.0,0.5,9,control_adjusted_contrast_pass,0,6000,0.0
confirmation,joint_gaussian_regularized_cluster,3,2.0,0.5,10,control_specificity_pass,0,6000,0.0
confirmation,joint_gaussian_regularized_cluster,3,2.0,1.0,1,support_available_pass,5721,6000,0.9535
confirmation,joint_gaussian_regularized_cluster,3,2.0,1.0,2,complement_admissible_pass,3851,6000,0.6418333333333334
confirmation,joint_gaussian_regularized_cluster,3,2.0,1.0,3,effect_direction_reproduced_pass,3300,6000,0.55
confirmation,joint_gaussian_regularized_cluster,3,2.0,1.0,4,target_contrast_positive_pass,3300,6000,0.55
confirmation,joint_gaussian_regularized_cluster,3,2.0,1.0,5,minimum_effect_pass,3300,6000,0.55
confirmation,joint_gaussian_regularized_cluster,3,2.0,1.0,6,cluster_uncertainty_pass,1343,6000,0.22383333333333333
confirmation,joint_gaussian_regularized_cluster,3,2.0,1.0,7,raw_statistical_threshold_pass,0,6000,0.0
confirmation,joint_gaussian_regularized_cluster,3,2.0,1.0,8,multiplicity_adjusted_threshold_pass,0,6000,0.0
confirmation,joint_gaussian_regularized_cluster,3,2.0,1.0,9,control_adjusted_contrast_pass,0,6000,0.0
confirmation,joint_gaussian_regularized_cluster,3,2.0,1.0,10,control_specificity_pass,0,6000,0.0
confirmation,joint_gaussian_regularized_cluster,4,0.0,0.0,1,support_available_pass,5853,6000,0.9755
confirmation,joint_gaussian_regularized_cluster,4,0.0,0.0,2,complement_admissible_pass,5032,6000,0.8386666666666667
confirmation,joint_gaussian_regularized_cluster,4,0.0,0.0,3,effect_direction_reproduced_pass,0,6000,0.0
confirmation,joint_gaussian_regularized_cluster,4,0.0,0.0,4,target_contrast_positive_pass,0,6000,0.0
confirmation,joint_gaussian_regularized_cluster,4,0.0,0.0,5,minimum_effect_pass,0,6000,0.0
confirmation,joint_gaussian_regularized_cluster,4,0.0,0.0,6,cluster_uncertainty_pass,0,6000,0.0
confirmation,joint_gaussian_regularized_cluster,4,0.0,0.0,7,raw_statistical_threshold_pass,0,6000,0.0
confirmation,joint_gaussian_regularized_cluster,4,0.0,0.0,8,multiplicity_adjusted_threshold_pass,0,6000,0.0
confirmation,joint_gaussian_regularized_cluster,4,0.0,0.0,9,control_adjusted_contrast_pass,0,6000,0.0
confirmation,joint_gaussian_regularized_cluster,4,0.0,0.0,10,control_specificity_pass,0,6000,0.0
confirmation,joint_gaussian_regularized_cluster,4,0.25,0.0,1,support_available_pass,5876,6000,0.9793333333333333
confirmation,joint_gaussian_regularized_cluster,4,0.25,0.0,2,complement_admissible_pass,5086,6000,0.8476666666666667
confirmation,joint_gaussian_regularized_cluster,4,0.25,0.0,3,effect_direction_reproduced_pass,4168,6000,0.6946666666666667
confirmation,joint_gaussian_regularized_cluster,4,0.25,0.0,4,target_contrast_positive_pass,4168,6000,0.6946666666666667
confirmation,joint_gaussian_regularized_cluster,4,0.25,0.0,5,minimum_effect_pass,3308,6000,0.5513333333333333
confirmation,joint_gaussian_regularized_cluster,4,0.25,0.0,6,cluster_uncertainty_pass,952,6000,0.15866666666666668
confirmation,joint_gaussian_regularized_cluster,4,0.25,0.0,7,raw_statistical_threshold_pass,38,6000,0.006333333333333333
confirmation,joint_gaussian_regularized_cluster,4,0.25,0.0,8,multiplicity_adjusted_threshold_pass,38,6000,0.006333333333333333
confirmation,joint_gaussian_regularized_cluster,4,0.25,0.0,9,control_adjusted_contrast_pass,38,6000,0.006333333333333333
confirmation,joint_gaussian_regularized_cluster,4,0.25,0.0,10,control_specificity_pass,38,6000,0.006333333333333333
confirmation,joint_gaussian_regularized_cluster,4,0.25,0.25,1,support_available_pass,5879,6000,0.9798333333333333
confirmation,joint_gaussian_regularized_cluster,4,0.25,0.25,2,complement_admissible_pass,5098,6000,0.8496666666666667
confirmation,joint_gaussian_regularized_cluster,4,0.25,0.25,3,effect_direction_reproduced_pass,4165,6000,0.6941666666666667
confirmation,joint_gaussian_regularized_cluster,4,0.25,0.25,4,target_contrast_positive_pass,4165,6000,0.6941666666666667
confirmation,joint_gaussian_regularized_cluster,4,0.25,0.25,5,minimum_effect_pass,3344,6000,0.5573333333333333
confirmation,joint_gaussian_regularized_cluster,4,0.25,0.25,6,cluster_uncertainty_pass,961,6000,0.16016666666666668
confirmation,joint_gaussian_regularized_cluster,4,0.25,0.25,7,raw_statistical_threshold_pass,29,6000,0.004833333333333334
confirmation,joint_gaussian_regularized_cluster,4,0.25,0.25,8,multiplicity_adjusted_threshold_pass,29,6000,0.004833333333333334
confirmation,joint_gaussian_regularized_cluster,4,0.25,0.25,9,control_adjusted_contrast_pass,28,6000,0.004666666666666667
confirmation,joint_gaussian_regularized_cluster,4,0.25,0.25,10,control_specificity_pass,28,6000,0.004666666666666667
confirmation,joint_gaussian_regularized_cluster,4,0.25,0.5,1,support_available_pass,5869,6000,0.9781666666666666
confirmation,joint_gaussian_regularized_cluster,4,0.25,0.5,2,complement_admissible_pass,5090,6000,0.8483333333333334
confirmation,joint_gaussian_regularized_cluster,4,0.25,0.5,3,effect_direction_reproduced_pass,4161,6000,0.6935
confirmation,joint_gaussian_regularized_cluster,4,0.25,0.5,4,target_contrast_positive_pass,4161,6000,0.6935
confirmation,joint_gaussian_regularized_cluster,4,0.25,0.5,5,minimum_effect_pass,3338,6000,0.5563333333333333
confirmation,joint_gaussian_regularized_cluster,4,0.25,0.5,6,cluster_uncertainty_pass,982,6000,0.16366666666666665
confirmation,joint_gaussian_regularized_cluster,4,0.25,0.5,7,raw_statistical_threshold_pass,27,6000,0.0045
confirmation,joint_gaussian_regularized_cluster,4,0.25,0.5,8,multiplicity_adjusted_threshold_pass,27,6000,0.0045
confirmation,joint_gaussian_regularized_cluster,4,0.25,0.5,9,control_adjusted_contrast_pass,24,6000,0.004
confirmation,joint_gaussian_regularized_cluster,4,0.25,0.5,10,control_specificity_pass,24,6000,0.004
confirmation,joint_gaussian_regularized_cluster,4,0.25,1.0,1,support_available_pass,5867,6000,0.9778333333333333
confirmation,joint_gaussian_regularized_cluster,4,0.25,1.0,2,complement_admissible_pass,5119,6000,0.8531666666666666
confirmation,joint_gaussian_regularized_cluster,4,0.25,1.0,3,effect_direction_reproduced_pass,4190,6000,0.6983333333333334
confirmation,joint_gaussian_regularized_cluster,4,0.25,1.0,4,target_contrast_positive_pass,4190,6000,0.6983333333333334
confirmation,joint_gaussian_regularized_cluster,4,0.25,1.0,5,minimum_effect_pass,3344,6000,0.5573333333333333
confirmation,joint_gaussian_regularized_cluster,4,0.25,1.0,6,cluster_uncertainty_pass,926,6000,0.15433333333333332
confirmation,joint_gaussian_regularized_cluster,4,0.25,1.0,7,raw_statistical_threshold_pass,33,6000,0.0055
confirmation,joint_gaussian_regularized_cluster,4,0.25,1.0,8,multiplicity_adjusted_threshold_pass,33,6000,0.0055
confirmation,joint_gaussian_regularized_cluster,4,0.25,1.0,9,control_adjusted_contrast_pass,26,6000,0.004333333333333333
confirmation,joint_gaussian_regularized_cluster,4,0.25,1.0,10,control_specificity_pass,26,6000,0.004333333333333333
confirmation,joint_gaussian_regularized_cluster,4,0.5,0.0,1,support_available_pass,5871,6000,0.9785
confirmation,joint_gaussian_regularized_cluster,4,0.5,0.0,2,complement_admissible_pass,5074,6000,0.8456666666666667
confirmation,joint_gaussian_regularized_cluster,4,0.5,0.0,3,effect_direction_reproduced_pass,4419,6000,0.7365
confirmation,joint_gaussian_regularized_cluster,4,0.5,0.0,4,target_contrast_positive_pass,4419,6000,0.7365
confirmation,joint_gaussian_regularized_cluster,4,0.5,0.0,5,minimum_effect_pass,4289,6000,0.7148333333333333
confirmation,joint_gaussian_regularized_cluster,4,0.5,0.0,6,cluster_uncertainty_pass,1605,6000,0.2675
confirmation,joint_gaussian_regularized_cluster,4,0.5,0.0,7,raw_statistical_threshold_pass,103,6000,0.017166666666666667
confirmation,joint_gaussian_regularized_cluster,4,0.5,0.0,8,multiplicity_adjusted_threshold_pass,103,6000,0.017166666666666667
confirmation,joint_gaussian_regularized_cluster,4,0.5,0.0,9,control_adjusted_contrast_pass,103,6000,0.017166666666666667
confirmation,joint_gaussian_regularized_cluster,4,0.5,0.0,10,control_specificity_pass,103,6000,0.017166666666666667
confirmation,joint_gaussian_regularized_cluster,4,0.5,0.25,1,support_available_pass,5871,6000,0.9785
confirmation,joint_gaussian_regularized_cluster,4,0.5,0.25,2,complement_admissible_pass,5095,6000,0.8491666666666666
confirmation,joint_gaussian_regularized_cluster,4,0.5,0.25,3,effect_direction_reproduced_pass,4415,6000,0.7358333333333333
confirmation,joint_gaussian_regularized_cluster,4,0.5,0.25,4,target_contrast_positive_pass,4415,6000,0.7358333333333333
confirmation,joint_gaussian_regularized_cluster,4,0.5,0.25,5,minimum_effect_pass,4303,6000,0.7171666666666666
confirmation,joint_gaussian_regularized_cluster,4,0.5,0.25,6,cluster_uncertainty_pass,1654,6000,0.27566666666666667
confirmation,joint_gaussian_regularized_cluster,4,0.5,0.25,7,raw_statistical_threshold_pass,108,6000,0.018
confirmation,joint_gaussian_regularized_cluster,4,0.5,0.25,8,multiplicity_adjusted_threshold_pass,108,6000,0.018
confirmation,joint_gaussian_regularized_cluster,4,0.5,0.25,9,control_adjusted_contrast_pass,108,6000,0.018
confirmation,joint_gaussian_regularized_cluster,4,0.5,0.25,10,control_specificity_pass,108,6000,0.018
confirmation,joint_gaussian_regularized_cluster,4,0.5,0.5,1,support_available_pass,5865,6000,0.9775
confirmation,joint_gaussian_regularized_cluster,4,0.5,0.5,2,complement_admissible_pass,5084,6000,0.8473333333333334
confirmation,joint_gaussian_regularized_cluster,4,0.5,0.5,3,effect_direction_reproduced_pass,4408,6000,0.7346666666666667
confirmation,joint_gaussian_regularized_cluster,4,0.5,0.5,4,target_contrast_positive_pass,4408,6000,0.7346666666666667
confirmation,joint_gaussian_regularized_cluster,4,0.5,0.5,5,minimum_effect_pass,4276,6000,0.7126666666666667
confirmation,joint_gaussian_regularized_cluster,4,0.5,0.5,6,cluster_uncertainty_pass,1640,6000,0.2733333333333333
confirmation,joint_gaussian_regularized_cluster,4,0.5,0.5,7,raw_statistical_threshold_pass,100,6000,0.016666666666666666
confirmation,joint_gaussian_regularized_cluster,4,0.5,0.5,8,multiplicity_adjusted_threshold_pass,100,6000,0.016666666666666666
confirmation,joint_gaussian_regularized_cluster,4,0.5,0.5,9,control_adjusted_contrast_pass,92,6000,0.015333333333333332
confirmation,joint_gaussian_regularized_cluster,4,0.5,0.5,10,control_specificity_pass,92,6000,0.015333333333333332
confirmation,joint_gaussian_regularized_cluster,4,0.5,1.0,1,support_available_pass,5884,6000,0.9806666666666667
confirmation,joint_gaussian_regularized_cluster,4,0.5,1.0,2,complement_admissible_pass,5042,6000,0.8403333333333334
confirmation,joint_gaussian_regularized_cluster,4,0.5,1.0,3,effect_direction_reproduced_pass,4338,6000,0.723
confirmation,joint_gaussian_regularized_cluster,4,0.5,1.0,4,target_contrast_positive_pass,4338,6000,0.723
confirmation,joint_gaussian_regularized_cluster,4,0.5,1.0,5,minimum_effect_pass,4216,6000,0.7026666666666667
confirmation,joint_gaussian_regularized_cluster,4,0.5,1.0,6,cluster_uncertainty_pass,1588,6000,0.26466666666666666
confirmation,joint_gaussian_regularized_cluster,4,0.5,1.0,7,raw_statistical_threshold_pass,108,6000,0.018
confirmation,joint_gaussian_regularized_cluster,4,0.5,1.0,8,multiplicity_adjusted_threshold_pass,108,6000,0.018
confirmation,joint_gaussian_regularized_cluster,4,0.5,1.0,9,control_adjusted_contrast_pass,59,6000,0.009833333333333333
confirmation,joint_gaussian_regularized_cluster,4,0.5,1.0,10,control_specificity_pass,59,6000,0.009833333333333333
confirmation,joint_gaussian_regularized_cluster,4,0.75,0.0,1,support_available_pass,5859,6000,0.9765
confirmation,joint_gaussian_regularized_cluster,4,0.75,0.0,2,complement_admissible_pass,5022,6000,0.837
confirmation,joint_gaussian_regularized_cluster,4,0.75,0.0,3,effect_direction_reproduced_pass,4376,6000,0.7293333333333333
confirmation,joint_gaussian_regularized_cluster,4,0.75,0.0,4,target_contrast_positive_pass,4376,6000,0.7293333333333333
confirmation,joint_gaussian_regularized_cluster,4,0.75,0.0,5,minimum_effect_pass,4358,6000,0.7263333333333334
confirmation,joint_gaussian_regularized_cluster,4,0.75,0.0,6,cluster_uncertainty_pass,1880,6000,0.31333333333333335
confirmation,joint_gaussian_regularized_cluster,4,0.75,0.0,7,raw_statistical_threshold_pass,211,6000,0.035166666666666666
confirmation,joint_gaussian_regularized_cluster,4,0.75,0.0,8,multiplicity_adjusted_threshold_pass,211,6000,0.035166666666666666
confirmation,joint_gaussian_regularized_cluster,4,0.75,0.0,9,control_adjusted_contrast_pass,211,6000,0.035166666666666666
confirmation,joint_gaussian_regularized_cluster,4,0.75,0.0,10,control_specificity_pass,211,6000,0.035166666666666666
confirmation,joint_gaussian_regularized_cluster,4,0.75,0.25,1,support_available_pass,5865,6000,0.9775
confirmation,joint_gaussian_regularized_cluster,4,0.75,0.25,2,complement_admissible_pass,5056,6000,0.8426666666666667
confirmation,joint_gaussian_regularized_cluster,4,0.75,0.25,3,effect_direction_reproduced_pass,4417,6000,0.7361666666666666
confirmation,joint_gaussian_regularized_cluster,4,0.75,0.25,4,target_contrast_positive_pass,4417,6000,0.7361666666666666
confirmation,joint_gaussian_regularized_cluster,4,0.75,0.25,5,minimum_effect_pass,4396,6000,0.7326666666666667
confirmation,joint_gaussian_regularized_cluster,4,0.75,0.25,6,cluster_uncertainty_pass,1879,6000,0.31316666666666665
confirmation,joint_gaussian_regularized_cluster,4,0.75,0.25,7,raw_statistical_threshold_pass,193,6000,0.03216666666666667
confirmation,joint_gaussian_regularized_cluster,4,0.75,0.25,8,multiplicity_adjusted_threshold_pass,193,6000,0.03216666666666667
confirmation,joint_gaussian_regularized_cluster,4,0.75,0.25,9,control_adjusted_contrast_pass,192,6000,0.032
confirmation,joint_gaussian_regularized_cluster,4,0.75,0.25,10,control_specificity_pass,192,6000,0.032
confirmation,joint_gaussian_regularized_cluster,4,0.75,0.5,1,support_available_pass,5878,6000,0.9796666666666667
confirmation,joint_gaussian_regularized_cluster,4,0.75,0.5,2,complement_admissible_pass,5072,6000,0.8453333333333334
confirmation,joint_gaussian_regularized_cluster,4,0.75,0.5,3,effect_direction_reproduced_pass,4451,6000,0.7418333333333333
confirmation,joint_gaussian_regularized_cluster,4,0.75,0.5,4,target_contrast_positive_pass,4451,6000,0.7418333333333333
confirmation,joint_gaussian_regularized_cluster,4,0.75,0.5,5,minimum_effect_pass,4432,6000,0.7386666666666667
confirmation,joint_gaussian_regularized_cluster,4,0.75,0.5,6,cluster_uncertainty_pass,1922,6000,0.32033333333333336
confirmation,joint_gaussian_regularized_cluster,4,0.75,0.5,7,raw_statistical_threshold_pass,200,6000,0.03333333333333333
confirmation,joint_gaussian_regularized_cluster,4,0.75,0.5,8,multiplicity_adjusted_threshold_pass,200,6000,0.03333333333333333
confirmation,joint_gaussian_regularized_cluster,4,0.75,0.5,9,control_adjusted_contrast_pass,184,6000,0.030666666666666665
confirmation,joint_gaussian_regularized_cluster,4,0.75,0.5,10,control_specificity_pass,184,6000,0.030666666666666665
confirmation,joint_gaussian_regularized_cluster,4,0.75,1.0,1,support_available_pass,5871,6000,0.9785
confirmation,joint_gaussian_regularized_cluster,4,0.75,1.0,2,complement_admissible_pass,5036,6000,0.8393333333333334
confirmation,joint_gaussian_regularized_cluster,4,0.75,1.0,3,effect_direction_reproduced_pass,4372,6000,0.7286666666666667
confirmation,joint_gaussian_regularized_cluster,4,0.75,1.0,4,target_contrast_positive_pass,4372,6000,0.7286666666666667
confirmation,joint_gaussian_regularized_cluster,4,0.75,1.0,5,minimum_effect_pass,4351,6000,0.7251666666666666
confirmation,joint_gaussian_regularized_cluster,4,0.75,1.0,6,cluster_uncertainty_pass,1909,6000,0.31816666666666665
confirmation,joint_gaussian_regularized_cluster,4,0.75,1.0,7,raw_statistical_threshold_pass,185,6000,0.030833333333333334
confirmation,joint_gaussian_regularized_cluster,4,0.75,1.0,8,multiplicity_adjusted_threshold_pass,185,6000,0.030833333333333334
confirmation,joint_gaussian_regularized_cluster,4,0.75,1.0,9,control_adjusted_contrast_pass,91,6000,0.015166666666666667
confirmation,joint_gaussian_regularized_cluster,4,0.75,1.0,10,control_specificity_pass,91,6000,0.015166666666666667
confirmation,joint_gaussian_regularized_cluster,4,1.0,0.0,1,support_available_pass,5862,6000,0.977
confirmation,joint_gaussian_regularized_cluster,4,1.0,0.0,2,complement_admissible_pass,5103,6000,0.8505
confirmation,joint_gaussian_regularized_cluster,4,1.0,0.0,3,effect_direction_reproduced_pass,4412,6000,0.7353333333333333
confirmation,joint_gaussian_regularized_cluster,4,1.0,0.0,4,target_contrast_positive_pass,4412,6000,0.7353333333333333
confirmation,joint_gaussian_regularized_cluster,4,1.0,0.0,5,minimum_effect_pass,4406,6000,0.7343333333333333
confirmation,joint_gaussian_regularized_cluster,4,1.0,0.0,6,cluster_uncertainty_pass,2004,6000,0.334
confirmation,joint_gaussian_regularized_cluster,4,1.0,0.0,7,raw_statistical_threshold_pass,256,6000,0.042666666666666665
confirmation,joint_gaussian_regularized_cluster,4,1.0,0.0,8,multiplicity_adjusted_threshold_pass,256,6000,0.042666666666666665
confirmation,joint_gaussian_regularized_cluster,4,1.0,0.0,9,control_adjusted_contrast_pass,256,6000,0.042666666666666665
confirmation,joint_gaussian_regularized_cluster,4,1.0,0.0,10,control_specificity_pass,256,6000,0.042666666666666665
confirmation,joint_gaussian_regularized_cluster,4,1.0,0.25,1,support_available_pass,5863,6000,0.9771666666666666
confirmation,joint_gaussian_regularized_cluster,4,1.0,0.25,2,complement_admissible_pass,5031,6000,0.8385
confirmation,joint_gaussian_regularized_cluster,4,1.0,0.25,3,effect_direction_reproduced_pass,4403,6000,0.7338333333333333
confirmation,joint_gaussian_regularized_cluster,4,1.0,0.25,4,target_contrast_positive_pass,4403,6000,0.7338333333333333
confirmation,joint_gaussian_regularized_cluster,4,1.0,0.25,5,minimum_effect_pass,4399,6000,0.7331666666666666
confirmation,joint_gaussian_regularized_cluster,4,1.0,0.25,6,cluster_uncertainty_pass,2002,6000,0.33366666666666667
confirmation,joint_gaussian_regularized_cluster,4,1.0,0.25,7,raw_statistical_threshold_pass,252,6000,0.042
confirmation,joint_gaussian_regularized_cluster,4,1.0,0.25,8,multiplicity_adjusted_threshold_pass,252,6000,0.042
confirmation,joint_gaussian_regularized_cluster,4,1.0,0.25,9,control_adjusted_contrast_pass,250,6000,0.041666666666666664
confirmation,joint_gaussian_regularized_cluster,4,1.0,0.25,10,control_specificity_pass,250,6000,0.041666666666666664
confirmation,joint_gaussian_regularized_cluster,4,1.0,0.5,1,support_available_pass,5851,6000,0.9751666666666666
confirmation,joint_gaussian_regularized_cluster,4,1.0,0.5,2,complement_admissible_pass,5008,6000,0.8346666666666667
confirmation,joint_gaussian_regularized_cluster,4,1.0,0.5,3,effect_direction_reproduced_pass,4391,6000,0.7318333333333333
confirmation,joint_gaussian_regularized_cluster,4,1.0,0.5,4,target_contrast_positive_pass,4391,6000,0.7318333333333333
confirmation,joint_gaussian_regularized_cluster,4,1.0,0.5,5,minimum_effect_pass,4388,6000,0.7313333333333333
confirmation,joint_gaussian_regularized_cluster,4,1.0,0.5,6,cluster_uncertainty_pass,1955,6000,0.3258333333333333
confirmation,joint_gaussian_regularized_cluster,4,1.0,0.5,7,raw_statistical_threshold_pass,264,6000,0.044
confirmation,joint_gaussian_regularized_cluster,4,1.0,0.5,8,multiplicity_adjusted_threshold_pass,264,6000,0.044
confirmation,joint_gaussian_regularized_cluster,4,1.0,0.5,9,control_adjusted_contrast_pass,239,6000,0.03983333333333333
confirmation,joint_gaussian_regularized_cluster,4,1.0,0.5,10,control_specificity_pass,239,6000,0.03983333333333333
confirmation,joint_gaussian_regularized_cluster,4,1.0,1.0,1,support_available_pass,5875,6000,0.9791666666666666
confirmation,joint_gaussian_regularized_cluster,4,1.0,1.0,2,complement_admissible_pass,5044,6000,0.8406666666666667
confirmation,joint_gaussian_regularized_cluster,4,1.0,1.0,3,effect_direction_reproduced_pass,4415,6000,0.7358333333333333
confirmation,joint_gaussian_regularized_cluster,4,1.0,1.0,4,target_contrast_positive_pass,4415,6000,0.7358333333333333
confirmation,joint_gaussian_regularized_cluster,4,1.0,1.0,5,minimum_effect_pass,4410,6000,0.735
confirmation,joint_gaussian_regularized_cluster,4,1.0,1.0,6,cluster_uncertainty_pass,1970,6000,0.3283333333333333
confirmation,joint_gaussian_regularized_cluster,4,1.0,1.0,7,raw_statistical_threshold_pass,273,6000,0.0455
confirmation,joint_gaussian_regularized_cluster,4,1.0,1.0,8,multiplicity_adjusted_threshold_pass,273,6000,0.0455
confirmation,joint_gaussian_regularized_cluster,4,1.0,1.0,9,control_adjusted_contrast_pass,136,6000,0.02266666666666667
confirmation,joint_gaussian_regularized_cluster,4,1.0,1.0,10,control_specificity_pass,136,6000,0.02266666666666667
confirmation,joint_gaussian_regularized_cluster,4,1.5,0.0,1,support_available_pass,5875,6000,0.9791666666666666
confirmation,joint_gaussian_regularized_cluster,4,1.5,0.0,2,complement_admissible_pass,5056,6000,0.8426666666666667
confirmation,joint_gaussian_regularized_cluster,4,1.5,0.0,3,effect_direction_reproduced_pass,4430,6000,0.7383333333333333
confirmation,joint_gaussian_regularized_cluster,4,1.5,0.0,4,target_contrast_positive_pass,4430,6000,0.7383333333333333
confirmation,joint_gaussian_regularized_cluster,4,1.5,0.0,5,minimum_effect_pass,4430,6000,0.7383333333333333
confirmation,joint_gaussian_regularized_cluster,4,1.5,0.0,6,cluster_uncertainty_pass,2076,6000,0.346
confirmation,joint_gaussian_regularized_cluster,4,1.5,0.0,7,raw_statistical_threshold_pass,289,6000,0.04816666666666667
confirmation,joint_gaussian_regularized_cluster,4,1.5,0.0,8,multiplicity_adjusted_threshold_pass,289,6000,0.04816666666666667
confirmation,joint_gaussian_regularized_cluster,4,1.5,0.0,9,control_adjusted_contrast_pass,289,6000,0.04816666666666667
confirmation,joint_gaussian_regularized_cluster,4,1.5,0.0,10,control_specificity_pass,289,6000,0.04816666666666667
confirmation,joint_gaussian_regularized_cluster,4,1.5,0.25,1,support_available_pass,5864,6000,0.9773333333333334
confirmation,joint_gaussian_regularized_cluster,4,1.5,0.25,2,complement_admissible_pass,5075,6000,0.8458333333333333
confirmation,joint_gaussian_regularized_cluster,4,1.5,0.25,3,effect_direction_reproduced_pass,4441,6000,0.7401666666666666
confirmation,joint_gaussian_regularized_cluster,4,1.5,0.25,4,target_contrast_positive_pass,4441,6000,0.7401666666666666
confirmation,joint_gaussian_regularized_cluster,4,1.5,0.25,5,minimum_effect_pass,4440,6000,0.74
confirmation,joint_gaussian_regularized_cluster,4,1.5,0.25,6,cluster_uncertainty_pass,2056,6000,0.3426666666666667
confirmation,joint_gaussian_regularized_cluster,4,1.5,0.25,7,raw_statistical_threshold_pass,344,6000,0.05733333333333333
confirmation,joint_gaussian_regularized_cluster,4,1.5,0.25,8,multiplicity_adjusted_threshold_pass,344,6000,0.05733333333333333
confirmation,joint_gaussian_regularized_cluster,4,1.5,0.25,9,control_adjusted_contrast_pass,342,6000,0.057
confirmation,joint_gaussian_regularized_cluster,4,1.5,0.25,10,control_specificity_pass,342,6000,0.057
confirmation,joint_gaussian_regularized_cluster,4,1.5,0.5,1,support_available_pass,5858,6000,0.9763333333333334
confirmation,joint_gaussian_regularized_cluster,4,1.5,0.5,2,complement_admissible_pass,5062,6000,0.8436666666666667
confirmation,joint_gaussian_regularized_cluster,4,1.5,0.5,3,effect_direction_reproduced_pass,4440,6000,0.74
confirmation,joint_gaussian_regularized_cluster,4,1.5,0.5,4,target_contrast_positive_pass,4440,6000,0.74
confirmation,joint_gaussian_regularized_cluster,4,1.5,0.5,5,minimum_effect_pass,4440,6000,0.74
confirmation,joint_gaussian_regularized_cluster,4,1.5,0.5,6,cluster_uncertainty_pass,2073,6000,0.3455
confirmation,joint_gaussian_regularized_cluster,4,1.5,0.5,7,raw_statistical_threshold_pass,337,6000,0.05616666666666666
confirmation,joint_gaussian_regularized_cluster,4,1.5,0.5,8,multiplicity_adjusted_threshold_pass,337,6000,0.05616666666666666
confirmation,joint_gaussian_regularized_cluster,4,1.5,0.5,9,control_adjusted_contrast_pass,315,6000,0.0525
confirmation,joint_gaussian_regularized_cluster,4,1.5,0.5,10,control_specificity_pass,315,6000,0.0525
confirmation,joint_gaussian_regularized_cluster,4,1.5,1.0,1,support_available_pass,5878,6000,0.9796666666666667
confirmation,joint_gaussian_regularized_cluster,4,1.5,1.0,2,complement_admissible_pass,5074,6000,0.8456666666666667
confirmation,joint_gaussian_regularized_cluster,4,1.5,1.0,3,effect_direction_reproduced_pass,4478,6000,0.7463333333333333
confirmation,joint_gaussian_regularized_cluster,4,1.5,1.0,4,target_contrast_positive_pass,4478,6000,0.7463333333333333
confirmation,joint_gaussian_regularized_cluster,4,1.5,1.0,5,minimum_effect_pass,4478,6000,0.7463333333333333
confirmation,joint_gaussian_regularized_cluster,4,1.5,1.0,6,cluster_uncertainty_pass,2014,6000,0.33566666666666667
confirmation,joint_gaussian_regularized_cluster,4,1.5,1.0,7,raw_statistical_threshold_pass,310,6000,0.051666666666666666
confirmation,joint_gaussian_regularized_cluster,4,1.5,1.0,8,multiplicity_adjusted_threshold_pass,310,6000,0.051666666666666666
confirmation,joint_gaussian_regularized_cluster,4,1.5,1.0,9,control_adjusted_contrast_pass,116,6000,0.019333333333333334
confirmation,joint_gaussian_regularized_cluster,4,1.5,1.0,10,control_specificity_pass,116,6000,0.019333333333333334
confirmation,joint_gaussian_regularized_cluster,4,2.0,0.0,1,support_available_pass,5874,6000,0.979
confirmation,joint_gaussian_regularized_cluster,4,2.0,0.0,2,complement_admissible_pass,5054,6000,0.8423333333333334
confirmation,joint_gaussian_regularized_cluster,4,2.0,0.0,3,effect_direction_reproduced_pass,4430,6000,0.7383333333333333
confirmation,joint_gaussian_regularized_cluster,4,2.0,0.0,4,target_contrast_positive_pass,4430,6000,0.7383333333333333
confirmation,joint_gaussian_regularized_cluster,4,2.0,0.0,5,minimum_effect_pass,4430,6000,0.7383333333333333
confirmation,joint_gaussian_regularized_cluster,4,2.0,0.0,6,cluster_uncertainty_pass,2078,6000,0.3463333333333333
confirmation,joint_gaussian_regularized_cluster,4,2.0,0.0,7,raw_statistical_threshold_pass,369,6000,0.0615
confirmation,joint_gaussian_regularized_cluster,4,2.0,0.0,8,multiplicity_adjusted_threshold_pass,369,6000,0.0615
confirmation,joint_gaussian_regularized_cluster,4,2.0,0.0,9,control_adjusted_contrast_pass,369,6000,0.0615
confirmation,joint_gaussian_regularized_cluster,4,2.0,0.0,10,control_specificity_pass,369,6000,0.0615
confirmation,joint_gaussian_regularized_cluster,4,2.0,0.25,1,support_available_pass,5869,6000,0.9781666666666666
confirmation,joint_gaussian_regularized_cluster,4,2.0,0.25,2,complement_admissible_pass,5052,6000,0.842
confirmation,joint_gaussian_regularized_cluster,4,2.0,0.25,3,effect_direction_reproduced_pass,4400,6000,0.7333333333333333
confirmation,joint_gaussian_regularized_cluster,4,2.0,0.25,4,target_contrast_positive_pass,4400,6000,0.7333333333333333
confirmation,joint_gaussian_regularized_cluster,4,2.0,0.25,5,minimum_effect_pass,4400,6000,0.7333333333333333
confirmation,joint_gaussian_regularized_cluster,4,2.0,0.25,6,cluster_uncertainty_pass,2025,6000,0.3375
confirmation,joint_gaussian_regularized_cluster,4,2.0,0.25,7,raw_statistical_threshold_pass,374,6000,0.06233333333333333
confirmation,joint_gaussian_regularized_cluster,4,2.0,0.25,8,multiplicity_adjusted_threshold_pass,374,6000,0.06233333333333333
confirmation,joint_gaussian_regularized_cluster,4,2.0,0.25,9,control_adjusted_contrast_pass,373,6000,0.06216666666666667
confirmation,joint_gaussian_regularized_cluster,4,2.0,0.25,10,control_specificity_pass,373,6000,0.06216666666666667
confirmation,joint_gaussian_regularized_cluster,4,2.0,0.5,1,support_available_pass,5887,6000,0.9811666666666666
confirmation,joint_gaussian_regularized_cluster,4,2.0,0.5,2,complement_admissible_pass,5076,6000,0.846
confirmation,joint_gaussian_regularized_cluster,4,2.0,0.5,3,effect_direction_reproduced_pass,4425,6000,0.7375
confirmation,joint_gaussian_regularized_cluster,4,2.0,0.5,4,target_contrast_positive_pass,4425,6000,0.7375
confirmation,joint_gaussian_regularized_cluster,4,2.0,0.5,5,minimum_effect_pass,4425,6000,0.7375
confirmation,joint_gaussian_regularized_cluster,4,2.0,0.5,6,cluster_uncertainty_pass,2059,6000,0.3431666666666667
confirmation,joint_gaussian_regularized_cluster,4,2.0,0.5,7,raw_statistical_threshold_pass,364,6000,0.06066666666666667
confirmation,joint_gaussian_regularized_cluster,4,2.0,0.5,8,multiplicity_adjusted_threshold_pass,364,6000,0.06066666666666667
confirmation,joint_gaussian_regularized_cluster,4,2.0,0.5,9,control_adjusted_contrast_pass,343,6000,0.057166666666666664
confirmation,joint_gaussian_regularized_cluster,4,2.0,0.5,10,control_specificity_pass,343,6000,0.057166666666666664
confirmation,joint_gaussian_regularized_cluster,4,2.0,1.0,1,support_available_pass,5864,6000,0.9773333333333334
confirmation,joint_gaussian_regularized_cluster,4,2.0,1.0,2,complement_admissible_pass,5045,6000,0.8408333333333333
confirmation,joint_gaussian_regularized_cluster,4,2.0,1.0,3,effect_direction_reproduced_pass,4428,6000,0.738
confirmation,joint_gaussian_regularized_cluster,4,2.0,1.0,4,target_contrast_positive_pass,4428,6000,0.738
confirmation,joint_gaussian_regularized_cluster,4,2.0,1.0,5,minimum_effect_pass,4428,6000,0.738
confirmation,joint_gaussian_regularized_cluster,4,2.0,1.0,6,cluster_uncertainty_pass,2099,6000,0.34983333333333333
confirmation,joint_gaussian_regularized_cluster,4,2.0,1.0,7,raw_statistical_threshold_pass,384,6000,0.064
confirmation,joint_gaussian_regularized_cluster,4,2.0,1.0,8,multiplicity_adjusted_threshold_pass,384,6000,0.064
confirmation,joint_gaussian_regularized_cluster,4,2.0,1.0,9,control_adjusted_contrast_pass,137,6000,0.022833333333333334
confirmation,joint_gaussian_regularized_cluster,4,2.0,1.0,10,control_specificity_pass,137,6000,0.022833333333333334
confirmation,joint_gaussian_regularized_cluster,5,0.0,0.0,1,support_available_pass,5925,6000,0.9875
confirmation,joint_gaussian_regularized_cluster,5,0.0,0.0,2,complement_admissible_pass,5525,6000,0.9208333333333333
confirmation,joint_gaussian_regularized_cluster,5,0.0,0.0,3,effect_direction_reproduced_pass,0,6000,0.0
confirmation,joint_gaussian_regularized_cluster,5,0.0,0.0,4,target_contrast_positive_pass,0,6000,0.0
confirmation,joint_gaussian_regularized_cluster,5,0.0,0.0,5,minimum_effect_pass,0,6000,0.0
confirmation,joint_gaussian_regularized_cluster,5,0.0,0.0,6,cluster_uncertainty_pass,0,6000,0.0
confirmation,joint_gaussian_regularized_cluster,5,0.0,0.0,7,raw_statistical_threshold_pass,0,6000,0.0
confirmation,joint_gaussian_regularized_cluster,5,0.0,0.0,8,multiplicity_adjusted_threshold_pass,0,6000,0.0
confirmation,joint_gaussian_regularized_cluster,5,0.0,0.0,9,control_adjusted_contrast_pass,0,6000,0.0
confirmation,joint_gaussian_regularized_cluster,5,0.0,0.0,10,control_specificity_pass,0,6000,0.0
confirmation,joint_gaussian_regularized_cluster,5,0.25,0.0,1,support_available_pass,5943,6000,0.9905
confirmation,joint_gaussian_regularized_cluster,5,0.25,0.0,2,complement_admissible_pass,5554,6000,0.9256666666666666
confirmation,joint_gaussian_regularized_cluster,5,0.25,0.0,3,effect_direction_reproduced_pass,4779,6000,0.7965
confirmation,joint_gaussian_regularized_cluster,5,0.25,0.0,4,target_contrast_positive_pass,4779,6000,0.7965
confirmation,joint_gaussian_regularized_cluster,5,0.25,0.0,5,minimum_effect_pass,3797,6000,0.6328333333333334
confirmation,joint_gaussian_regularized_cluster,5,0.25,0.0,6,cluster_uncertainty_pass,1229,6000,0.20483333333333334
confirmation,joint_gaussian_regularized_cluster,5,0.25,0.0,7,raw_statistical_threshold_pass,102,6000,0.017
confirmation,joint_gaussian_regularized_cluster,5,0.25,0.0,8,multiplicity_adjusted_threshold_pass,102,6000,0.017
confirmation,joint_gaussian_regularized_cluster,5,0.25,0.0,9,control_adjusted_contrast_pass,102,6000,0.017
confirmation,joint_gaussian_regularized_cluster,5,0.25,0.0,10,control_specificity_pass,102,6000,0.017
confirmation,joint_gaussian_regularized_cluster,5,0.25,0.25,1,support_available_pass,5935,6000,0.9891666666666666
confirmation,joint_gaussian_regularized_cluster,5,0.25,0.25,2,complement_admissible_pass,5573,6000,0.9288333333333333
confirmation,joint_gaussian_regularized_cluster,5,0.25,0.25,3,effect_direction_reproduced_pass,4782,6000,0.797
confirmation,joint_gaussian_regularized_cluster,5,0.25,0.25,4,target_contrast_positive_pass,4782,6000,0.797
confirmation,joint_gaussian_regularized_cluster,5,0.25,0.25,5,minimum_effect_pass,3830,6000,0.6383333333333333
confirmation,joint_gaussian_regularized_cluster,5,0.25,0.25,6,cluster_uncertainty_pass,1229,6000,0.20483333333333334
confirmation,joint_gaussian_regularized_cluster,5,0.25,0.25,7,raw_statistical_threshold_pass,111,6000,0.0185
confirmation,joint_gaussian_regularized_cluster,5,0.25,0.25,8,multiplicity_adjusted_threshold_pass,111,6000,0.0185
confirmation,joint_gaussian_regularized_cluster,5,0.25,0.25,9,control_adjusted_contrast_pass,108,6000,0.018
confirmation,joint_gaussian_regularized_cluster,5,0.25,0.25,10,control_specificity_pass,108,6000,0.018
confirmation,joint_gaussian_regularized_cluster,5,0.25,0.5,1,support_available_pass,5929,6000,0.9881666666666666
confirmation,joint_gaussian_regularized_cluster,5,0.25,0.5,2,complement_admissible_pass,5561,6000,0.9268333333333333
confirmation,joint_gaussian_regularized_cluster,5,0.25,0.5,3,effect_direction_reproduced_pass,4747,6000,0.7911666666666667
confirmation,joint_gaussian_regularized_cluster,5,0.25,0.5,4,target_contrast_positive_pass,4747,6000,0.7911666666666667
confirmation,joint_gaussian_regularized_cluster,5,0.25,0.5,5,minimum_effect_pass,3790,6000,0.6316666666666667
confirmation,joint_gaussian_regularized_cluster,5,0.25,0.5,6,cluster_uncertainty_pass,1227,6000,0.2045
confirmation,joint_gaussian_regularized_cluster,5,0.25,0.5,7,raw_statistical_threshold_pass,116,6000,0.019333333333333334
confirmation,joint_gaussian_regularized_cluster,5,0.25,0.5,8,multiplicity_adjusted_threshold_pass,116,6000,0.019333333333333334
confirmation,joint_gaussian_regularized_cluster,5,0.25,0.5,9,control_adjusted_contrast_pass,101,6000,0.016833333333333332
confirmation,joint_gaussian_regularized_cluster,5,0.25,0.5,10,control_specificity_pass,101,6000,0.016833333333333332
confirmation,joint_gaussian_regularized_cluster,5,0.25,1.0,1,support_available_pass,5933,6000,0.9888333333333333
confirmation,joint_gaussian_regularized_cluster,5,0.25,1.0,2,complement_admissible_pass,5560,6000,0.9266666666666666
confirmation,joint_gaussian_regularized_cluster,5,0.25,1.0,3,effect_direction_reproduced_pass,4783,6000,0.7971666666666667
confirmation,joint_gaussian_regularized_cluster,5,0.25,1.0,4,target_contrast_positive_pass,4783,6000,0.7971666666666667
confirmation,joint_gaussian_regularized_cluster,5,0.25,1.0,5,minimum_effect_pass,3809,6000,0.6348333333333334
confirmation,joint_gaussian_regularized_cluster,5,0.25,1.0,6,cluster_uncertainty_pass,1189,6000,0.19816666666666666
confirmation,joint_gaussian_regularized_cluster,5,0.25,1.0,7,raw_statistical_threshold_pass,106,6000,0.017666666666666667
confirmation,joint_gaussian_regularized_cluster,5,0.25,1.0,8,multiplicity_adjusted_threshold_pass,106,6000,0.017666666666666667
confirmation,joint_gaussian_regularized_cluster,5,0.25,1.0,9,control_adjusted_contrast_pass,70,6000,0.011666666666666667
confirmation,joint_gaussian_regularized_cluster,5,0.25,1.0,10,control_specificity_pass,70,6000,0.011666666666666667
confirmation,joint_gaussian_regularized_cluster,5,0.5,0.0,1,support_available_pass,5930,6000,0.9883333333333333
confirmation,joint_gaussian_regularized_cluster,5,0.5,0.0,2,complement_admissible_pass,5536,6000,0.9226666666666666
confirmation,joint_gaussian_regularized_cluster,5,0.5,0.0,3,effect_direction_reproduced_pass,4946,6000,0.8243333333333334
confirmation,joint_gaussian_regularized_cluster,5,0.5,0.0,4,target_contrast_positive_pass,4946,6000,0.8243333333333334
confirmation,joint_gaussian_regularized_cluster,5,0.5,0.0,5,minimum_effect_pass,4828,6000,0.8046666666666666
confirmation,joint_gaussian_regularized_cluster,5,0.5,0.0,6,cluster_uncertainty_pass,2004,6000,0.334
confirmation,joint_gaussian_regularized_cluster,5,0.5,0.0,7,raw_statistical_threshold_pass,330,6000,0.055
confirmation,joint_gaussian_regularized_cluster,5,0.5,0.0,8,multiplicity_adjusted_threshold_pass,330,6000,0.055
confirmation,joint_gaussian_regularized_cluster,5,0.5,0.0,9,control_adjusted_contrast_pass,330,6000,0.055
confirmation,joint_gaussian_regularized_cluster,5,0.5,0.0,10,control_specificity_pass,330,6000,0.055
confirmation,joint_gaussian_regularized_cluster,5,0.5,0.25,1,support_available_pass,5938,6000,0.9896666666666667
confirmation,joint_gaussian_regularized_cluster,5,0.5,0.25,2,complement_admissible_pass,5565,6000,0.9275
confirmation,joint_gaussian_regularized_cluster,5,0.5,0.25,3,effect_direction_reproduced_pass,4953,6000,0.8255
confirmation,joint_gaussian_regularized_cluster,5,0.5,0.25,4,target_contrast_positive_pass,4953,6000,0.8255
confirmation,joint_gaussian_regularized_cluster,5,0.5,0.25,5,minimum_effect_pass,4838,6000,0.8063333333333333
confirmation,joint_gaussian_regularized_cluster,5,0.5,0.25,6,cluster_uncertainty_pass,2041,6000,0.3401666666666667
confirmation,joint_gaussian_regularized_cluster,5,0.5,0.25,7,raw_statistical_threshold_pass,363,6000,0.0605
confirmation,joint_gaussian_regularized_cluster,5,0.5,0.25,8,multiplicity_adjusted_threshold_pass,363,6000,0.0605
confirmation,joint_gaussian_regularized_cluster,5,0.5,0.25,9,control_adjusted_contrast_pass,360,6000,0.06
confirmation,joint_gaussian_regularized_cluster,5,0.5,0.25,10,control_specificity_pass,360,6000,0.06
confirmation,joint_gaussian_regularized_cluster,5,0.5,0.5,1,support_available_pass,5935,6000,0.9891666666666666
confirmation,joint_gaussian_regularized_cluster,5,0.5,0.5,2,complement_admissible_pass,5571,6000,0.9285
confirmation,joint_gaussian_regularized_cluster,5,0.5,0.5,3,effect_direction_reproduced_pass,4979,6000,0.8298333333333333
confirmation,joint_gaussian_regularized_cluster,5,0.5,0.5,4,target_contrast_positive_pass,4979,6000,0.8298333333333333
confirmation,joint_gaussian_regularized_cluster,5,0.5,0.5,5,minimum_effect_pass,4851,6000,0.8085
confirmation,joint_gaussian_regularized_cluster,5,0.5,0.5,6,cluster_uncertainty_pass,2058,6000,0.343
confirmation,joint_gaussian_regularized_cluster,5,0.5,0.5,7,raw_statistical_threshold_pass,364,6000,0.06066666666666667
confirmation,joint_gaussian_regularized_cluster,5,0.5,0.5,8,multiplicity_adjusted_threshold_pass,364,6000,0.06066666666666667
confirmation,joint_gaussian_regularized_cluster,5,0.5,0.5,9,control_adjusted_contrast_pass,335,6000,0.05583333333333333
confirmation,joint_gaussian_regularized_cluster,5,0.5,0.5,10,control_specificity_pass,335,6000,0.05583333333333333
confirmation,joint_gaussian_regularized_cluster,5,0.5,1.0,1,support_available_pass,5949,6000,0.9915
confirmation,joint_gaussian_regularized_cluster,5,0.5,1.0,2,complement_admissible_pass,5566,6000,0.9276666666666666
confirmation,joint_gaussian_regularized_cluster,5,0.5,1.0,3,effect_direction_reproduced_pass,4945,6000,0.8241666666666667
confirmation,joint_gaussian_regularized_cluster,5,0.5,1.0,4,target_contrast_positive_pass,4945,6000,0.8241666666666667
confirmation,joint_gaussian_regularized_cluster,5,0.5,1.0,5,minimum_effect_pass,4832,6000,0.8053333333333333
confirmation,joint_gaussian_regularized_cluster,5,0.5,1.0,6,cluster_uncertainty_pass,1994,6000,0.3323333333333333
confirmation,joint_gaussian_regularized_cluster,5,0.5,1.0,7,raw_statistical_threshold_pass,336,6000,0.056
confirmation,joint_gaussian_regularized_cluster,5,0.5,1.0,8,multiplicity_adjusted_threshold_pass,336,6000,0.056
confirmation,joint_gaussian_regularized_cluster,5,0.5,1.0,9,control_adjusted_contrast_pass,180,6000,0.03
confirmation,joint_gaussian_regularized_cluster,5,0.5,1.0,10,control_specificity_pass,180,6000,0.03
confirmation,joint_gaussian_regularized_cluster,5,0.75,0.0,1,support_available_pass,5935,6000,0.9891666666666666
confirmation,joint_gaussian_regularized_cluster,5,0.75,0.0,2,complement_admissible_pass,5534,6000,0.9223333333333333
confirmation,joint_gaussian_regularized_cluster,5,0.75,0.0,3,effect_direction_reproduced_pass,4937,6000,0.8228333333333333
confirmation,joint_gaussian_regularized_cluster,5,0.75,0.0,4,target_contrast_positive_pass,4937,6000,0.8228333333333333
confirmation,joint_gaussian_regularized_cluster,5,0.75,0.0,5,minimum_effect_pass,4921,6000,0.8201666666666667
confirmation,joint_gaussian_regularized_cluster,5,0.75,0.0,6,cluster_uncertainty_pass,2328,6000,0.388
confirmation,joint_gaussian_regularized_cluster,5,0.75,0.0,7,raw_statistical_threshold_pass,555,6000,0.0925
confirmation,joint_gaussian_regularized_cluster,5,0.75,0.0,8,multiplicity_adjusted_threshold_pass,555,6000,0.0925
confirmation,joint_gaussian_regularized_cluster,5,0.75,0.0,9,control_adjusted_contrast_pass,555,6000,0.0925
confirmation,joint_gaussian_regularized_cluster,5,0.75,0.0,10,control_specificity_pass,555,6000,0.0925
confirmation,joint_gaussian_regularized_cluster,5,0.75,0.25,1,support_available_pass,5935,6000,0.9891666666666666
confirmation,joint_gaussian_regularized_cluster,5,0.75,0.25,2,complement_admissible_pass,5550,6000,0.925
confirmation,joint_gaussian_regularized_cluster,5,0.75,0.25,3,effect_direction_reproduced_pass,4956,6000,0.826
confirmation,joint_gaussian_regularized_cluster,5,0.75,0.25,4,target_contrast_positive_pass,4956,6000,0.826
confirmation,joint_gaussian_regularized_cluster,5,0.75,0.25,5,minimum_effect_pass,4934,6000,0.8223333333333334
confirmation,joint_gaussian_regularized_cluster,5,0.75,0.25,6,cluster_uncertainty_pass,2311,6000,0.38516666666666666
confirmation,joint_gaussian_regularized_cluster,5,0.75,0.25,7,raw_statistical_threshold_pass,526,6000,0.08766666666666667
confirmation,joint_gaussian_regularized_cluster,5,0.75,0.25,8,multiplicity_adjusted_threshold_pass,526,6000,0.08766666666666667
confirmation,joint_gaussian_regularized_cluster,5,0.75,0.25,9,control_adjusted_contrast_pass,523,6000,0.08716666666666667
confirmation,joint_gaussian_regularized_cluster,5,0.75,0.25,10,control_specificity_pass,523,6000,0.08716666666666667
confirmation,joint_gaussian_regularized_cluster,5,0.75,0.5,1,support_available_pass,5939,6000,0.9898333333333333
confirmation,joint_gaussian_regularized_cluster,5,0.75,0.5,2,complement_admissible_pass,5556,6000,0.926
confirmation,joint_gaussian_regularized_cluster,5,0.75,0.5,3,effect_direction_reproduced_pass,4982,6000,0.8303333333333334
confirmation,joint_gaussian_regularized_cluster,5,0.75,0.5,4,target_contrast_positive_pass,4982,6000,0.8303333333333334
confirmation,joint_gaussian_regularized_cluster,5,0.75,0.5,5,minimum_effect_pass,4961,6000,0.8268333333333333
confirmation,joint_gaussian_regularized_cluster,5,0.75,0.5,6,cluster_uncertainty_pass,2364,6000,0.394
confirmation,joint_gaussian_regularized_cluster,5,0.75,0.5,7,raw_statistical_threshold_pass,562,6000,0.09366666666666666
confirmation,joint_gaussian_regularized_cluster,5,0.75,0.5,8,multiplicity_adjusted_threshold_pass,562,6000,0.09366666666666666
confirmation,joint_gaussian_regularized_cluster,5,0.75,0.5,9,control_adjusted_contrast_pass,521,6000,0.08683333333333333
confirmation,joint_gaussian_regularized_cluster,5,0.75,0.5,10,control_specificity_pass,521,6000,0.08683333333333333
confirmation,joint_gaussian_regularized_cluster,5,0.75,1.0,1,support_available_pass,5930,6000,0.9883333333333333
confirmation,joint_gaussian_regularized_cluster,5,0.75,1.0,2,complement_admissible_pass,5544,6000,0.924
confirmation,joint_gaussian_regularized_cluster,5,0.75,1.0,3,effect_direction_reproduced_pass,4954,6000,0.8256666666666667
confirmation,joint_gaussian_regularized_cluster,5,0.75,1.0,4,target_contrast_positive_pass,4954,6000,0.8256666666666667
confirmation,joint_gaussian_regularized_cluster,5,0.75,1.0,5,minimum_effect_pass,4929,6000,0.8215
confirmation,joint_gaussian_regularized_cluster,5,0.75,1.0,6,cluster_uncertainty_pass,2345,6000,0.3908333333333333
confirmation,joint_gaussian_regularized_cluster,5,0.75,1.0,7,raw_statistical_threshold_pass,517,6000,0.08616666666666667
confirmation,joint_gaussian_regularized_cluster,5,0.75,1.0,8,multiplicity_adjusted_threshold_pass,517,6000,0.08616666666666667
confirmation,joint_gaussian_regularized_cluster,5,0.75,1.0,9,control_adjusted_contrast_pass,237,6000,0.0395
confirmation,joint_gaussian_regularized_cluster,5,0.75,1.0,10,control_specificity_pass,237,6000,0.0395
confirmation,joint_gaussian_regularized_cluster,5,1.0,0.0,1,support_available_pass,5928,6000,0.988
confirmation,joint_gaussian_regularized_cluster,5,1.0,0.0,2,complement_admissible_pass,5549,6000,0.9248333333333333
confirmation,joint_gaussian_regularized_cluster,5,1.0,0.0,3,effect_direction_reproduced_pass,4954,6000,0.8256666666666667
confirmation,joint_gaussian_regularized_cluster,5,1.0,0.0,4,target_contrast_positive_pass,4954,6000,0.8256666666666667
confirmation,joint_gaussian_regularized_cluster,5,1.0,0.0,5,minimum_effect_pass,4950,6000,0.825
confirmation,joint_gaussian_regularized_cluster,5,1.0,0.0,6,cluster_uncertainty_pass,2435,6000,0.4058333333333333
confirmation,joint_gaussian_regularized_cluster,5,1.0,0.0,7,raw_statistical_threshold_pass,639,6000,0.1065
confirmation,joint_gaussian_regularized_cluster,5,1.0,0.0,8,multiplicity_adjusted_threshold_pass,639,6000,0.1065
confirmation,joint_gaussian_regularized_cluster,5,1.0,0.0,9,control_adjusted_contrast_pass,639,6000,0.1065
confirmation,joint_gaussian_regularized_cluster,5,1.0,0.0,10,control_specificity_pass,639,6000,0.1065
confirmation,joint_gaussian_regularized_cluster,5,1.0,0.25,1,support_available_pass,5934,6000,0.989
confirmation,joint_gaussian_regularized_cluster,5,1.0,0.25,2,complement_admissible_pass,5528,6000,0.9213333333333333
confirmation,joint_gaussian_regularized_cluster,5,1.0,0.25,3,effect_direction_reproduced_pass,4937,6000,0.8228333333333333
confirmation,joint_gaussian_regularized_cluster,5,1.0,0.25,4,target_contrast_positive_pass,4937,6000,0.8228333333333333
confirmation,joint_gaussian_regularized_cluster,5,1.0,0.25,5,minimum_effect_pass,4936,6000,0.8226666666666667
confirmation,joint_gaussian_regularized_cluster,5,1.0,0.25,6,cluster_uncertainty_pass,2428,6000,0.4046666666666667
confirmation,joint_gaussian_regularized_cluster,5,1.0,0.25,7,raw_statistical_threshold_pass,626,6000,0.10433333333333333
confirmation,joint_gaussian_regularized_cluster,5,1.0,0.25,8,multiplicity_adjusted_threshold_pass,626,6000,0.10433333333333333
confirmation,joint_gaussian_regularized_cluster,5,1.0,0.25,9,control_adjusted_contrast_pass,623,6000,0.10383333333333333
confirmation,joint_gaussian_regularized_cluster,5,1.0,0.25,10,control_specificity_pass,623,6000,0.10383333333333333
confirmation,joint_gaussian_regularized_cluster,5,1.0,0.5,1,support_available_pass,5930,6000,0.9883333333333333
confirmation,joint_gaussian_regularized_cluster,5,1.0,0.5,2,complement_admissible_pass,5527,6000,0.9211666666666667
confirmation,joint_gaussian_regularized_cluster,5,1.0,0.5,3,effect_direction_reproduced_pass,4996,6000,0.8326666666666667
confirmation,joint_gaussian_regularized_cluster,5,1.0,0.5,4,target_contrast_positive_pass,4996,6000,0.8326666666666667
confirmation,joint_gaussian_regularized_cluster,5,1.0,0.5,5,minimum_effect_pass,4989,6000,0.8315
confirmation,joint_gaussian_regularized_cluster,5,1.0,0.5,6,cluster_uncertainty_pass,2458,6000,0.4096666666666667
confirmation,joint_gaussian_regularized_cluster,5,1.0,0.5,7,raw_statistical_threshold_pass,660,6000,0.11
confirmation,joint_gaussian_regularized_cluster,5,1.0,0.5,8,multiplicity_adjusted_threshold_pass,660,6000,0.11
confirmation,joint_gaussian_regularized_cluster,5,1.0,0.5,9,control_adjusted_contrast_pass,608,6000,0.10133333333333333
confirmation,joint_gaussian_regularized_cluster,5,1.0,0.5,10,control_specificity_pass,608,6000,0.10133333333333333
confirmation,joint_gaussian_regularized_cluster,5,1.0,1.0,1,support_available_pass,5937,6000,0.9895
confirmation,joint_gaussian_regularized_cluster,5,1.0,1.0,2,complement_admissible_pass,5569,6000,0.9281666666666667
confirmation,joint_gaussian_regularized_cluster,5,1.0,1.0,3,effect_direction_reproduced_pass,4983,6000,0.8305
confirmation,joint_gaussian_regularized_cluster,5,1.0,1.0,4,target_contrast_positive_pass,4983,6000,0.8305
confirmation,joint_gaussian_regularized_cluster,5,1.0,1.0,5,minimum_effect_pass,4980,6000,0.83
confirmation,joint_gaussian_regularized_cluster,5,1.0,1.0,6,cluster_uncertainty_pass,2420,6000,0.4033333333333333
confirmation,joint_gaussian_regularized_cluster,5,1.0,1.0,7,raw_statistical_threshold_pass,653,6000,0.10883333333333334
confirmation,joint_gaussian_regularized_cluster,5,1.0,1.0,8,multiplicity_adjusted_threshold_pass,653,6000,0.10883333333333334
confirmation,joint_gaussian_regularized_cluster,5,1.0,1.0,9,control_adjusted_contrast_pass,280,6000,0.04666666666666667
confirmation,joint_gaussian_regularized_cluster,5,1.0,1.0,10,control_specificity_pass,280,6000,0.04666666666666667
confirmation,joint_gaussian_regularized_cluster,5,1.5,0.0,1,support_available_pass,5941,6000,0.9901666666666666
confirmation,joint_gaussian_regularized_cluster,5,1.5,0.0,2,complement_admissible_pass,5557,6000,0.9261666666666667
confirmation,joint_gaussian_regularized_cluster,5,1.5,0.0,3,effect_direction_reproduced_pass,4995,6000,0.8325
confirmation,joint_gaussian_regularized_cluster,5,1.5,0.0,4,target_contrast_positive_pass,4995,6000,0.8325
confirmation,joint_gaussian_regularized_cluster,5,1.5,0.0,5,minimum_effect_pass,4995,6000,0.8325
confirmation,joint_gaussian_regularized_cluster,5,1.5,0.0,6,cluster_uncertainty_pass,2531,6000,0.42183333333333334
confirmation,joint_gaussian_regularized_cluster,5,1.5,0.0,7,raw_statistical_threshold_pass,743,6000,0.12383333333333334
confirmation,joint_gaussian_regularized_cluster,5,1.5,0.0,8,multiplicity_adjusted_threshold_pass,743,6000,0.12383333333333334
confirmation,joint_gaussian_regularized_cluster,5,1.5,0.0,9,control_adjusted_contrast_pass,743,6000,0.12383333333333334
confirmation,joint_gaussian_regularized_cluster,5,1.5,0.0,10,control_specificity_pass,743,6000,0.12383333333333334
confirmation,joint_gaussian_regularized_cluster,5,1.5,0.25,1,support_available_pass,5927,6000,0.9878333333333333
confirmation,joint_gaussian_regularized_cluster,5,1.5,0.25,2,complement_admissible_pass,5539,6000,0.9231666666666667
confirmation,joint_gaussian_regularized_cluster,5,1.5,0.25,3,effect_direction_reproduced_pass,4952,6000,0.8253333333333334
confirmation,joint_gaussian_regularized_cluster,5,1.5,0.25,4,target_contrast_positive_pass,4952,6000,0.8253333333333334
confirmation,joint_gaussian_regularized_cluster,5,1.5,0.25,5,minimum_effect_pass,4952,6000,0.8253333333333334
confirmation,joint_gaussian_regularized_cluster,5,1.5,0.25,6,cluster_uncertainty_pass,2511,6000,0.4185
confirmation,joint_gaussian_regularized_cluster,5,1.5,0.25,7,raw_statistical_threshold_pass,773,6000,0.12883333333333333
confirmation,joint_gaussian_regularized_cluster,5,1.5,0.25,8,multiplicity_adjusted_threshold_pass,773,6000,0.12883333333333333
confirmation,joint_gaussian_regularized_cluster,5,1.5,0.25,9,control_adjusted_contrast_pass,765,6000,0.1275
confirmation,joint_gaussian_regularized_cluster,5,1.5,0.25,10,control_specificity_pass,765,6000,0.1275
confirmation,joint_gaussian_regularized_cluster,5,1.5,0.5,1,support_available_pass,5930,6000,0.9883333333333333
confirmation,joint_gaussian_regularized_cluster,5,1.5,0.5,2,complement_admissible_pass,5533,6000,0.9221666666666667
confirmation,joint_gaussian_regularized_cluster,5,1.5,0.5,3,effect_direction_reproduced_pass,4975,6000,0.8291666666666667
confirmation,joint_gaussian_regularized_cluster,5,1.5,0.5,4,target_contrast_positive_pass,4975,6000,0.8291666666666667
confirmation,joint_gaussian_regularized_cluster,5,1.5,0.5,5,minimum_effect_pass,4975,6000,0.8291666666666667
confirmation,joint_gaussian_regularized_cluster,5,1.5,0.5,6,cluster_uncertainty_pass,2453,6000,0.4088333333333333
confirmation,joint_gaussian_regularized_cluster,5,1.5,0.5,7,raw_statistical_threshold_pass,789,6000,0.1315
confirmation,joint_gaussian_regularized_cluster,5,1.5,0.5,8,multiplicity_adjusted_threshold_pass,789,6000,0.1315
confirmation,joint_gaussian_regularized_cluster,5,1.5,0.5,9,control_adjusted_contrast_pass,733,6000,0.12216666666666667
confirmation,joint_gaussian_regularized_cluster,5,1.5,0.5,10,control_specificity_pass,733,6000,0.12216666666666667
confirmation,joint_gaussian_regularized_cluster,5,1.5,1.0,1,support_available_pass,5942,6000,0.9903333333333333
confirmation,joint_gaussian_regularized_cluster,5,1.5,1.0,2,complement_admissible_pass,5573,6000,0.9288333333333333
confirmation,joint_gaussian_regularized_cluster,5,1.5,1.0,3,effect_direction_reproduced_pass,4994,6000,0.8323333333333334
confirmation,joint_gaussian_regularized_cluster,5,1.5,1.0,4,target_contrast_positive_pass,4994,6000,0.8323333333333334
confirmation,joint_gaussian_regularized_cluster,5,1.5,1.0,5,minimum_effect_pass,4994,6000,0.8323333333333334
confirmation,joint_gaussian_regularized_cluster,5,1.5,1.0,6,cluster_uncertainty_pass,2478,6000,0.413
confirmation,joint_gaussian_regularized_cluster,5,1.5,1.0,7,raw_statistical_threshold_pass,755,6000,0.12583333333333332
confirmation,joint_gaussian_regularized_cluster,5,1.5,1.0,8,multiplicity_adjusted_threshold_pass,755,6000,0.12583333333333332
confirmation,joint_gaussian_regularized_cluster,5,1.5,1.0,9,control_adjusted_contrast_pass,273,6000,0.0455
confirmation,joint_gaussian_regularized_cluster,5,1.5,1.0,10,control_specificity_pass,273,6000,0.0455
confirmation,joint_gaussian_regularized_cluster,5,2.0,0.0,1,support_available_pass,5939,6000,0.9898333333333333
confirmation,joint_gaussian_regularized_cluster,5,2.0,0.0,2,complement_admissible_pass,5558,6000,0.9263333333333333
confirmation,joint_gaussian_regularized_cluster,5,2.0,0.0,3,effect_direction_reproduced_pass,4961,6000,0.8268333333333333
confirmation,joint_gaussian_regularized_cluster,5,2.0,0.0,4,target_contrast_positive_pass,4961,6000,0.8268333333333333
confirmation,joint_gaussian_regularized_cluster,5,2.0,0.0,5,minimum_effect_pass,4961,6000,0.8268333333333333
confirmation,joint_gaussian_regularized_cluster,5,2.0,0.0,6,cluster_uncertainty_pass,2509,6000,0.4181666666666667
confirmation,joint_gaussian_regularized_cluster,5,2.0,0.0,7,raw_statistical_threshold_pass,827,6000,0.13783333333333334
confirmation,joint_gaussian_regularized_cluster,5,2.0,0.0,8,multiplicity_adjusted_threshold_pass,827,6000,0.13783333333333334
confirmation,joint_gaussian_regularized_cluster,5,2.0,0.0,9,control_adjusted_contrast_pass,827,6000,0.13783333333333334
confirmation,joint_gaussian_regularized_cluster,5,2.0,0.0,10,control_specificity_pass,827,6000,0.13783333333333334
confirmation,joint_gaussian_regularized_cluster,5,2.0,0.25,1,support_available_pass,5931,6000,0.9885
confirmation,joint_gaussian_regularized_cluster,5,2.0,0.25,2,complement_admissible_pass,5550,6000,0.925
confirmation,joint_gaussian_regularized_cluster,5,2.0,0.25,3,effect_direction_reproduced_pass,4955,6000,0.8258333333333333
confirmation,joint_gaussian_regularized_cluster,5,2.0,0.25,4,target_contrast_positive_pass,4955,6000,0.8258333333333333
confirmation,joint_gaussian_regularized_cluster,5,2.0,0.25,5,minimum_effect_pass,4955,6000,0.8258333333333333
confirmation,joint_gaussian_regularized_cluster,5,2.0,0.25,6,cluster_uncertainty_pass,2514,6000,0.419
confirmation,joint_gaussian_regularized_cluster,5,2.0,0.25,7,raw_statistical_threshold_pass,838,6000,0.13966666666666666
confirmation,joint_gaussian_regularized_cluster,5,2.0,0.25,8,multiplicity_adjusted_threshold_pass,838,6000,0.13966666666666666
confirmation,joint_gaussian_regularized_cluster,5,2.0,0.25,9,control_adjusted_contrast_pass,837,6000,0.1395
confirmation,joint_gaussian_regularized_cluster,5,2.0,0.25,10,control_specificity_pass,837,6000,0.1395
confirmation,joint_gaussian_regularized_cluster,5,2.0,0.5,1,support_available_pass,5946,6000,0.991
confirmation,joint_gaussian_regularized_cluster,5,2.0,0.5,2,complement_admissible_pass,5590,6000,0.9316666666666666
confirmation,joint_gaussian_regularized_cluster,5,2.0,0.5,3,effect_direction_reproduced_pass,5002,6000,0.8336666666666667
confirmation,joint_gaussian_regularized_cluster,5,2.0,0.5,4,target_contrast_positive_pass,5002,6000,0.8336666666666667
confirmation,joint_gaussian_regularized_cluster,5,2.0,0.5,5,minimum_effect_pass,5002,6000,0.8336666666666667
confirmation,joint_gaussian_regularized_cluster,5,2.0,0.5,6,cluster_uncertainty_pass,2487,6000,0.4145
confirmation,joint_gaussian_regularized_cluster,5,2.0,0.5,7,raw_statistical_threshold_pass,813,6000,0.1355
confirmation,joint_gaussian_regularized_cluster,5,2.0,0.5,8,multiplicity_adjusted_threshold_pass,813,6000,0.1355
confirmation,joint_gaussian_regularized_cluster,5,2.0,0.5,9,control_adjusted_contrast_pass,758,6000,0.12633333333333333
confirmation,joint_gaussian_regularized_cluster,5,2.0,0.5,10,control_specificity_pass,758,6000,0.12633333333333333
confirmation,joint_gaussian_regularized_cluster,5,2.0,1.0,1,support_available_pass,5934,6000,0.989
confirmation,joint_gaussian_regularized_cluster,5,2.0,1.0,2,complement_admissible_pass,5544,6000,0.924
confirmation,joint_gaussian_regularized_cluster,5,2.0,1.0,3,effect_direction_reproduced_pass,4974,6000,0.829
confirmation,joint_gaussian_regularized_cluster,5,2.0,1.0,4,target_contrast_positive_pass,4974,6000,0.829
confirmation,joint_gaussian_regularized_cluster,5,2.0,1.0,5,minimum_effect_pass,4974,6000,0.829
confirmation,joint_gaussian_regularized_cluster,5,2.0,1.0,6,cluster_uncertainty_pass,2524,6000,0.4206666666666667
confirmation,joint_gaussian_regularized_cluster,5,2.0,1.0,7,raw_statistical_threshold_pass,837,6000,0.1395
confirmation,joint_gaussian_regularized_cluster,5,2.0,1.0,8,multiplicity_adjusted_threshold_pass,837,6000,0.1395
confirmation,joint_gaussian_regularized_cluster,5,2.0,1.0,9,control_adjusted_contrast_pass,295,6000,0.049166666666666664
confirmation,joint_gaussian_regularized_cluster,5,2.0,1.0,10,control_specificity_pass,295,6000,0.049166666666666664
confirmation,joint_gaussian_regularized_cluster,6,0.0,0.0,1,support_available_pass,5960,6000,0.9933333333333333
confirmation,joint_gaussian_regularized_cluster,6,0.0,0.0,2,complement_admissible_pass,5744,6000,0.9573333333333334
confirmation,joint_gaussian_regularized_cluster,6,0.0,0.0,3,effect_direction_reproduced_pass,0,6000,0.0
confirmation,joint_gaussian_regularized_cluster,6,0.0,0.0,4,target_contrast_positive_pass,0,6000,0.0
confirmation,joint_gaussian_regularized_cluster,6,0.0,0.0,5,minimum_effect_pass,0,6000,0.0
confirmation,joint_gaussian_regularized_cluster,6,0.0,0.0,6,cluster_uncertainty_pass,0,6000,0.0
confirmation,joint_gaussian_regularized_cluster,6,0.0,0.0,7,raw_statistical_threshold_pass,0,6000,0.0
confirmation,joint_gaussian_regularized_cluster,6,0.0,0.0,8,multiplicity_adjusted_threshold_pass,0,6000,0.0
confirmation,joint_gaussian_regularized_cluster,6,0.0,0.0,9,control_adjusted_contrast_pass,0,6000,0.0
confirmation,joint_gaussian_regularized_cluster,6,0.0,0.0,10,control_specificity_pass,0,6000,0.0
confirmation,joint_gaussian_regularized_cluster,6,0.25,0.0,1,support_available_pass,5972,6000,0.9953333333333333
confirmation,joint_gaussian_regularized_cluster,6,0.25,0.0,2,complement_admissible_pass,5762,6000,0.9603333333333334
confirmation,joint_gaussian_regularized_cluster,6,0.25,0.0,3,effect_direction_reproduced_pass,5127,6000,0.8545
confirmation,joint_gaussian_regularized_cluster,6,0.25,0.0,4,target_contrast_positive_pass,5127,6000,0.8545
confirmation,joint_gaussian_regularized_cluster,6,0.25,0.0,5,minimum_effect_pass,4157,6000,0.6928333333333333
confirmation,joint_gaussian_regularized_cluster,6,0.25,0.0,6,cluster_uncertainty_pass,1488,6000,0.248
confirmation,joint_gaussian_regularized_cluster,6,0.25,0.0,7,raw_statistical_threshold_pass,249,6000,0.0415
confirmation,joint_gaussian_regularized_cluster,6,0.25,0.0,8,multiplicity_adjusted_threshold_pass,249,6000,0.0415
confirmation,joint_gaussian_regularized_cluster,6,0.25,0.0,9,control_adjusted_contrast_pass,249,6000,0.0415
confirmation,joint_gaussian_regularized_cluster,6,0.25,0.0,10,control_specificity_pass,249,6000,0.0415
confirmation,joint_gaussian_regularized_cluster,6,0.25,0.25,1,support_available_pass,5974,6000,0.9956666666666667
confirmation,joint_gaussian_regularized_cluster,6,0.25,0.25,2,complement_admissible_pass,5787,6000,0.9645
confirmation,joint_gaussian_regularized_cluster,6,0.25,0.25,3,effect_direction_reproduced_pass,5136,6000,0.856
confirmation,joint_gaussian_regularized_cluster,6,0.25,0.25,4,target_contrast_positive_pass,5136,6000,0.856
confirmation,joint_gaussian_regularized_cluster,6,0.25,0.25,5,minimum_effect_pass,4187,6000,0.6978333333333333
confirmation,joint_gaussian_regularized_cluster,6,0.25,0.25,6,cluster_uncertainty_pass,1504,6000,0.25066666666666665
confirmation,joint_gaussian_regularized_cluster,6,0.25,0.25,7,raw_statistical_threshold_pass,234,6000,0.039
confirmation,joint_gaussian_regularized_cluster,6,0.25,0.25,8,multiplicity_adjusted_threshold_pass,234,6000,0.039
confirmation,joint_gaussian_regularized_cluster,6,0.25,0.25,9,control_adjusted_contrast_pass,230,6000,0.03833333333333333
confirmation,joint_gaussian_regularized_cluster,6,0.25,0.25,10,control_specificity_pass,230,6000,0.03833333333333333
confirmation,joint_gaussian_regularized_cluster,6,0.25,0.5,1,support_available_pass,5963,6000,0.9938333333333333
confirmation,joint_gaussian_regularized_cluster,6,0.25,0.5,2,complement_admissible_pass,5768,6000,0.9613333333333334
confirmation,joint_gaussian_regularized_cluster,6,0.25,0.5,3,effect_direction_reproduced_pass,5110,6000,0.8516666666666667
confirmation,joint_gaussian_regularized_cluster,6,0.25,0.5,4,target_contrast_positive_pass,5110,6000,0.8516666666666667
confirmation,joint_gaussian_regularized_cluster,6,0.25,0.5,5,minimum_effect_pass,4159,6000,0.6931666666666667
confirmation,joint_gaussian_regularized_cluster,6,0.25,0.5,6,cluster_uncertainty_pass,1508,6000,0.25133333333333335
confirmation,joint_gaussian_regularized_cluster,6,0.25,0.5,7,raw_statistical_threshold_pass,261,6000,0.0435
confirmation,joint_gaussian_regularized_cluster,6,0.25,0.5,8,multiplicity_adjusted_threshold_pass,261,6000,0.0435
confirmation,joint_gaussian_regularized_cluster,6,0.25,0.5,9,control_adjusted_contrast_pass,234,6000,0.039
confirmation,joint_gaussian_regularized_cluster,6,0.25,0.5,10,control_specificity_pass,234,6000,0.039
confirmation,joint_gaussian_regularized_cluster,6,0.25,1.0,1,support_available_pass,5962,6000,0.9936666666666667
confirmation,joint_gaussian_regularized_cluster,6,0.25,1.0,2,complement_admissible_pass,5763,6000,0.9605
confirmation,joint_gaussian_regularized_cluster,6,0.25,1.0,3,effect_direction_reproduced_pass,5143,6000,0.8571666666666666
confirmation,joint_gaussian_regularized_cluster,6,0.25,1.0,4,target_contrast_positive_pass,5143,6000,0.8571666666666666
confirmation,joint_gaussian_regularized_cluster,6,0.25,1.0,5,minimum_effect_pass,4195,6000,0.6991666666666667
confirmation,joint_gaussian_regularized_cluster,6,0.25,1.0,6,cluster_uncertainty_pass,1479,6000,0.2465
confirmation,joint_gaussian_regularized_cluster,6,0.25,1.0,7,raw_statistical_threshold_pass,253,6000,0.042166666666666665
confirmation,joint_gaussian_regularized_cluster,6,0.25,1.0,8,multiplicity_adjusted_threshold_pass,253,6000,0.042166666666666665
confirmation,joint_gaussian_regularized_cluster,6,0.25,1.0,9,control_adjusted_contrast_pass,141,6000,0.0235
confirmation,joint_gaussian_regularized_cluster,6,0.25,1.0,10,control_specificity_pass,141,6000,0.0235
confirmation,joint_gaussian_regularized_cluster,6,0.5,0.0,1,support_available_pass,5958,6000,0.993
confirmation,joint_gaussian_regularized_cluster,6,0.5,0.0,2,complement_admissible_pass,5749,6000,0.9581666666666667
confirmation,joint_gaussian_regularized_cluster,6,0.5,0.0,3,effect_direction_reproduced_pass,5245,6000,0.8741666666666666
confirmation,joint_gaussian_regularized_cluster,6,0.5,0.0,4,target_contrast_positive_pass,5245,6000,0.8741666666666666
confirmation,joint_gaussian_regularized_cluster,6,0.5,0.0,5,minimum_effect_pass,5163,6000,0.8605
confirmation,joint_gaussian_regularized_cluster,6,0.5,0.0,6,cluster_uncertainty_pass,2346,6000,0.391
confirmation,joint_gaussian_regularized_cluster,6,0.5,0.0,7,raw_statistical_threshold_pass,662,6000,0.11033333333333334
confirmation,joint_gaussian_regularized_cluster,6,0.5,0.0,8,multiplicity_adjusted_threshold_pass,662,6000,0.11033333333333334
confirmation,joint_gaussian_regularized_cluster,6,0.5,0.0,9,control_adjusted_contrast_pass,662,6000,0.11033333333333334
confirmation,joint_gaussian_regularized_cluster,6,0.5,0.0,10,control_specificity_pass,662,6000,0.11033333333333334
confirmation,joint_gaussian_regularized_cluster,6,0.5,0.25,1,support_available_pass,5968,6000,0.9946666666666667
confirmation,joint_gaussian_regularized_cluster,6,0.5,0.25,2,complement_admissible_pass,5775,6000,0.9625
confirmation,joint_gaussian_regularized_cluster,6,0.5,0.25,3,effect_direction_reproduced_pass,5225,6000,0.8708333333333333
confirmation,joint_gaussian_regularized_cluster,6,0.5,0.25,4,target_contrast_positive_pass,5225,6000,0.8708333333333333
confirmation,joint_gaussian_regularized_cluster,6,0.5,0.25,5,minimum_effect_pass,5130,6000,0.855
confirmation,joint_gaussian_regularized_cluster,6,0.5,0.25,6,cluster_uncertainty_pass,2381,6000,0.3968333333333333
confirmation,joint_gaussian_regularized_cluster,6,0.5,0.25,7,raw_statistical_threshold_pass,674,6000,0.11233333333333333
confirmation,joint_gaussian_regularized_cluster,6,0.5,0.25,8,multiplicity_adjusted_threshold_pass,674,6000,0.11233333333333333
confirmation,joint_gaussian_regularized_cluster,6,0.5,0.25,9,control_adjusted_contrast_pass,667,6000,0.11116666666666666
confirmation,joint_gaussian_regularized_cluster,6,0.5,0.25,10,control_specificity_pass,667,6000,0.11116666666666666
confirmation,joint_gaussian_regularized_cluster,6,0.5,0.5,1,support_available_pass,5969,6000,0.9948333333333333
confirmation,joint_gaussian_regularized_cluster,6,0.5,0.5,2,complement_admissible_pass,5786,6000,0.9643333333333334
confirmation,joint_gaussian_regularized_cluster,6,0.5,0.5,3,effect_direction_reproduced_pass,5261,6000,0.8768333333333334
confirmation,joint_gaussian_regularized_cluster,6,0.5,0.5,4,target_contrast_positive_pass,5261,6000,0.8768333333333334
confirmation,joint_gaussian_regularized_cluster,6,0.5,0.5,5,minimum_effect_pass,5163,6000,0.8605
confirmation,joint_gaussian_regularized_cluster,6,0.5,0.5,6,cluster_uncertainty_pass,2398,6000,0.39966666666666667
confirmation,joint_gaussian_regularized_cluster,6,0.5,0.5,7,raw_statistical_threshold_pass,687,6000,0.1145
confirmation,joint_gaussian_regularized_cluster,6,0.5,0.5,8,multiplicity_adjusted_threshold_pass,687,6000,0.1145
confirmation,joint_gaussian_regularized_cluster,6,0.5,0.5,9,control_adjusted_contrast_pass,626,6000,0.10433333333333333
confirmation,joint_gaussian_regularized_cluster,6,0.5,0.5,10,control_specificity_pass,626,6000,0.10433333333333333
confirmation,joint_gaussian_regularized_cluster,6,0.5,1.0,1,support_available_pass,5974,6000,0.9956666666666667
confirmation,joint_gaussian_regularized_cluster,6,0.5,1.0,2,complement_admissible_pass,5773,6000,0.9621666666666666
confirmation,joint_gaussian_regularized_cluster,6,0.5,1.0,3,effect_direction_reproduced_pass,5242,6000,0.8736666666666667
confirmation,joint_gaussian_regularized_cluster,6,0.5,1.0,4,target_contrast_positive_pass,5242,6000,0.8736666666666667
confirmation,joint_gaussian_regularized_cluster,6,0.5,1.0,5,minimum_effect_pass,5147,6000,0.8578333333333333
confirmation,joint_gaussian_regularized_cluster,6,0.5,1.0,6,cluster_uncertainty_pass,2353,6000,0.39216666666666666
confirmation,joint_gaussian_regularized_cluster,6,0.5,1.0,7,raw_statistical_threshold_pass,661,6000,0.11016666666666666
confirmation,joint_gaussian_regularized_cluster,6,0.5,1.0,8,multiplicity_adjusted_threshold_pass,661,6000,0.11016666666666666
confirmation,joint_gaussian_regularized_cluster,6,0.5,1.0,9,control_adjusted_contrast_pass,303,6000,0.0505
confirmation,joint_gaussian_regularized_cluster,6,0.5,1.0,10,control_specificity_pass,303,6000,0.0505
confirmation,joint_gaussian_regularized_cluster,6,0.75,0.0,1,support_available_pass,5960,6000,0.9933333333333333
confirmation,joint_gaussian_regularized_cluster,6,0.75,0.0,2,complement_admissible_pass,5760,6000,0.96
confirmation,joint_gaussian_regularized_cluster,6,0.75,0.0,3,effect_direction_reproduced_pass,5263,6000,0.8771666666666667
confirmation,joint_gaussian_regularized_cluster,6,0.75,0.0,4,target_contrast_positive_pass,5263,6000,0.8771666666666667
confirmation,joint_gaussian_regularized_cluster,6,0.75,0.0,5,minimum_effect_pass,5250,6000,0.875
confirmation,joint_gaussian_regularized_cluster,6,0.75,0.0,6,cluster_uncertainty_pass,2642,6000,0.44033333333333335
confirmation,joint_gaussian_regularized_cluster,6,0.75,0.0,7,raw_statistical_threshold_pass,944,6000,0.15733333333333333
confirmation,joint_gaussian_regularized_cluster,6,0.75,0.0,8,multiplicity_adjusted_threshold_pass,944,6000,0.15733333333333333
confirmation,joint_gaussian_regularized_cluster,6,0.75,0.0,9,control_adjusted_contrast_pass,944,6000,0.15733333333333333
confirmation,joint_gaussian_regularized_cluster,6,0.75,0.0,10,control_specificity_pass,944,6000,0.15733333333333333
confirmation,joint_gaussian_regularized_cluster,6,0.75,0.25,1,support_available_pass,5966,6000,0.9943333333333333
confirmation,joint_gaussian_regularized_cluster,6,0.75,0.25,2,complement_admissible_pass,5765,6000,0.9608333333333333
confirmation,joint_gaussian_regularized_cluster,6,0.75,0.25,3,effect_direction_reproduced_pass,5247,6000,0.8745
confirmation,joint_gaussian_regularized_cluster,6,0.75,0.25,4,target_contrast_positive_pass,5247,6000,0.8745
confirmation,joint_gaussian_regularized_cluster,6,0.75,0.25,5,minimum_effect_pass,5236,6000,0.8726666666666667
confirmation,joint_gaussian_regularized_cluster,6,0.75,0.25,6,cluster_uncertainty_pass,2651,6000,0.44183333333333336
confirmation,joint_gaussian_regularized_cluster,6,0.75,0.25,7,raw_statistical_threshold_pass,906,6000,0.151
confirmation,joint_gaussian_regularized_cluster,6,0.75,0.25,8,multiplicity_adjusted_threshold_pass,906,6000,0.151
confirmation,joint_gaussian_regularized_cluster,6,0.75,0.25,9,control_adjusted_contrast_pass,901,6000,0.15016666666666667
confirmation,joint_gaussian_regularized_cluster,6,0.75,0.25,10,control_specificity_pass,901,6000,0.15016666666666667
confirmation,joint_gaussian_regularized_cluster,6,0.75,0.5,1,support_available_pass,5974,6000,0.9956666666666667
confirmation,joint_gaussian_regularized_cluster,6,0.75,0.5,2,complement_admissible_pass,5763,6000,0.9605
confirmation,joint_gaussian_regularized_cluster,6,0.75,0.5,3,effect_direction_reproduced_pass,5257,6000,0.8761666666666666
confirmation,joint_gaussian_regularized_cluster,6,0.75,0.5,4,target_contrast_positive_pass,5257,6000,0.8761666666666666
confirmation,joint_gaussian_regularized_cluster,6,0.75,0.5,5,minimum_effect_pass,5239,6000,0.8731666666666666
confirmation,joint_gaussian_regularized_cluster,6,0.75,0.5,6,cluster_uncertainty_pass,2689,6000,0.44816666666666666
confirmation,joint_gaussian_regularized_cluster,6,0.75,0.5,7,raw_statistical_threshold_pass,970,6000,0.16166666666666665
confirmation,joint_gaussian_regularized_cluster,6,0.75,0.5,8,multiplicity_adjusted_threshold_pass,970,6000,0.16166666666666665
confirmation,joint_gaussian_regularized_cluster,6,0.75,0.5,9,control_adjusted_contrast_pass,866,6000,0.14433333333333334
confirmation,joint_gaussian_regularized_cluster,6,0.75,0.5,10,control_specificity_pass,866,6000,0.14433333333333334
confirmation,joint_gaussian_regularized_cluster,6,0.75,1.0,1,support_available_pass,5959,6000,0.9931666666666666
confirmation,joint_gaussian_regularized_cluster,6,0.75,1.0,2,complement_admissible_pass,5754,6000,0.959
confirmation,joint_gaussian_regularized_cluster,6,0.75,1.0,3,effect_direction_reproduced_pass,5262,6000,0.877
confirmation,joint_gaussian_regularized_cluster,6,0.75,1.0,4,target_contrast_positive_pass,5262,6000,0.877
confirmation,joint_gaussian_regularized_cluster,6,0.75,1.0,5,minimum_effect_pass,5248,6000,0.8746666666666667
confirmation,joint_gaussian_regularized_cluster,6,0.75,1.0,6,cluster_uncertainty_pass,2682,6000,0.447
confirmation,joint_gaussian_regularized_cluster,6,0.75,1.0,7,raw_statistical_threshold_pass,904,6000,0.15066666666666667
confirmation,joint_gaussian_regularized_cluster,6,0.75,1.0,8,multiplicity_adjusted_threshold_pass,904,6000,0.15066666666666667
confirmation,joint_gaussian_regularized_cluster,6,0.75,1.0,9,control_adjusted_contrast_pass,384,6000,0.064
confirmation,joint_gaussian_regularized_cluster,6,0.75,1.0,10,control_specificity_pass,384,6000,0.064
confirmation,joint_gaussian_regularized_cluster,6,1.0,0.0,1,support_available_pass,5962,6000,0.9936666666666667
confirmation,joint_gaussian_regularized_cluster,6,1.0,0.0,2,complement_admissible_pass,5752,6000,0.9586666666666667
confirmation,joint_gaussian_regularized_cluster,6,1.0,0.0,3,effect_direction_reproduced_pass,5239,6000,0.8731666666666666
confirmation,joint_gaussian_regularized_cluster,6,1.0,0.0,4,target_contrast_positive_pass,5239,6000,0.8731666666666666
confirmation,joint_gaussian_regularized_cluster,6,1.0,0.0,5,minimum_effect_pass,5235,6000,0.8725
confirmation,joint_gaussian_regularized_cluster,6,1.0,0.0,6,cluster_uncertainty_pass,2765,6000,0.4608333333333333
confirmation,joint_gaussian_regularized_cluster,6,1.0,0.0,7,raw_statistical_threshold_pass,1073,6000,0.17883333333333334
confirmation,joint_gaussian_regularized_cluster,6,1.0,0.0,8,multiplicity_adjusted_threshold_pass,1073,6000,0.17883333333333334
confirmation,joint_gaussian_regularized_cluster,6,1.0,0.0,9,control_adjusted_contrast_pass,1073,6000,0.17883333333333334
confirmation,joint_gaussian_regularized_cluster,6,1.0,0.0,10,control_specificity_pass,1073,6000,0.17883333333333334
confirmation,joint_gaussian_regularized_cluster,6,1.0,0.25,1,support_available_pass,5966,6000,0.9943333333333333
confirmation,joint_gaussian_regularized_cluster,6,1.0,0.25,2,complement_admissible_pass,5753,6000,0.9588333333333333
confirmation,joint_gaussian_regularized_cluster,6,1.0,0.25,3,effect_direction_reproduced_pass,5245,6000,0.8741666666666666
confirmation,joint_gaussian_regularized_cluster,6,1.0,0.25,4,target_contrast_positive_pass,5245,6000,0.8741666666666666
confirmation,joint_gaussian_regularized_cluster,6,1.0,0.25,5,minimum_effect_pass,5242,6000,0.8736666666666667
confirmation,joint_gaussian_regularized_cluster,6,1.0,0.25,6,cluster_uncertainty_pass,2768,6000,0.4613333333333333
confirmation,joint_gaussian_regularized_cluster,6,1.0,0.25,7,raw_statistical_threshold_pass,1044,6000,0.174
confirmation,joint_gaussian_regularized_cluster,6,1.0,0.25,8,multiplicity_adjusted_threshold_pass,1044,6000,0.174
confirmation,joint_gaussian_regularized_cluster,6,1.0,0.25,9,control_adjusted_contrast_pass,1040,6000,0.17333333333333334
confirmation,joint_gaussian_regularized_cluster,6,1.0,0.25,10,control_specificity_pass,1040,6000,0.17333333333333334
confirmation,joint_gaussian_regularized_cluster,6,1.0,0.5,1,support_available_pass,5968,6000,0.9946666666666667
confirmation,joint_gaussian_regularized_cluster,6,1.0,0.5,2,complement_admissible_pass,5737,6000,0.9561666666666667
confirmation,joint_gaussian_regularized_cluster,6,1.0,0.5,3,effect_direction_reproduced_pass,5281,6000,0.8801666666666667
confirmation,joint_gaussian_regularized_cluster,6,1.0,0.5,4,target_contrast_positive_pass,5281,6000,0.8801666666666667
confirmation,joint_gaussian_regularized_cluster,6,1.0,0.5,5,minimum_effect_pass,5278,6000,0.8796666666666667
confirmation,joint_gaussian_regularized_cluster,6,1.0,0.5,6,cluster_uncertainty_pass,2802,6000,0.467
confirmation,joint_gaussian_regularized_cluster,6,1.0,0.5,7,raw_statistical_threshold_pass,1048,6000,0.17466666666666666
confirmation,joint_gaussian_regularized_cluster,6,1.0,0.5,8,multiplicity_adjusted_threshold_pass,1048,6000,0.17466666666666666
confirmation,joint_gaussian_regularized_cluster,6,1.0,0.5,9,control_adjusted_contrast_pass,969,6000,0.1615
confirmation,joint_gaussian_regularized_cluster,6,1.0,0.5,10,control_specificity_pass,969,6000,0.1615
confirmation,joint_gaussian_regularized_cluster,6,1.0,1.0,1,support_available_pass,5964,6000,0.994
confirmation,joint_gaussian_regularized_cluster,6,1.0,1.0,2,complement_admissible_pass,5787,6000,0.9645
confirmation,joint_gaussian_regularized_cluster,6,1.0,1.0,3,effect_direction_reproduced_pass,5296,6000,0.8826666666666667
confirmation,joint_gaussian_regularized_cluster,6,1.0,1.0,4,target_contrast_positive_pass,5296,6000,0.8826666666666667
confirmation,joint_gaussian_regularized_cluster,6,1.0,1.0,5,minimum_effect_pass,5295,6000,0.8825
confirmation,joint_gaussian_regularized_cluster,6,1.0,1.0,6,cluster_uncertainty_pass,2733,6000,0.4555
confirmation,joint_gaussian_regularized_cluster,6,1.0,1.0,7,raw_statistical_threshold_pass,1077,6000,0.1795
confirmation,joint_gaussian_regularized_cluster,6,1.0,1.0,8,multiplicity_adjusted_threshold_pass,1077,6000,0.1795
confirmation,joint_gaussian_regularized_cluster,6,1.0,1.0,9,control_adjusted_contrast_pass,433,6000,0.07216666666666667
confirmation,joint_gaussian_regularized_cluster,6,1.0,1.0,10,control_specificity_pass,433,6000,0.07216666666666667
confirmation,joint_gaussian_regularized_cluster,6,1.5,0.0,1,support_available_pass,5972,6000,0.9953333333333333
confirmation,joint_gaussian_regularized_cluster,6,1.5,0.0,2,complement_admissible_pass,5767,6000,0.9611666666666666
confirmation,joint_gaussian_regularized_cluster,6,1.5,0.0,3,effect_direction_reproduced_pass,5299,6000,0.8831666666666667
confirmation,joint_gaussian_regularized_cluster,6,1.5,0.0,4,target_contrast_positive_pass,5299,6000,0.8831666666666667
confirmation,joint_gaussian_regularized_cluster,6,1.5,0.0,5,minimum_effect_pass,5299,6000,0.8831666666666667
confirmation,joint_gaussian_regularized_cluster,6,1.5,0.0,6,cluster_uncertainty_pass,2831,6000,0.4718333333333333
confirmation,joint_gaussian_regularized_cluster,6,1.5,0.0,7,raw_statistical_threshold_pass,1198,6000,0.19966666666666666
confirmation,joint_gaussian_regularized_cluster,6,1.5,0.0,8,multiplicity_adjusted_threshold_pass,1198,6000,0.19966666666666666
confirmation,joint_gaussian_regularized_cluster,6,1.5,0.0,9,control_adjusted_contrast_pass,1198,6000,0.19966666666666666
confirmation,joint_gaussian_regularized_cluster,6,1.5,0.0,10,control_specificity_pass,1198,6000,0.19966666666666666
confirmation,joint_gaussian_regularized_cluster,6,1.5,0.25,1,support_available_pass,5971,6000,0.9951666666666666
confirmation,joint_gaussian_regularized_cluster,6,1.5,0.25,2,complement_admissible_pass,5750,6000,0.9583333333333334
confirmation,joint_gaussian_regularized_cluster,6,1.5,0.25,3,effect_direction_reproduced_pass,5251,6000,0.8751666666666666
confirmation,joint_gaussian_regularized_cluster,6,1.5,0.25,4,target_contrast_positive_pass,5251,6000,0.8751666666666666
confirmation,joint_gaussian_regularized_cluster,6,1.5,0.25,5,minimum_effect_pass,5251,6000,0.8751666666666666
confirmation,joint_gaussian_regularized_cluster,6,1.5,0.25,6,cluster_uncertainty_pass,2802,6000,0.467
confirmation,joint_gaussian_regularized_cluster,6,1.5,0.25,7,raw_statistical_threshold_pass,1212,6000,0.202
confirmation,joint_gaussian_regularized_cluster,6,1.5,0.25,8,multiplicity_adjusted_threshold_pass,1212,6000,0.202
confirmation,joint_gaussian_regularized_cluster,6,1.5,0.25,9,control_adjusted_contrast_pass,1208,6000,0.20133333333333334
confirmation,joint_gaussian_regularized_cluster,6,1.5,0.25,10,control_specificity_pass,1208,6000,0.20133333333333334
confirmation,joint_gaussian_regularized_cluster,6,1.5,0.5,1,support_available_pass,5965,6000,0.9941666666666666
confirmation,joint_gaussian_regularized_cluster,6,1.5,0.5,2,complement_admissible_pass,5758,6000,0.9596666666666667
confirmation,joint_gaussian_regularized_cluster,6,1.5,0.5,3,effect_direction_reproduced_pass,5272,6000,0.8786666666666667
confirmation,joint_gaussian_regularized_cluster,6,1.5,0.5,4,target_contrast_positive_pass,5272,6000,0.8786666666666667
confirmation,joint_gaussian_regularized_cluster,6,1.5,0.5,5,minimum_effect_pass,5272,6000,0.8786666666666667
confirmation,joint_gaussian_regularized_cluster,6,1.5,0.5,6,cluster_uncertainty_pass,2767,6000,0.46116666666666667
confirmation,joint_gaussian_regularized_cluster,6,1.5,0.5,7,raw_statistical_threshold_pass,1209,6000,0.2015
confirmation,joint_gaussian_regularized_cluster,6,1.5,0.5,8,multiplicity_adjusted_threshold_pass,1209,6000,0.2015
confirmation,joint_gaussian_regularized_cluster,6,1.5,0.5,9,control_adjusted_contrast_pass,1139,6000,0.18983333333333333
confirmation,joint_gaussian_regularized_cluster,6,1.5,0.5,10,control_specificity_pass,1139,6000,0.18983333333333333
confirmation,joint_gaussian_regularized_cluster,6,1.5,1.0,1,support_available_pass,5970,6000,0.995
confirmation,joint_gaussian_regularized_cluster,6,1.5,1.0,2,complement_admissible_pass,5779,6000,0.9631666666666666
confirmation,joint_gaussian_regularized_cluster,6,1.5,1.0,3,effect_direction_reproduced_pass,5293,6000,0.8821666666666667
confirmation,joint_gaussian_regularized_cluster,6,1.5,1.0,4,target_contrast_positive_pass,5293,6000,0.8821666666666667
confirmation,joint_gaussian_regularized_cluster,6,1.5,1.0,5,minimum_effect_pass,5293,6000,0.8821666666666667
confirmation,joint_gaussian_regularized_cluster,6,1.5,1.0,6,cluster_uncertainty_pass,2784,6000,0.464
confirmation,joint_gaussian_regularized_cluster,6,1.5,1.0,7,raw_statistical_threshold_pass,1179,6000,0.1965
confirmation,joint_gaussian_regularized_cluster,6,1.5,1.0,8,multiplicity_adjusted_threshold_pass,1179,6000,0.1965
confirmation,joint_gaussian_regularized_cluster,6,1.5,1.0,9,control_adjusted_contrast_pass,423,6000,0.0705
confirmation,joint_gaussian_regularized_cluster,6,1.5,1.0,10,control_specificity_pass,423,6000,0.0705
confirmation,joint_gaussian_regularized_cluster,6,2.0,0.0,1,support_available_pass,5975,6000,0.9958333333333333
confirmation,joint_gaussian_regularized_cluster,6,2.0,0.0,2,complement_admissible_pass,5782,6000,0.9636666666666667
confirmation,joint_gaussian_regularized_cluster,6,2.0,0.0,3,effect_direction_reproduced_pass,5262,6000,0.877
confirmation,joint_gaussian_regularized_cluster,6,2.0,0.0,4,target_contrast_positive_pass,5262,6000,0.877
confirmation,joint_gaussian_regularized_cluster,6,2.0,0.0,5,minimum_effect_pass,5262,6000,0.877
confirmation,joint_gaussian_regularized_cluster,6,2.0,0.0,6,cluster_uncertainty_pass,2816,6000,0.4693333333333333
confirmation,joint_gaussian_regularized_cluster,6,2.0,0.0,7,raw_statistical_threshold_pass,1235,6000,0.20583333333333334
confirmation,joint_gaussian_regularized_cluster,6,2.0,0.0,8,multiplicity_adjusted_threshold_pass,1235,6000,0.20583333333333334
confirmation,joint_gaussian_regularized_cluster,6,2.0,0.0,9,control_adjusted_contrast_pass,1235,6000,0.20583333333333334
confirmation,joint_gaussian_regularized_cluster,6,2.0,0.0,10,control_specificity_pass,1235,6000,0.20583333333333334
confirmation,joint_gaussian_regularized_cluster,6,2.0,0.25,1,support_available_pass,5968,6000,0.9946666666666667
confirmation,joint_gaussian_regularized_cluster,6,2.0,0.25,2,complement_admissible_pass,5756,6000,0.9593333333333334
confirmation,joint_gaussian_regularized_cluster,6,2.0,0.25,3,effect_direction_reproduced_pass,5249,6000,0.8748333333333334
confirmation,joint_gaussian_regularized_cluster,6,2.0,0.25,4,target_contrast_positive_pass,5249,6000,0.8748333333333334
confirmation,joint_gaussian_regularized_cluster,6,2.0,0.25,5,minimum_effect_pass,5249,6000,0.8748333333333334
confirmation,joint_gaussian_regularized_cluster,6,2.0,0.25,6,cluster_uncertainty_pass,2805,6000,0.4675
confirmation,joint_gaussian_regularized_cluster,6,2.0,0.25,7,raw_statistical_threshold_pass,1238,6000,0.20633333333333334
confirmation,joint_gaussian_regularized_cluster,6,2.0,0.25,8,multiplicity_adjusted_threshold_pass,1238,6000,0.20633333333333334
confirmation,joint_gaussian_regularized_cluster,6,2.0,0.25,9,control_adjusted_contrast_pass,1238,6000,0.20633333333333334
confirmation,joint_gaussian_regularized_cluster,6,2.0,0.25,10,control_specificity_pass,1238,6000,0.20633333333333334
confirmation,joint_gaussian_regularized_cluster,6,2.0,0.5,1,support_available_pass,5966,6000,0.9943333333333333
confirmation,joint_gaussian_regularized_cluster,6,2.0,0.5,2,complement_admissible_pass,5796,6000,0.966
confirmation,joint_gaussian_regularized_cluster,6,2.0,0.5,3,effect_direction_reproduced_pass,5272,6000,0.8786666666666667
confirmation,joint_gaussian_regularized_cluster,6,2.0,0.5,4,target_contrast_positive_pass,5272,6000,0.8786666666666667
confirmation,joint_gaussian_regularized_cluster,6,2.0,0.5,5,minimum_effect_pass,5272,6000,0.8786666666666667
confirmation,joint_gaussian_regularized_cluster,6,2.0,0.5,6,cluster_uncertainty_pass,2772,6000,0.462
confirmation,joint_gaussian_regularized_cluster,6,2.0,0.5,7,raw_statistical_threshold_pass,1205,6000,0.20083333333333334
confirmation,joint_gaussian_regularized_cluster,6,2.0,0.5,8,multiplicity_adjusted_threshold_pass,1205,6000,0.20083333333333334
confirmation,joint_gaussian_regularized_cluster,6,2.0,0.5,9,control_adjusted_contrast_pass,1141,6000,0.19016666666666668
confirmation,joint_gaussian_regularized_cluster,6,2.0,0.5,10,control_specificity_pass,1141,6000,0.19016666666666668
confirmation,joint_gaussian_regularized_cluster,6,2.0,1.0,1,support_available_pass,5963,6000,0.9938333333333333
confirmation,joint_gaussian_regularized_cluster,6,2.0,1.0,2,complement_admissible_pass,5772,6000,0.962
confirmation,joint_gaussian_regularized_cluster,6,2.0,1.0,3,effect_direction_reproduced_pass,5261,6000,0.8768333333333334
confirmation,joint_gaussian_regularized_cluster,6,2.0,1.0,4,target_contrast_positive_pass,5261,6000,0.8768333333333334
confirmation,joint_gaussian_regularized_cluster,6,2.0,1.0,5,minimum_effect_pass,5261,6000,0.8768333333333334
confirmation,joint_gaussian_regularized_cluster,6,2.0,1.0,6,cluster_uncertainty_pass,2830,6000,0.4716666666666667
confirmation,joint_gaussian_regularized_cluster,6,2.0,1.0,7,raw_statistical_threshold_pass,1229,6000,0.20483333333333334
confirmation,joint_gaussian_regularized_cluster,6,2.0,1.0,8,multiplicity_adjusted_threshold_pass,1229,6000,0.20483333333333334
confirmation,joint_gaussian_regularized_cluster,6,2.0,1.0,9,control_adjusted_contrast_pass,407,6000,0.06783333333333333
confirmation,joint_gaussian_regularized_cluster,6,2.0,1.0,10,control_specificity_pass,407,6000,0.06783333333333333
confirmation,joint_gaussian_regularized_cluster,8,0.0,0.0,1,support_available_pass,5988,6000,0.998
confirmation,joint_gaussian_regularized_cluster,8,0.0,0.0,2,complement_admissible_pass,5922,6000,0.987
confirmation,joint_gaussian_regularized_cluster,8,0.0,0.0,3,effect_direction_reproduced_pass,0,6000,0.0
confirmation,joint_gaussian_regularized_cluster,8,0.0,0.0,4,target_contrast_positive_pass,0,6000,0.0
confirmation,joint_gaussian_regularized_cluster,8,0.0,0.0,5,minimum_effect_pass,0,6000,0.0
confirmation,joint_gaussian_regularized_cluster,8,0.0,0.0,6,cluster_uncertainty_pass,0,6000,0.0
confirmation,joint_gaussian_regularized_cluster,8,0.0,0.0,7,raw_statistical_threshold_pass,0,6000,0.0
confirmation,joint_gaussian_regularized_cluster,8,0.0,0.0,8,multiplicity_adjusted_threshold_pass,0,6000,0.0
confirmation,joint_gaussian_regularized_cluster,8,0.0,0.0,9,control_adjusted_contrast_pass,0,6000,0.0
confirmation,joint_gaussian_regularized_cluster,8,0.0,0.0,10,control_specificity_pass,0,6000,0.0
confirmation,joint_gaussian_regularized_cluster,8,0.25,0.0,1,support_available_pass,5995,6000,0.9991666666666666
confirmation,joint_gaussian_regularized_cluster,8,0.25,0.0,2,complement_admissible_pass,5928,6000,0.988
confirmation,joint_gaussian_regularized_cluster,8,0.25,0.0,3,effect_direction_reproduced_pass,5506,6000,0.9176666666666666
confirmation,joint_gaussian_regularized_cluster,8,0.25,0.0,4,target_contrast_positive_pass,5506,6000,0.9176666666666666
confirmation,joint_gaussian_regularized_cluster,8,0.25,0.0,5,minimum_effect_pass,4629,6000,0.7715
confirmation,joint_gaussian_regularized_cluster,8,0.25,0.0,6,cluster_uncertainty_pass,2050,6000,0.3416666666666667
confirmation,joint_gaussian_regularized_cluster,8,0.25,0.0,7,raw_statistical_threshold_pass,646,6000,0.10766666666666666
confirmation,joint_gaussian_regularized_cluster,8,0.25,0.0,8,multiplicity_adjusted_threshold_pass,646,6000,0.10766666666666666
confirmation,joint_gaussian_regularized_cluster,8,0.25,0.0,9,control_adjusted_contrast_pass,646,6000,0.10766666666666666
confirmation,joint_gaussian_regularized_cluster,8,0.25,0.0,10,control_specificity_pass,646,6000,0.10766666666666666
confirmation,joint_gaussian_regularized_cluster,8,0.25,0.25,1,support_available_pass,5994,6000,0.999
confirmation,joint_gaussian_regularized_cluster,8,0.25,0.25,2,complement_admissible_pass,5931,6000,0.9885
confirmation,joint_gaussian_regularized_cluster,8,0.25,0.25,3,effect_direction_reproduced_pass,5551,6000,0.9251666666666667
confirmation,joint_gaussian_regularized_cluster,8,0.25,0.25,4,target_contrast_positive_pass,5551,6000,0.9251666666666667
confirmation,joint_gaussian_regularized_cluster,8,0.25,0.25,5,minimum_effect_pass,4710,6000,0.785
confirmation,joint_gaussian_regularized_cluster,8,0.25,0.25,6,cluster_uncertainty_pass,2017,6000,0.33616666666666667
confirmation,joint_gaussian_regularized_cluster,8,0.25,0.25,7,raw_statistical_threshold_pass,687,6000,0.1145
confirmation,joint_gaussian_regularized_cluster,8,0.25,0.25,8,multiplicity_adjusted_threshold_pass,687,6000,0.1145
confirmation,joint_gaussian_regularized_cluster,8,0.25,0.25,9,control_adjusted_contrast_pass,682,6000,0.11366666666666667
confirmation,joint_gaussian_regularized_cluster,8,0.25,0.25,10,control_specificity_pass,682,6000,0.11366666666666667
confirmation,joint_gaussian_regularized_cluster,8,0.25,0.5,1,support_available_pass,5993,6000,0.9988333333333334
confirmation,joint_gaussian_regularized_cluster,8,0.25,0.5,2,complement_admissible_pass,5919,6000,0.9865
confirmation,joint_gaussian_regularized_cluster,8,0.25,0.5,3,effect_direction_reproduced_pass,5511,6000,0.9185
confirmation,joint_gaussian_regularized_cluster,8,0.25,0.5,4,target_contrast_positive_pass,5511,6000,0.9185
confirmation,joint_gaussian_regularized_cluster,8,0.25,0.5,5,minimum_effect_pass,4661,6000,0.7768333333333334
confirmation,joint_gaussian_regularized_cluster,8,0.25,0.5,6,cluster_uncertainty_pass,2032,6000,0.33866666666666667
confirmation,joint_gaussian_regularized_cluster,8,0.25,0.5,7,raw_statistical_threshold_pass,632,6000,0.10533333333333333
confirmation,joint_gaussian_regularized_cluster,8,0.25,0.5,8,multiplicity_adjusted_threshold_pass,632,6000,0.10533333333333333
confirmation,joint_gaussian_regularized_cluster,8,0.25,0.5,9,control_adjusted_contrast_pass,565,6000,0.09416666666666666
confirmation,joint_gaussian_regularized_cluster,8,0.25,0.5,10,control_specificity_pass,565,6000,0.09416666666666666
confirmation,joint_gaussian_regularized_cluster,8,0.25,1.0,1,support_available_pass,5991,6000,0.9985
confirmation,joint_gaussian_regularized_cluster,8,0.25,1.0,2,complement_admissible_pass,5933,6000,0.9888333333333333
confirmation,joint_gaussian_regularized_cluster,8,0.25,1.0,3,effect_direction_reproduced_pass,5568,6000,0.928
confirmation,joint_gaussian_regularized_cluster,8,0.25,1.0,4,target_contrast_positive_pass,5568,6000,0.928
confirmation,joint_gaussian_regularized_cluster,8,0.25,1.0,5,minimum_effect_pass,4685,6000,0.7808333333333334
confirmation,joint_gaussian_regularized_cluster,8,0.25,1.0,6,cluster_uncertainty_pass,2014,6000,0.33566666666666667
confirmation,joint_gaussian_regularized_cluster,8,0.25,1.0,7,raw_statistical_threshold_pass,657,6000,0.1095
confirmation,joint_gaussian_regularized_cluster,8,0.25,1.0,8,multiplicity_adjusted_threshold_pass,657,6000,0.1095
confirmation,joint_gaussian_regularized_cluster,8,0.25,1.0,9,control_adjusted_contrast_pass,305,6000,0.050833333333333335
confirmation,joint_gaussian_regularized_cluster,8,0.25,1.0,10,control_specificity_pass,305,6000,0.050833333333333335
confirmation,joint_gaussian_regularized_cluster,8,0.5,0.0,1,support_available_pass,5992,6000,0.9986666666666667
confirmation,joint_gaussian_regularized_cluster,8,0.5,0.0,2,complement_admissible_pass,5907,6000,0.9845
confirmation,joint_gaussian_regularized_cluster,8,0.5,0.0,3,effect_direction_reproduced_pass,5574,6000,0.929
confirmation,joint_gaussian_regularized_cluster,8,0.5,0.0,4,target_contrast_positive_pass,5574,6000,0.929
confirmation,joint_gaussian_regularized_cluster,8,0.5,0.0,5,minimum_effect_pass,5533,6000,0.9221666666666667
confirmation,joint_gaussian_regularized_cluster,8,0.5,0.0,6,cluster_uncertainty_pass,2911,6000,0.4851666666666667
confirmation,joint_gaussian_regularized_cluster,8,0.5,0.0,7,raw_statistical_threshold_pass,1350,6000,0.225
confirmation,joint_gaussian_regularized_cluster,8,0.5,0.0,8,multiplicity_adjusted_threshold_pass,1350,6000,0.225
confirmation,joint_gaussian_regularized_cluster,8,0.5,0.0,9,control_adjusted_contrast_pass,1350,6000,0.225
confirmation,joint_gaussian_regularized_cluster,8,0.5,0.0,10,control_specificity_pass,1350,6000,0.225
confirmation,joint_gaussian_regularized_cluster,8,0.5,0.25,1,support_available_pass,5993,6000,0.9988333333333334
confirmation,joint_gaussian_regularized_cluster,8,0.5,0.25,2,complement_admissible_pass,5925,6000,0.9875
confirmation,joint_gaussian_regularized_cluster,8,0.5,0.25,3,effect_direction_reproduced_pass,5576,6000,0.9293333333333333
confirmation,joint_gaussian_regularized_cluster,8,0.5,0.25,4,target_contrast_positive_pass,5576,6000,0.9293333333333333
confirmation,joint_gaussian_regularized_cluster,8,0.5,0.25,5,minimum_effect_pass,5524,6000,0.9206666666666666
confirmation,joint_gaussian_regularized_cluster,8,0.5,0.25,6,cluster_uncertainty_pass,2938,6000,0.48966666666666664
confirmation,joint_gaussian_regularized_cluster,8,0.5,0.25,7,raw_statistical_threshold_pass,1322,6000,0.22033333333333333
confirmation,joint_gaussian_regularized_cluster,8,0.5,0.25,8,multiplicity_adjusted_threshold_pass,1322,6000,0.22033333333333333
confirmation,joint_gaussian_regularized_cluster,8,0.5,0.25,9,control_adjusted_contrast_pass,1310,6000,0.21833333333333332
confirmation,joint_gaussian_regularized_cluster,8,0.5,0.25,10,control_specificity_pass,1310,6000,0.21833333333333332
confirmation,joint_gaussian_regularized_cluster,8,0.5,0.5,1,support_available_pass,5991,6000,0.9985
confirmation,joint_gaussian_regularized_cluster,8,0.5,0.5,2,complement_admissible_pass,5936,6000,0.9893333333333333
confirmation,joint_gaussian_regularized_cluster,8,0.5,0.5,3,effect_direction_reproduced_pass,5577,6000,0.9295
confirmation,joint_gaussian_regularized_cluster,8,0.5,0.5,4,target_contrast_positive_pass,5577,6000,0.9295
confirmation,joint_gaussian_regularized_cluster,8,0.5,0.5,5,minimum_effect_pass,5522,6000,0.9203333333333333
confirmation,joint_gaussian_regularized_cluster,8,0.5,0.5,6,cluster_uncertainty_pass,2944,6000,0.49066666666666664
confirmation,joint_gaussian_regularized_cluster,8,0.5,0.5,7,raw_statistical_threshold_pass,1354,6000,0.22566666666666665
confirmation,joint_gaussian_regularized_cluster,8,0.5,0.5,8,multiplicity_adjusted_threshold_pass,1354,6000,0.22566666666666665
confirmation,joint_gaussian_regularized_cluster,8,0.5,0.5,9,control_adjusted_contrast_pass,1227,6000,0.2045
confirmation,joint_gaussian_regularized_cluster,8,0.5,0.5,10,control_specificity_pass,1227,6000,0.2045
confirmation,joint_gaussian_regularized_cluster,8,0.5,1.0,1,support_available_pass,5995,6000,0.9991666666666666
confirmation,joint_gaussian_regularized_cluster,8,0.5,1.0,2,complement_admissible_pass,5939,6000,0.9898333333333333
confirmation,joint_gaussian_regularized_cluster,8,0.5,1.0,3,effect_direction_reproduced_pass,5574,6000,0.929
confirmation,joint_gaussian_regularized_cluster,8,0.5,1.0,4,target_contrast_positive_pass,5574,6000,0.929
confirmation,joint_gaussian_regularized_cluster,8,0.5,1.0,5,minimum_effect_pass,5526,6000,0.921
confirmation,joint_gaussian_regularized_cluster,8,0.5,1.0,6,cluster_uncertainty_pass,2952,6000,0.492
confirmation,joint_gaussian_regularized_cluster,8,0.5,1.0,7,raw_statistical_threshold_pass,1382,6000,0.23033333333333333
confirmation,joint_gaussian_regularized_cluster,8,0.5,1.0,8,multiplicity_adjusted_threshold_pass,1382,6000,0.23033333333333333
confirmation,joint_gaussian_regularized_cluster,8,0.5,1.0,9,control_adjusted_contrast_pass,525,6000,0.0875
confirmation,joint_gaussian_regularized_cluster,8,0.5,1.0,10,control_specificity_pass,525,6000,0.0875
confirmation,joint_gaussian_regularized_cluster,8,0.75,0.0,1,support_available_pass,5992,6000,0.9986666666666667
confirmation,joint_gaussian_regularized_cluster,8,0.75,0.0,2,complement_admissible_pass,5927,6000,0.9878333333333333
confirmation,joint_gaussian_regularized_cluster,8,0.75,0.0,3,effect_direction_reproduced_pass,5591,6000,0.9318333333333333
confirmation,joint_gaussian_regularized_cluster,8,0.75,0.0,4,target_contrast_positive_pass,5591,6000,0.9318333333333333
confirmation,joint_gaussian_regularized_cluster,8,0.75,0.0,5,minimum_effect_pass,5584,6000,0.9306666666666666
confirmation,joint_gaussian_regularized_cluster,8,0.75,0.0,6,cluster_uncertainty_pass,3127,6000,0.5211666666666667
confirmation,joint_gaussian_regularized_cluster,8,0.75,0.0,7,raw_statistical_threshold_pass,1637,6000,0.2728333333333333
confirmation,joint_gaussian_regularized_cluster,8,0.75,0.0,8,multiplicity_adjusted_threshold_pass,1637,6000,0.2728333333333333
confirmation,joint_gaussian_regularized_cluster,8,0.75,0.0,9,control_adjusted_contrast_pass,1637,6000,0.2728333333333333
confirmation,joint_gaussian_regularized_cluster,8,0.75,0.0,10,control_specificity_pass,1637,6000,0.2728333333333333
confirmation,joint_gaussian_regularized_cluster,8,0.75,0.25,1,support_available_pass,5992,6000,0.9986666666666667
confirmation,joint_gaussian_regularized_cluster,8,0.75,0.25,2,complement_admissible_pass,5939,6000,0.9898333333333333
confirmation,joint_gaussian_regularized_cluster,8,0.75,0.25,3,effect_direction_reproduced_pass,5624,6000,0.9373333333333334
confirmation,joint_gaussian_regularized_cluster,8,0.75,0.25,4,target_contrast_positive_pass,5624,6000,0.9373333333333334
confirmation,joint_gaussian_regularized_cluster,8,0.75,0.25,5,minimum_effect_pass,5621,6000,0.9368333333333333
confirmation,joint_gaussian_regularized_cluster,8,0.75,0.25,6,cluster_uncertainty_pass,3140,6000,0.5233333333333333
confirmation,joint_gaussian_regularized_cluster,8,0.75,0.25,7,raw_statistical_threshold_pass,1635,6000,0.2725
confirmation,joint_gaussian_regularized_cluster,8,0.75,0.25,8,multiplicity_adjusted_threshold_pass,1635,6000,0.2725
confirmation,joint_gaussian_regularized_cluster,8,0.75,0.25,9,control_adjusted_contrast_pass,1630,6000,0.27166666666666667
confirmation,joint_gaussian_regularized_cluster,8,0.75,0.25,10,control_specificity_pass,1630,6000,0.27166666666666667
confirmation,joint_gaussian_regularized_cluster,8,0.75,0.5,1,support_available_pass,5999,6000,0.9998333333333334
confirmation,joint_gaussian_regularized_cluster,8,0.75,0.5,2,complement_admissible_pass,5929,6000,0.9881666666666666
confirmation,joint_gaussian_regularized_cluster,8,0.75,0.5,3,effect_direction_reproduced_pass,5584,6000,0.9306666666666666
confirmation,joint_gaussian_regularized_cluster,8,0.75,0.5,4,target_contrast_positive_pass,5584,6000,0.9306666666666666
confirmation,joint_gaussian_regularized_cluster,8,0.75,0.5,5,minimum_effect_pass,5578,6000,0.9296666666666666
confirmation,joint_gaussian_regularized_cluster,8,0.75,0.5,6,cluster_uncertainty_pass,3122,6000,0.5203333333333333
confirmation,joint_gaussian_regularized_cluster,8,0.75,0.5,7,raw_statistical_threshold_pass,1679,6000,0.2798333333333333
confirmation,joint_gaussian_regularized_cluster,8,0.75,0.5,8,multiplicity_adjusted_threshold_pass,1679,6000,0.2798333333333333
confirmation,joint_gaussian_regularized_cluster,8,0.75,0.5,9,control_adjusted_contrast_pass,1531,6000,0.25516666666666665
confirmation,joint_gaussian_regularized_cluster,8,0.75,0.5,10,control_specificity_pass,1531,6000,0.25516666666666665
confirmation,joint_gaussian_regularized_cluster,8,0.75,1.0,1,support_available_pass,5990,6000,0.9983333333333333
confirmation,joint_gaussian_regularized_cluster,8,0.75,1.0,2,complement_admissible_pass,5918,6000,0.9863333333333333
confirmation,joint_gaussian_regularized_cluster,8,0.75,1.0,3,effect_direction_reproduced_pass,5603,6000,0.9338333333333333
confirmation,joint_gaussian_regularized_cluster,8,0.75,1.0,4,target_contrast_positive_pass,5603,6000,0.9338333333333333
confirmation,joint_gaussian_regularized_cluster,8,0.75,1.0,5,minimum_effect_pass,5596,6000,0.9326666666666666
confirmation,joint_gaussian_regularized_cluster,8,0.75,1.0,6,cluster_uncertainty_pass,3160,6000,0.5266666666666666
confirmation,joint_gaussian_regularized_cluster,8,0.75,1.0,7,raw_statistical_threshold_pass,1608,6000,0.268
confirmation,joint_gaussian_regularized_cluster,8,0.75,1.0,8,multiplicity_adjusted_threshold_pass,1608,6000,0.268
confirmation,joint_gaussian_regularized_cluster,8,0.75,1.0,9,control_adjusted_contrast_pass,581,6000,0.09683333333333333
confirmation,joint_gaussian_regularized_cluster,8,0.75,1.0,10,control_specificity_pass,581,6000,0.09683333333333333
confirmation,joint_gaussian_regularized_cluster,8,1.0,0.0,1,support_available_pass,5984,6000,0.9973333333333333
confirmation,joint_gaussian_regularized_cluster,8,1.0,0.0,2,complement_admissible_pass,5938,6000,0.9896666666666667
confirmation,joint_gaussian_regularized_cluster,8,1.0,0.0,3,effect_direction_reproduced_pass,5590,6000,0.9316666666666666
confirmation,joint_gaussian_regularized_cluster,8,1.0,0.0,4,target_contrast_positive_pass,5590,6000,0.9316666666666666
confirmation,joint_gaussian_regularized_cluster,8,1.0,0.0,5,minimum_effect_pass,5590,6000,0.9316666666666666
confirmation,joint_gaussian_regularized_cluster,8,1.0,0.0,6,cluster_uncertainty_pass,3237,6000,0.5395
confirmation,joint_gaussian_regularized_cluster,8,1.0,0.0,7,raw_statistical_threshold_pass,1767,6000,0.2945
confirmation,joint_gaussian_regularized_cluster,8,1.0,0.0,8,multiplicity_adjusted_threshold_pass,1767,6000,0.2945
confirmation,joint_gaussian_regularized_cluster,8,1.0,0.0,9,control_adjusted_contrast_pass,1767,6000,0.2945
confirmation,joint_gaussian_regularized_cluster,8,1.0,0.0,10,control_specificity_pass,1767,6000,0.2945
confirmation,joint_gaussian_regularized_cluster,8,1.0,0.25,1,support_available_pass,5995,6000,0.9991666666666666
confirmation,joint_gaussian_regularized_cluster,8,1.0,0.25,2,complement_admissible_pass,5918,6000,0.9863333333333333
confirmation,joint_gaussian_regularized_cluster,8,1.0,0.25,3,effect_direction_reproduced_pass,5576,6000,0.9293333333333333
confirmation,joint_gaussian_regularized_cluster,8,1.0,0.25,4,target_contrast_positive_pass,5576,6000,0.9293333333333333
confirmation,joint_gaussian_regularized_cluster,8,1.0,0.25,5,minimum_effect_pass,5573,6000,0.9288333333333333
confirmation,joint_gaussian_regularized_cluster,8,1.0,0.25,6,cluster_uncertainty_pass,3195,6000,0.5325
confirmation,joint_gaussian_regularized_cluster,8,1.0,0.25,7,raw_statistical_threshold_pass,1756,6000,0.2926666666666667
confirmation,joint_gaussian_regularized_cluster,8,1.0,0.25,8,multiplicity_adjusted_threshold_pass,1756,6000,0.2926666666666667
confirmation,joint_gaussian_regularized_cluster,8,1.0,0.25,9,control_adjusted_contrast_pass,1753,6000,0.2921666666666667
confirmation,joint_gaussian_regularized_cluster,8,1.0,0.25,10,control_specificity_pass,1753,6000,0.2921666666666667
confirmation,joint_gaussian_regularized_cluster,8,1.0,0.5,1,support_available_pass,5994,6000,0.999
confirmation,joint_gaussian_regularized_cluster,8,1.0,0.5,2,complement_admissible_pass,5925,6000,0.9875
confirmation,joint_gaussian_regularized_cluster,8,1.0,0.5,3,effect_direction_reproduced_pass,5613,6000,0.9355
confirmation,joint_gaussian_regularized_cluster,8,1.0,0.5,4,target_contrast_positive_pass,5613,6000,0.9355
confirmation,joint_gaussian_regularized_cluster,8,1.0,0.5,5,minimum_effect_pass,5613,6000,0.9355
confirmation,joint_gaussian_regularized_cluster,8,1.0,0.5,6,cluster_uncertainty_pass,3239,6000,0.5398333333333334
confirmation,joint_gaussian_regularized_cluster,8,1.0,0.5,7,raw_statistical_threshold_pass,1742,6000,0.29033333333333333
confirmation,joint_gaussian_regularized_cluster,8,1.0,0.5,8,multiplicity_adjusted_threshold_pass,1742,6000,0.29033333333333333
confirmation,joint_gaussian_regularized_cluster,8,1.0,0.5,9,control_adjusted_contrast_pass,1637,6000,0.2728333333333333
confirmation,joint_gaussian_regularized_cluster,8,1.0,0.5,10,control_specificity_pass,1637,6000,0.2728333333333333
confirmation,joint_gaussian_regularized_cluster,8,1.0,1.0,1,support_available_pass,5992,6000,0.9986666666666667
confirmation,joint_gaussian_regularized_cluster,8,1.0,1.0,2,complement_admissible_pass,5930,6000,0.9883333333333333
confirmation,joint_gaussian_regularized_cluster,8,1.0,1.0,3,effect_direction_reproduced_pass,5622,6000,0.937
confirmation,joint_gaussian_regularized_cluster,8,1.0,1.0,4,target_contrast_positive_pass,5622,6000,0.937
confirmation,joint_gaussian_regularized_cluster,8,1.0,1.0,5,minimum_effect_pass,5622,6000,0.937
confirmation,joint_gaussian_regularized_cluster,8,1.0,1.0,6,cluster_uncertainty_pass,3185,6000,0.5308333333333334
confirmation,joint_gaussian_regularized_cluster,8,1.0,1.0,7,raw_statistical_threshold_pass,1721,6000,0.28683333333333333
confirmation,joint_gaussian_regularized_cluster,8,1.0,1.0,8,multiplicity_adjusted_threshold_pass,1721,6000,0.28683333333333333
confirmation,joint_gaussian_regularized_cluster,8,1.0,1.0,9,control_adjusted_contrast_pass,596,6000,0.09933333333333333
confirmation,joint_gaussian_regularized_cluster,8,1.0,1.0,10,control_specificity_pass,596,6000,0.09933333333333333
confirmation,joint_gaussian_regularized_cluster,8,1.5,0.0,1,support_available_pass,5995,6000,0.9991666666666666
confirmation,joint_gaussian_regularized_cluster,8,1.5,0.0,2,complement_admissible_pass,5932,6000,0.9886666666666667
confirmation,joint_gaussian_regularized_cluster,8,1.5,0.0,3,effect_direction_reproduced_pass,5608,6000,0.9346666666666666
confirmation,joint_gaussian_regularized_cluster,8,1.5,0.0,4,target_contrast_positive_pass,5608,6000,0.9346666666666666
confirmation,joint_gaussian_regularized_cluster,8,1.5,0.0,5,minimum_effect_pass,5608,6000,0.9346666666666666
confirmation,joint_gaussian_regularized_cluster,8,1.5,0.0,6,cluster_uncertainty_pass,3235,6000,0.5391666666666667
confirmation,joint_gaussian_regularized_cluster,8,1.5,0.0,7,raw_statistical_threshold_pass,1778,6000,0.29633333333333334
confirmation,joint_gaussian_regularized_cluster,8,1.5,0.0,8,multiplicity_adjusted_threshold_pass,1778,6000,0.29633333333333334
confirmation,joint_gaussian_regularized_cluster,8,1.5,0.0,9,control_adjusted_contrast_pass,1778,6000,0.29633333333333334
confirmation,joint_gaussian_regularized_cluster,8,1.5,0.0,10,control_specificity_pass,1778,6000,0.29633333333333334
confirmation,joint_gaussian_regularized_cluster,8,1.5,0.25,1,support_available_pass,5994,6000,0.999
confirmation,joint_gaussian_regularized_cluster,8,1.5,0.25,2,complement_admissible_pass,5935,6000,0.9891666666666666
confirmation,joint_gaussian_regularized_cluster,8,1.5,0.25,3,effect_direction_reproduced_pass,5600,6000,0.9333333333333333
confirmation,joint_gaussian_regularized_cluster,8,1.5,0.25,4,target_contrast_positive_pass,5600,6000,0.9333333333333333
confirmation,joint_gaussian_regularized_cluster,8,1.5,0.25,5,minimum_effect_pass,5600,6000,0.9333333333333333
confirmation,joint_gaussian_regularized_cluster,8,1.5,0.25,6,cluster_uncertainty_pass,3252,6000,0.542
confirmation,joint_gaussian_regularized_cluster,8,1.5,0.25,7,raw_statistical_threshold_pass,1819,6000,0.30316666666666664
confirmation,joint_gaussian_regularized_cluster,8,1.5,0.25,8,multiplicity_adjusted_threshold_pass,1819,6000,0.30316666666666664
confirmation,joint_gaussian_regularized_cluster,8,1.5,0.25,9,control_adjusted_contrast_pass,1815,6000,0.3025
confirmation,joint_gaussian_regularized_cluster,8,1.5,0.25,10,control_specificity_pass,1815,6000,0.3025
confirmation,joint_gaussian_regularized_cluster,8,1.5,0.5,1,support_available_pass,5990,6000,0.9983333333333333
confirmation,joint_gaussian_regularized_cluster,8,1.5,0.5,2,complement_admissible_pass,5916,6000,0.986
confirmation,joint_gaussian_regularized_cluster,8,1.5,0.5,3,effect_direction_reproduced_pass,5591,6000,0.9318333333333333
confirmation,joint_gaussian_regularized_cluster,8,1.5,0.5,4,target_contrast_positive_pass,5591,6000,0.9318333333333333
confirmation,joint_gaussian_regularized_cluster,8,1.5,0.5,5,minimum_effect_pass,5591,6000,0.9318333333333333
confirmation,joint_gaussian_regularized_cluster,8,1.5,0.5,6,cluster_uncertainty_pass,3215,6000,0.5358333333333334
confirmation,joint_gaussian_regularized_cluster,8,1.5,0.5,7,raw_statistical_threshold_pass,1795,6000,0.2991666666666667
confirmation,joint_gaussian_regularized_cluster,8,1.5,0.5,8,multiplicity_adjusted_threshold_pass,1795,6000,0.2991666666666667
confirmation,joint_gaussian_regularized_cluster,8,1.5,0.5,9,control_adjusted_contrast_pass,1722,6000,0.287
confirmation,joint_gaussian_regularized_cluster,8,1.5,0.5,10,control_specificity_pass,1722,6000,0.287
confirmation,joint_gaussian_regularized_cluster,8,1.5,1.0,1,support_available_pass,5988,6000,0.998
confirmation,joint_gaussian_regularized_cluster,8,1.5,1.0,2,complement_admissible_pass,5926,6000,0.9876666666666667
confirmation,joint_gaussian_regularized_cluster,8,1.5,1.0,3,effect_direction_reproduced_pass,5608,6000,0.9346666666666666
confirmation,joint_gaussian_regularized_cluster,8,1.5,1.0,4,target_contrast_positive_pass,5608,6000,0.9346666666666666
confirmation,joint_gaussian_regularized_cluster,8,1.5,1.0,5,minimum_effect_pass,5608,6000,0.9346666666666666
confirmation,joint_gaussian_regularized_cluster,8,1.5,1.0,6,cluster_uncertainty_pass,3228,6000,0.538
confirmation,joint_gaussian_regularized_cluster,8,1.5,1.0,7,raw_statistical_threshold_pass,1827,6000,0.3045
confirmation,joint_gaussian_regularized_cluster,8,1.5,1.0,8,multiplicity_adjusted_threshold_pass,1827,6000,0.3045
confirmation,joint_gaussian_regularized_cluster,8,1.5,1.0,9,control_adjusted_contrast_pass,619,6000,0.10316666666666667
confirmation,joint_gaussian_regularized_cluster,8,1.5,1.0,10,control_specificity_pass,619,6000,0.10316666666666667
confirmation,joint_gaussian_regularized_cluster,8,2.0,0.0,1,support_available_pass,5997,6000,0.9995
confirmation,joint_gaussian_regularized_cluster,8,2.0,0.0,2,complement_admissible_pass,5936,6000,0.9893333333333333
confirmation,joint_gaussian_regularized_cluster,8,2.0,0.0,3,effect_direction_reproduced_pass,5594,6000,0.9323333333333333
confirmation,joint_gaussian_regularized_cluster,8,2.0,0.0,4,target_contrast_positive_pass,5594,6000,0.9323333333333333
confirmation,joint_gaussian_regularized_cluster,8,2.0,0.0,5,minimum_effect_pass,5594,6000,0.9323333333333333
confirmation,joint_gaussian_regularized_cluster,8,2.0,0.0,6,cluster_uncertainty_pass,3214,6000,0.5356666666666666
confirmation,joint_gaussian_regularized_cluster,8,2.0,0.0,7,raw_statistical_threshold_pass,1824,6000,0.304
confirmation,joint_gaussian_regularized_cluster,8,2.0,0.0,8,multiplicity_adjusted_threshold_pass,1824,6000,0.304
confirmation,joint_gaussian_regularized_cluster,8,2.0,0.0,9,control_adjusted_contrast_pass,1824,6000,0.304
confirmation,joint_gaussian_regularized_cluster,8,2.0,0.0,10,control_specificity_pass,1824,6000,0.304
confirmation,joint_gaussian_regularized_cluster,8,2.0,0.25,1,support_available_pass,5996,6000,0.9993333333333333
confirmation,joint_gaussian_regularized_cluster,8,2.0,0.25,2,complement_admissible_pass,5930,6000,0.9883333333333333
confirmation,joint_gaussian_regularized_cluster,8,2.0,0.25,3,effect_direction_reproduced_pass,5565,6000,0.9275
confirmation,joint_gaussian_regularized_cluster,8,2.0,0.25,4,target_contrast_positive_pass,5565,6000,0.9275
confirmation,joint_gaussian_regularized_cluster,8,2.0,0.25,5,minimum_effect_pass,5565,6000,0.9275
confirmation,joint_gaussian_regularized_cluster,8,2.0,0.25,6,cluster_uncertainty_pass,3226,6000,0.5376666666666666
confirmation,joint_gaussian_regularized_cluster,8,2.0,0.25,7,raw_statistical_threshold_pass,1848,6000,0.308
confirmation,joint_gaussian_regularized_cluster,8,2.0,0.25,8,multiplicity_adjusted_threshold_pass,1848,6000,0.308
confirmation,joint_gaussian_regularized_cluster,8,2.0,0.25,9,control_adjusted_contrast_pass,1846,6000,0.30766666666666664
confirmation,joint_gaussian_regularized_cluster,8,2.0,0.25,10,control_specificity_pass,1846,6000,0.30766666666666664
confirmation,joint_gaussian_regularized_cluster,8,2.0,0.5,1,support_available_pass,5990,6000,0.9983333333333333
confirmation,joint_gaussian_regularized_cluster,8,2.0,0.5,2,complement_admissible_pass,5938,6000,0.9896666666666667
confirmation,joint_gaussian_regularized_cluster,8,2.0,0.5,3,effect_direction_reproduced_pass,5600,6000,0.9333333333333333
confirmation,joint_gaussian_regularized_cluster,8,2.0,0.5,4,target_contrast_positive_pass,5600,6000,0.9333333333333333
confirmation,joint_gaussian_regularized_cluster,8,2.0,0.5,5,minimum_effect_pass,5600,6000,0.9333333333333333
confirmation,joint_gaussian_regularized_cluster,8,2.0,0.5,6,cluster_uncertainty_pass,3213,6000,0.5355
confirmation,joint_gaussian_regularized_cluster,8,2.0,0.5,7,raw_statistical_threshold_pass,1798,6000,0.2996666666666667
confirmation,joint_gaussian_regularized_cluster,8,2.0,0.5,8,multiplicity_adjusted_threshold_pass,1798,6000,0.2996666666666667
confirmation,joint_gaussian_regularized_cluster,8,2.0,0.5,9,control_adjusted_contrast_pass,1736,6000,0.28933333333333333
confirmation,joint_gaussian_regularized_cluster,8,2.0,0.5,10,control_specificity_pass,1736,6000,0.28933333333333333
confirmation,joint_gaussian_regularized_cluster,8,2.0,1.0,1,support_available_pass,5994,6000,0.999
confirmation,joint_gaussian_regularized_cluster,8,2.0,1.0,2,complement_admissible_pass,5921,6000,0.9868333333333333
confirmation,joint_gaussian_regularized_cluster,8,2.0,1.0,3,effect_direction_reproduced_pass,5603,6000,0.9338333333333333
confirmation,joint_gaussian_regularized_cluster,8,2.0,1.0,4,target_contrast_positive_pass,5603,6000,0.9338333333333333
confirmation,joint_gaussian_regularized_cluster,8,2.0,1.0,5,minimum_effect_pass,5603,6000,0.9338333333333333
confirmation,joint_gaussian_regularized_cluster,8,2.0,1.0,6,cluster_uncertainty_pass,3279,6000,0.5465
confirmation,joint_gaussian_regularized_cluster,8,2.0,1.0,7,raw_statistical_threshold_pass,1830,6000,0.305
confirmation,joint_gaussian_regularized_cluster,8,2.0,1.0,8,multiplicity_adjusted_threshold_pass,1830,6000,0.305
confirmation,joint_gaussian_regularized_cluster,8,2.0,1.0,9,control_adjusted_contrast_pass,531,6000,0.0885
confirmation,joint_gaussian_regularized_cluster,8,2.0,1.0,10,control_specificity_pass,531,6000,0.0885
confirmation,joint_gaussian_regularized_cluster,10,0.0,0.0,1,support_available_pass,5997,6000,0.9995
confirmation,joint_gaussian_regularized_cluster,10,0.0,0.0,2,complement_admissible_pass,5973,6000,0.9955
confirmation,joint_gaussian_regularized_cluster,10,0.0,0.0,3,effect_direction_reproduced_pass,0,6000,0.0
confirmation,joint_gaussian_regularized_cluster,10,0.0,0.0,4,target_contrast_positive_pass,0,6000,0.0
confirmation,joint_gaussian_regularized_cluster,10,0.0,0.0,5,minimum_effect_pass,0,6000,0.0
confirmation,joint_gaussian_regularized_cluster,10,0.0,0.0,6,cluster_uncertainty_pass,0,6000,0.0
confirmation,joint_gaussian_regularized_cluster,10,0.0,0.0,7,raw_statistical_threshold_pass,0,6000,0.0
confirmation,joint_gaussian_regularized_cluster,10,0.0,0.0,8,multiplicity_adjusted_threshold_pass,0,6000,0.0
confirmation,joint_gaussian_regularized_cluster,10,0.0,0.0,9,control_adjusted_contrast_pass,0,6000,0.0
confirmation,joint_gaussian_regularized_cluster,10,0.0,0.0,10,control_specificity_pass,0,6000,0.0
confirmation,joint_gaussian_regularized_cluster,10,0.25,0.0,1,support_available_pass,5999,6000,0.9998333333333334
confirmation,joint_gaussian_regularized_cluster,10,0.25,0.0,2,complement_admissible_pass,5979,6000,0.9965
confirmation,joint_gaussian_regularized_cluster,10,0.25,0.0,3,effect_direction_reproduced_pass,5735,6000,0.9558333333333333
confirmation,joint_gaussian_regularized_cluster,10,0.25,0.0,4,target_contrast_positive_pass,5735,6000,0.9558333333333333
confirmation,joint_gaussian_regularized_cluster,10,0.25,0.0,5,minimum_effect_pass,4951,6000,0.8251666666666667
confirmation,joint_gaussian_regularized_cluster,10,0.25,0.0,6,cluster_uncertainty_pass,2483,6000,0.41383333333333333
confirmation,joint_gaussian_regularized_cluster,10,0.25,0.0,7,raw_statistical_threshold_pass,1109,6000,0.18483333333333332
confirmation,joint_gaussian_regularized_cluster,10,0.25,0.0,8,multiplicity_adjusted_threshold_pass,1109,6000,0.18483333333333332
confirmation,joint_gaussian_regularized_cluster,10,0.25,0.0,9,control_adjusted_contrast_pass,1109,6000,0.18483333333333332
confirmation,joint_gaussian_regularized_cluster,10,0.25,0.0,10,control_specificity_pass,1109,6000,0.18483333333333332
confirmation,joint_gaussian_regularized_cluster,10,0.25,0.25,1,support_available_pass,5997,6000,0.9995
confirmation,joint_gaussian_regularized_cluster,10,0.25,0.25,2,complement_admissible_pass,5981,6000,0.9968333333333333
confirmation,joint_gaussian_regularized_cluster,10,0.25,0.25,3,effect_direction_reproduced_pass,5758,6000,0.9596666666666667
confirmation,joint_gaussian_regularized_cluster,10,0.25,0.25,4,target_contrast_positive_pass,5758,6000,0.9596666666666667
confirmation,joint_gaussian_regularized_cluster,10,0.25,0.25,5,minimum_effect_pass,4943,6000,0.8238333333333333
confirmation,joint_gaussian_regularized_cluster,10,0.25,0.25,6,cluster_uncertainty_pass,2455,6000,0.4091666666666667
confirmation,joint_gaussian_regularized_cluster,10,0.25,0.25,7,raw_statistical_threshold_pass,1155,6000,0.1925
confirmation,joint_gaussian_regularized_cluster,10,0.25,0.25,8,multiplicity_adjusted_threshold_pass,1155,6000,0.1925
confirmation,joint_gaussian_regularized_cluster,10,0.25,0.25,9,control_adjusted_contrast_pass,1140,6000,0.19
confirmation,joint_gaussian_regularized_cluster,10,0.25,0.25,10,control_specificity_pass,1140,6000,0.19
confirmation,joint_gaussian_regularized_cluster,10,0.25,0.5,1,support_available_pass,5998,6000,0.9996666666666667
confirmation,joint_gaussian_regularized_cluster,10,0.25,0.5,2,complement_admissible_pass,5984,6000,0.9973333333333333
confirmation,joint_gaussian_regularized_cluster,10,0.25,0.5,3,effect_direction_reproduced_pass,5729,6000,0.9548333333333333
confirmation,joint_gaussian_regularized_cluster,10,0.25,0.5,4,target_contrast_positive_pass,5729,6000,0.9548333333333333
confirmation,joint_gaussian_regularized_cluster,10,0.25,0.5,5,minimum_effect_pass,4957,6000,0.8261666666666667
confirmation,joint_gaussian_regularized_cluster,10,0.25,0.5,6,cluster_uncertainty_pass,2507,6000,0.41783333333333333
confirmation,joint_gaussian_regularized_cluster,10,0.25,0.5,7,raw_statistical_threshold_pass,1123,6000,0.18716666666666668
confirmation,joint_gaussian_regularized_cluster,10,0.25,0.5,8,multiplicity_adjusted_threshold_pass,1123,6000,0.18716666666666668
confirmation,joint_gaussian_regularized_cluster,10,0.25,0.5,9,control_adjusted_contrast_pass,980,6000,0.16333333333333333
confirmation,joint_gaussian_regularized_cluster,10,0.25,0.5,10,control_specificity_pass,980,6000,0.16333333333333333
confirmation,joint_gaussian_regularized_cluster,10,0.25,1.0,1,support_available_pass,5997,6000,0.9995
confirmation,joint_gaussian_regularized_cluster,10,0.25,1.0,2,complement_admissible_pass,5981,6000,0.9968333333333333
confirmation,joint_gaussian_regularized_cluster,10,0.25,1.0,3,effect_direction_reproduced_pass,5762,6000,0.9603333333333334
confirmation,joint_gaussian_regularized_cluster,10,0.25,1.0,4,target_contrast_positive_pass,5762,6000,0.9603333333333334
confirmation,joint_gaussian_regularized_cluster,10,0.25,1.0,5,minimum_effect_pass,4984,6000,0.8306666666666667
confirmation,joint_gaussian_regularized_cluster,10,0.25,1.0,6,cluster_uncertainty_pass,2462,6000,0.4103333333333333
confirmation,joint_gaussian_regularized_cluster,10,0.25,1.0,7,raw_statistical_threshold_pass,1149,6000,0.1915
confirmation,joint_gaussian_regularized_cluster,10,0.25,1.0,8,multiplicity_adjusted_threshold_pass,1149,6000,0.1915
confirmation,joint_gaussian_regularized_cluster,10,0.25,1.0,9,control_adjusted_contrast_pass,430,6000,0.07166666666666667
confirmation,joint_gaussian_regularized_cluster,10,0.25,1.0,10,control_specificity_pass,430,6000,0.07166666666666667
confirmation,joint_gaussian_regularized_cluster,10,0.5,0.0,1,support_available_pass,5997,6000,0.9995
confirmation,joint_gaussian_regularized_cluster,10,0.5,0.0,2,complement_admissible_pass,5979,6000,0.9965
confirmation,joint_gaussian_regularized_cluster,10,0.5,0.0,3,effect_direction_reproduced_pass,5761,6000,0.9601666666666666
confirmation,joint_gaussian_regularized_cluster,10,0.5,0.0,4,target_contrast_positive_pass,5761,6000,0.9601666666666666
confirmation,joint_gaussian_regularized_cluster,10,0.5,0.0,5,minimum_effect_pass,5730,6000,0.955
confirmation,joint_gaussian_regularized_cluster,10,0.5,0.0,6,cluster_uncertainty_pass,3295,6000,0.5491666666666667
confirmation,joint_gaussian_regularized_cluster,10,0.5,0.0,7,raw_statistical_threshold_pass,1927,6000,0.32116666666666666
confirmation,joint_gaussian_regularized_cluster,10,0.5,0.0,8,multiplicity_adjusted_threshold_pass,1927,6000,0.32116666666666666
confirmation,joint_gaussian_regularized_cluster,10,0.5,0.0,9,control_adjusted_contrast_pass,1927,6000,0.32116666666666666
confirmation,joint_gaussian_regularized_cluster,10,0.5,0.0,10,control_specificity_pass,1927,6000,0.32116666666666666
confirmation,joint_gaussian_regularized_cluster,10,0.5,0.25,1,support_available_pass,5999,6000,0.9998333333333334
confirmation,joint_gaussian_regularized_cluster,10,0.5,0.25,2,complement_admissible_pass,5981,6000,0.9968333333333333
confirmation,joint_gaussian_regularized_cluster,10,0.5,0.25,3,effect_direction_reproduced_pass,5750,6000,0.9583333333333334
confirmation,joint_gaussian_regularized_cluster,10,0.5,0.25,4,target_contrast_positive_pass,5750,6000,0.9583333333333334
confirmation,joint_gaussian_regularized_cluster,10,0.5,0.25,5,minimum_effect_pass,5715,6000,0.9525
confirmation,joint_gaussian_regularized_cluster,10,0.5,0.25,6,cluster_uncertainty_pass,3311,6000,0.5518333333333333
confirmation,joint_gaussian_regularized_cluster,10,0.5,0.25,7,raw_statistical_threshold_pass,1938,6000,0.323
confirmation,joint_gaussian_regularized_cluster,10,0.5,0.25,8,multiplicity_adjusted_threshold_pass,1938,6000,0.323
confirmation,joint_gaussian_regularized_cluster,10,0.5,0.25,9,control_adjusted_contrast_pass,1918,6000,0.31966666666666665
confirmation,joint_gaussian_regularized_cluster,10,0.5,0.25,10,control_specificity_pass,1918,6000,0.31966666666666665
confirmation,joint_gaussian_regularized_cluster,10,0.5,0.5,1,support_available_pass,5998,6000,0.9996666666666667
confirmation,joint_gaussian_regularized_cluster,10,0.5,0.5,2,complement_admissible_pass,5979,6000,0.9965
confirmation,joint_gaussian_regularized_cluster,10,0.5,0.5,3,effect_direction_reproduced_pass,5776,6000,0.9626666666666667
confirmation,joint_gaussian_regularized_cluster,10,0.5,0.5,4,target_contrast_positive_pass,5776,6000,0.9626666666666667
confirmation,joint_gaussian_regularized_cluster,10,0.5,0.5,5,minimum_effect_pass,5747,6000,0.9578333333333333
confirmation,joint_gaussian_regularized_cluster,10,0.5,0.5,6,cluster_uncertainty_pass,3306,6000,0.551
confirmation,joint_gaussian_regularized_cluster,10,0.5,0.5,7,raw_statistical_threshold_pass,1952,6000,0.3253333333333333
confirmation,joint_gaussian_regularized_cluster,10,0.5,0.5,8,multiplicity_adjusted_threshold_pass,1952,6000,0.3253333333333333
confirmation,joint_gaussian_regularized_cluster,10,0.5,0.5,9,control_adjusted_contrast_pass,1757,6000,0.29283333333333333
confirmation,joint_gaussian_regularized_cluster,10,0.5,0.5,10,control_specificity_pass,1757,6000,0.29283333333333333
confirmation,joint_gaussian_regularized_cluster,10,0.5,1.0,1,support_available_pass,5999,6000,0.9998333333333334
confirmation,joint_gaussian_regularized_cluster,10,0.5,1.0,2,complement_admissible_pass,5982,6000,0.997
confirmation,joint_gaussian_regularized_cluster,10,0.5,1.0,3,effect_direction_reproduced_pass,5752,6000,0.9586666666666667
confirmation,joint_gaussian_regularized_cluster,10,0.5,1.0,4,target_contrast_positive_pass,5752,6000,0.9586666666666667
confirmation,joint_gaussian_regularized_cluster,10,0.5,1.0,5,minimum_effect_pass,5724,6000,0.954
confirmation,joint_gaussian_regularized_cluster,10,0.5,1.0,6,cluster_uncertainty_pass,3317,6000,0.5528333333333333
confirmation,joint_gaussian_regularized_cluster,10,0.5,1.0,7,raw_statistical_threshold_pass,1952,6000,0.3253333333333333
confirmation,joint_gaussian_regularized_cluster,10,0.5,1.0,8,multiplicity_adjusted_threshold_pass,1952,6000,0.3253333333333333
confirmation,joint_gaussian_regularized_cluster,10,0.5,1.0,9,control_adjusted_contrast_pass,655,6000,0.10916666666666666
confirmation,joint_gaussian_regularized_cluster,10,0.5,1.0,10,control_specificity_pass,655,6000,0.10916666666666666
confirmation,joint_gaussian_regularized_cluster,10,0.75,0.0,1,support_available_pass,5999,6000,0.9998333333333334
confirmation,joint_gaussian_regularized_cluster,10,0.75,0.0,2,complement_admissible_pass,5981,6000,0.9968333333333333
confirmation,joint_gaussian_regularized_cluster,10,0.75,0.0,3,effect_direction_reproduced_pass,5788,6000,0.9646666666666667
confirmation,joint_gaussian_regularized_cluster,10,0.75,0.0,4,target_contrast_positive_pass,5788,6000,0.9646666666666667
confirmation,joint_gaussian_regularized_cluster,10,0.75,0.0,5,minimum_effect_pass,5784,6000,0.964
confirmation,joint_gaussian_regularized_cluster,10,0.75,0.0,6,cluster_uncertainty_pass,3429,6000,0.5715
confirmation,joint_gaussian_regularized_cluster,10,0.75,0.0,7,raw_statistical_threshold_pass,2152,6000,0.3586666666666667
confirmation,joint_gaussian_regularized_cluster,10,0.75,0.0,8,multiplicity_adjusted_threshold_pass,2152,6000,0.3586666666666667
confirmation,joint_gaussian_regularized_cluster,10,0.75,0.0,9,control_adjusted_contrast_pass,2152,6000,0.3586666666666667
confirmation,joint_gaussian_regularized_cluster,10,0.75,0.0,10,control_specificity_pass,2152,6000,0.3586666666666667
confirmation,joint_gaussian_regularized_cluster,10,0.75,0.25,1,support_available_pass,5996,6000,0.9993333333333333
confirmation,joint_gaussian_regularized_cluster,10,0.75,0.25,2,complement_admissible_pass,5981,6000,0.9968333333333333
confirmation,joint_gaussian_regularized_cluster,10,0.75,0.25,3,effect_direction_reproduced_pass,5794,6000,0.9656666666666667
confirmation,joint_gaussian_regularized_cluster,10,0.75,0.25,4,target_contrast_positive_pass,5794,6000,0.9656666666666667
confirmation,joint_gaussian_regularized_cluster,10,0.75,0.25,5,minimum_effect_pass,5792,6000,0.9653333333333334
confirmation,joint_gaussian_regularized_cluster,10,0.75,0.25,6,cluster_uncertainty_pass,3419,6000,0.5698333333333333
confirmation,joint_gaussian_regularized_cluster,10,0.75,0.25,7,raw_statistical_threshold_pass,2145,6000,0.3575
confirmation,joint_gaussian_regularized_cluster,10,0.75,0.25,8,multiplicity_adjusted_threshold_pass,2145,6000,0.3575
confirmation,joint_gaussian_regularized_cluster,10,0.75,0.25,9,control_adjusted_contrast_pass,2137,6000,0.3561666666666667
confirmation,joint_gaussian_regularized_cluster,10,0.75,0.25,10,control_specificity_pass,2137,6000,0.3561666666666667
confirmation,joint_gaussian_regularized_cluster,10,0.75,0.5,1,support_available_pass,6000,6000,1.0
confirmation,joint_gaussian_regularized_cluster,10,0.75,0.5,2,complement_admissible_pass,5987,6000,0.9978333333333333
confirmation,joint_gaussian_regularized_cluster,10,0.75,0.5,3,effect_direction_reproduced_pass,5772,6000,0.962
confirmation,joint_gaussian_regularized_cluster,10,0.75,0.5,4,target_contrast_positive_pass,5772,6000,0.962
confirmation,joint_gaussian_regularized_cluster,10,0.75,0.5,5,minimum_effect_pass,5768,6000,0.9613333333333334
confirmation,joint_gaussian_regularized_cluster,10,0.75,0.5,6,cluster_uncertainty_pass,3448,6000,0.5746666666666667
confirmation,joint_gaussian_regularized_cluster,10,0.75,0.5,7,raw_statistical_threshold_pass,2178,6000,0.363
confirmation,joint_gaussian_regularized_cluster,10,0.75,0.5,8,multiplicity_adjusted_threshold_pass,2178,6000,0.363
confirmation,joint_gaussian_regularized_cluster,10,0.75,0.5,9,control_adjusted_contrast_pass,2013,6000,0.3355
confirmation,joint_gaussian_regularized_cluster,10,0.75,0.5,10,control_specificity_pass,2013,6000,0.3355
confirmation,joint_gaussian_regularized_cluster,10,0.75,1.0,1,support_available_pass,5997,6000,0.9995
confirmation,joint_gaussian_regularized_cluster,10,0.75,1.0,2,complement_admissible_pass,5979,6000,0.9965
confirmation,joint_gaussian_regularized_cluster,10,0.75,1.0,3,effect_direction_reproduced_pass,5773,6000,0.9621666666666666
confirmation,joint_gaussian_regularized_cluster,10,0.75,1.0,4,target_contrast_positive_pass,5773,6000,0.9621666666666666
confirmation,joint_gaussian_regularized_cluster,10,0.75,1.0,5,minimum_effect_pass,5769,6000,0.9615
confirmation,joint_gaussian_regularized_cluster,10,0.75,1.0,6,cluster_uncertainty_pass,3474,6000,0.579
confirmation,joint_gaussian_regularized_cluster,10,0.75,1.0,7,raw_statistical_threshold_pass,2152,6000,0.3586666666666667
confirmation,joint_gaussian_regularized_cluster,10,0.75,1.0,8,multiplicity_adjusted_threshold_pass,2152,6000,0.3586666666666667
confirmation,joint_gaussian_regularized_cluster,10,0.75,1.0,9,control_adjusted_contrast_pass,677,6000,0.11283333333333333
confirmation,joint_gaussian_regularized_cluster,10,0.75,1.0,10,control_specificity_pass,677,6000,0.11283333333333333
confirmation,joint_gaussian_regularized_cluster,10,1.0,0.0,1,support_available_pass,5999,6000,0.9998333333333334
confirmation,joint_gaussian_regularized_cluster,10,1.0,0.0,2,complement_admissible_pass,5983,6000,0.9971666666666666
confirmation,joint_gaussian_regularized_cluster,10,1.0,0.0,3,effect_direction_reproduced_pass,5777,6000,0.9628333333333333
confirmation,joint_gaussian_regularized_cluster,10,1.0,0.0,4,target_contrast_positive_pass,5777,6000,0.9628333333333333
confirmation,joint_gaussian_regularized_cluster,10,1.0,0.0,5,minimum_effect_pass,5777,6000,0.9628333333333333
confirmation,joint_gaussian_regularized_cluster,10,1.0,0.0,6,cluster_uncertainty_pass,3497,6000,0.5828333333333333
confirmation,joint_gaussian_regularized_cluster,10,1.0,0.0,7,raw_statistical_threshold_pass,2229,6000,0.3715
confirmation,joint_gaussian_regularized_cluster,10,1.0,0.0,8,multiplicity_adjusted_threshold_pass,2229,6000,0.3715
confirmation,joint_gaussian_regularized_cluster,10,1.0,0.0,9,control_adjusted_contrast_pass,2229,6000,0.3715
confirmation,joint_gaussian_regularized_cluster,10,1.0,0.0,10,control_specificity_pass,2229,6000,0.3715
confirmation,joint_gaussian_regularized_cluster,10,1.0,0.25,1,support_available_pass,6000,6000,1.0
confirmation,joint_gaussian_regularized_cluster,10,1.0,0.25,2,complement_admissible_pass,5990,6000,0.9983333333333333
confirmation,joint_gaussian_regularized_cluster,10,1.0,0.25,3,effect_direction_reproduced_pass,5755,6000,0.9591666666666666
confirmation,joint_gaussian_regularized_cluster,10,1.0,0.25,4,target_contrast_positive_pass,5755,6000,0.9591666666666666
confirmation,joint_gaussian_regularized_cluster,10,1.0,0.25,5,minimum_effect_pass,5753,6000,0.9588333333333333
confirmation,joint_gaussian_regularized_cluster,10,1.0,0.25,6,cluster_uncertainty_pass,3479,6000,0.5798333333333333
confirmation,joint_gaussian_regularized_cluster,10,1.0,0.25,7,raw_statistical_threshold_pass,2208,6000,0.368
confirmation,joint_gaussian_regularized_cluster,10,1.0,0.25,8,multiplicity_adjusted_threshold_pass,2208,6000,0.368
confirmation,joint_gaussian_regularized_cluster,10,1.0,0.25,9,control_adjusted_contrast_pass,2207,6000,0.36783333333333335
confirmation,joint_gaussian_regularized_cluster,10,1.0,0.25,10,control_specificity_pass,2207,6000,0.36783333333333335
confirmation,joint_gaussian_regularized_cluster,10,1.0,0.5,1,support_available_pass,5997,6000,0.9995
confirmation,joint_gaussian_regularized_cluster,10,1.0,0.5,2,complement_admissible_pass,5978,6000,0.9963333333333333
confirmation,joint_gaussian_regularized_cluster,10,1.0,0.5,3,effect_direction_reproduced_pass,5818,6000,0.9696666666666667
confirmation,joint_gaussian_regularized_cluster,10,1.0,0.5,4,target_contrast_positive_pass,5818,6000,0.9696666666666667
confirmation,joint_gaussian_regularized_cluster,10,1.0,0.5,5,minimum_effect_pass,5818,6000,0.9696666666666667
confirmation,joint_gaussian_regularized_cluster,10,1.0,0.5,6,cluster_uncertainty_pass,3518,6000,0.5863333333333334
confirmation,joint_gaussian_regularized_cluster,10,1.0,0.5,7,raw_statistical_threshold_pass,2224,6000,0.37066666666666664
confirmation,joint_gaussian_regularized_cluster,10,1.0,0.5,8,multiplicity_adjusted_threshold_pass,2224,6000,0.37066666666666664
confirmation,joint_gaussian_regularized_cluster,10,1.0,0.5,9,control_adjusted_contrast_pass,2119,6000,0.3531666666666667
confirmation,joint_gaussian_regularized_cluster,10,1.0,0.5,10,control_specificity_pass,2119,6000,0.3531666666666667
confirmation,joint_gaussian_regularized_cluster,10,1.0,1.0,1,support_available_pass,5999,6000,0.9998333333333334
confirmation,joint_gaussian_regularized_cluster,10,1.0,1.0,2,complement_admissible_pass,5975,6000,0.9958333333333333
confirmation,joint_gaussian_regularized_cluster,10,1.0,1.0,3,effect_direction_reproduced_pass,5769,6000,0.9615
confirmation,joint_gaussian_regularized_cluster,10,1.0,1.0,4,target_contrast_positive_pass,5769,6000,0.9615
confirmation,joint_gaussian_regularized_cluster,10,1.0,1.0,5,minimum_effect_pass,5769,6000,0.9615
confirmation,joint_gaussian_regularized_cluster,10,1.0,1.0,6,cluster_uncertainty_pass,3482,6000,0.5803333333333334
confirmation,joint_gaussian_regularized_cluster,10,1.0,1.0,7,raw_statistical_threshold_pass,2224,6000,0.37066666666666664
confirmation,joint_gaussian_regularized_cluster,10,1.0,1.0,8,multiplicity_adjusted_threshold_pass,2224,6000,0.37066666666666664
confirmation,joint_gaussian_regularized_cluster,10,1.0,1.0,9,control_adjusted_contrast_pass,718,6000,0.11966666666666667
confirmation,joint_gaussian_regularized_cluster,10,1.0,1.0,10,control_specificity_pass,718,6000,0.11966666666666667
confirmation,joint_gaussian_regularized_cluster,10,1.5,0.0,1,support_available_pass,6000,6000,1.0
confirmation,joint_gaussian_regularized_cluster,10,1.5,0.0,2,complement_admissible_pass,5985,6000,0.9975
confirmation,joint_gaussian_regularized_cluster,10,1.5,0.0,3,effect_direction_reproduced_pass,5777,6000,0.9628333333333333
confirmation,joint_gaussian_regularized_cluster,10,1.5,0.0,4,target_contrast_positive_pass,5777,6000,0.9628333333333333
confirmation,joint_gaussian_regularized_cluster,10,1.5,0.0,5,minimum_effect_pass,5777,6000,0.9628333333333333
confirmation,joint_gaussian_regularized_cluster,10,1.5,0.0,6,cluster_uncertainty_pass,3516,6000,0.586
confirmation,joint_gaussian_regularized_cluster,10,1.5,0.0,7,raw_statistical_threshold_pass,2282,6000,0.38033333333333336
confirmation,joint_gaussian_regularized_cluster,10,1.5,0.0,8,multiplicity_adjusted_threshold_pass,2282,6000,0.38033333333333336
confirmation,joint_gaussian_regularized_cluster,10,1.5,0.0,9,control_adjusted_contrast_pass,2282,6000,0.38033333333333336
confirmation,joint_gaussian_regularized_cluster,10,1.5,0.0,10,control_specificity_pass,2282,6000,0.38033333333333336
confirmation,joint_gaussian_regularized_cluster,10,1.5,0.25,1,support_available_pass,5999,6000,0.9998333333333334
confirmation,joint_gaussian_regularized_cluster,10,1.5,0.25,2,complement_admissible_pass,5983,6000,0.9971666666666666
confirmation,joint_gaussian_regularized_cluster,10,1.5,0.25,3,effect_direction_reproduced_pass,5779,6000,0.9631666666666666
confirmation,joint_gaussian_regularized_cluster,10,1.5,0.25,4,target_contrast_positive_pass,5779,6000,0.9631666666666666
confirmation,joint_gaussian_regularized_cluster,10,1.5,0.25,5,minimum_effect_pass,5779,6000,0.9631666666666666
confirmation,joint_gaussian_regularized_cluster,10,1.5,0.25,6,cluster_uncertainty_pass,3508,6000,0.5846666666666667
confirmation,joint_gaussian_regularized_cluster,10,1.5,0.25,7,raw_statistical_threshold_pass,2252,6000,0.37533333333333335
confirmation,joint_gaussian_regularized_cluster,10,1.5,0.25,8,multiplicity_adjusted_threshold_pass,2252,6000,0.37533333333333335
confirmation,joint_gaussian_regularized_cluster,10,1.5,0.25,9,control_adjusted_contrast_pass,2251,6000,0.37516666666666665
confirmation,joint_gaussian_regularized_cluster,10,1.5,0.25,10,control_specificity_pass,2251,6000,0.37516666666666665
confirmation,joint_gaussian_regularized_cluster,10,1.5,0.5,1,support_available_pass,5999,6000,0.9998333333333334
confirmation,joint_gaussian_regularized_cluster,10,1.5,0.5,2,complement_admissible_pass,5971,6000,0.9951666666666666
confirmation,joint_gaussian_regularized_cluster,10,1.5,0.5,3,effect_direction_reproduced_pass,5779,6000,0.9631666666666666
confirmation,joint_gaussian_regularized_cluster,10,1.5,0.5,4,target_contrast_positive_pass,5779,6000,0.9631666666666666
confirmation,joint_gaussian_regularized_cluster,10,1.5,0.5,5,minimum_effect_pass,5779,6000,0.9631666666666666
confirmation,joint_gaussian_regularized_cluster,10,1.5,0.5,6,cluster_uncertainty_pass,3495,6000,0.5825
confirmation,joint_gaussian_regularized_cluster,10,1.5,0.5,7,raw_statistical_threshold_pass,2244,6000,0.374
confirmation,joint_gaussian_regularized_cluster,10,1.5,0.5,8,multiplicity_adjusted_threshold_pass,2244,6000,0.374
confirmation,joint_gaussian_regularized_cluster,10,1.5,0.5,9,control_adjusted_contrast_pass,2181,6000,0.3635
confirmation,joint_gaussian_regularized_cluster,10,1.5,0.5,10,control_specificity_pass,2181,6000,0.3635
confirmation,joint_gaussian_regularized_cluster,10,1.5,1.0,1,support_available_pass,5996,6000,0.9993333333333333
confirmation,joint_gaussian_regularized_cluster,10,1.5,1.0,2,complement_admissible_pass,5975,6000,0.9958333333333333
confirmation,joint_gaussian_regularized_cluster,10,1.5,1.0,3,effect_direction_reproduced_pass,5787,6000,0.9645
confirmation,joint_gaussian_regularized_cluster,10,1.5,1.0,4,target_contrast_positive_pass,5787,6000,0.9645
confirmation,joint_gaussian_regularized_cluster,10,1.5,1.0,5,minimum_effect_pass,5787,6000,0.9645
confirmation,joint_gaussian_regularized_cluster,10,1.5,1.0,6,cluster_uncertainty_pass,3490,6000,0.5816666666666667
confirmation,joint_gaussian_regularized_cluster,10,1.5,1.0,7,raw_statistical_threshold_pass,2259,6000,0.3765
confirmation,joint_gaussian_regularized_cluster,10,1.5,1.0,8,multiplicity_adjusted_threshold_pass,2259,6000,0.3765
confirmation,joint_gaussian_regularized_cluster,10,1.5,1.0,9,control_adjusted_contrast_pass,679,6000,0.11316666666666667
confirmation,joint_gaussian_regularized_cluster,10,1.5,1.0,10,control_specificity_pass,679,6000,0.11316666666666667
confirmation,joint_gaussian_regularized_cluster,10,2.0,0.0,1,support_available_pass,5999,6000,0.9998333333333334
confirmation,joint_gaussian_regularized_cluster,10,2.0,0.0,2,complement_admissible_pass,5988,6000,0.998
confirmation,joint_gaussian_regularized_cluster,10,2.0,0.0,3,effect_direction_reproduced_pass,5791,6000,0.9651666666666666
confirmation,joint_gaussian_regularized_cluster,10,2.0,0.0,4,target_contrast_positive_pass,5791,6000,0.9651666666666666
confirmation,joint_gaussian_regularized_cluster,10,2.0,0.0,5,minimum_effect_pass,5791,6000,0.9651666666666666
confirmation,joint_gaussian_regularized_cluster,10,2.0,0.0,6,cluster_uncertainty_pass,3499,6000,0.5831666666666667
confirmation,joint_gaussian_regularized_cluster,10,2.0,0.0,7,raw_statistical_threshold_pass,2263,6000,0.37716666666666665
confirmation,joint_gaussian_regularized_cluster,10,2.0,0.0,8,multiplicity_adjusted_threshold_pass,2263,6000,0.37716666666666665
confirmation,joint_gaussian_regularized_cluster,10,2.0,0.0,9,control_adjusted_contrast_pass,2263,6000,0.37716666666666665
confirmation,joint_gaussian_regularized_cluster,10,2.0,0.0,10,control_specificity_pass,2263,6000,0.37716666666666665
confirmation,joint_gaussian_regularized_cluster,10,2.0,0.25,1,support_available_pass,5999,6000,0.9998333333333334
confirmation,joint_gaussian_regularized_cluster,10,2.0,0.25,2,complement_admissible_pass,5982,6000,0.997
confirmation,joint_gaussian_regularized_cluster,10,2.0,0.25,3,effect_direction_reproduced_pass,5736,6000,0.956
confirmation,joint_gaussian_regularized_cluster,10,2.0,0.25,4,target_contrast_positive_pass,5736,6000,0.956
confirmation,joint_gaussian_regularized_cluster,10,2.0,0.25,5,minimum_effect_pass,5736,6000,0.956
confirmation,joint_gaussian_regularized_cluster,10,2.0,0.25,6,cluster_uncertainty_pass,3507,6000,0.5845
confirmation,joint_gaussian_regularized_cluster,10,2.0,0.25,7,raw_statistical_threshold_pass,2263,6000,0.37716666666666665
confirmation,joint_gaussian_regularized_cluster,10,2.0,0.25,8,multiplicity_adjusted_threshold_pass,2263,6000,0.37716666666666665
confirmation,joint_gaussian_regularized_cluster,10,2.0,0.25,9,control_adjusted_contrast_pass,2263,6000,0.37716666666666665
confirmation,joint_gaussian_regularized_cluster,10,2.0,0.25,10,control_specificity_pass,2263,6000,0.37716666666666665
confirmation,joint_gaussian_regularized_cluster,10,2.0,0.5,1,support_available_pass,5997,6000,0.9995
confirmation,joint_gaussian_regularized_cluster,10,2.0,0.5,2,complement_admissible_pass,5979,6000,0.9965
confirmation,joint_gaussian_regularized_cluster,10,2.0,0.5,3,effect_direction_reproduced_pass,5777,6000,0.9628333333333333
confirmation,joint_gaussian_regularized_cluster,10,2.0,0.5,4,target_contrast_positive_pass,5777,6000,0.9628333333333333
confirmation,joint_gaussian_regularized_cluster,10,2.0,0.5,5,minimum_effect_pass,5777,6000,0.9628333333333333
confirmation,joint_gaussian_regularized_cluster,10,2.0,0.5,6,cluster_uncertainty_pass,3483,6000,0.5805
confirmation,joint_gaussian_regularized_cluster,10,2.0,0.5,7,raw_statistical_threshold_pass,2224,6000,0.37066666666666664
confirmation,joint_gaussian_regularized_cluster,10,2.0,0.5,8,multiplicity_adjusted_threshold_pass,2224,6000,0.37066666666666664
confirmation,joint_gaussian_regularized_cluster,10,2.0,0.5,9,control_adjusted_contrast_pass,2175,6000,0.3625
confirmation,joint_gaussian_regularized_cluster,10,2.0,0.5,10,control_specificity_pass,2175,6000,0.3625
confirmation,joint_gaussian_regularized_cluster,10,2.0,1.0,1,support_available_pass,5998,6000,0.9996666666666667
confirmation,joint_gaussian_regularized_cluster,10,2.0,1.0,2,complement_admissible_pass,5989,6000,0.9981666666666666
confirmation,joint_gaussian_regularized_cluster,10,2.0,1.0,3,effect_direction_reproduced_pass,5775,6000,0.9625
confirmation,joint_gaussian_regularized_cluster,10,2.0,1.0,4,target_contrast_positive_pass,5775,6000,0.9625
confirmation,joint_gaussian_regularized_cluster,10,2.0,1.0,5,minimum_effect_pass,5775,6000,0.9625
confirmation,joint_gaussian_regularized_cluster,10,2.0,1.0,6,cluster_uncertainty_pass,3518,6000,0.5863333333333334
confirmation,joint_gaussian_regularized_cluster,10,2.0,1.0,7,raw_statistical_threshold_pass,2277,6000,0.3795
confirmation,joint_gaussian_regularized_cluster,10,2.0,1.0,8,multiplicity_adjusted_threshold_pass,2277,6000,0.3795
confirmation,joint_gaussian_regularized_cluster,10,2.0,1.0,9,control_adjusted_contrast_pass,613,6000,0.10216666666666667
confirmation,joint_gaussian_regularized_cluster,10,2.0,1.0,10,control_specificity_pass,613,6000,0.10216666666666667
confirmation,joint_gaussian_regularized_cluster,12,0.0,0.0,1,support_available_pass,5998,6000,0.9996666666666667
confirmation,joint_gaussian_regularized_cluster,12,0.0,0.0,2,complement_admissible_pass,5990,6000,0.9983333333333333
confirmation,joint_gaussian_regularized_cluster,12,0.0,0.0,3,effect_direction_reproduced_pass,0,6000,0.0
confirmation,joint_gaussian_regularized_cluster,12,0.0,0.0,4,target_contrast_positive_pass,0,6000,0.0
confirmation,joint_gaussian_regularized_cluster,12,0.0,0.0,5,minimum_effect_pass,0,6000,0.0
confirmation,joint_gaussian_regularized_cluster,12,0.0,0.0,6,cluster_uncertainty_pass,0,6000,0.0
confirmation,joint_gaussian_regularized_cluster,12,0.0,0.0,7,raw_statistical_threshold_pass,0,6000,0.0
confirmation,joint_gaussian_regularized_cluster,12,0.0,0.0,8,multiplicity_adjusted_threshold_pass,0,6000,0.0
confirmation,joint_gaussian_regularized_cluster,12,0.0,0.0,9,control_adjusted_contrast_pass,0,6000,0.0
confirmation,joint_gaussian_regularized_cluster,12,0.0,0.0,10,control_specificity_pass,0,6000,0.0
confirmation,joint_gaussian_regularized_cluster,12,0.25,0.0,1,support_available_pass,6000,6000,1.0
confirmation,joint_gaussian_regularized_cluster,12,0.25,0.0,2,complement_admissible_pass,5992,6000,0.9986666666666667
confirmation,joint_gaussian_regularized_cluster,12,0.25,0.0,3,effect_direction_reproduced_pass,5856,6000,0.976
confirmation,joint_gaussian_regularized_cluster,12,0.25,0.0,4,target_contrast_positive_pass,5856,6000,0.976
confirmation,joint_gaussian_regularized_cluster,12,0.25,0.0,5,minimum_effect_pass,5169,6000,0.8615
confirmation,joint_gaussian_regularized_cluster,12,0.25,0.0,6,cluster_uncertainty_pass,2762,6000,0.4603333333333333
confirmation,joint_gaussian_regularized_cluster,12,0.25,0.0,7,raw_statistical_threshold_pass,1565,6000,0.2608333333333333
confirmation,joint_gaussian_regularized_cluster,12,0.25,0.0,8,multiplicity_adjusted_threshold_pass,1565,6000,0.2608333333333333
confirmation,joint_gaussian_regularized_cluster,12,0.25,0.0,9,control_adjusted_contrast_pass,1565,6000,0.2608333333333333
confirmation,joint_gaussian_regularized_cluster,12,0.25,0.0,10,control_specificity_pass,1565,6000,0.2608333333333333
confirmation,joint_gaussian_regularized_cluster,12,0.25,0.25,1,support_available_pass,6000,6000,1.0
confirmation,joint_gaussian_regularized_cluster,12,0.25,0.25,2,complement_admissible_pass,5992,6000,0.9986666666666667
confirmation,joint_gaussian_regularized_cluster,12,0.25,0.25,3,effect_direction_reproduced_pass,5868,6000,0.978
confirmation,joint_gaussian_regularized_cluster,12,0.25,0.25,4,target_contrast_positive_pass,5868,6000,0.978
confirmation,joint_gaussian_regularized_cluster,12,0.25,0.25,5,minimum_effect_pass,5189,6000,0.8648333333333333
confirmation,joint_gaussian_regularized_cluster,12,0.25,0.25,6,cluster_uncertainty_pass,2750,6000,0.4583333333333333
confirmation,joint_gaussian_regularized_cluster,12,0.25,0.25,7,raw_statistical_threshold_pass,1568,6000,0.2613333333333333
confirmation,joint_gaussian_regularized_cluster,12,0.25,0.25,8,multiplicity_adjusted_threshold_pass,1568,6000,0.2613333333333333
confirmation,joint_gaussian_regularized_cluster,12,0.25,0.25,9,control_adjusted_contrast_pass,1548,6000,0.258
confirmation,joint_gaussian_regularized_cluster,12,0.25,0.25,10,control_specificity_pass,1548,6000,0.258
confirmation,joint_gaussian_regularized_cluster,12,0.25,0.5,1,support_available_pass,5999,6000,0.9998333333333334
confirmation,joint_gaussian_regularized_cluster,12,0.25,0.5,2,complement_admissible_pass,5994,6000,0.999
confirmation,joint_gaussian_regularized_cluster,12,0.25,0.5,3,effect_direction_reproduced_pass,5845,6000,0.9741666666666666
confirmation,joint_gaussian_regularized_cluster,12,0.25,0.5,4,target_contrast_positive_pass,5845,6000,0.9741666666666666
confirmation,joint_gaussian_regularized_cluster,12,0.25,0.5,5,minimum_effect_pass,5165,6000,0.8608333333333333
confirmation,joint_gaussian_regularized_cluster,12,0.25,0.5,6,cluster_uncertainty_pass,2823,6000,0.4705
confirmation,joint_gaussian_regularized_cluster,12,0.25,0.5,7,raw_statistical_threshold_pass,1582,6000,0.26366666666666666
confirmation,joint_gaussian_regularized_cluster,12,0.25,0.5,8,multiplicity_adjusted_threshold_pass,1582,6000,0.26366666666666666
confirmation,joint_gaussian_regularized_cluster,12,0.25,0.5,9,control_adjusted_contrast_pass,1357,6000,0.22616666666666665
confirmation,joint_gaussian_regularized_cluster,12,0.25,0.5,10,control_specificity_pass,1357,6000,0.22616666666666665
confirmation,joint_gaussian_regularized_cluster,12,0.25,1.0,1,support_available_pass,5999,6000,0.9998333333333334
confirmation,joint_gaussian_regularized_cluster,12,0.25,1.0,2,complement_admissible_pass,5994,6000,0.999
confirmation,joint_gaussian_regularized_cluster,12,0.25,1.0,3,effect_direction_reproduced_pass,5873,6000,0.9788333333333333
confirmation,joint_gaussian_regularized_cluster,12,0.25,1.0,4,target_contrast_positive_pass,5873,6000,0.9788333333333333
confirmation,joint_gaussian_regularized_cluster,12,0.25,1.0,5,minimum_effect_pass,5196,6000,0.866
confirmation,joint_gaussian_regularized_cluster,12,0.25,1.0,6,cluster_uncertainty_pass,2804,6000,0.4673333333333333
confirmation,joint_gaussian_regularized_cluster,12,0.25,1.0,7,raw_statistical_threshold_pass,1594,6000,0.26566666666666666
confirmation,joint_gaussian_regularized_cluster,12,0.25,1.0,8,multiplicity_adjusted_threshold_pass,1594,6000,0.26566666666666666
confirmation,joint_gaussian_regularized_cluster,12,0.25,1.0,9,control_adjusted_contrast_pass,505,6000,0.08416666666666667
confirmation,joint_gaussian_regularized_cluster,12,0.25,1.0,10,control_specificity_pass,505,6000,0.08416666666666667
confirmation,joint_gaussian_regularized_cluster,12,0.5,0.0,1,support_available_pass,6000,6000,1.0
confirmation,joint_gaussian_regularized_cluster,12,0.5,0.0,2,complement_admissible_pass,5991,6000,0.9985
confirmation,joint_gaussian_regularized_cluster,12,0.5,0.0,3,effect_direction_reproduced_pass,5872,6000,0.9786666666666667
confirmation,joint_gaussian_regularized_cluster,12,0.5,0.0,4,target_contrast_positive_pass,5872,6000,0.9786666666666667
confirmation,joint_gaussian_regularized_cluster,12,0.5,0.0,5,minimum_effect_pass,5854,6000,0.9756666666666667
confirmation,joint_gaussian_regularized_cluster,12,0.5,0.0,6,cluster_uncertainty_pass,3538,6000,0.5896666666666667
confirmation,joint_gaussian_regularized_cluster,12,0.5,0.0,7,raw_statistical_threshold_pass,2359,6000,0.39316666666666666
confirmation,joint_gaussian_regularized_cluster,12,0.5,0.0,8,multiplicity_adjusted_threshold_pass,2359,6000,0.39316666666666666
confirmation,joint_gaussian_regularized_cluster,12,0.5,0.0,9,control_adjusted_contrast_pass,2359,6000,0.39316666666666666
confirmation,joint_gaussian_regularized_cluster,12,0.5,0.0,10,control_specificity_pass,2359,6000,0.39316666666666666
confirmation,joint_gaussian_regularized_cluster,12,0.5,0.25,1,support_available_pass,6000,6000,1.0
confirmation,joint_gaussian_regularized_cluster,12,0.5,0.25,2,complement_admissible_pass,5996,6000,0.9993333333333333
confirmation,joint_gaussian_regularized_cluster,12,0.5,0.25,3,effect_direction_reproduced_pass,5866,6000,0.9776666666666667
confirmation,joint_gaussian_regularized_cluster,12,0.5,0.25,4,target_contrast_positive_pass,5866,6000,0.9776666666666667
confirmation,joint_gaussian_regularized_cluster,12,0.5,0.25,5,minimum_effect_pass,5849,6000,0.9748333333333333
confirmation,joint_gaussian_regularized_cluster,12,0.5,0.25,6,cluster_uncertainty_pass,3544,6000,0.5906666666666667
confirmation,joint_gaussian_regularized_cluster,12,0.5,0.25,7,raw_statistical_threshold_pass,2344,6000,0.39066666666666666
confirmation,joint_gaussian_regularized_cluster,12,0.5,0.25,8,multiplicity_adjusted_threshold_pass,2344,6000,0.39066666666666666
confirmation,joint_gaussian_regularized_cluster,12,0.5,0.25,9,control_adjusted_contrast_pass,2327,6000,0.3878333333333333
confirmation,joint_gaussian_regularized_cluster,12,0.5,0.25,10,control_specificity_pass,2327,6000,0.3878333333333333
confirmation,joint_gaussian_regularized_cluster,12,0.5,0.5,1,support_available_pass,6000,6000,1.0
confirmation,joint_gaussian_regularized_cluster,12,0.5,0.5,2,complement_admissible_pass,5995,6000,0.9991666666666666
confirmation,joint_gaussian_regularized_cluster,12,0.5,0.5,3,effect_direction_reproduced_pass,5874,6000,0.979
confirmation,joint_gaussian_regularized_cluster,12,0.5,0.5,4,target_contrast_positive_pass,5874,6000,0.979
confirmation,joint_gaussian_regularized_cluster,12,0.5,0.5,5,minimum_effect_pass,5854,6000,0.9756666666666667
confirmation,joint_gaussian_regularized_cluster,12,0.5,0.5,6,cluster_uncertainty_pass,3543,6000,0.5905
confirmation,joint_gaussian_regularized_cluster,12,0.5,0.5,7,raw_statistical_threshold_pass,2424,6000,0.404
confirmation,joint_gaussian_regularized_cluster,12,0.5,0.5,8,multiplicity_adjusted_threshold_pass,2424,6000,0.404
confirmation,joint_gaussian_regularized_cluster,12,0.5,0.5,9,control_adjusted_contrast_pass,2180,6000,0.36333333333333334
confirmation,joint_gaussian_regularized_cluster,12,0.5,0.5,10,control_specificity_pass,2180,6000,0.36333333333333334
confirmation,joint_gaussian_regularized_cluster,12,0.5,1.0,1,support_available_pass,6000,6000,1.0
confirmation,joint_gaussian_regularized_cluster,12,0.5,1.0,2,complement_admissible_pass,5994,6000,0.999
confirmation,joint_gaussian_regularized_cluster,12,0.5,1.0,3,effect_direction_reproduced_pass,5860,6000,0.9766666666666667
confirmation,joint_gaussian_regularized_cluster,12,0.5,1.0,4,target_contrast_positive_pass,5860,6000,0.9766666666666667
confirmation,joint_gaussian_regularized_cluster,12,0.5,1.0,5,minimum_effect_pass,5843,6000,0.9738333333333333
confirmation,joint_gaussian_regularized_cluster,12,0.5,1.0,6,cluster_uncertainty_pass,3560,6000,0.5933333333333334
confirmation,joint_gaussian_regularized_cluster,12,0.5,1.0,7,raw_statistical_threshold_pass,2417,6000,0.4028333333333333
confirmation,joint_gaussian_regularized_cluster,12,0.5,1.0,8,multiplicity_adjusted_threshold_pass,2417,6000,0.4028333333333333
confirmation,joint_gaussian_regularized_cluster,12,0.5,1.0,9,control_adjusted_contrast_pass,699,6000,0.1165
confirmation,joint_gaussian_regularized_cluster,12,0.5,1.0,10,control_specificity_pass,699,6000,0.1165
confirmation,joint_gaussian_regularized_cluster,12,0.75,0.0,1,support_available_pass,6000,6000,1.0
confirmation,joint_gaussian_regularized_cluster,12,0.75,0.0,2,complement_admissible_pass,5993,6000,0.9988333333333334
confirmation,joint_gaussian_regularized_cluster,12,0.75,0.0,3,effect_direction_reproduced_pass,5873,6000,0.9788333333333333
confirmation,joint_gaussian_regularized_cluster,12,0.75,0.0,4,target_contrast_positive_pass,5873,6000,0.9788333333333333
confirmation,joint_gaussian_regularized_cluster,12,0.75,0.0,5,minimum_effect_pass,5871,6000,0.9785
confirmation,joint_gaussian_regularized_cluster,12,0.75,0.0,6,cluster_uncertainty_pass,3642,6000,0.607
confirmation,joint_gaussian_regularized_cluster,12,0.75,0.0,7,raw_statistical_threshold_pass,2522,6000,0.42033333333333334
confirmation,joint_gaussian_regularized_cluster,12,0.75,0.0,8,multiplicity_adjusted_threshold_pass,2522,6000,0.42033333333333334
confirmation,joint_gaussian_regularized_cluster,12,0.75,0.0,9,control_adjusted_contrast_pass,2522,6000,0.42033333333333334
confirmation,joint_gaussian_regularized_cluster,12,0.75,0.0,10,control_specificity_pass,2522,6000,0.42033333333333334
confirmation,joint_gaussian_regularized_cluster,12,0.75,0.25,1,support_available_pass,5999,6000,0.9998333333333334
confirmation,joint_gaussian_regularized_cluster,12,0.75,0.25,2,complement_admissible_pass,5992,6000,0.9986666666666667
confirmation,joint_gaussian_regularized_cluster,12,0.75,0.25,3,effect_direction_reproduced_pass,5879,6000,0.9798333333333333
confirmation,joint_gaussian_regularized_cluster,12,0.75,0.25,4,target_contrast_positive_pass,5879,6000,0.9798333333333333
confirmation,joint_gaussian_regularized_cluster,12,0.75,0.25,5,minimum_effect_pass,5878,6000,0.9796666666666667
confirmation,joint_gaussian_regularized_cluster,12,0.75,0.25,6,cluster_uncertainty_pass,3627,6000,0.6045
confirmation,joint_gaussian_regularized_cluster,12,0.75,0.25,7,raw_statistical_threshold_pass,2513,6000,0.41883333333333334
confirmation,joint_gaussian_regularized_cluster,12,0.75,0.25,8,multiplicity_adjusted_threshold_pass,2513,6000,0.41883333333333334
confirmation,joint_gaussian_regularized_cluster,12,0.75,0.25,9,control_adjusted_contrast_pass,2505,6000,0.4175
confirmation,joint_gaussian_regularized_cluster,12,0.75,0.25,10,control_specificity_pass,2505,6000,0.4175
confirmation,joint_gaussian_regularized_cluster,12,0.75,0.5,1,support_available_pass,6000,6000,1.0
confirmation,joint_gaussian_regularized_cluster,12,0.75,0.5,2,complement_admissible_pass,5996,6000,0.9993333333333333
confirmation,joint_gaussian_regularized_cluster,12,0.75,0.5,3,effect_direction_reproduced_pass,5870,6000,0.9783333333333334
confirmation,joint_gaussian_regularized_cluster,12,0.75,0.5,4,target_contrast_positive_pass,5870,6000,0.9783333333333334
confirmation,joint_gaussian_regularized_cluster,12,0.75,0.5,5,minimum_effect_pass,5869,6000,0.9781666666666666
confirmation,joint_gaussian_regularized_cluster,12,0.75,0.5,6,cluster_uncertainty_pass,3625,6000,0.6041666666666666
confirmation,joint_gaussian_regularized_cluster,12,0.75,0.5,7,raw_statistical_threshold_pass,2567,6000,0.42783333333333334
confirmation,joint_gaussian_regularized_cluster,12,0.75,0.5,8,multiplicity_adjusted_threshold_pass,2567,6000,0.42783333333333334
confirmation,joint_gaussian_regularized_cluster,12,0.75,0.5,9,control_adjusted_contrast_pass,2410,6000,0.40166666666666667
confirmation,joint_gaussian_regularized_cluster,12,0.75,0.5,10,control_specificity_pass,2410,6000,0.40166666666666667
confirmation,joint_gaussian_regularized_cluster,12,0.75,1.0,1,support_available_pass,5999,6000,0.9998333333333334
confirmation,joint_gaussian_regularized_cluster,12,0.75,1.0,2,complement_admissible_pass,5992,6000,0.9986666666666667
confirmation,joint_gaussian_regularized_cluster,12,0.75,1.0,3,effect_direction_reproduced_pass,5857,6000,0.9761666666666666
confirmation,joint_gaussian_regularized_cluster,12,0.75,1.0,4,target_contrast_positive_pass,5857,6000,0.9761666666666666
confirmation,joint_gaussian_regularized_cluster,12,0.75,1.0,5,minimum_effect_pass,5854,6000,0.9756666666666667
confirmation,joint_gaussian_regularized_cluster,12,0.75,1.0,6,cluster_uncertainty_pass,3669,6000,0.6115
confirmation,joint_gaussian_regularized_cluster,12,0.75,1.0,7,raw_statistical_threshold_pass,2565,6000,0.4275
confirmation,joint_gaussian_regularized_cluster,12,0.75,1.0,8,multiplicity_adjusted_threshold_pass,2565,6000,0.4275
confirmation,joint_gaussian_regularized_cluster,12,0.75,1.0,9,control_adjusted_contrast_pass,732,6000,0.122
confirmation,joint_gaussian_regularized_cluster,12,0.75,1.0,10,control_specificity_pass,732,6000,0.122
confirmation,joint_gaussian_regularized_cluster,12,1.0,0.0,1,support_available_pass,5999,6000,0.9998333333333334
confirmation,joint_gaussian_regularized_cluster,12,1.0,0.0,2,complement_admissible_pass,5995,6000,0.9991666666666666
confirmation,joint_gaussian_regularized_cluster,12,1.0,0.0,3,effect_direction_reproduced_pass,5883,6000,0.9805
confirmation,joint_gaussian_regularized_cluster,12,1.0,0.0,4,target_contrast_positive_pass,5883,6000,0.9805
confirmation,joint_gaussian_regularized_cluster,12,1.0,0.0,5,minimum_effect_pass,5883,6000,0.9805
confirmation,joint_gaussian_regularized_cluster,12,1.0,0.0,6,cluster_uncertainty_pass,3672,6000,0.612
confirmation,joint_gaussian_regularized_cluster,12,1.0,0.0,7,raw_statistical_threshold_pass,2605,6000,0.43416666666666665
confirmation,joint_gaussian_regularized_cluster,12,1.0,0.0,8,multiplicity_adjusted_threshold_pass,2605,6000,0.43416666666666665
confirmation,joint_gaussian_regularized_cluster,12,1.0,0.0,9,control_adjusted_contrast_pass,2605,6000,0.43416666666666665
confirmation,joint_gaussian_regularized_cluster,12,1.0,0.0,10,control_specificity_pass,2605,6000,0.43416666666666665
confirmation,joint_gaussian_regularized_cluster,12,1.0,0.25,1,support_available_pass,6000,6000,1.0
confirmation,joint_gaussian_regularized_cluster,12,1.0,0.25,2,complement_admissible_pass,5996,6000,0.9993333333333333
confirmation,joint_gaussian_regularized_cluster,12,1.0,0.25,3,effect_direction_reproduced_pass,5860,6000,0.9766666666666667
confirmation,joint_gaussian_regularized_cluster,12,1.0,0.25,4,target_contrast_positive_pass,5860,6000,0.9766666666666667
confirmation,joint_gaussian_regularized_cluster,12,1.0,0.25,5,minimum_effect_pass,5859,6000,0.9765
confirmation,joint_gaussian_regularized_cluster,12,1.0,0.25,6,cluster_uncertainty_pass,3669,6000,0.6115
confirmation,joint_gaussian_regularized_cluster,12,1.0,0.25,7,raw_statistical_threshold_pass,2609,6000,0.43483333333333335
confirmation,joint_gaussian_regularized_cluster,12,1.0,0.25,8,multiplicity_adjusted_threshold_pass,2609,6000,0.43483333333333335
confirmation,joint_gaussian_regularized_cluster,12,1.0,0.25,9,control_adjusted_contrast_pass,2608,6000,0.43466666666666665
confirmation,joint_gaussian_regularized_cluster,12,1.0,0.25,10,control_specificity_pass,2608,6000,0.43466666666666665
confirmation,joint_gaussian_regularized_cluster,12,1.0,0.5,1,support_available_pass,5999,6000,0.9998333333333334
confirmation,joint_gaussian_regularized_cluster,12,1.0,0.5,2,complement_admissible_pass,5992,6000,0.9986666666666667
confirmation,joint_gaussian_regularized_cluster,12,1.0,0.5,3,effect_direction_reproduced_pass,5903,6000,0.9838333333333333
confirmation,joint_gaussian_regularized_cluster,12,1.0,0.5,4,target_contrast_positive_pass,5903,6000,0.9838333333333333
confirmation,joint_gaussian_regularized_cluster,12,1.0,0.5,5,minimum_effect_pass,5903,6000,0.9838333333333333
confirmation,joint_gaussian_regularized_cluster,12,1.0,0.5,6,cluster_uncertainty_pass,3692,6000,0.6153333333333333
confirmation,joint_gaussian_regularized_cluster,12,1.0,0.5,7,raw_statistical_threshold_pass,2630,6000,0.43833333333333335
confirmation,joint_gaussian_regularized_cluster,12,1.0,0.5,8,multiplicity_adjusted_threshold_pass,2630,6000,0.43833333333333335
confirmation,joint_gaussian_regularized_cluster,12,1.0,0.5,9,control_adjusted_contrast_pass,2541,6000,0.4235
confirmation,joint_gaussian_regularized_cluster,12,1.0,0.5,10,control_specificity_pass,2541,6000,0.4235
confirmation,joint_gaussian_regularized_cluster,12,1.0,1.0,1,support_available_pass,6000,6000,1.0
confirmation,joint_gaussian_regularized_cluster,12,1.0,1.0,2,complement_admissible_pass,5992,6000,0.9986666666666667
confirmation,joint_gaussian_regularized_cluster,12,1.0,1.0,3,effect_direction_reproduced_pass,5879,6000,0.9798333333333333
confirmation,joint_gaussian_regularized_cluster,12,1.0,1.0,4,target_contrast_positive_pass,5879,6000,0.9798333333333333
confirmation,joint_gaussian_regularized_cluster,12,1.0,1.0,5,minimum_effect_pass,5879,6000,0.9798333333333333
confirmation,joint_gaussian_regularized_cluster,12,1.0,1.0,6,cluster_uncertainty_pass,3661,6000,0.6101666666666666
confirmation,joint_gaussian_regularized_cluster,12,1.0,1.0,7,raw_statistical_threshold_pass,2584,6000,0.43066666666666664
confirmation,joint_gaussian_regularized_cluster,12,1.0,1.0,8,multiplicity_adjusted_threshold_pass,2584,6000,0.43066666666666664
confirmation,joint_gaussian_regularized_cluster,12,1.0,1.0,9,control_adjusted_contrast_pass,734,6000,0.12233333333333334
confirmation,joint_gaussian_regularized_cluster,12,1.0,1.0,10,control_specificity_pass,734,6000,0.12233333333333334
confirmation,joint_gaussian_regularized_cluster,12,1.5,0.0,1,support_available_pass,6000,6000,1.0
confirmation,joint_gaussian_regularized_cluster,12,1.5,0.0,2,complement_admissible_pass,5995,6000,0.9991666666666666
confirmation,joint_gaussian_regularized_cluster,12,1.5,0.0,3,effect_direction_reproduced_pass,5878,6000,0.9796666666666667
confirmation,joint_gaussian_regularized_cluster,12,1.5,0.0,4,target_contrast_positive_pass,5878,6000,0.9796666666666667
confirmation,joint_gaussian_regularized_cluster,12,1.5,0.0,5,minimum_effect_pass,5878,6000,0.9796666666666667
confirmation,joint_gaussian_regularized_cluster,12,1.5,0.0,6,cluster_uncertainty_pass,3676,6000,0.6126666666666667
confirmation,joint_gaussian_regularized_cluster,12,1.5,0.0,7,raw_statistical_threshold_pass,2647,6000,0.44116666666666665
confirmation,joint_gaussian_regularized_cluster,12,1.5,0.0,8,multiplicity_adjusted_threshold_pass,2647,6000,0.44116666666666665
confirmation,joint_gaussian_regularized_cluster,12,1.5,0.0,9,control_adjusted_contrast_pass,2647,6000,0.44116666666666665
confirmation,joint_gaussian_regularized_cluster,12,1.5,0.0,10,control_specificity_pass,2647,6000,0.44116666666666665
confirmation,joint_gaussian_regularized_cluster,12,1.5,0.25,1,support_available_pass,6000,6000,1.0
confirmation,joint_gaussian_regularized_cluster,12,1.5,0.25,2,complement_admissible_pass,5993,6000,0.9988333333333334
confirmation,joint_gaussian_regularized_cluster,12,1.5,0.25,3,effect_direction_reproduced_pass,5872,6000,0.9786666666666667
confirmation,joint_gaussian_regularized_cluster,12,1.5,0.25,4,target_contrast_positive_pass,5872,6000,0.9786666666666667
confirmation,joint_gaussian_regularized_cluster,12,1.5,0.25,5,minimum_effect_pass,5872,6000,0.9786666666666667
confirmation,joint_gaussian_regularized_cluster,12,1.5,0.25,6,cluster_uncertainty_pass,3687,6000,0.6145
confirmation,joint_gaussian_regularized_cluster,12,1.5,0.25,7,raw_statistical_threshold_pass,2622,6000,0.437
confirmation,joint_gaussian_regularized_cluster,12,1.5,0.25,8,multiplicity_adjusted_threshold_pass,2622,6000,0.437
confirmation,joint_gaussian_regularized_cluster,12,1.5,0.25,9,control_adjusted_contrast_pass,2621,6000,0.43683333333333335
confirmation,joint_gaussian_regularized_cluster,12,1.5,0.25,10,control_specificity_pass,2621,6000,0.43683333333333335
confirmation,joint_gaussian_regularized_cluster,12,1.5,0.5,1,support_available_pass,6000,6000,1.0
confirmation,joint_gaussian_regularized_cluster,12,1.5,0.5,2,complement_admissible_pass,5994,6000,0.999
confirmation,joint_gaussian_regularized_cluster,12,1.5,0.5,3,effect_direction_reproduced_pass,5878,6000,0.9796666666666667
confirmation,joint_gaussian_regularized_cluster,12,1.5,0.5,4,target_contrast_positive_pass,5878,6000,0.9796666666666667
confirmation,joint_gaussian_regularized_cluster,12,1.5,0.5,5,minimum_effect_pass,5878,6000,0.9796666666666667
confirmation,joint_gaussian_regularized_cluster,12,1.5,0.5,6,cluster_uncertainty_pass,3677,6000,0.6128333333333333
confirmation,joint_gaussian_regularized_cluster,12,1.5,0.5,7,raw_statistical_threshold_pass,2601,6000,0.4335
confirmation,joint_gaussian_regularized_cluster,12,1.5,0.5,8,multiplicity_adjusted_threshold_pass,2601,6000,0.4335
confirmation,joint_gaussian_regularized_cluster,12,1.5,0.5,9,control_adjusted_contrast_pass,2556,6000,0.426
confirmation,joint_gaussian_regularized_cluster,12,1.5,0.5,10,control_specificity_pass,2556,6000,0.426
confirmation,joint_gaussian_regularized_cluster,12,1.5,1.0,1,support_available_pass,6000,6000,1.0
confirmation,joint_gaussian_regularized_cluster,12,1.5,1.0,2,complement_admissible_pass,5994,6000,0.999
confirmation,joint_gaussian_regularized_cluster,12,1.5,1.0,3,effect_direction_reproduced_pass,5876,6000,0.9793333333333333
confirmation,joint_gaussian_regularized_cluster,12,1.5,1.0,4,target_contrast_positive_pass,5876,6000,0.9793333333333333
confirmation,joint_gaussian_regularized_cluster,12,1.5,1.0,5,minimum_effect_pass,5876,6000,0.9793333333333333
confirmation,joint_gaussian_regularized_cluster,12,1.5,1.0,6,cluster_uncertainty_pass,3657,6000,0.6095
confirmation,joint_gaussian_regularized_cluster,12,1.5,1.0,7,raw_statistical_threshold_pass,2609,6000,0.43483333333333335
confirmation,joint_gaussian_regularized_cluster,12,1.5,1.0,8,multiplicity_adjusted_threshold_pass,2609,6000,0.43483333333333335
confirmation,joint_gaussian_regularized_cluster,12,1.5,1.0,9,control_adjusted_contrast_pass,714,6000,0.119
confirmation,joint_gaussian_regularized_cluster,12,1.5,1.0,10,control_specificity_pass,714,6000,0.119
confirmation,joint_gaussian_regularized_cluster,12,2.0,0.0,1,support_available_pass,5999,6000,0.9998333333333334
confirmation,joint_gaussian_regularized_cluster,12,2.0,0.0,2,complement_admissible_pass,5998,6000,0.9996666666666667
confirmation,joint_gaussian_regularized_cluster,12,2.0,0.0,3,effect_direction_reproduced_pass,5889,6000,0.9815
confirmation,joint_gaussian_regularized_cluster,12,2.0,0.0,4,target_contrast_positive_pass,5889,6000,0.9815
confirmation,joint_gaussian_regularized_cluster,12,2.0,0.0,5,minimum_effect_pass,5889,6000,0.9815
confirmation,joint_gaussian_regularized_cluster,12,2.0,0.0,6,cluster_uncertainty_pass,3684,6000,0.614
confirmation,joint_gaussian_regularized_cluster,12,2.0,0.0,7,raw_statistical_threshold_pass,2617,6000,0.43616666666666665
confirmation,joint_gaussian_regularized_cluster,12,2.0,0.0,8,multiplicity_adjusted_threshold_pass,2617,6000,0.43616666666666665
confirmation,joint_gaussian_regularized_cluster,12,2.0,0.0,9,control_adjusted_contrast_pass,2617,6000,0.43616666666666665
confirmation,joint_gaussian_regularized_cluster,12,2.0,0.0,10,control_specificity_pass,2617,6000,0.43616666666666665
confirmation,joint_gaussian_regularized_cluster,12,2.0,0.25,1,support_available_pass,6000,6000,1.0
confirmation,joint_gaussian_regularized_cluster,12,2.0,0.25,2,complement_admissible_pass,5997,6000,0.9995
confirmation,joint_gaussian_regularized_cluster,12,2.0,0.25,3,effect_direction_reproduced_pass,5860,6000,0.9766666666666667
confirmation,joint_gaussian_regularized_cluster,12,2.0,0.25,4,target_contrast_positive_pass,5860,6000,0.9766666666666667
confirmation,joint_gaussian_regularized_cluster,12,2.0,0.25,5,minimum_effect_pass,5860,6000,0.9766666666666667
confirmation,joint_gaussian_regularized_cluster,12,2.0,0.25,6,cluster_uncertainty_pass,3659,6000,0.6098333333333333
confirmation,joint_gaussian_regularized_cluster,12,2.0,0.25,7,raw_statistical_threshold_pass,2616,6000,0.436
confirmation,joint_gaussian_regularized_cluster,12,2.0,0.25,8,multiplicity_adjusted_threshold_pass,2616,6000,0.436
confirmation,joint_gaussian_regularized_cluster,12,2.0,0.25,9,control_adjusted_contrast_pass,2616,6000,0.436
confirmation,joint_gaussian_regularized_cluster,12,2.0,0.25,10,control_specificity_pass,2616,6000,0.436
confirmation,joint_gaussian_regularized_cluster,12,2.0,0.5,1,support_available_pass,5999,6000,0.9998333333333334
confirmation,joint_gaussian_regularized_cluster,12,2.0,0.5,2,complement_admissible_pass,5993,6000,0.9988333333333334
confirmation,joint_gaussian_regularized_cluster,12,2.0,0.5,3,effect_direction_reproduced_pass,5882,6000,0.9803333333333333
confirmation,joint_gaussian_regularized_cluster,12,2.0,0.5,4,target_contrast_positive_pass,5882,6000,0.9803333333333333
confirmation,joint_gaussian_regularized_cluster,12,2.0,0.5,5,minimum_effect_pass,5882,6000,0.9803333333333333
confirmation,joint_gaussian_regularized_cluster,12,2.0,0.5,6,cluster_uncertainty_pass,3668,6000,0.6113333333333333
confirmation,joint_gaussian_regularized_cluster,12,2.0,0.5,7,raw_statistical_threshold_pass,2587,6000,0.43116666666666664
confirmation,joint_gaussian_regularized_cluster,12,2.0,0.5,8,multiplicity_adjusted_threshold_pass,2587,6000,0.43116666666666664
confirmation,joint_gaussian_regularized_cluster,12,2.0,0.5,9,control_adjusted_contrast_pass,2559,6000,0.4265
confirmation,joint_gaussian_regularized_cluster,12,2.0,0.5,10,control_specificity_pass,2559,6000,0.4265
confirmation,joint_gaussian_regularized_cluster,12,2.0,1.0,1,support_available_pass,6000,6000,1.0
confirmation,joint_gaussian_regularized_cluster,12,2.0,1.0,2,complement_admissible_pass,5993,6000,0.9988333333333334
confirmation,joint_gaussian_regularized_cluster,12,2.0,1.0,3,effect_direction_reproduced_pass,5872,6000,0.9786666666666667
confirmation,joint_gaussian_regularized_cluster,12,2.0,1.0,4,target_contrast_positive_pass,5872,6000,0.9786666666666667
confirmation,joint_gaussian_regularized_cluster,12,2.0,1.0,5,minimum_effect_pass,5872,6000,0.9786666666666667
confirmation,joint_gaussian_regularized_cluster,12,2.0,1.0,6,cluster_uncertainty_pass,3680,6000,0.6133333333333333
confirmation,joint_gaussian_regularized_cluster,12,2.0,1.0,7,raw_statistical_threshold_pass,2637,6000,0.4395
confirmation,joint_gaussian_regularized_cluster,12,2.0,1.0,8,multiplicity_adjusted_threshold_pass,2637,6000,0.4395
confirmation,joint_gaussian_regularized_cluster,12,2.0,1.0,9,control_adjusted_contrast_pass,649,6000,0.10816666666666666
confirmation,joint_gaussian_regularized_cluster,12,2.0,1.0,10,control_specificity_pass,649,6000,0.10816666666666666
confirmation,joint_wild_cluster_rademacher,3,0.0,0.0,1,support_available_pass,5718,6000,0.953
confirmation,joint_wild_cluster_rademacher,3,0.0,0.0,2,complement_admissible_pass,3805,6000,0.6341666666666667
confirmation,joint_wild_cluster_rademacher,3,0.0,0.0,3,effect_direction_reproduced_pass,0,6000,0.0
confirmation,joint_wild_cluster_rademacher,3,0.0,0.0,4,target_contrast_positive_pass,0,6000,0.0
confirmation,joint_wild_cluster_rademacher,3,0.0,0.0,5,minimum_effect_pass,0,6000,0.0
confirmation,joint_wild_cluster_rademacher,3,0.0,0.0,6,cluster_uncertainty_pass,0,6000,0.0
confirmation,joint_wild_cluster_rademacher,3,0.0,0.0,7,raw_statistical_threshold_pass,0,6000,0.0
confirmation,joint_wild_cluster_rademacher,3,0.0,0.0,8,multiplicity_adjusted_threshold_pass,0,6000,0.0
confirmation,joint_wild_cluster_rademacher,3,0.0,0.0,9,control_adjusted_contrast_pass,0,6000,0.0
confirmation,joint_wild_cluster_rademacher,3,0.0,0.0,10,control_specificity_pass,0,6000,0.0
confirmation,joint_wild_cluster_rademacher,3,0.25,0.0,1,support_available_pass,5725,6000,0.9541666666666667
confirmation,joint_wild_cluster_rademacher,3,0.25,0.0,2,complement_admissible_pass,3782,6000,0.6303333333333333
confirmation,joint_wild_cluster_rademacher,3,0.25,0.0,3,effect_direction_reproduced_pass,2953,6000,0.49216666666666664
confirmation,joint_wild_cluster_rademacher,3,0.25,0.0,4,target_contrast_positive_pass,2953,6000,0.49216666666666664
confirmation,joint_wild_cluster_rademacher,3,0.25,0.0,5,minimum_effect_pass,2301,6000,0.3835
confirmation,joint_wild_cluster_rademacher,3,0.25,0.0,6,cluster_uncertainty_pass,590,6000,0.09833333333333333
confirmation,joint_wild_cluster_rademacher,3,0.25,0.0,7,raw_statistical_threshold_pass,0,6000,0.0
confirmation,joint_wild_cluster_rademacher,3,0.25,0.0,8,multiplicity_adjusted_threshold_pass,0,6000,0.0
confirmation,joint_wild_cluster_rademacher,3,0.25,0.0,9,control_adjusted_contrast_pass,0,6000,0.0
confirmation,joint_wild_cluster_rademacher,3,0.25,0.0,10,control_specificity_pass,0,6000,0.0
confirmation,joint_wild_cluster_rademacher,3,0.25,0.25,1,support_available_pass,5730,6000,0.955
confirmation,joint_wild_cluster_rademacher,3,0.25,0.25,2,complement_admissible_pass,3872,6000,0.6453333333333333
confirmation,joint_wild_cluster_rademacher,3,0.25,0.25,3,effect_direction_reproduced_pass,3056,6000,0.5093333333333333
confirmation,joint_wild_cluster_rademacher,3,0.25,0.25,4,target_contrast_positive_pass,3056,6000,0.5093333333333333
confirmation,joint_wild_cluster_rademacher,3,0.25,0.25,5,minimum_effect_pass,2382,6000,0.397
confirmation,joint_wild_cluster_rademacher,3,0.25,0.25,6,cluster_uncertainty_pass,598,6000,0.09966666666666667
confirmation,joint_wild_cluster_rademacher,3,0.25,0.25,7,raw_statistical_threshold_pass,0,6000,0.0
confirmation,joint_wild_cluster_rademacher,3,0.25,0.25,8,multiplicity_adjusted_threshold_pass,0,6000,0.0
confirmation,joint_wild_cluster_rademacher,3,0.25,0.25,9,control_adjusted_contrast_pass,0,6000,0.0
confirmation,joint_wild_cluster_rademacher,3,0.25,0.25,10,control_specificity_pass,0,6000,0.0
confirmation,joint_wild_cluster_rademacher,3,0.25,0.5,1,support_available_pass,5762,6000,0.9603333333333334
confirmation,joint_wild_cluster_rademacher,3,0.25,0.5,2,complement_admissible_pass,3885,6000,0.6475
confirmation,joint_wild_cluster_rademacher,3,0.25,0.5,3,effect_direction_reproduced_pass,3019,6000,0.5031666666666667
confirmation,joint_wild_cluster_rademacher,3,0.25,0.5,4,target_contrast_positive_pass,3019,6000,0.5031666666666667
confirmation,joint_wild_cluster_rademacher,3,0.25,0.5,5,minimum_effect_pass,2381,6000,0.3968333333333333
confirmation,joint_wild_cluster_rademacher,3,0.25,0.5,6,cluster_uncertainty_pass,637,6000,0.10616666666666667
confirmation,joint_wild_cluster_rademacher,3,0.25,0.5,7,raw_statistical_threshold_pass,0,6000,0.0
confirmation,joint_wild_cluster_rademacher,3,0.25,0.5,8,multiplicity_adjusted_threshold_pass,0,6000,0.0
confirmation,joint_wild_cluster_rademacher,3,0.25,0.5,9,control_adjusted_contrast_pass,0,6000,0.0
confirmation,joint_wild_cluster_rademacher,3,0.25,0.5,10,control_specificity_pass,0,6000,0.0
confirmation,joint_wild_cluster_rademacher,3,0.25,1.0,1,support_available_pass,5737,6000,0.9561666666666667
confirmation,joint_wild_cluster_rademacher,3,0.25,1.0,2,complement_admissible_pass,3912,6000,0.652
confirmation,joint_wild_cluster_rademacher,3,0.25,1.0,3,effect_direction_reproduced_pass,3034,6000,0.5056666666666667
confirmation,joint_wild_cluster_rademacher,3,0.25,1.0,4,target_contrast_positive_pass,3034,6000,0.5056666666666667
confirmation,joint_wild_cluster_rademacher,3,0.25,1.0,5,minimum_effect_pass,2351,6000,0.3918333333333333
confirmation,joint_wild_cluster_rademacher,3,0.25,1.0,6,cluster_uncertainty_pass,660,6000,0.11
confirmation,joint_wild_cluster_rademacher,3,0.25,1.0,7,raw_statistical_threshold_pass,0,6000,0.0
confirmation,joint_wild_cluster_rademacher,3,0.25,1.0,8,multiplicity_adjusted_threshold_pass,0,6000,0.0
confirmation,joint_wild_cluster_rademacher,3,0.25,1.0,9,control_adjusted_contrast_pass,0,6000,0.0
confirmation,joint_wild_cluster_rademacher,3,0.25,1.0,10,control_specificity_pass,0,6000,0.0
confirmation,joint_wild_cluster_rademacher,3,0.5,0.0,1,support_available_pass,5764,6000,0.9606666666666667
confirmation,joint_wild_cluster_rademacher,3,0.5,0.0,2,complement_admissible_pass,3929,6000,0.6548333333333334
confirmation,joint_wild_cluster_rademacher,3,0.5,0.0,3,effect_direction_reproduced_pass,3315,6000,0.5525
confirmation,joint_wild_cluster_rademacher,3,0.5,0.0,4,target_contrast_positive_pass,3315,6000,0.5525
confirmation,joint_wild_cluster_rademacher,3,0.5,0.0,5,minimum_effect_pass,3195,6000,0.5325
confirmation,joint_wild_cluster_rademacher,3,0.5,0.0,6,cluster_uncertainty_pass,1071,6000,0.1785
confirmation,joint_wild_cluster_rademacher,3,0.5,0.0,7,raw_statistical_threshold_pass,0,6000,0.0
confirmation,joint_wild_cluster_rademacher,3,0.5,0.0,8,multiplicity_adjusted_threshold_pass,0,6000,0.0
confirmation,joint_wild_cluster_rademacher,3,0.5,0.0,9,control_adjusted_contrast_pass,0,6000,0.0
confirmation,joint_wild_cluster_rademacher,3,0.5,0.0,10,control_specificity_pass,0,6000,0.0
confirmation,joint_wild_cluster_rademacher,3,0.5,0.25,1,support_available_pass,5721,6000,0.9535
confirmation,joint_wild_cluster_rademacher,3,0.5,0.25,2,complement_admissible_pass,3868,6000,0.6446666666666667
confirmation,joint_wild_cluster_rademacher,3,0.5,0.25,3,effect_direction_reproduced_pass,3255,6000,0.5425
confirmation,joint_wild_cluster_rademacher,3,0.5,0.25,4,target_contrast_positive_pass,3255,6000,0.5425
confirmation,joint_wild_cluster_rademacher,3,0.5,0.25,5,minimum_effect_pass,3128,6000,0.5213333333333333
confirmation,joint_wild_cluster_rademacher,3,0.5,0.25,6,cluster_uncertainty_pass,1081,6000,0.18016666666666667
confirmation,joint_wild_cluster_rademacher,3,0.5,0.25,7,raw_statistical_threshold_pass,0,6000,0.0
confirmation,joint_wild_cluster_rademacher,3,0.5,0.25,8,multiplicity_adjusted_threshold_pass,0,6000,0.0
confirmation,joint_wild_cluster_rademacher,3,0.5,0.25,9,control_adjusted_contrast_pass,0,6000,0.0
confirmation,joint_wild_cluster_rademacher,3,0.5,0.25,10,control_specificity_pass,0,6000,0.0
confirmation,joint_wild_cluster_rademacher,3,0.5,0.5,1,support_available_pass,5748,6000,0.958
confirmation,joint_wild_cluster_rademacher,3,0.5,0.5,2,complement_admissible_pass,3791,6000,0.6318333333333334
confirmation,joint_wild_cluster_rademacher,3,0.5,0.5,3,effect_direction_reproduced_pass,3224,6000,0.5373333333333333
confirmation,joint_wild_cluster_rademacher,3,0.5,0.5,4,target_contrast_positive_pass,3224,6000,0.5373333333333333
confirmation,joint_wild_cluster_rademacher,3,0.5,0.5,5,minimum_effect_pass,3095,6000,0.5158333333333334
confirmation,joint_wild_cluster_rademacher,3,0.5,0.5,6,cluster_uncertainty_pass,1032,6000,0.172
confirmation,joint_wild_cluster_rademacher,3,0.5,0.5,7,raw_statistical_threshold_pass,0,6000,0.0
confirmation,joint_wild_cluster_rademacher,3,0.5,0.5,8,multiplicity_adjusted_threshold_pass,0,6000,0.0
confirmation,joint_wild_cluster_rademacher,3,0.5,0.5,9,control_adjusted_contrast_pass,0,6000,0.0
confirmation,joint_wild_cluster_rademacher,3,0.5,0.5,10,control_specificity_pass,0,6000,0.0
confirmation,joint_wild_cluster_rademacher,3,0.5,1.0,1,support_available_pass,5748,6000,0.958
confirmation,joint_wild_cluster_rademacher,3,0.5,1.0,2,complement_admissible_pass,3816,6000,0.636
confirmation,joint_wild_cluster_rademacher,3,0.5,1.0,3,effect_direction_reproduced_pass,3223,6000,0.5371666666666667
confirmation,joint_wild_cluster_rademacher,3,0.5,1.0,4,target_contrast_positive_pass,3223,6000,0.5371666666666667
confirmation,joint_wild_cluster_rademacher,3,0.5,1.0,5,minimum_effect_pass,3106,6000,0.5176666666666667
confirmation,joint_wild_cluster_rademacher,3,0.5,1.0,6,cluster_uncertainty_pass,1053,6000,0.1755
confirmation,joint_wild_cluster_rademacher,3,0.5,1.0,7,raw_statistical_threshold_pass,0,6000,0.0
confirmation,joint_wild_cluster_rademacher,3,0.5,1.0,8,multiplicity_adjusted_threshold_pass,0,6000,0.0
confirmation,joint_wild_cluster_rademacher,3,0.5,1.0,9,control_adjusted_contrast_pass,0,6000,0.0
confirmation,joint_wild_cluster_rademacher,3,0.5,1.0,10,control_specificity_pass,0,6000,0.0
confirmation,joint_wild_cluster_rademacher,3,0.75,0.0,1,support_available_pass,5713,6000,0.9521666666666667
confirmation,joint_wild_cluster_rademacher,3,0.75,0.0,2,complement_admissible_pass,3850,6000,0.6416666666666667
confirmation,joint_wild_cluster_rademacher,3,0.75,0.0,3,effect_direction_reproduced_pass,3299,6000,0.5498333333333333
confirmation,joint_wild_cluster_rademacher,3,0.75,0.0,4,target_contrast_positive_pass,3299,6000,0.5498333333333333
confirmation,joint_wild_cluster_rademacher,3,0.75,0.0,5,minimum_effect_pass,3275,6000,0.5458333333333333
confirmation,joint_wild_cluster_rademacher,3,0.75,0.0,6,cluster_uncertainty_pass,1223,6000,0.20383333333333334
confirmation,joint_wild_cluster_rademacher,3,0.75,0.0,7,raw_statistical_threshold_pass,0,6000,0.0
confirmation,joint_wild_cluster_rademacher,3,0.75,0.0,8,multiplicity_adjusted_threshold_pass,0,6000,0.0
confirmation,joint_wild_cluster_rademacher,3,0.75,0.0,9,control_adjusted_contrast_pass,0,6000,0.0
confirmation,joint_wild_cluster_rademacher,3,0.75,0.0,10,control_specificity_pass,0,6000,0.0
confirmation,joint_wild_cluster_rademacher,3,0.75,0.25,1,support_available_pass,5753,6000,0.9588333333333333
confirmation,joint_wild_cluster_rademacher,3,0.75,0.25,2,complement_admissible_pass,3835,6000,0.6391666666666667
confirmation,joint_wild_cluster_rademacher,3,0.75,0.25,3,effect_direction_reproduced_pass,3231,6000,0.5385
confirmation,joint_wild_cluster_rademacher,3,0.75,0.25,4,target_contrast_positive_pass,3231,6000,0.5385
confirmation,joint_wild_cluster_rademacher,3,0.75,0.25,5,minimum_effect_pass,3200,6000,0.5333333333333333
confirmation,joint_wild_cluster_rademacher,3,0.75,0.25,6,cluster_uncertainty_pass,1209,6000,0.2015
confirmation,joint_wild_cluster_rademacher,3,0.75,0.25,7,raw_statistical_threshold_pass,0,6000,0.0
confirmation,joint_wild_cluster_rademacher,3,0.75,0.25,8,multiplicity_adjusted_threshold_pass,0,6000,0.0
confirmation,joint_wild_cluster_rademacher,3,0.75,0.25,9,control_adjusted_contrast_pass,0,6000,0.0
confirmation,joint_wild_cluster_rademacher,3,0.75,0.25,10,control_specificity_pass,0,6000,0.0
confirmation,joint_wild_cluster_rademacher,3,0.75,0.5,1,support_available_pass,5759,6000,0.9598333333333333
confirmation,joint_wild_cluster_rademacher,3,0.75,0.5,2,complement_admissible_pass,3873,6000,0.6455
confirmation,joint_wild_cluster_rademacher,3,0.75,0.5,3,effect_direction_reproduced_pass,3313,6000,0.5521666666666667
confirmation,joint_wild_cluster_rademacher,3,0.75,0.5,4,target_contrast_positive_pass,3313,6000,0.5521666666666667
confirmation,joint_wild_cluster_rademacher,3,0.75,0.5,5,minimum_effect_pass,3290,6000,0.5483333333333333
confirmation,joint_wild_cluster_rademacher,3,0.75,0.5,6,cluster_uncertainty_pass,1196,6000,0.19933333333333333
confirmation,joint_wild_cluster_rademacher,3,0.75,0.5,7,raw_statistical_threshold_pass,0,6000,0.0
confirmation,joint_wild_cluster_rademacher,3,0.75,0.5,8,multiplicity_adjusted_threshold_pass,0,6000,0.0
confirmation,joint_wild_cluster_rademacher,3,0.75,0.5,9,control_adjusted_contrast_pass,0,6000,0.0
confirmation,joint_wild_cluster_rademacher,3,0.75,0.5,10,control_specificity_pass,0,6000,0.0
confirmation,joint_wild_cluster_rademacher,3,0.75,1.0,1,support_available_pass,5741,6000,0.9568333333333333
confirmation,joint_wild_cluster_rademacher,3,0.75,1.0,2,complement_admissible_pass,3874,6000,0.6456666666666667
confirmation,joint_wild_cluster_rademacher,3,0.75,1.0,3,effect_direction_reproduced_pass,3302,6000,0.5503333333333333
confirmation,joint_wild_cluster_rademacher,3,0.75,1.0,4,target_contrast_positive_pass,3302,6000,0.5503333333333333
confirmation,joint_wild_cluster_rademacher,3,0.75,1.0,5,minimum_effect_pass,3272,6000,0.5453333333333333
confirmation,joint_wild_cluster_rademacher,3,0.75,1.0,6,cluster_uncertainty_pass,1173,6000,0.1955
confirmation,joint_wild_cluster_rademacher,3,0.75,1.0,7,raw_statistical_threshold_pass,0,6000,0.0
confirmation,joint_wild_cluster_rademacher,3,0.75,1.0,8,multiplicity_adjusted_threshold_pass,0,6000,0.0
confirmation,joint_wild_cluster_rademacher,3,0.75,1.0,9,control_adjusted_contrast_pass,0,6000,0.0
confirmation,joint_wild_cluster_rademacher,3,0.75,1.0,10,control_specificity_pass,0,6000,0.0
confirmation,joint_wild_cluster_rademacher,3,1.0,0.0,1,support_available_pass,5744,6000,0.9573333333333334
confirmation,joint_wild_cluster_rademacher,3,1.0,0.0,2,complement_admissible_pass,3826,6000,0.6376666666666667
confirmation,joint_wild_cluster_rademacher,3,1.0,0.0,3,effect_direction_reproduced_pass,3288,6000,0.548
confirmation,joint_wild_cluster_rademacher,3,1.0,0.0,4,target_contrast_positive_pass,3288,6000,0.548
confirmation,joint_wild_cluster_rademacher,3,1.0,0.0,5,minimum_effect_pass,3285,6000,0.5475
confirmation,joint_wild_cluster_rademacher,3,1.0,0.0,6,cluster_uncertainty_pass,1301,6000,0.21683333333333332
confirmation,joint_wild_cluster_rademacher,3,1.0,0.0,7,raw_statistical_threshold_pass,0,6000,0.0
confirmation,joint_wild_cluster_rademacher,3,1.0,0.0,8,multiplicity_adjusted_threshold_pass,0,6000,0.0
confirmation,joint_wild_cluster_rademacher,3,1.0,0.0,9,control_adjusted_contrast_pass,0,6000,0.0
confirmation,joint_wild_cluster_rademacher,3,1.0,0.0,10,control_specificity_pass,0,6000,0.0
confirmation,joint_wild_cluster_rademacher,3,1.0,0.25,1,support_available_pass,5702,6000,0.9503333333333334
confirmation,joint_wild_cluster_rademacher,3,1.0,0.25,2,complement_admissible_pass,3841,6000,0.6401666666666667
confirmation,joint_wild_cluster_rademacher,3,1.0,0.25,3,effect_direction_reproduced_pass,3315,6000,0.5525
confirmation,joint_wild_cluster_rademacher,3,1.0,0.25,4,target_contrast_positive_pass,3315,6000,0.5525
confirmation,joint_wild_cluster_rademacher,3,1.0,0.25,5,minimum_effect_pass,3310,6000,0.5516666666666666
confirmation,joint_wild_cluster_rademacher,3,1.0,0.25,6,cluster_uncertainty_pass,1311,6000,0.2185
confirmation,joint_wild_cluster_rademacher,3,1.0,0.25,7,raw_statistical_threshold_pass,0,6000,0.0
confirmation,joint_wild_cluster_rademacher,3,1.0,0.25,8,multiplicity_adjusted_threshold_pass,0,6000,0.0
confirmation,joint_wild_cluster_rademacher,3,1.0,0.25,9,control_adjusted_contrast_pass,0,6000,0.0
confirmation,joint_wild_cluster_rademacher,3,1.0,0.25,10,control_specificity_pass,0,6000,0.0
confirmation,joint_wild_cluster_rademacher,3,1.0,0.5,1,support_available_pass,5712,6000,0.952
confirmation,joint_wild_cluster_rademacher,3,1.0,0.5,2,complement_admissible_pass,3843,6000,0.6405
confirmation,joint_wild_cluster_rademacher,3,1.0,0.5,3,effect_direction_reproduced_pass,3297,6000,0.5495
confirmation,joint_wild_cluster_rademacher,3,1.0,0.5,4,target_contrast_positive_pass,3297,6000,0.5495
confirmation,joint_wild_cluster_rademacher,3,1.0,0.5,5,minimum_effect_pass,3291,6000,0.5485
confirmation,joint_wild_cluster_rademacher,3,1.0,0.5,6,cluster_uncertainty_pass,1272,6000,0.212
confirmation,joint_wild_cluster_rademacher,3,1.0,0.5,7,raw_statistical_threshold_pass,0,6000,0.0
confirmation,joint_wild_cluster_rademacher,3,1.0,0.5,8,multiplicity_adjusted_threshold_pass,0,6000,0.0
confirmation,joint_wild_cluster_rademacher,3,1.0,0.5,9,control_adjusted_contrast_pass,0,6000,0.0
confirmation,joint_wild_cluster_rademacher,3,1.0,0.5,10,control_specificity_pass,0,6000,0.0
confirmation,joint_wild_cluster_rademacher,3,1.0,1.0,1,support_available_pass,5739,6000,0.9565
confirmation,joint_wild_cluster_rademacher,3,1.0,1.0,2,complement_admissible_pass,3825,6000,0.6375
confirmation,joint_wild_cluster_rademacher,3,1.0,1.0,3,effect_direction_reproduced_pass,3278,6000,0.5463333333333333
confirmation,joint_wild_cluster_rademacher,3,1.0,1.0,4,target_contrast_positive_pass,3278,6000,0.5463333333333333
confirmation,joint_wild_cluster_rademacher,3,1.0,1.0,5,minimum_effect_pass,3273,6000,0.5455
confirmation,joint_wild_cluster_rademacher,3,1.0,1.0,6,cluster_uncertainty_pass,1294,6000,0.21566666666666667
confirmation,joint_wild_cluster_rademacher,3,1.0,1.0,7,raw_statistical_threshold_pass,0,6000,0.0
confirmation,joint_wild_cluster_rademacher,3,1.0,1.0,8,multiplicity_adjusted_threshold_pass,0,6000,0.0
confirmation,joint_wild_cluster_rademacher,3,1.0,1.0,9,control_adjusted_contrast_pass,0,6000,0.0
confirmation,joint_wild_cluster_rademacher,3,1.0,1.0,10,control_specificity_pass,0,6000,0.0
confirmation,joint_wild_cluster_rademacher,3,1.5,0.0,1,support_available_pass,5705,6000,0.9508333333333333
confirmation,joint_wild_cluster_rademacher,3,1.5,0.0,2,complement_admissible_pass,3819,6000,0.6365
confirmation,joint_wild_cluster_rademacher,3,1.5,0.0,3,effect_direction_reproduced_pass,3245,6000,0.5408333333333334
confirmation,joint_wild_cluster_rademacher,3,1.5,0.0,4,target_contrast_positive_pass,3245,6000,0.5408333333333334
confirmation,joint_wild_cluster_rademacher,3,1.5,0.0,5,minimum_effect_pass,3245,6000,0.5408333333333334
confirmation,joint_wild_cluster_rademacher,3,1.5,0.0,6,cluster_uncertainty_pass,1304,6000,0.21733333333333332
confirmation,joint_wild_cluster_rademacher,3,1.5,0.0,7,raw_statistical_threshold_pass,0,6000,0.0
confirmation,joint_wild_cluster_rademacher,3,1.5,0.0,8,multiplicity_adjusted_threshold_pass,0,6000,0.0
confirmation,joint_wild_cluster_rademacher,3,1.5,0.0,9,control_adjusted_contrast_pass,0,6000,0.0
confirmation,joint_wild_cluster_rademacher,3,1.5,0.0,10,control_specificity_pass,0,6000,0.0
confirmation,joint_wild_cluster_rademacher,3,1.5,0.25,1,support_available_pass,5722,6000,0.9536666666666667
confirmation,joint_wild_cluster_rademacher,3,1.5,0.25,2,complement_admissible_pass,3817,6000,0.6361666666666667
confirmation,joint_wild_cluster_rademacher,3,1.5,0.25,3,effect_direction_reproduced_pass,3238,6000,0.5396666666666666
confirmation,joint_wild_cluster_rademacher,3,1.5,0.25,4,target_contrast_positive_pass,3238,6000,0.5396666666666666
confirmation,joint_wild_cluster_rademacher,3,1.5,0.25,5,minimum_effect_pass,3237,6000,0.5395
confirmation,joint_wild_cluster_rademacher,3,1.5,0.25,6,cluster_uncertainty_pass,1328,6000,0.22133333333333333
confirmation,joint_wild_cluster_rademacher,3,1.5,0.25,7,raw_statistical_threshold_pass,0,6000,0.0
confirmation,joint_wild_cluster_rademacher,3,1.5,0.25,8,multiplicity_adjusted_threshold_pass,0,6000,0.0
confirmation,joint_wild_cluster_rademacher,3,1.5,0.25,9,control_adjusted_contrast_pass,0,6000,0.0
confirmation,joint_wild_cluster_rademacher,3,1.5,0.25,10,control_specificity_pass,0,6000,0.0
confirmation,joint_wild_cluster_rademacher,3,1.5,0.5,1,support_available_pass,5742,6000,0.957
confirmation,joint_wild_cluster_rademacher,3,1.5,0.5,2,complement_admissible_pass,3861,6000,0.6435
confirmation,joint_wild_cluster_rademacher,3,1.5,0.5,3,effect_direction_reproduced_pass,3282,6000,0.547
confirmation,joint_wild_cluster_rademacher,3,1.5,0.5,4,target_contrast_positive_pass,3282,6000,0.547
confirmation,joint_wild_cluster_rademacher,3,1.5,0.5,5,minimum_effect_pass,3282,6000,0.547
confirmation,joint_wild_cluster_rademacher,3,1.5,0.5,6,cluster_uncertainty_pass,1304,6000,0.21733333333333332
confirmation,joint_wild_cluster_rademacher,3,1.5,0.5,7,raw_statistical_threshold_pass,0,6000,0.0
confirmation,joint_wild_cluster_rademacher,3,1.5,0.5,8,multiplicity_adjusted_threshold_pass,0,6000,0.0
confirmation,joint_wild_cluster_rademacher,3,1.5,0.5,9,control_adjusted_contrast_pass,0,6000,0.0
confirmation,joint_wild_cluster_rademacher,3,1.5,0.5,10,control_specificity_pass,0,6000,0.0
confirmation,joint_wild_cluster_rademacher,3,1.5,1.0,1,support_available_pass,5719,6000,0.9531666666666667
confirmation,joint_wild_cluster_rademacher,3,1.5,1.0,2,complement_admissible_pass,3857,6000,0.6428333333333334
confirmation,joint_wild_cluster_rademacher,3,1.5,1.0,3,effect_direction_reproduced_pass,3308,6000,0.5513333333333333
confirmation,joint_wild_cluster_rademacher,3,1.5,1.0,4,target_contrast_positive_pass,3308,6000,0.5513333333333333
confirmation,joint_wild_cluster_rademacher,3,1.5,1.0,5,minimum_effect_pass,3308,6000,0.5513333333333333
confirmation,joint_wild_cluster_rademacher,3,1.5,1.0,6,cluster_uncertainty_pass,1348,6000,0.22466666666666665
confirmation,joint_wild_cluster_rademacher,3,1.5,1.0,7,raw_statistical_threshold_pass,0,6000,0.0
confirmation,joint_wild_cluster_rademacher,3,1.5,1.0,8,multiplicity_adjusted_threshold_pass,0,6000,0.0
confirmation,joint_wild_cluster_rademacher,3,1.5,1.0,9,control_adjusted_contrast_pass,0,6000,0.0
confirmation,joint_wild_cluster_rademacher,3,1.5,1.0,10,control_specificity_pass,0,6000,0.0
confirmation,joint_wild_cluster_rademacher,3,2.0,0.0,1,support_available_pass,5738,6000,0.9563333333333334
confirmation,joint_wild_cluster_rademacher,3,2.0,0.0,2,complement_admissible_pass,3845,6000,0.6408333333333334
confirmation,joint_wild_cluster_rademacher,3,2.0,0.0,3,effect_direction_reproduced_pass,3297,6000,0.5495
confirmation,joint_wild_cluster_rademacher,3,2.0,0.0,4,target_contrast_positive_pass,3297,6000,0.5495
confirmation,joint_wild_cluster_rademacher,3,2.0,0.0,5,minimum_effect_pass,3297,6000,0.5495
confirmation,joint_wild_cluster_rademacher,3,2.0,0.0,6,cluster_uncertainty_pass,1291,6000,0.21516666666666667
confirmation,joint_wild_cluster_rademacher,3,2.0,0.0,7,raw_statistical_threshold_pass,0,6000,0.0
confirmation,joint_wild_cluster_rademacher,3,2.0,0.0,8,multiplicity_adjusted_threshold_pass,0,6000,0.0
confirmation,joint_wild_cluster_rademacher,3,2.0,0.0,9,control_adjusted_contrast_pass,0,6000,0.0
confirmation,joint_wild_cluster_rademacher,3,2.0,0.0,10,control_specificity_pass,0,6000,0.0
confirmation,joint_wild_cluster_rademacher,3,2.0,0.25,1,support_available_pass,5728,6000,0.9546666666666667
confirmation,joint_wild_cluster_rademacher,3,2.0,0.25,2,complement_admissible_pass,3809,6000,0.6348333333333334
confirmation,joint_wild_cluster_rademacher,3,2.0,0.25,3,effect_direction_reproduced_pass,3224,6000,0.5373333333333333
confirmation,joint_wild_cluster_rademacher,3,2.0,0.25,4,target_contrast_positive_pass,3224,6000,0.5373333333333333
confirmation,joint_wild_cluster_rademacher,3,2.0,0.25,5,minimum_effect_pass,3224,6000,0.5373333333333333
confirmation,joint_wild_cluster_rademacher,3,2.0,0.25,6,cluster_uncertainty_pass,1299,6000,0.2165
confirmation,joint_wild_cluster_rademacher,3,2.0,0.25,7,raw_statistical_threshold_pass,0,6000,0.0
confirmation,joint_wild_cluster_rademacher,3,2.0,0.25,8,multiplicity_adjusted_threshold_pass,0,6000,0.0
confirmation,joint_wild_cluster_rademacher,3,2.0,0.25,9,control_adjusted_contrast_pass,0,6000,0.0
confirmation,joint_wild_cluster_rademacher,3,2.0,0.25,10,control_specificity_pass,0,6000,0.0
confirmation,joint_wild_cluster_rademacher,3,2.0,0.5,1,support_available_pass,5754,6000,0.959
confirmation,joint_wild_cluster_rademacher,3,2.0,0.5,2,complement_admissible_pass,3872,6000,0.6453333333333333
confirmation,joint_wild_cluster_rademacher,3,2.0,0.5,3,effect_direction_reproduced_pass,3281,6000,0.5468333333333333
confirmation,joint_wild_cluster_rademacher,3,2.0,0.5,4,target_contrast_positive_pass,3281,6000,0.5468333333333333
confirmation,joint_wild_cluster_rademacher,3,2.0,0.5,5,minimum_effect_pass,3281,6000,0.5468333333333333
confirmation,joint_wild_cluster_rademacher,3,2.0,0.5,6,cluster_uncertainty_pass,1288,6000,0.21466666666666667
confirmation,joint_wild_cluster_rademacher,3,2.0,0.5,7,raw_statistical_threshold_pass,0,6000,0.0
confirmation,joint_wild_cluster_rademacher,3,2.0,0.5,8,multiplicity_adjusted_threshold_pass,0,6000,0.0
confirmation,joint_wild_cluster_rademacher,3,2.0,0.5,9,control_adjusted_contrast_pass,0,6000,0.0
confirmation,joint_wild_cluster_rademacher,3,2.0,0.5,10,control_specificity_pass,0,6000,0.0
confirmation,joint_wild_cluster_rademacher,3,2.0,1.0,1,support_available_pass,5725,6000,0.9541666666666667
confirmation,joint_wild_cluster_rademacher,3,2.0,1.0,2,complement_admissible_pass,3889,6000,0.6481666666666667
confirmation,joint_wild_cluster_rademacher,3,2.0,1.0,3,effect_direction_reproduced_pass,3292,6000,0.5486666666666666
confirmation,joint_wild_cluster_rademacher,3,2.0,1.0,4,target_contrast_positive_pass,3292,6000,0.5486666666666666
confirmation,joint_wild_cluster_rademacher,3,2.0,1.0,5,minimum_effect_pass,3292,6000,0.5486666666666666
confirmation,joint_wild_cluster_rademacher,3,2.0,1.0,6,cluster_uncertainty_pass,1346,6000,0.22433333333333333
confirmation,joint_wild_cluster_rademacher,3,2.0,1.0,7,raw_statistical_threshold_pass,0,6000,0.0
confirmation,joint_wild_cluster_rademacher,3,2.0,1.0,8,multiplicity_adjusted_threshold_pass,0,6000,0.0
confirmation,joint_wild_cluster_rademacher,3,2.0,1.0,9,control_adjusted_contrast_pass,0,6000,0.0
confirmation,joint_wild_cluster_rademacher,3,2.0,1.0,10,control_specificity_pass,0,6000,0.0
confirmation,joint_wild_cluster_rademacher,4,0.0,0.0,1,support_available_pass,5882,6000,0.9803333333333333
confirmation,joint_wild_cluster_rademacher,4,0.0,0.0,2,complement_admissible_pass,5022,6000,0.837
confirmation,joint_wild_cluster_rademacher,4,0.0,0.0,3,effect_direction_reproduced_pass,0,6000,0.0
confirmation,joint_wild_cluster_rademacher,4,0.0,0.0,4,target_contrast_positive_pass,0,6000,0.0
confirmation,joint_wild_cluster_rademacher,4,0.0,0.0,5,minimum_effect_pass,0,6000,0.0
confirmation,joint_wild_cluster_rademacher,4,0.0,0.0,6,cluster_uncertainty_pass,0,6000,0.0
confirmation,joint_wild_cluster_rademacher,4,0.0,0.0,7,raw_statistical_threshold_pass,0,6000,0.0
confirmation,joint_wild_cluster_rademacher,4,0.0,0.0,8,multiplicity_adjusted_threshold_pass,0,6000,0.0
confirmation,joint_wild_cluster_rademacher,4,0.0,0.0,9,control_adjusted_contrast_pass,0,6000,0.0
confirmation,joint_wild_cluster_rademacher,4,0.0,0.0,10,control_specificity_pass,0,6000,0.0
confirmation,joint_wild_cluster_rademacher,4,0.25,0.0,1,support_available_pass,5860,6000,0.9766666666666667
confirmation,joint_wild_cluster_rademacher,4,0.25,0.0,2,complement_admissible_pass,5063,6000,0.8438333333333333
confirmation,joint_wild_cluster_rademacher,4,0.25,0.0,3,effect_direction_reproduced_pass,4156,6000,0.6926666666666667
confirmation,joint_wild_cluster_rademacher,4,0.25,0.0,4,target_contrast_positive_pass,4156,6000,0.6926666666666667
confirmation,joint_wild_cluster_rademacher,4,0.25,0.0,5,minimum_effect_pass,3332,6000,0.5553333333333333
confirmation,joint_wild_cluster_rademacher,4,0.25,0.0,6,cluster_uncertainty_pass,930,6000,0.155
confirmation,joint_wild_cluster_rademacher,4,0.25,0.0,7,raw_statistical_threshold_pass,37,6000,0.006166666666666667
confirmation,joint_wild_cluster_rademacher,4,0.25,0.0,8,multiplicity_adjusted_threshold_pass,37,6000,0.006166666666666667
confirmation,joint_wild_cluster_rademacher,4,0.25,0.0,9,control_adjusted_contrast_pass,37,6000,0.006166666666666667
confirmation,joint_wild_cluster_rademacher,4,0.25,0.0,10,control_specificity_pass,37,6000,0.006166666666666667
confirmation,joint_wild_cluster_rademacher,4,0.25,0.25,1,support_available_pass,5869,6000,0.9781666666666666
confirmation,joint_wild_cluster_rademacher,4,0.25,0.25,2,complement_admissible_pass,5061,6000,0.8435
confirmation,joint_wild_cluster_rademacher,4,0.25,0.25,3,effect_direction_reproduced_pass,4149,6000,0.6915
confirmation,joint_wild_cluster_rademacher,4,0.25,0.25,4,target_contrast_positive_pass,4149,6000,0.6915
confirmation,joint_wild_cluster_rademacher,4,0.25,0.25,5,minimum_effect_pass,3297,6000,0.5495
confirmation,joint_wild_cluster_rademacher,4,0.25,0.25,6,cluster_uncertainty_pass,939,6000,0.1565
confirmation,joint_wild_cluster_rademacher,4,0.25,0.25,7,raw_statistical_threshold_pass,33,6000,0.0055
confirmation,joint_wild_cluster_rademacher,4,0.25,0.25,8,multiplicity_adjusted_threshold_pass,33,6000,0.0055
confirmation,joint_wild_cluster_rademacher,4,0.25,0.25,9,control_adjusted_contrast_pass,33,6000,0.0055
confirmation,joint_wild_cluster_rademacher,4,0.25,0.25,10,control_specificity_pass,33,6000,0.0055
confirmation,joint_wild_cluster_rademacher,4,0.25,0.5,1,support_available_pass,5886,6000,0.981
confirmation,joint_wild_cluster_rademacher,4,0.25,0.5,2,complement_admissible_pass,5079,6000,0.8465
confirmation,joint_wild_cluster_rademacher,4,0.25,0.5,3,effect_direction_reproduced_pass,4144,6000,0.6906666666666667
confirmation,joint_wild_cluster_rademacher,4,0.25,0.5,4,target_contrast_positive_pass,4144,6000,0.6906666666666667
confirmation,joint_wild_cluster_rademacher,4,0.25,0.5,5,minimum_effect_pass,3298,6000,0.5496666666666666
confirmation,joint_wild_cluster_rademacher,4,0.25,0.5,6,cluster_uncertainty_pass,983,6000,0.16383333333333333
confirmation,joint_wild_cluster_rademacher,4,0.25,0.5,7,raw_statistical_threshold_pass,36,6000,0.006
confirmation,joint_wild_cluster_rademacher,4,0.25,0.5,8,multiplicity_adjusted_threshold_pass,36,6000,0.006
confirmation,joint_wild_cluster_rademacher,4,0.25,0.5,9,control_adjusted_contrast_pass,34,6000,0.005666666666666667
confirmation,joint_wild_cluster_rademacher,4,0.25,0.5,10,control_specificity_pass,34,6000,0.005666666666666667
confirmation,joint_wild_cluster_rademacher,4,0.25,1.0,1,support_available_pass,5866,6000,0.9776666666666667
confirmation,joint_wild_cluster_rademacher,4,0.25,1.0,2,complement_admissible_pass,5103,6000,0.8505
confirmation,joint_wild_cluster_rademacher,4,0.25,1.0,3,effect_direction_reproduced_pass,4140,6000,0.69
confirmation,joint_wild_cluster_rademacher,4,0.25,1.0,4,target_contrast_positive_pass,4140,6000,0.69
confirmation,joint_wild_cluster_rademacher,4,0.25,1.0,5,minimum_effect_pass,3258,6000,0.543
confirmation,joint_wild_cluster_rademacher,4,0.25,1.0,6,cluster_uncertainty_pass,964,6000,0.16066666666666668
confirmation,joint_wild_cluster_rademacher,4,0.25,1.0,7,raw_statistical_threshold_pass,33,6000,0.0055
confirmation,joint_wild_cluster_rademacher,4,0.25,1.0,8,multiplicity_adjusted_threshold_pass,33,6000,0.0055
confirmation,joint_wild_cluster_rademacher,4,0.25,1.0,9,control_adjusted_contrast_pass,22,6000,0.0036666666666666666
confirmation,joint_wild_cluster_rademacher,4,0.25,1.0,10,control_specificity_pass,22,6000,0.0036666666666666666
confirmation,joint_wild_cluster_rademacher,4,0.5,0.0,1,support_available_pass,5898,6000,0.983
confirmation,joint_wild_cluster_rademacher,4,0.5,0.0,2,complement_admissible_pass,5156,6000,0.8593333333333333
confirmation,joint_wild_cluster_rademacher,4,0.5,0.0,3,effect_direction_reproduced_pass,4447,6000,0.7411666666666666
confirmation,joint_wild_cluster_rademacher,4,0.5,0.0,4,target_contrast_positive_pass,4447,6000,0.7411666666666666
confirmation,joint_wild_cluster_rademacher,4,0.5,0.0,5,minimum_effect_pass,4335,6000,0.7225
confirmation,joint_wild_cluster_rademacher,4,0.5,0.0,6,cluster_uncertainty_pass,1684,6000,0.2806666666666667
confirmation,joint_wild_cluster_rademacher,4,0.5,0.0,7,raw_statistical_threshold_pass,113,6000,0.018833333333333334
confirmation,joint_wild_cluster_rademacher,4,0.5,0.0,8,multiplicity_adjusted_threshold_pass,113,6000,0.018833333333333334
confirmation,joint_wild_cluster_rademacher,4,0.5,0.0,9,control_adjusted_contrast_pass,113,6000,0.018833333333333334
confirmation,joint_wild_cluster_rademacher,4,0.5,0.0,10,control_specificity_pass,113,6000,0.018833333333333334
confirmation,joint_wild_cluster_rademacher,4,0.5,0.25,1,support_available_pass,5883,6000,0.9805
confirmation,joint_wild_cluster_rademacher,4,0.5,0.25,2,complement_admissible_pass,5077,6000,0.8461666666666666
confirmation,joint_wild_cluster_rademacher,4,0.5,0.25,3,effect_direction_reproduced_pass,4378,6000,0.7296666666666667
confirmation,joint_wild_cluster_rademacher,4,0.5,0.25,4,target_contrast_positive_pass,4378,6000,0.7296666666666667
confirmation,joint_wild_cluster_rademacher,4,0.5,0.25,5,minimum_effect_pass,4268,6000,0.7113333333333334
confirmation,joint_wild_cluster_rademacher,4,0.5,0.25,6,cluster_uncertainty_pass,1651,6000,0.27516666666666667
confirmation,joint_wild_cluster_rademacher,4,0.5,0.25,7,raw_statistical_threshold_pass,106,6000,0.017666666666666667
confirmation,joint_wild_cluster_rademacher,4,0.5,0.25,8,multiplicity_adjusted_threshold_pass,106,6000,0.017666666666666667
confirmation,joint_wild_cluster_rademacher,4,0.5,0.25,9,control_adjusted_contrast_pass,106,6000,0.017666666666666667
confirmation,joint_wild_cluster_rademacher,4,0.5,0.25,10,control_specificity_pass,106,6000,0.017666666666666667
confirmation,joint_wild_cluster_rademacher,4,0.5,0.5,1,support_available_pass,5873,6000,0.9788333333333333
confirmation,joint_wild_cluster_rademacher,4,0.5,0.5,2,complement_admissible_pass,5090,6000,0.8483333333333334
confirmation,joint_wild_cluster_rademacher,4,0.5,0.5,3,effect_direction_reproduced_pass,4396,6000,0.7326666666666667
confirmation,joint_wild_cluster_rademacher,4,0.5,0.5,4,target_contrast_positive_pass,4396,6000,0.7326666666666667
confirmation,joint_wild_cluster_rademacher,4,0.5,0.5,5,minimum_effect_pass,4262,6000,0.7103333333333334
confirmation,joint_wild_cluster_rademacher,4,0.5,0.5,6,cluster_uncertainty_pass,1647,6000,0.2745
confirmation,joint_wild_cluster_rademacher,4,0.5,0.5,7,raw_statistical_threshold_pass,112,6000,0.018666666666666668
confirmation,joint_wild_cluster_rademacher,4,0.5,0.5,8,multiplicity_adjusted_threshold_pass,112,6000,0.018666666666666668
confirmation,joint_wild_cluster_rademacher,4,0.5,0.5,9,control_adjusted_contrast_pass,94,6000,0.015666666666666666
confirmation,joint_wild_cluster_rademacher,4,0.5,0.5,10,control_specificity_pass,94,6000,0.015666666666666666
confirmation,joint_wild_cluster_rademacher,4,0.5,1.0,1,support_available_pass,5887,6000,0.9811666666666666
confirmation,joint_wild_cluster_rademacher,4,0.5,1.0,2,complement_admissible_pass,5078,6000,0.8463333333333334
confirmation,joint_wild_cluster_rademacher,4,0.5,1.0,3,effect_direction_reproduced_pass,4387,6000,0.7311666666666666
confirmation,joint_wild_cluster_rademacher,4,0.5,1.0,4,target_contrast_positive_pass,4387,6000,0.7311666666666666
confirmation,joint_wild_cluster_rademacher,4,0.5,1.0,5,minimum_effect_pass,4265,6000,0.7108333333333333
confirmation,joint_wild_cluster_rademacher,4,0.5,1.0,6,cluster_uncertainty_pass,1612,6000,0.26866666666666666
confirmation,joint_wild_cluster_rademacher,4,0.5,1.0,7,raw_statistical_threshold_pass,102,6000,0.017
confirmation,joint_wild_cluster_rademacher,4,0.5,1.0,8,multiplicity_adjusted_threshold_pass,102,6000,0.017
confirmation,joint_wild_cluster_rademacher,4,0.5,1.0,9,control_adjusted_contrast_pass,64,6000,0.010666666666666666
confirmation,joint_wild_cluster_rademacher,4,0.5,1.0,10,control_specificity_pass,64,6000,0.010666666666666666
confirmation,joint_wild_cluster_rademacher,4,0.75,0.0,1,support_available_pass,5863,6000,0.9771666666666666
confirmation,joint_wild_cluster_rademacher,4,0.75,0.0,2,complement_admissible_pass,5042,6000,0.8403333333333334
confirmation,joint_wild_cluster_rademacher,4,0.75,0.0,3,effect_direction_reproduced_pass,4400,6000,0.7333333333333333
confirmation,joint_wild_cluster_rademacher,4,0.75,0.0,4,target_contrast_positive_pass,4400,6000,0.7333333333333333
confirmation,joint_wild_cluster_rademacher,4,0.75,0.0,5,minimum_effect_pass,4379,6000,0.7298333333333333
confirmation,joint_wild_cluster_rademacher,4,0.75,0.0,6,cluster_uncertainty_pass,1922,6000,0.32033333333333336
confirmation,joint_wild_cluster_rademacher,4,0.75,0.0,7,raw_statistical_threshold_pass,185,6000,0.030833333333333334
confirmation,joint_wild_cluster_rademacher,4,0.75,0.0,8,multiplicity_adjusted_threshold_pass,185,6000,0.030833333333333334
confirmation,joint_wild_cluster_rademacher,4,0.75,0.0,9,control_adjusted_contrast_pass,185,6000,0.030833333333333334
confirmation,joint_wild_cluster_rademacher,4,0.75,0.0,10,control_specificity_pass,185,6000,0.030833333333333334
confirmation,joint_wild_cluster_rademacher,4,0.75,0.25,1,support_available_pass,5880,6000,0.98
confirmation,joint_wild_cluster_rademacher,4,0.75,0.25,2,complement_admissible_pass,5075,6000,0.8458333333333333
confirmation,joint_wild_cluster_rademacher,4,0.75,0.25,3,effect_direction_reproduced_pass,4407,6000,0.7345
confirmation,joint_wild_cluster_rademacher,4,0.75,0.25,4,target_contrast_positive_pass,4407,6000,0.7345
confirmation,joint_wild_cluster_rademacher,4,0.75,0.25,5,minimum_effect_pass,4382,6000,0.7303333333333333
confirmation,joint_wild_cluster_rademacher,4,0.75,0.25,6,cluster_uncertainty_pass,1891,6000,0.31516666666666665
confirmation,joint_wild_cluster_rademacher,4,0.75,0.25,7,raw_statistical_threshold_pass,201,6000,0.0335
confirmation,joint_wild_cluster_rademacher,4,0.75,0.25,8,multiplicity_adjusted_threshold_pass,201,6000,0.0335
confirmation,joint_wild_cluster_rademacher,4,0.75,0.25,9,control_adjusted_contrast_pass,199,6000,0.033166666666666664
confirmation,joint_wild_cluster_rademacher,4,0.75,0.25,10,control_specificity_pass,199,6000,0.033166666666666664
confirmation,joint_wild_cluster_rademacher,4,0.75,0.5,1,support_available_pass,5878,6000,0.9796666666666667
confirmation,joint_wild_cluster_rademacher,4,0.75,0.5,2,complement_admissible_pass,5100,6000,0.85
confirmation,joint_wild_cluster_rademacher,4,0.75,0.5,3,effect_direction_reproduced_pass,4475,6000,0.7458333333333333
confirmation,joint_wild_cluster_rademacher,4,0.75,0.5,4,target_contrast_positive_pass,4475,6000,0.7458333333333333
confirmation,joint_wild_cluster_rademacher,4,0.75,0.5,5,minimum_effect_pass,4450,6000,0.7416666666666667
confirmation,joint_wild_cluster_rademacher,4,0.75,0.5,6,cluster_uncertainty_pass,1921,6000,0.32016666666666665
confirmation,joint_wild_cluster_rademacher,4,0.75,0.5,7,raw_statistical_threshold_pass,185,6000,0.030833333333333334
confirmation,joint_wild_cluster_rademacher,4,0.75,0.5,8,multiplicity_adjusted_threshold_pass,185,6000,0.030833333333333334
confirmation,joint_wild_cluster_rademacher,4,0.75,0.5,9,control_adjusted_contrast_pass,174,6000,0.029
confirmation,joint_wild_cluster_rademacher,4,0.75,0.5,10,control_specificity_pass,174,6000,0.029
confirmation,joint_wild_cluster_rademacher,4,0.75,1.0,1,support_available_pass,5872,6000,0.9786666666666667
confirmation,joint_wild_cluster_rademacher,4,0.75,1.0,2,complement_admissible_pass,5120,6000,0.8533333333333334
confirmation,joint_wild_cluster_rademacher,4,0.75,1.0,3,effect_direction_reproduced_pass,4467,6000,0.7445
confirmation,joint_wild_cluster_rademacher,4,0.75,1.0,4,target_contrast_positive_pass,4467,6000,0.7445
confirmation,joint_wild_cluster_rademacher,4,0.75,1.0,5,minimum_effect_pass,4439,6000,0.7398333333333333
confirmation,joint_wild_cluster_rademacher,4,0.75,1.0,6,cluster_uncertainty_pass,1880,6000,0.31333333333333335
confirmation,joint_wild_cluster_rademacher,4,0.75,1.0,7,raw_statistical_threshold_pass,171,6000,0.0285
confirmation,joint_wild_cluster_rademacher,4,0.75,1.0,8,multiplicity_adjusted_threshold_pass,171,6000,0.0285
confirmation,joint_wild_cluster_rademacher,4,0.75,1.0,9,control_adjusted_contrast_pass,97,6000,0.016166666666666666
confirmation,joint_wild_cluster_rademacher,4,0.75,1.0,10,control_specificity_pass,97,6000,0.016166666666666666
confirmation,joint_wild_cluster_rademacher,4,1.0,0.0,1,support_available_pass,5875,6000,0.9791666666666666
confirmation,joint_wild_cluster_rademacher,4,1.0,0.0,2,complement_admissible_pass,5057,6000,0.8428333333333333
confirmation,joint_wild_cluster_rademacher,4,1.0,0.0,3,effect_direction_reproduced_pass,4430,6000,0.7383333333333333
confirmation,joint_wild_cluster_rademacher,4,1.0,0.0,4,target_contrast_positive_pass,4430,6000,0.7383333333333333
confirmation,joint_wild_cluster_rademacher,4,1.0,0.0,5,minimum_effect_pass,4429,6000,0.7381666666666666
confirmation,joint_wild_cluster_rademacher,4,1.0,0.0,6,cluster_uncertainty_pass,2049,6000,0.3415
confirmation,joint_wild_cluster_rademacher,4,1.0,0.0,7,raw_statistical_threshold_pass,260,6000,0.043333333333333335
confirmation,joint_wild_cluster_rademacher,4,1.0,0.0,8,multiplicity_adjusted_threshold_pass,260,6000,0.043333333333333335
confirmation,joint_wild_cluster_rademacher,4,1.0,0.0,9,control_adjusted_contrast_pass,260,6000,0.043333333333333335
confirmation,joint_wild_cluster_rademacher,4,1.0,0.0,10,control_specificity_pass,260,6000,0.043333333333333335
confirmation,joint_wild_cluster_rademacher,4,1.0,0.25,1,support_available_pass,5857,6000,0.9761666666666666
confirmation,joint_wild_cluster_rademacher,4,1.0,0.25,2,complement_admissible_pass,5007,6000,0.8345
confirmation,joint_wild_cluster_rademacher,4,1.0,0.25,3,effect_direction_reproduced_pass,4395,6000,0.7325
confirmation,joint_wild_cluster_rademacher,4,1.0,0.25,4,target_contrast_positive_pass,4395,6000,0.7325
confirmation,joint_wild_cluster_rademacher,4,1.0,0.25,5,minimum_effect_pass,4390,6000,0.7316666666666667
confirmation,joint_wild_cluster_rademacher,4,1.0,0.25,6,cluster_uncertainty_pass,2031,6000,0.3385
confirmation,joint_wild_cluster_rademacher,4,1.0,0.25,7,raw_statistical_threshold_pass,241,6000,0.04016666666666667
confirmation,joint_wild_cluster_rademacher,4,1.0,0.25,8,multiplicity_adjusted_threshold_pass,241,6000,0.04016666666666667
confirmation,joint_wild_cluster_rademacher,4,1.0,0.25,9,control_adjusted_contrast_pass,241,6000,0.04016666666666667
confirmation,joint_wild_cluster_rademacher,4,1.0,0.25,10,control_specificity_pass,241,6000,0.04016666666666667
confirmation,joint_wild_cluster_rademacher,4,1.0,0.5,1,support_available_pass,5856,6000,0.976
confirmation,joint_wild_cluster_rademacher,4,1.0,0.5,2,complement_admissible_pass,5040,6000,0.84
confirmation,joint_wild_cluster_rademacher,4,1.0,0.5,3,effect_direction_reproduced_pass,4364,6000,0.7273333333333334
confirmation,joint_wild_cluster_rademacher,4,1.0,0.5,4,target_contrast_positive_pass,4364,6000,0.7273333333333334
confirmation,joint_wild_cluster_rademacher,4,1.0,0.5,5,minimum_effect_pass,4359,6000,0.7265
confirmation,joint_wild_cluster_rademacher,4,1.0,0.5,6,cluster_uncertainty_pass,1958,6000,0.3263333333333333
confirmation,joint_wild_cluster_rademacher,4,1.0,0.5,7,raw_statistical_threshold_pass,267,6000,0.0445
confirmation,joint_wild_cluster_rademacher,4,1.0,0.5,8,multiplicity_adjusted_threshold_pass,267,6000,0.0445
confirmation,joint_wild_cluster_rademacher,4,1.0,0.5,9,control_adjusted_contrast_pass,250,6000,0.041666666666666664
confirmation,joint_wild_cluster_rademacher,4,1.0,0.5,10,control_specificity_pass,250,6000,0.041666666666666664
confirmation,joint_wild_cluster_rademacher,4,1.0,1.0,1,support_available_pass,5865,6000,0.9775
confirmation,joint_wild_cluster_rademacher,4,1.0,1.0,2,complement_admissible_pass,5055,6000,0.8425
confirmation,joint_wild_cluster_rademacher,4,1.0,1.0,3,effect_direction_reproduced_pass,4443,6000,0.7405
confirmation,joint_wild_cluster_rademacher,4,1.0,1.0,4,target_contrast_positive_pass,4443,6000,0.7405
confirmation,joint_wild_cluster_rademacher,4,1.0,1.0,5,minimum_effect_pass,4438,6000,0.7396666666666667
confirmation,joint_wild_cluster_rademacher,4,1.0,1.0,6,cluster_uncertainty_pass,1996,6000,0.33266666666666667
confirmation,joint_wild_cluster_rademacher,4,1.0,1.0,7,raw_statistical_threshold_pass,261,6000,0.0435
confirmation,joint_wild_cluster_rademacher,4,1.0,1.0,8,multiplicity_adjusted_threshold_pass,261,6000,0.0435
confirmation,joint_wild_cluster_rademacher,4,1.0,1.0,9,control_adjusted_contrast_pass,130,6000,0.021666666666666667
confirmation,joint_wild_cluster_rademacher,4,1.0,1.0,10,control_specificity_pass,130,6000,0.021666666666666667
confirmation,joint_wild_cluster_rademacher,4,1.5,0.0,1,support_available_pass,5866,6000,0.9776666666666667
confirmation,joint_wild_cluster_rademacher,4,1.5,0.0,2,complement_admissible_pass,5014,6000,0.8356666666666667
confirmation,joint_wild_cluster_rademacher,4,1.5,0.0,3,effect_direction_reproduced_pass,4364,6000,0.7273333333333334
confirmation,joint_wild_cluster_rademacher,4,1.5,0.0,4,target_contrast_positive_pass,4364,6000,0.7273333333333334
confirmation,joint_wild_cluster_rademacher,4,1.5,0.0,5,minimum_effect_pass,4363,6000,0.7271666666666666
confirmation,joint_wild_cluster_rademacher,4,1.5,0.0,6,cluster_uncertainty_pass,2060,6000,0.3433333333333333
confirmation,joint_wild_cluster_rademacher,4,1.5,0.0,7,raw_statistical_threshold_pass,329,6000,0.05483333333333333
confirmation,joint_wild_cluster_rademacher,4,1.5,0.0,8,multiplicity_adjusted_threshold_pass,329,6000,0.05483333333333333
confirmation,joint_wild_cluster_rademacher,4,1.5,0.0,9,control_adjusted_contrast_pass,329,6000,0.05483333333333333
confirmation,joint_wild_cluster_rademacher,4,1.5,0.0,10,control_specificity_pass,329,6000,0.05483333333333333
confirmation,joint_wild_cluster_rademacher,4,1.5,0.25,1,support_available_pass,5867,6000,0.9778333333333333
confirmation,joint_wild_cluster_rademacher,4,1.5,0.25,2,complement_admissible_pass,5088,6000,0.848
confirmation,joint_wild_cluster_rademacher,4,1.5,0.25,3,effect_direction_reproduced_pass,4410,6000,0.735
confirmation,joint_wild_cluster_rademacher,4,1.5,0.25,4,target_contrast_positive_pass,4410,6000,0.735
confirmation,joint_wild_cluster_rademacher,4,1.5,0.25,5,minimum_effect_pass,4410,6000,0.735
confirmation,joint_wild_cluster_rademacher,4,1.5,0.25,6,cluster_uncertainty_pass,2085,6000,0.3475
confirmation,joint_wild_cluster_rademacher,4,1.5,0.25,7,raw_statistical_threshold_pass,358,6000,0.059666666666666666
confirmation,joint_wild_cluster_rademacher,4,1.5,0.25,8,multiplicity_adjusted_threshold_pass,358,6000,0.059666666666666666
confirmation,joint_wild_cluster_rademacher,4,1.5,0.25,9,control_adjusted_contrast_pass,357,6000,0.0595
confirmation,joint_wild_cluster_rademacher,4,1.5,0.25,10,control_specificity_pass,357,6000,0.0595
confirmation,joint_wild_cluster_rademacher,4,1.5,0.5,1,support_available_pass,5872,6000,0.9786666666666667
confirmation,joint_wild_cluster_rademacher,4,1.5,0.5,2,complement_admissible_pass,5075,6000,0.8458333333333333
confirmation,joint_wild_cluster_rademacher,4,1.5,0.5,3,effect_direction_reproduced_pass,4429,6000,0.7381666666666666
confirmation,joint_wild_cluster_rademacher,4,1.5,0.5,4,target_contrast_positive_pass,4429,6000,0.7381666666666666
confirmation,joint_wild_cluster_rademacher,4,1.5,0.5,5,minimum_effect_pass,4429,6000,0.7381666666666666
confirmation,joint_wild_cluster_rademacher,4,1.5,0.5,6,cluster_uncertainty_pass,2041,6000,0.3401666666666667
confirmation,joint_wild_cluster_rademacher,4,1.5,0.5,7,raw_statistical_threshold_pass,358,6000,0.059666666666666666
confirmation,joint_wild_cluster_rademacher,4,1.5,0.5,8,multiplicity_adjusted_threshold_pass,358,6000,0.059666666666666666
confirmation,joint_wild_cluster_rademacher,4,1.5,0.5,9,control_adjusted_contrast_pass,329,6000,0.05483333333333333
confirmation,joint_wild_cluster_rademacher,4,1.5,0.5,10,control_specificity_pass,329,6000,0.05483333333333333
confirmation,joint_wild_cluster_rademacher,4,1.5,1.0,1,support_available_pass,5851,6000,0.9751666666666666
confirmation,joint_wild_cluster_rademacher,4,1.5,1.0,2,complement_admissible_pass,5041,6000,0.8401666666666666
confirmation,joint_wild_cluster_rademacher,4,1.5,1.0,3,effect_direction_reproduced_pass,4397,6000,0.7328333333333333
confirmation,joint_wild_cluster_rademacher,4,1.5,1.0,4,target_contrast_positive_pass,4397,6000,0.7328333333333333
confirmation,joint_wild_cluster_rademacher,4,1.5,1.0,5,minimum_effect_pass,4395,6000,0.7325
confirmation,joint_wild_cluster_rademacher,4,1.5,1.0,6,cluster_uncertainty_pass,2061,6000,0.3435
confirmation,joint_wild_cluster_rademacher,4,1.5,1.0,7,raw_statistical_threshold_pass,342,6000,0.057
confirmation,joint_wild_cluster_rademacher,4,1.5,1.0,8,multiplicity_adjusted_threshold_pass,342,6000,0.057
confirmation,joint_wild_cluster_rademacher,4,1.5,1.0,9,control_adjusted_contrast_pass,126,6000,0.021
confirmation,joint_wild_cluster_rademacher,4,1.5,1.0,10,control_specificity_pass,126,6000,0.021
confirmation,joint_wild_cluster_rademacher,4,2.0,0.0,1,support_available_pass,5888,6000,0.9813333333333333
confirmation,joint_wild_cluster_rademacher,4,2.0,0.0,2,complement_admissible_pass,5073,6000,0.8455
confirmation,joint_wild_cluster_rademacher,4,2.0,0.0,3,effect_direction_reproduced_pass,4440,6000,0.74
confirmation,joint_wild_cluster_rademacher,4,2.0,0.0,4,target_contrast_positive_pass,4440,6000,0.74
confirmation,joint_wild_cluster_rademacher,4,2.0,0.0,5,minimum_effect_pass,4440,6000,0.74
confirmation,joint_wild_cluster_rademacher,4,2.0,0.0,6,cluster_uncertainty_pass,2074,6000,0.3456666666666667
confirmation,joint_wild_cluster_rademacher,4,2.0,0.0,7,raw_statistical_threshold_pass,342,6000,0.057
confirmation,joint_wild_cluster_rademacher,4,2.0,0.0,8,multiplicity_adjusted_threshold_pass,342,6000,0.057
confirmation,joint_wild_cluster_rademacher,4,2.0,0.0,9,control_adjusted_contrast_pass,342,6000,0.057
confirmation,joint_wild_cluster_rademacher,4,2.0,0.0,10,control_specificity_pass,342,6000,0.057
confirmation,joint_wild_cluster_rademacher,4,2.0,0.25,1,support_available_pass,5876,6000,0.9793333333333333
confirmation,joint_wild_cluster_rademacher,4,2.0,0.25,2,complement_admissible_pass,5044,6000,0.8406666666666667
confirmation,joint_wild_cluster_rademacher,4,2.0,0.25,3,effect_direction_reproduced_pass,4386,6000,0.731
confirmation,joint_wild_cluster_rademacher,4,2.0,0.25,4,target_contrast_positive_pass,4386,6000,0.731
confirmation,joint_wild_cluster_rademacher,4,2.0,0.25,5,minimum_effect_pass,4386,6000,0.731
confirmation,joint_wild_cluster_rademacher,4,2.0,0.25,6,cluster_uncertainty_pass,2012,6000,0.3353333333333333
confirmation,joint_wild_cluster_rademacher,4,2.0,0.25,7,raw_statistical_threshold_pass,367,6000,0.06116666666666667
confirmation,joint_wild_cluster_rademacher,4,2.0,0.25,8,multiplicity_adjusted_threshold_pass,367,6000,0.06116666666666667
confirmation,joint_wild_cluster_rademacher,4,2.0,0.25,9,control_adjusted_contrast_pass,365,6000,0.060833333333333336
confirmation,joint_wild_cluster_rademacher,4,2.0,0.25,10,control_specificity_pass,365,6000,0.060833333333333336
confirmation,joint_wild_cluster_rademacher,4,2.0,0.5,1,support_available_pass,5881,6000,0.9801666666666666
confirmation,joint_wild_cluster_rademacher,4,2.0,0.5,2,complement_admissible_pass,5089,6000,0.8481666666666666
confirmation,joint_wild_cluster_rademacher,4,2.0,0.5,3,effect_direction_reproduced_pass,4407,6000,0.7345
confirmation,joint_wild_cluster_rademacher,4,2.0,0.5,4,target_contrast_positive_pass,4407,6000,0.7345
confirmation,joint_wild_cluster_rademacher,4,2.0,0.5,5,minimum_effect_pass,4407,6000,0.7345
confirmation,joint_wild_cluster_rademacher,4,2.0,0.5,6,cluster_uncertainty_pass,2059,6000,0.3431666666666667
confirmation,joint_wild_cluster_rademacher,4,2.0,0.5,7,raw_statistical_threshold_pass,347,6000,0.057833333333333334
confirmation,joint_wild_cluster_rademacher,4,2.0,0.5,8,multiplicity_adjusted_threshold_pass,347,6000,0.057833333333333334
confirmation,joint_wild_cluster_rademacher,4,2.0,0.5,9,control_adjusted_contrast_pass,327,6000,0.0545
confirmation,joint_wild_cluster_rademacher,4,2.0,0.5,10,control_specificity_pass,327,6000,0.0545
confirmation,joint_wild_cluster_rademacher,4,2.0,1.0,1,support_available_pass,5857,6000,0.9761666666666666
confirmation,joint_wild_cluster_rademacher,4,2.0,1.0,2,complement_admissible_pass,5064,6000,0.844
confirmation,joint_wild_cluster_rademacher,4,2.0,1.0,3,effect_direction_reproduced_pass,4416,6000,0.736
confirmation,joint_wild_cluster_rademacher,4,2.0,1.0,4,target_contrast_positive_pass,4416,6000,0.736
confirmation,joint_wild_cluster_rademacher,4,2.0,1.0,5,minimum_effect_pass,4416,6000,0.736
confirmation,joint_wild_cluster_rademacher,4,2.0,1.0,6,cluster_uncertainty_pass,2089,6000,0.3481666666666667
confirmation,joint_wild_cluster_rademacher,4,2.0,1.0,7,raw_statistical_threshold_pass,366,6000,0.061
confirmation,joint_wild_cluster_rademacher,4,2.0,1.0,8,multiplicity_adjusted_threshold_pass,366,6000,0.061
confirmation,joint_wild_cluster_rademacher,4,2.0,1.0,9,control_adjusted_contrast_pass,148,6000,0.024666666666666667
confirmation,joint_wild_cluster_rademacher,4,2.0,1.0,10,control_specificity_pass,148,6000,0.024666666666666667
confirmation,joint_wild_cluster_rademacher,5,0.0,0.0,1,support_available_pass,5935,6000,0.9891666666666666
confirmation,joint_wild_cluster_rademacher,5,0.0,0.0,2,complement_admissible_pass,5560,6000,0.9266666666666666
confirmation,joint_wild_cluster_rademacher,5,0.0,0.0,3,effect_direction_reproduced_pass,0,6000,0.0
confirmation,joint_wild_cluster_rademacher,5,0.0,0.0,4,target_contrast_positive_pass,0,6000,0.0
confirmation,joint_wild_cluster_rademacher,5,0.0,0.0,5,minimum_effect_pass,0,6000,0.0
confirmation,joint_wild_cluster_rademacher,5,0.0,0.0,6,cluster_uncertainty_pass,0,6000,0.0
confirmation,joint_wild_cluster_rademacher,5,0.0,0.0,7,raw_statistical_threshold_pass,0,6000,0.0
confirmation,joint_wild_cluster_rademacher,5,0.0,0.0,8,multiplicity_adjusted_threshold_pass,0,6000,0.0
confirmation,joint_wild_cluster_rademacher,5,0.0,0.0,9,control_adjusted_contrast_pass,0,6000,0.0
confirmation,joint_wild_cluster_rademacher,5,0.0,0.0,10,control_specificity_pass,0,6000,0.0
confirmation,joint_wild_cluster_rademacher,5,0.25,0.0,1,support_available_pass,5936,6000,0.9893333333333333
confirmation,joint_wild_cluster_rademacher,5,0.25,0.0,2,complement_admissible_pass,5556,6000,0.926
confirmation,joint_wild_cluster_rademacher,5,0.25,0.0,3,effect_direction_reproduced_pass,4758,6000,0.793
confirmation,joint_wild_cluster_rademacher,5,0.25,0.0,4,target_contrast_positive_pass,4758,6000,0.793
confirmation,joint_wild_cluster_rademacher,5,0.25,0.0,5,minimum_effect_pass,3781,6000,0.6301666666666667
confirmation,joint_wild_cluster_rademacher,5,0.25,0.0,6,cluster_uncertainty_pass,1232,6000,0.20533333333333334
confirmation,joint_wild_cluster_rademacher,5,0.25,0.0,7,raw_statistical_threshold_pass,121,6000,0.020166666666666666
confirmation,joint_wild_cluster_rademacher,5,0.25,0.0,8,multiplicity_adjusted_threshold_pass,121,6000,0.020166666666666666
confirmation,joint_wild_cluster_rademacher,5,0.25,0.0,9,control_adjusted_contrast_pass,121,6000,0.020166666666666666
confirmation,joint_wild_cluster_rademacher,5,0.25,0.0,10,control_specificity_pass,121,6000,0.020166666666666666
confirmation,joint_wild_cluster_rademacher,5,0.25,0.25,1,support_available_pass,5932,6000,0.9886666666666667
confirmation,joint_wild_cluster_rademacher,5,0.25,0.25,2,complement_admissible_pass,5559,6000,0.9265
confirmation,joint_wild_cluster_rademacher,5,0.25,0.25,3,effect_direction_reproduced_pass,4730,6000,0.7883333333333333
confirmation,joint_wild_cluster_rademacher,5,0.25,0.25,4,target_contrast_positive_pass,4730,6000,0.7883333333333333
confirmation,joint_wild_cluster_rademacher,5,0.25,0.25,5,minimum_effect_pass,3762,6000,0.627
confirmation,joint_wild_cluster_rademacher,5,0.25,0.25,6,cluster_uncertainty_pass,1173,6000,0.1955
confirmation,joint_wild_cluster_rademacher,5,0.25,0.25,7,raw_statistical_threshold_pass,117,6000,0.0195
confirmation,joint_wild_cluster_rademacher,5,0.25,0.25,8,multiplicity_adjusted_threshold_pass,117,6000,0.0195
confirmation,joint_wild_cluster_rademacher,5,0.25,0.25,9,control_adjusted_contrast_pass,116,6000,0.019333333333333334
confirmation,joint_wild_cluster_rademacher,5,0.25,0.25,10,control_specificity_pass,116,6000,0.019333333333333334
confirmation,joint_wild_cluster_rademacher,5,0.25,0.5,1,support_available_pass,5941,6000,0.9901666666666666
confirmation,joint_wild_cluster_rademacher,5,0.25,0.5,2,complement_admissible_pass,5569,6000,0.9281666666666667
confirmation,joint_wild_cluster_rademacher,5,0.25,0.5,3,effect_direction_reproduced_pass,4722,6000,0.787
confirmation,joint_wild_cluster_rademacher,5,0.25,0.5,4,target_contrast_positive_pass,4722,6000,0.787
confirmation,joint_wild_cluster_rademacher,5,0.25,0.5,5,minimum_effect_pass,3807,6000,0.6345
confirmation,joint_wild_cluster_rademacher,5,0.25,0.5,6,cluster_uncertainty_pass,1227,6000,0.2045
confirmation,joint_wild_cluster_rademacher,5,0.25,0.5,7,raw_statistical_threshold_pass,119,6000,0.019833333333333335
confirmation,joint_wild_cluster_rademacher,5,0.25,0.5,8,multiplicity_adjusted_threshold_pass,119,6000,0.019833333333333335
confirmation,joint_wild_cluster_rademacher,5,0.25,0.5,9,control_adjusted_contrast_pass,107,6000,0.017833333333333333
confirmation,joint_wild_cluster_rademacher,5,0.25,0.5,10,control_specificity_pass,107,6000,0.017833333333333333
confirmation,joint_wild_cluster_rademacher,5,0.25,1.0,1,support_available_pass,5928,6000,0.988
confirmation,joint_wild_cluster_rademacher,5,0.25,1.0,2,complement_admissible_pass,5585,6000,0.9308333333333333
confirmation,joint_wild_cluster_rademacher,5,0.25,1.0,3,effect_direction_reproduced_pass,4764,6000,0.794
confirmation,joint_wild_cluster_rademacher,5,0.25,1.0,4,target_contrast_positive_pass,4764,6000,0.794
confirmation,joint_wild_cluster_rademacher,5,0.25,1.0,5,minimum_effect_pass,3834,6000,0.639
confirmation,joint_wild_cluster_rademacher,5,0.25,1.0,6,cluster_uncertainty_pass,1219,6000,0.20316666666666666
confirmation,joint_wild_cluster_rademacher,5,0.25,1.0,7,raw_statistical_threshold_pass,120,6000,0.02
confirmation,joint_wild_cluster_rademacher,5,0.25,1.0,8,multiplicity_adjusted_threshold_pass,120,6000,0.02
confirmation,joint_wild_cluster_rademacher,5,0.25,1.0,9,control_adjusted_contrast_pass,81,6000,0.0135
confirmation,joint_wild_cluster_rademacher,5,0.25,1.0,10,control_specificity_pass,81,6000,0.0135
confirmation,joint_wild_cluster_rademacher,5,0.5,0.0,1,support_available_pass,5952,6000,0.992
confirmation,joint_wild_cluster_rademacher,5,0.5,0.0,2,complement_admissible_pass,5605,6000,0.9341666666666667
confirmation,joint_wild_cluster_rademacher,5,0.5,0.0,3,effect_direction_reproduced_pass,4997,6000,0.8328333333333333
confirmation,joint_wild_cluster_rademacher,5,0.5,0.0,4,target_contrast_positive_pass,4997,6000,0.8328333333333333
confirmation,joint_wild_cluster_rademacher,5,0.5,0.0,5,minimum_effect_pass,4895,6000,0.8158333333333333
confirmation,joint_wild_cluster_rademacher,5,0.5,0.0,6,cluster_uncertainty_pass,2071,6000,0.3451666666666667
confirmation,joint_wild_cluster_rademacher,5,0.5,0.0,7,raw_statistical_threshold_pass,371,6000,0.06183333333333333
confirmation,joint_wild_cluster_rademacher,5,0.5,0.0,8,multiplicity_adjusted_threshold_pass,371,6000,0.06183333333333333
confirmation,joint_wild_cluster_rademacher,5,0.5,0.0,9,control_adjusted_contrast_pass,371,6000,0.06183333333333333
confirmation,joint_wild_cluster_rademacher,5,0.5,0.0,10,control_specificity_pass,371,6000,0.06183333333333333
confirmation,joint_wild_cluster_rademacher,5,0.5,0.25,1,support_available_pass,5953,6000,0.9921666666666666
confirmation,joint_wild_cluster_rademacher,5,0.5,0.25,2,complement_admissible_pass,5548,6000,0.9246666666666666
confirmation,joint_wild_cluster_rademacher,5,0.5,0.25,3,effect_direction_reproduced_pass,4929,6000,0.8215
confirmation,joint_wild_cluster_rademacher,5,0.5,0.25,4,target_contrast_positive_pass,4929,6000,0.8215
confirmation,joint_wild_cluster_rademacher,5,0.5,0.25,5,minimum_effect_pass,4817,6000,0.8028333333333333
confirmation,joint_wild_cluster_rademacher,5,0.5,0.25,6,cluster_uncertainty_pass,2052,6000,0.342
confirmation,joint_wild_cluster_rademacher,5,0.5,0.25,7,raw_statistical_threshold_pass,348,6000,0.058
confirmation,joint_wild_cluster_rademacher,5,0.5,0.25,8,multiplicity_adjusted_threshold_pass,348,6000,0.058
confirmation,joint_wild_cluster_rademacher,5,0.5,0.25,9,control_adjusted_contrast_pass,346,6000,0.057666666666666665
confirmation,joint_wild_cluster_rademacher,5,0.5,0.25,10,control_specificity_pass,346,6000,0.057666666666666665
confirmation,joint_wild_cluster_rademacher,5,0.5,0.5,1,support_available_pass,5933,6000,0.9888333333333333
confirmation,joint_wild_cluster_rademacher,5,0.5,0.5,2,complement_admissible_pass,5560,6000,0.9266666666666666
confirmation,joint_wild_cluster_rademacher,5,0.5,0.5,3,effect_direction_reproduced_pass,4944,6000,0.824
confirmation,joint_wild_cluster_rademacher,5,0.5,0.5,4,target_contrast_positive_pass,4944,6000,0.824
confirmation,joint_wild_cluster_rademacher,5,0.5,0.5,5,minimum_effect_pass,4836,6000,0.806
confirmation,joint_wild_cluster_rademacher,5,0.5,0.5,6,cluster_uncertainty_pass,2054,6000,0.3423333333333333
confirmation,joint_wild_cluster_rademacher,5,0.5,0.5,7,raw_statistical_threshold_pass,340,6000,0.056666666666666664
confirmation,joint_wild_cluster_rademacher,5,0.5,0.5,8,multiplicity_adjusted_threshold_pass,340,6000,0.056666666666666664
confirmation,joint_wild_cluster_rademacher,5,0.5,0.5,9,control_adjusted_contrast_pass,302,6000,0.050333333333333334
confirmation,joint_wild_cluster_rademacher,5,0.5,0.5,10,control_specificity_pass,302,6000,0.050333333333333334
confirmation,joint_wild_cluster_rademacher,5,0.5,1.0,1,support_available_pass,5953,6000,0.9921666666666666
confirmation,joint_wild_cluster_rademacher,5,0.5,1.0,2,complement_admissible_pass,5587,6000,0.9311666666666667
confirmation,joint_wild_cluster_rademacher,5,0.5,1.0,3,effect_direction_reproduced_pass,4970,6000,0.8283333333333334
confirmation,joint_wild_cluster_rademacher,5,0.5,1.0,4,target_contrast_positive_pass,4970,6000,0.8283333333333334
confirmation,joint_wild_cluster_rademacher,5,0.5,1.0,5,minimum_effect_pass,4844,6000,0.8073333333333333
confirmation,joint_wild_cluster_rademacher,5,0.5,1.0,6,cluster_uncertainty_pass,2003,6000,0.3338333333333333
confirmation,joint_wild_cluster_rademacher,5,0.5,1.0,7,raw_statistical_threshold_pass,359,6000,0.059833333333333336
confirmation,joint_wild_cluster_rademacher,5,0.5,1.0,8,multiplicity_adjusted_threshold_pass,359,6000,0.059833333333333336
confirmation,joint_wild_cluster_rademacher,5,0.5,1.0,9,control_adjusted_contrast_pass,205,6000,0.034166666666666665
confirmation,joint_wild_cluster_rademacher,5,0.5,1.0,10,control_specificity_pass,205,6000,0.034166666666666665
confirmation,joint_wild_cluster_rademacher,5,0.75,0.0,1,support_available_pass,5923,6000,0.9871666666666666
confirmation,joint_wild_cluster_rademacher,5,0.75,0.0,2,complement_admissible_pass,5550,6000,0.925
confirmation,joint_wild_cluster_rademacher,5,0.75,0.0,3,effect_direction_reproduced_pass,4947,6000,0.8245
confirmation,joint_wild_cluster_rademacher,5,0.75,0.0,4,target_contrast_positive_pass,4947,6000,0.8245
confirmation,joint_wild_cluster_rademacher,5,0.75,0.0,5,minimum_effect_pass,4929,6000,0.8215
confirmation,joint_wild_cluster_rademacher,5,0.75,0.0,6,cluster_uncertainty_pass,2356,6000,0.39266666666666666
confirmation,joint_wild_cluster_rademacher,5,0.75,0.0,7,raw_statistical_threshold_pass,543,6000,0.0905
confirmation,joint_wild_cluster_rademacher,5,0.75,0.0,8,multiplicity_adjusted_threshold_pass,543,6000,0.0905
confirmation,joint_wild_cluster_rademacher,5,0.75,0.0,9,control_adjusted_contrast_pass,543,6000,0.0905
confirmation,joint_wild_cluster_rademacher,5,0.75,0.0,10,control_specificity_pass,543,6000,0.0905
confirmation,joint_wild_cluster_rademacher,5,0.75,0.25,1,support_available_pass,5948,6000,0.9913333333333333
confirmation,joint_wild_cluster_rademacher,5,0.75,0.25,2,complement_admissible_pass,5550,6000,0.925
confirmation,joint_wild_cluster_rademacher,5,0.75,0.25,3,effect_direction_reproduced_pass,4971,6000,0.8285
confirmation,joint_wild_cluster_rademacher,5,0.75,0.25,4,target_contrast_positive_pass,4971,6000,0.8285
confirmation,joint_wild_cluster_rademacher,5,0.75,0.25,5,minimum_effect_pass,4956,6000,0.826
confirmation,joint_wild_cluster_rademacher,5,0.75,0.25,6,cluster_uncertainty_pass,2336,6000,0.3893333333333333
confirmation,joint_wild_cluster_rademacher,5,0.75,0.25,7,raw_statistical_threshold_pass,526,6000,0.08766666666666667
confirmation,joint_wild_cluster_rademacher,5,0.75,0.25,8,multiplicity_adjusted_threshold_pass,526,6000,0.08766666666666667
confirmation,joint_wild_cluster_rademacher,5,0.75,0.25,9,control_adjusted_contrast_pass,522,6000,0.087
confirmation,joint_wild_cluster_rademacher,5,0.75,0.25,10,control_specificity_pass,522,6000,0.087
confirmation,joint_wild_cluster_rademacher,5,0.75,0.5,1,support_available_pass,5934,6000,0.989
confirmation,joint_wild_cluster_rademacher,5,0.75,0.5,2,complement_admissible_pass,5555,6000,0.9258333333333333
confirmation,joint_wild_cluster_rademacher,5,0.75,0.5,3,effect_direction_reproduced_pass,5006,6000,0.8343333333333334
confirmation,joint_wild_cluster_rademacher,5,0.75,0.5,4,target_contrast_positive_pass,5006,6000,0.8343333333333334
confirmation,joint_wild_cluster_rademacher,5,0.75,0.5,5,minimum_effect_pass,4985,6000,0.8308333333333333
confirmation,joint_wild_cluster_rademacher,5,0.75,0.5,6,cluster_uncertainty_pass,2338,6000,0.38966666666666666
confirmation,joint_wild_cluster_rademacher,5,0.75,0.5,7,raw_statistical_threshold_pass,544,6000,0.09066666666666667
confirmation,joint_wild_cluster_rademacher,5,0.75,0.5,8,multiplicity_adjusted_threshold_pass,544,6000,0.09066666666666667
confirmation,joint_wild_cluster_rademacher,5,0.75,0.5,9,control_adjusted_contrast_pass,499,6000,0.08316666666666667
confirmation,joint_wild_cluster_rademacher,5,0.75,0.5,10,control_specificity_pass,499,6000,0.08316666666666667
confirmation,joint_wild_cluster_rademacher,5,0.75,1.0,1,support_available_pass,5935,6000,0.9891666666666666
confirmation,joint_wild_cluster_rademacher,5,0.75,1.0,2,complement_admissible_pass,5604,6000,0.934
confirmation,joint_wild_cluster_rademacher,5,0.75,1.0,3,effect_direction_reproduced_pass,5004,6000,0.834
confirmation,joint_wild_cluster_rademacher,5,0.75,1.0,4,target_contrast_positive_pass,5004,6000,0.834
confirmation,joint_wild_cluster_rademacher,5,0.75,1.0,5,minimum_effect_pass,4984,6000,0.8306666666666667
confirmation,joint_wild_cluster_rademacher,5,0.75,1.0,6,cluster_uncertainty_pass,2357,6000,0.3928333333333333
confirmation,joint_wild_cluster_rademacher,5,0.75,1.0,7,raw_statistical_threshold_pass,539,6000,0.08983333333333333
confirmation,joint_wild_cluster_rademacher,5,0.75,1.0,8,multiplicity_adjusted_threshold_pass,539,6000,0.08983333333333333
confirmation,joint_wild_cluster_rademacher,5,0.75,1.0,9,control_adjusted_contrast_pass,254,6000,0.042333333333333334
confirmation,joint_wild_cluster_rademacher,5,0.75,1.0,10,control_specificity_pass,254,6000,0.042333333333333334
confirmation,joint_wild_cluster_rademacher,5,1.0,0.0,1,support_available_pass,5947,6000,0.9911666666666666
confirmation,joint_wild_cluster_rademacher,5,1.0,0.0,2,complement_admissible_pass,5538,6000,0.923
confirmation,joint_wild_cluster_rademacher,5,1.0,0.0,3,effect_direction_reproduced_pass,4948,6000,0.8246666666666667
confirmation,joint_wild_cluster_rademacher,5,1.0,0.0,4,target_contrast_positive_pass,4948,6000,0.8246666666666667
confirmation,joint_wild_cluster_rademacher,5,1.0,0.0,5,minimum_effect_pass,4947,6000,0.8245
confirmation,joint_wild_cluster_rademacher,5,1.0,0.0,6,cluster_uncertainty_pass,2488,6000,0.4146666666666667
confirmation,joint_wild_cluster_rademacher,5,1.0,0.0,7,raw_statistical_threshold_pass,641,6000,0.10683333333333334
confirmation,joint_wild_cluster_rademacher,5,1.0,0.0,8,multiplicity_adjusted_threshold_pass,641,6000,0.10683333333333334
confirmation,joint_wild_cluster_rademacher,5,1.0,0.0,9,control_adjusted_contrast_pass,641,6000,0.10683333333333334
confirmation,joint_wild_cluster_rademacher,5,1.0,0.0,10,control_specificity_pass,641,6000,0.10683333333333334
confirmation,joint_wild_cluster_rademacher,5,1.0,0.25,1,support_available_pass,5924,6000,0.9873333333333333
confirmation,joint_wild_cluster_rademacher,5,1.0,0.25,2,complement_admissible_pass,5535,6000,0.9225
confirmation,joint_wild_cluster_rademacher,5,1.0,0.25,3,effect_direction_reproduced_pass,4969,6000,0.8281666666666667
confirmation,joint_wild_cluster_rademacher,5,1.0,0.25,4,target_contrast_positive_pass,4969,6000,0.8281666666666667
confirmation,joint_wild_cluster_rademacher,5,1.0,0.25,5,minimum_effect_pass,4966,6000,0.8276666666666667
confirmation,joint_wild_cluster_rademacher,5,1.0,0.25,6,cluster_uncertainty_pass,2467,6000,0.4111666666666667
confirmation,joint_wild_cluster_rademacher,5,1.0,0.25,7,raw_statistical_threshold_pass,663,6000,0.1105
confirmation,joint_wild_cluster_rademacher,5,1.0,0.25,8,multiplicity_adjusted_threshold_pass,663,6000,0.1105
confirmation,joint_wild_cluster_rademacher,5,1.0,0.25,9,control_adjusted_contrast_pass,662,6000,0.11033333333333334
confirmation,joint_wild_cluster_rademacher,5,1.0,0.25,10,control_specificity_pass,662,6000,0.11033333333333334
confirmation,joint_wild_cluster_rademacher,5,1.0,0.5,1,support_available_pass,5933,6000,0.9888333333333333
confirmation,joint_wild_cluster_rademacher,5,1.0,0.5,2,complement_admissible_pass,5523,6000,0.9205
confirmation,joint_wild_cluster_rademacher,5,1.0,0.5,3,effect_direction_reproduced_pass,4943,6000,0.8238333333333333
confirmation,joint_wild_cluster_rademacher,5,1.0,0.5,4,target_contrast_positive_pass,4943,6000,0.8238333333333333
confirmation,joint_wild_cluster_rademacher,5,1.0,0.5,5,minimum_effect_pass,4940,6000,0.8233333333333334
confirmation,joint_wild_cluster_rademacher,5,1.0,0.5,6,cluster_uncertainty_pass,2414,6000,0.4023333333333333
confirmation,joint_wild_cluster_rademacher,5,1.0,0.5,7,raw_statistical_threshold_pass,652,6000,0.10866666666666666
confirmation,joint_wild_cluster_rademacher,5,1.0,0.5,8,multiplicity_adjusted_threshold_pass,652,6000,0.10866666666666666
confirmation,joint_wild_cluster_rademacher,5,1.0,0.5,9,control_adjusted_contrast_pass,598,6000,0.09966666666666667
confirmation,joint_wild_cluster_rademacher,5,1.0,0.5,10,control_specificity_pass,598,6000,0.09966666666666667
confirmation,joint_wild_cluster_rademacher,5,1.0,1.0,1,support_available_pass,5935,6000,0.9891666666666666
confirmation,joint_wild_cluster_rademacher,5,1.0,1.0,2,complement_admissible_pass,5557,6000,0.9261666666666667
confirmation,joint_wild_cluster_rademacher,5,1.0,1.0,3,effect_direction_reproduced_pass,4982,6000,0.8303333333333334
confirmation,joint_wild_cluster_rademacher,5,1.0,1.0,4,target_contrast_positive_pass,4982,6000,0.8303333333333334
confirmation,joint_wild_cluster_rademacher,5,1.0,1.0,5,minimum_effect_pass,4980,6000,0.83
confirmation,joint_wild_cluster_rademacher,5,1.0,1.0,6,cluster_uncertainty_pass,2431,6000,0.4051666666666667
confirmation,joint_wild_cluster_rademacher,5,1.0,1.0,7,raw_statistical_threshold_pass,655,6000,0.10916666666666666
confirmation,joint_wild_cluster_rademacher,5,1.0,1.0,8,multiplicity_adjusted_threshold_pass,655,6000,0.10916666666666666
confirmation,joint_wild_cluster_rademacher,5,1.0,1.0,9,control_adjusted_contrast_pass,259,6000,0.043166666666666666
confirmation,joint_wild_cluster_rademacher,5,1.0,1.0,10,control_specificity_pass,259,6000,0.043166666666666666
confirmation,joint_wild_cluster_rademacher,5,1.5,0.0,1,support_available_pass,5937,6000,0.9895
confirmation,joint_wild_cluster_rademacher,5,1.5,0.0,2,complement_admissible_pass,5520,6000,0.92
confirmation,joint_wild_cluster_rademacher,5,1.5,0.0,3,effect_direction_reproduced_pass,4917,6000,0.8195
confirmation,joint_wild_cluster_rademacher,5,1.5,0.0,4,target_contrast_positive_pass,4917,6000,0.8195
confirmation,joint_wild_cluster_rademacher,5,1.5,0.0,5,minimum_effect_pass,4917,6000,0.8195
confirmation,joint_wild_cluster_rademacher,5,1.5,0.0,6,cluster_uncertainty_pass,2505,6000,0.4175
confirmation,joint_wild_cluster_rademacher,5,1.5,0.0,7,raw_statistical_threshold_pass,769,6000,0.12816666666666668
confirmation,joint_wild_cluster_rademacher,5,1.5,0.0,8,multiplicity_adjusted_threshold_pass,769,6000,0.12816666666666668
confirmation,joint_wild_cluster_rademacher,5,1.5,0.0,9,control_adjusted_contrast_pass,769,6000,0.12816666666666668
confirmation,joint_wild_cluster_rademacher,5,1.5,0.0,10,control_specificity_pass,769,6000,0.12816666666666668
confirmation,joint_wild_cluster_rademacher,5,1.5,0.25,1,support_available_pass,5944,6000,0.9906666666666667
confirmation,joint_wild_cluster_rademacher,5,1.5,0.25,2,complement_admissible_pass,5547,6000,0.9245
confirmation,joint_wild_cluster_rademacher,5,1.5,0.25,3,effect_direction_reproduced_pass,4957,6000,0.8261666666666667
confirmation,joint_wild_cluster_rademacher,5,1.5,0.25,4,target_contrast_positive_pass,4957,6000,0.8261666666666667
confirmation,joint_wild_cluster_rademacher,5,1.5,0.25,5,minimum_effect_pass,4957,6000,0.8261666666666667
confirmation,joint_wild_cluster_rademacher,5,1.5,0.25,6,cluster_uncertainty_pass,2530,6000,0.4216666666666667
confirmation,joint_wild_cluster_rademacher,5,1.5,0.25,7,raw_statistical_threshold_pass,801,6000,0.1335
confirmation,joint_wild_cluster_rademacher,5,1.5,0.25,8,multiplicity_adjusted_threshold_pass,801,6000,0.1335
confirmation,joint_wild_cluster_rademacher,5,1.5,0.25,9,control_adjusted_contrast_pass,800,6000,0.13333333333333333
confirmation,joint_wild_cluster_rademacher,5,1.5,0.25,10,control_specificity_pass,800,6000,0.13333333333333333
confirmation,joint_wild_cluster_rademacher,5,1.5,0.5,1,support_available_pass,5934,6000,0.989
confirmation,joint_wild_cluster_rademacher,5,1.5,0.5,2,complement_admissible_pass,5569,6000,0.9281666666666667
confirmation,joint_wild_cluster_rademacher,5,1.5,0.5,3,effect_direction_reproduced_pass,4984,6000,0.8306666666666667
confirmation,joint_wild_cluster_rademacher,5,1.5,0.5,4,target_contrast_positive_pass,4984,6000,0.8306666666666667
confirmation,joint_wild_cluster_rademacher,5,1.5,0.5,5,minimum_effect_pass,4984,6000,0.8306666666666667
confirmation,joint_wild_cluster_rademacher,5,1.5,0.5,6,cluster_uncertainty_pass,2498,6000,0.41633333333333333
confirmation,joint_wild_cluster_rademacher,5,1.5,0.5,7,raw_statistical_threshold_pass,782,6000,0.13033333333333333
confirmation,joint_wild_cluster_rademacher,5,1.5,0.5,8,multiplicity_adjusted_threshold_pass,782,6000,0.13033333333333333
confirmation,joint_wild_cluster_rademacher,5,1.5,0.5,9,control_adjusted_contrast_pass,719,6000,0.11983333333333333
confirmation,joint_wild_cluster_rademacher,5,1.5,0.5,10,control_specificity_pass,719,6000,0.11983333333333333
confirmation,joint_wild_cluster_rademacher,5,1.5,1.0,1,support_available_pass,5927,6000,0.9878333333333333
confirmation,joint_wild_cluster_rademacher,5,1.5,1.0,2,complement_admissible_pass,5523,6000,0.9205
confirmation,joint_wild_cluster_rademacher,5,1.5,1.0,3,effect_direction_reproduced_pass,4933,6000,0.8221666666666667
confirmation,joint_wild_cluster_rademacher,5,1.5,1.0,4,target_contrast_positive_pass,4933,6000,0.8221666666666667
confirmation,joint_wild_cluster_rademacher,5,1.5,1.0,5,minimum_effect_pass,4933,6000,0.8221666666666667
confirmation,joint_wild_cluster_rademacher,5,1.5,1.0,6,cluster_uncertainty_pass,2528,6000,0.42133333333333334
confirmation,joint_wild_cluster_rademacher,5,1.5,1.0,7,raw_statistical_threshold_pass,769,6000,0.12816666666666668
confirmation,joint_wild_cluster_rademacher,5,1.5,1.0,8,multiplicity_adjusted_threshold_pass,769,6000,0.12816666666666668
confirmation,joint_wild_cluster_rademacher,5,1.5,1.0,9,control_adjusted_contrast_pass,272,6000,0.04533333333333334
confirmation,joint_wild_cluster_rademacher,5,1.5,1.0,10,control_specificity_pass,272,6000,0.04533333333333334
confirmation,joint_wild_cluster_rademacher,5,2.0,0.0,1,support_available_pass,5948,6000,0.9913333333333333
confirmation,joint_wild_cluster_rademacher,5,2.0,0.0,2,complement_admissible_pass,5563,6000,0.9271666666666667
confirmation,joint_wild_cluster_rademacher,5,2.0,0.0,3,effect_direction_reproduced_pass,4972,6000,0.8286666666666667
confirmation,joint_wild_cluster_rademacher,5,2.0,0.0,4,target_contrast_positive_pass,4972,6000,0.8286666666666667
confirmation,joint_wild_cluster_rademacher,5,2.0,0.0,5,minimum_effect_pass,4972,6000,0.8286666666666667
confirmation,joint_wild_cluster_rademacher,5,2.0,0.0,6,cluster_uncertainty_pass,2531,6000,0.42183333333333334
confirmation,joint_wild_cluster_rademacher,5,2.0,0.0,7,raw_statistical_threshold_pass,834,6000,0.139
confirmation,joint_wild_cluster_rademacher,5,2.0,0.0,8,multiplicity_adjusted_threshold_pass,834,6000,0.139
confirmation,joint_wild_cluster_rademacher,5,2.0,0.0,9,control_adjusted_contrast_pass,834,6000,0.139
confirmation,joint_wild_cluster_rademacher,5,2.0,0.0,10,control_specificity_pass,834,6000,0.139
confirmation,joint_wild_cluster_rademacher,5,2.0,0.25,1,support_available_pass,5940,6000,0.99
confirmation,joint_wild_cluster_rademacher,5,2.0,0.25,2,complement_admissible_pass,5558,6000,0.9263333333333333
confirmation,joint_wild_cluster_rademacher,5,2.0,0.25,3,effect_direction_reproduced_pass,4948,6000,0.8246666666666667
confirmation,joint_wild_cluster_rademacher,5,2.0,0.25,4,target_contrast_positive_pass,4948,6000,0.8246666666666667
confirmation,joint_wild_cluster_rademacher,5,2.0,0.25,5,minimum_effect_pass,4948,6000,0.8246666666666667
confirmation,joint_wild_cluster_rademacher,5,2.0,0.25,6,cluster_uncertainty_pass,2478,6000,0.413
confirmation,joint_wild_cluster_rademacher,5,2.0,0.25,7,raw_statistical_threshold_pass,824,6000,0.13733333333333334
confirmation,joint_wild_cluster_rademacher,5,2.0,0.25,8,multiplicity_adjusted_threshold_pass,824,6000,0.13733333333333334
confirmation,joint_wild_cluster_rademacher,5,2.0,0.25,9,control_adjusted_contrast_pass,820,6000,0.13666666666666666
confirmation,joint_wild_cluster_rademacher,5,2.0,0.25,10,control_specificity_pass,820,6000,0.13666666666666666
confirmation,joint_wild_cluster_rademacher,5,2.0,0.5,1,support_available_pass,5946,6000,0.991
confirmation,joint_wild_cluster_rademacher,5,2.0,0.5,2,complement_admissible_pass,5571,6000,0.9285
confirmation,joint_wild_cluster_rademacher,5,2.0,0.5,3,effect_direction_reproduced_pass,4957,6000,0.8261666666666667
confirmation,joint_wild_cluster_rademacher,5,2.0,0.5,4,target_contrast_positive_pass,4957,6000,0.8261666666666667
confirmation,joint_wild_cluster_rademacher,5,2.0,0.5,5,minimum_effect_pass,4957,6000,0.8261666666666667
confirmation,joint_wild_cluster_rademacher,5,2.0,0.5,6,cluster_uncertainty_pass,2511,6000,0.4185
confirmation,joint_wild_cluster_rademacher,5,2.0,0.5,7,raw_statistical_threshold_pass,812,6000,0.13533333333333333
confirmation,joint_wild_cluster_rademacher,5,2.0,0.5,8,multiplicity_adjusted_threshold_pass,812,6000,0.13533333333333333
confirmation,joint_wild_cluster_rademacher,5,2.0,0.5,9,control_adjusted_contrast_pass,758,6000,0.12633333333333333
confirmation,joint_wild_cluster_rademacher,5,2.0,0.5,10,control_specificity_pass,758,6000,0.12633333333333333
confirmation,joint_wild_cluster_rademacher,5,2.0,1.0,1,support_available_pass,5937,6000,0.9895
confirmation,joint_wild_cluster_rademacher,5,2.0,1.0,2,complement_admissible_pass,5569,6000,0.9281666666666667
confirmation,joint_wild_cluster_rademacher,5,2.0,1.0,3,effect_direction_reproduced_pass,4985,6000,0.8308333333333333
confirmation,joint_wild_cluster_rademacher,5,2.0,1.0,4,target_contrast_positive_pass,4985,6000,0.8308333333333333
confirmation,joint_wild_cluster_rademacher,5,2.0,1.0,5,minimum_effect_pass,4985,6000,0.8308333333333333
confirmation,joint_wild_cluster_rademacher,5,2.0,1.0,6,cluster_uncertainty_pass,2558,6000,0.42633333333333334
confirmation,joint_wild_cluster_rademacher,5,2.0,1.0,7,raw_statistical_threshold_pass,828,6000,0.138
confirmation,joint_wild_cluster_rademacher,5,2.0,1.0,8,multiplicity_adjusted_threshold_pass,828,6000,0.138
confirmation,joint_wild_cluster_rademacher,5,2.0,1.0,9,control_adjusted_contrast_pass,308,6000,0.051333333333333335
confirmation,joint_wild_cluster_rademacher,5,2.0,1.0,10,control_specificity_pass,308,6000,0.051333333333333335
confirmation,joint_wild_cluster_rademacher,6,0.0,0.0,1,support_available_pass,5963,6000,0.9938333333333333
confirmation,joint_wild_cluster_rademacher,6,0.0,0.0,2,complement_admissible_pass,5778,6000,0.963
confirmation,joint_wild_cluster_rademacher,6,0.0,0.0,3,effect_direction_reproduced_pass,0,6000,0.0
confirmation,joint_wild_cluster_rademacher,6,0.0,0.0,4,target_contrast_positive_pass,0,6000,0.0
confirmation,joint_wild_cluster_rademacher,6,0.0,0.0,5,minimum_effect_pass,0,6000,0.0
confirmation,joint_wild_cluster_rademacher,6,0.0,0.0,6,cluster_uncertainty_pass,0,6000,0.0
confirmation,joint_wild_cluster_rademacher,6,0.0,0.0,7,raw_statistical_threshold_pass,0,6000,0.0
confirmation,joint_wild_cluster_rademacher,6,0.0,0.0,8,multiplicity_adjusted_threshold_pass,0,6000,0.0
confirmation,joint_wild_cluster_rademacher,6,0.0,0.0,9,control_adjusted_contrast_pass,0,6000,0.0
confirmation,joint_wild_cluster_rademacher,6,0.0,0.0,10,control_specificity_pass,0,6000,0.0
confirmation,joint_wild_cluster_rademacher,6,0.25,0.0,1,support_available_pass,5971,6000,0.9951666666666666
confirmation,joint_wild_cluster_rademacher,6,0.25,0.0,2,complement_admissible_pass,5768,6000,0.9613333333333334
confirmation,joint_wild_cluster_rademacher,6,0.25,0.0,3,effect_direction_reproduced_pass,5127,6000,0.8545
confirmation,joint_wild_cluster_rademacher,6,0.25,0.0,4,target_contrast_positive_pass,5127,6000,0.8545
confirmation,joint_wild_cluster_rademacher,6,0.25,0.0,5,minimum_effect_pass,4178,6000,0.6963333333333334
confirmation,joint_wild_cluster_rademacher,6,0.25,0.0,6,cluster_uncertainty_pass,1490,6000,0.24833333333333332
confirmation,joint_wild_cluster_rademacher,6,0.25,0.0,7,raw_statistical_threshold_pass,276,6000,0.046
confirmation,joint_wild_cluster_rademacher,6,0.25,0.0,8,multiplicity_adjusted_threshold_pass,276,6000,0.046
confirmation,joint_wild_cluster_rademacher,6,0.25,0.0,9,control_adjusted_contrast_pass,276,6000,0.046
confirmation,joint_wild_cluster_rademacher,6,0.25,0.0,10,control_specificity_pass,276,6000,0.046
confirmation,joint_wild_cluster_rademacher,6,0.25,0.25,1,support_available_pass,5958,6000,0.993
confirmation,joint_wild_cluster_rademacher,6,0.25,0.25,2,complement_admissible_pass,5771,6000,0.9618333333333333
confirmation,joint_wild_cluster_rademacher,6,0.25,0.25,3,effect_direction_reproduced_pass,5098,6000,0.8496666666666667
confirmation,joint_wild_cluster_rademacher,6,0.25,0.25,4,target_contrast_positive_pass,5098,6000,0.8496666666666667
confirmation,joint_wild_cluster_rademacher,6,0.25,0.25,5,minimum_effect_pass,4119,6000,0.6865
confirmation,joint_wild_cluster_rademacher,6,0.25,0.25,6,cluster_uncertainty_pass,1447,6000,0.24116666666666667
confirmation,joint_wild_cluster_rademacher,6,0.25,0.25,7,raw_statistical_threshold_pass,257,6000,0.042833333333333334
confirmation,joint_wild_cluster_rademacher,6,0.25,0.25,8,multiplicity_adjusted_threshold_pass,257,6000,0.042833333333333334
confirmation,joint_wild_cluster_rademacher,6,0.25,0.25,9,control_adjusted_contrast_pass,256,6000,0.042666666666666665
confirmation,joint_wild_cluster_rademacher,6,0.25,0.25,10,control_specificity_pass,256,6000,0.042666666666666665
confirmation,joint_wild_cluster_rademacher,6,0.25,0.5,1,support_available_pass,5972,6000,0.9953333333333333
confirmation,joint_wild_cluster_rademacher,6,0.25,0.5,2,complement_admissible_pass,5780,6000,0.9633333333333334
confirmation,joint_wild_cluster_rademacher,6,0.25,0.5,3,effect_direction_reproduced_pass,5075,6000,0.8458333333333333
confirmation,joint_wild_cluster_rademacher,6,0.25,0.5,4,target_contrast_positive_pass,5075,6000,0.8458333333333333
confirmation,joint_wild_cluster_rademacher,6,0.25,0.5,5,minimum_effect_pass,4149,6000,0.6915
confirmation,joint_wild_cluster_rademacher,6,0.25,0.5,6,cluster_uncertainty_pass,1493,6000,0.24883333333333332
confirmation,joint_wild_cluster_rademacher,6,0.25,0.5,7,raw_statistical_threshold_pass,262,6000,0.043666666666666666
confirmation,joint_wild_cluster_rademacher,6,0.25,0.5,8,multiplicity_adjusted_threshold_pass,262,6000,0.043666666666666666
confirmation,joint_wild_cluster_rademacher,6,0.25,0.5,9,control_adjusted_contrast_pass,238,6000,0.03966666666666667
confirmation,joint_wild_cluster_rademacher,6,0.25,0.5,10,control_specificity_pass,238,6000,0.03966666666666667
confirmation,joint_wild_cluster_rademacher,6,0.25,1.0,1,support_available_pass,5959,6000,0.9931666666666666
confirmation,joint_wild_cluster_rademacher,6,0.25,1.0,2,complement_admissible_pass,5783,6000,0.9638333333333333
confirmation,joint_wild_cluster_rademacher,6,0.25,1.0,3,effect_direction_reproduced_pass,5097,6000,0.8495
confirmation,joint_wild_cluster_rademacher,6,0.25,1.0,4,target_contrast_positive_pass,5097,6000,0.8495
confirmation,joint_wild_cluster_rademacher,6,0.25,1.0,5,minimum_effect_pass,4128,6000,0.688
confirmation,joint_wild_cluster_rademacher,6,0.25,1.0,6,cluster_uncertainty_pass,1500,6000,0.25
confirmation,joint_wild_cluster_rademacher,6,0.25,1.0,7,raw_statistical_threshold_pass,274,6000,0.04566666666666667
confirmation,joint_wild_cluster_rademacher,6,0.25,1.0,8,multiplicity_adjusted_threshold_pass,274,6000,0.04566666666666667
confirmation,joint_wild_cluster_rademacher,6,0.25,1.0,9,control_adjusted_contrast_pass,166,6000,0.027666666666666666
confirmation,joint_wild_cluster_rademacher,6,0.25,1.0,10,control_specificity_pass,166,6000,0.027666666666666666
confirmation,joint_wild_cluster_rademacher,6,0.5,0.0,1,support_available_pass,5972,6000,0.9953333333333333
confirmation,joint_wild_cluster_rademacher,6,0.5,0.0,2,complement_admissible_pass,5811,6000,0.9685
confirmation,joint_wild_cluster_rademacher,6,0.5,0.0,3,effect_direction_reproduced_pass,5279,6000,0.8798333333333334
confirmation,joint_wild_cluster_rademacher,6,0.5,0.0,4,target_contrast_positive_pass,5279,6000,0.8798333333333334
confirmation,joint_wild_cluster_rademacher,6,0.5,0.0,5,minimum_effect_pass,5183,6000,0.8638333333333333
confirmation,joint_wild_cluster_rademacher,6,0.5,0.0,6,cluster_uncertainty_pass,2373,6000,0.3955
confirmation,joint_wild_cluster_rademacher,6,0.5,0.0,7,raw_statistical_threshold_pass,681,6000,0.1135
confirmation,joint_wild_cluster_rademacher,6,0.5,0.0,8,multiplicity_adjusted_threshold_pass,681,6000,0.1135
confirmation,joint_wild_cluster_rademacher,6,0.5,0.0,9,control_adjusted_contrast_pass,681,6000,0.1135
confirmation,joint_wild_cluster_rademacher,6,0.5,0.0,10,control_specificity_pass,681,6000,0.1135
confirmation,joint_wild_cluster_rademacher,6,0.5,0.25,1,support_available_pass,5976,6000,0.996
confirmation,joint_wild_cluster_rademacher,6,0.5,0.25,2,complement_admissible_pass,5775,6000,0.9625
confirmation,joint_wild_cluster_rademacher,6,0.5,0.25,3,effect_direction_reproduced_pass,5243,6000,0.8738333333333334
confirmation,joint_wild_cluster_rademacher,6,0.5,0.25,4,target_contrast_positive_pass,5243,6000,0.8738333333333334
confirmation,joint_wild_cluster_rademacher,6,0.5,0.25,5,minimum_effect_pass,5157,6000,0.8595
confirmation,joint_wild_cluster_rademacher,6,0.5,0.25,6,cluster_uncertainty_pass,2416,6000,0.4026666666666667
confirmation,joint_wild_cluster_rademacher,6,0.5,0.25,7,raw_statistical_threshold_pass,695,6000,0.11583333333333333
confirmation,joint_wild_cluster_rademacher,6,0.5,0.25,8,multiplicity_adjusted_threshold_pass,695,6000,0.11583333333333333
confirmation,joint_wild_cluster_rademacher,6,0.5,0.25,9,control_adjusted_contrast_pass,688,6000,0.11466666666666667
confirmation,joint_wild_cluster_rademacher,6,0.5,0.25,10,control_specificity_pass,688,6000,0.11466666666666667
confirmation,joint_wild_cluster_rademacher,6,0.5,0.5,1,support_available_pass,5967,6000,0.9945
confirmation,joint_wild_cluster_rademacher,6,0.5,0.5,2,complement_admissible_pass,5772,6000,0.962
confirmation,joint_wild_cluster_rademacher,6,0.5,0.5,3,effect_direction_reproduced_pass,5254,6000,0.8756666666666667
confirmation,joint_wild_cluster_rademacher,6,0.5,0.5,4,target_contrast_positive_pass,5254,6000,0.8756666666666667
confirmation,joint_wild_cluster_rademacher,6,0.5,0.5,5,minimum_effect_pass,5167,6000,0.8611666666666666
confirmation,joint_wild_cluster_rademacher,6,0.5,0.5,6,cluster_uncertainty_pass,2412,6000,0.402
confirmation,joint_wild_cluster_rademacher,6,0.5,0.5,7,raw_statistical_threshold_pass,699,6000,0.1165
confirmation,joint_wild_cluster_rademacher,6,0.5,0.5,8,multiplicity_adjusted_threshold_pass,699,6000,0.1165
confirmation,joint_wild_cluster_rademacher,6,0.5,0.5,9,control_adjusted_contrast_pass,624,6000,0.104
confirmation,joint_wild_cluster_rademacher,6,0.5,0.5,10,control_specificity_pass,624,6000,0.104
confirmation,joint_wild_cluster_rademacher,6,0.5,1.0,1,support_available_pass,5978,6000,0.9963333333333333
confirmation,joint_wild_cluster_rademacher,6,0.5,1.0,2,complement_admissible_pass,5801,6000,0.9668333333333333
confirmation,joint_wild_cluster_rademacher,6,0.5,1.0,3,effect_direction_reproduced_pass,5299,6000,0.8831666666666667
confirmation,joint_wild_cluster_rademacher,6,0.5,1.0,4,target_contrast_positive_pass,5299,6000,0.8831666666666667
confirmation,joint_wild_cluster_rademacher,6,0.5,1.0,5,minimum_effect_pass,5189,6000,0.8648333333333333
confirmation,joint_wild_cluster_rademacher,6,0.5,1.0,6,cluster_uncertainty_pass,2346,6000,0.391
confirmation,joint_wild_cluster_rademacher,6,0.5,1.0,7,raw_statistical_threshold_pass,680,6000,0.11333333333333333
confirmation,joint_wild_cluster_rademacher,6,0.5,1.0,8,multiplicity_adjusted_threshold_pass,680,6000,0.11333333333333333
confirmation,joint_wild_cluster_rademacher,6,0.5,1.0,9,control_adjusted_contrast_pass,336,6000,0.056
confirmation,joint_wild_cluster_rademacher,6,0.5,1.0,10,control_specificity_pass,336,6000,0.056
confirmation,joint_wild_cluster_rademacher,6,0.75,0.0,1,support_available_pass,5963,6000,0.9938333333333333
confirmation,joint_wild_cluster_rademacher,6,0.75,0.0,2,complement_admissible_pass,5771,6000,0.9618333333333333
confirmation,joint_wild_cluster_rademacher,6,0.75,0.0,3,effect_direction_reproduced_pass,5259,6000,0.8765
confirmation,joint_wild_cluster_rademacher,6,0.75,0.0,4,target_contrast_positive_pass,5259,6000,0.8765
confirmation,joint_wild_cluster_rademacher,6,0.75,0.0,5,minimum_effect_pass,5249,6000,0.8748333333333334
confirmation,joint_wild_cluster_rademacher,6,0.75,0.0,6,cluster_uncertainty_pass,2668,6000,0.44466666666666665
confirmation,joint_wild_cluster_rademacher,6,0.75,0.0,7,raw_statistical_threshold_pass,967,6000,0.16116666666666668
confirmation,joint_wild_cluster_rademacher,6,0.75,0.0,8,multiplicity_adjusted_threshold_pass,967,6000,0.16116666666666668
confirmation,joint_wild_cluster_rademacher,6,0.75,0.0,9,control_adjusted_contrast_pass,967,6000,0.16116666666666668
confirmation,joint_wild_cluster_rademacher,6,0.75,0.0,10,control_specificity_pass,967,6000,0.16116666666666668
confirmation,joint_wild_cluster_rademacher,6,0.75,0.25,1,support_available_pass,5971,6000,0.9951666666666666
confirmation,joint_wild_cluster_rademacher,6,0.75,0.25,2,complement_admissible_pass,5801,6000,0.9668333333333333
confirmation,joint_wild_cluster_rademacher,6,0.75,0.25,3,effect_direction_reproduced_pass,5301,6000,0.8835
confirmation,joint_wild_cluster_rademacher,6,0.75,0.25,4,target_contrast_positive_pass,5301,6000,0.8835
confirmation,joint_wild_cluster_rademacher,6,0.75,0.25,5,minimum_effect_pass,5295,6000,0.8825
confirmation,joint_wild_cluster_rademacher,6,0.75,0.25,6,cluster_uncertainty_pass,2656,6000,0.44266666666666665
confirmation,joint_wild_cluster_rademacher,6,0.75,0.25,7,raw_statistical_threshold_pass,909,6000,0.1515
confirmation,joint_wild_cluster_rademacher,6,0.75,0.25,8,multiplicity_adjusted_threshold_pass,909,6000,0.1515
confirmation,joint_wild_cluster_rademacher,6,0.75,0.25,9,control_adjusted_contrast_pass,902,6000,0.15033333333333335
confirmation,joint_wild_cluster_rademacher,6,0.75,0.25,10,control_specificity_pass,902,6000,0.15033333333333335
confirmation,joint_wild_cluster_rademacher,6,0.75,0.5,1,support_available_pass,5963,6000,0.9938333333333333
confirmation,joint_wild_cluster_rademacher,6,0.75,0.5,2,complement_admissible_pass,5765,6000,0.9608333333333333
confirmation,joint_wild_cluster_rademacher,6,0.75,0.5,3,effect_direction_reproduced_pass,5294,6000,0.8823333333333333
confirmation,joint_wild_cluster_rademacher,6,0.75,0.5,4,target_contrast_positive_pass,5294,6000,0.8823333333333333
confirmation,joint_wild_cluster_rademacher,6,0.75,0.5,5,minimum_effect_pass,5283,6000,0.8805
confirmation,joint_wild_cluster_rademacher,6,0.75,0.5,6,cluster_uncertainty_pass,2655,6000,0.4425
confirmation,joint_wild_cluster_rademacher,6,0.75,0.5,7,raw_statistical_threshold_pass,943,6000,0.15716666666666668
confirmation,joint_wild_cluster_rademacher,6,0.75,0.5,8,multiplicity_adjusted_threshold_pass,943,6000,0.15716666666666668
confirmation,joint_wild_cluster_rademacher,6,0.75,0.5,9,control_adjusted_contrast_pass,857,6000,0.14283333333333334
confirmation,joint_wild_cluster_rademacher,6,0.75,0.5,10,control_specificity_pass,857,6000,0.14283333333333334
confirmation,joint_wild_cluster_rademacher,6,0.75,1.0,1,support_available_pass,5969,6000,0.9948333333333333
confirmation,joint_wild_cluster_rademacher,6,0.75,1.0,2,complement_admissible_pass,5794,6000,0.9656666666666667
confirmation,joint_wild_cluster_rademacher,6,0.75,1.0,3,effect_direction_reproduced_pass,5282,6000,0.8803333333333333
confirmation,joint_wild_cluster_rademacher,6,0.75,1.0,4,target_contrast_positive_pass,5282,6000,0.8803333333333333
confirmation,joint_wild_cluster_rademacher,6,0.75,1.0,5,minimum_effect_pass,5271,6000,0.8785
confirmation,joint_wild_cluster_rademacher,6,0.75,1.0,6,cluster_uncertainty_pass,2672,6000,0.44533333333333336
confirmation,joint_wild_cluster_rademacher,6,0.75,1.0,7,raw_statistical_threshold_pass,968,6000,0.16133333333333333
confirmation,joint_wild_cluster_rademacher,6,0.75,1.0,8,multiplicity_adjusted_threshold_pass,968,6000,0.16133333333333333
confirmation,joint_wild_cluster_rademacher,6,0.75,1.0,9,control_adjusted_contrast_pass,425,6000,0.07083333333333333
confirmation,joint_wild_cluster_rademacher,6,0.75,1.0,10,control_specificity_pass,425,6000,0.07083333333333333
confirmation,joint_wild_cluster_rademacher,6,1.0,0.0,1,support_available_pass,5973,6000,0.9955
confirmation,joint_wild_cluster_rademacher,6,1.0,0.0,2,complement_admissible_pass,5762,6000,0.9603333333333334
confirmation,joint_wild_cluster_rademacher,6,1.0,0.0,3,effect_direction_reproduced_pass,5264,6000,0.8773333333333333
confirmation,joint_wild_cluster_rademacher,6,1.0,0.0,4,target_contrast_positive_pass,5264,6000,0.8773333333333333
confirmation,joint_wild_cluster_rademacher,6,1.0,0.0,5,minimum_effect_pass,5264,6000,0.8773333333333333
confirmation,joint_wild_cluster_rademacher,6,1.0,0.0,6,cluster_uncertainty_pass,2804,6000,0.4673333333333333
confirmation,joint_wild_cluster_rademacher,6,1.0,0.0,7,raw_statistical_threshold_pass,1039,6000,0.17316666666666666
confirmation,joint_wild_cluster_rademacher,6,1.0,0.0,8,multiplicity_adjusted_threshold_pass,1039,6000,0.17316666666666666
confirmation,joint_wild_cluster_rademacher,6,1.0,0.0,9,control_adjusted_contrast_pass,1039,6000,0.17316666666666666
confirmation,joint_wild_cluster_rademacher,6,1.0,0.0,10,control_specificity_pass,1039,6000,0.17316666666666666
confirmation,joint_wild_cluster_rademacher,6,1.0,0.25,1,support_available_pass,5959,6000,0.9931666666666666
confirmation,joint_wild_cluster_rademacher,6,1.0,0.25,2,complement_admissible_pass,5774,6000,0.9623333333333334
confirmation,joint_wild_cluster_rademacher,6,1.0,0.25,3,effect_direction_reproduced_pass,5276,6000,0.8793333333333333
confirmation,joint_wild_cluster_rademacher,6,1.0,0.25,4,target_contrast_positive_pass,5276,6000,0.8793333333333333
confirmation,joint_wild_cluster_rademacher,6,1.0,0.25,5,minimum_effect_pass,5276,6000,0.8793333333333333
confirmation,joint_wild_cluster_rademacher,6,1.0,0.25,6,cluster_uncertainty_pass,2771,6000,0.4618333333333333
confirmation,joint_wild_cluster_rademacher,6,1.0,0.25,7,raw_statistical_threshold_pass,1080,6000,0.18
confirmation,joint_wild_cluster_rademacher,6,1.0,0.25,8,multiplicity_adjusted_threshold_pass,1080,6000,0.18
confirmation,joint_wild_cluster_rademacher,6,1.0,0.25,9,control_adjusted_contrast_pass,1079,6000,0.17983333333333335
confirmation,joint_wild_cluster_rademacher,6,1.0,0.25,10,control_specificity_pass,1079,6000,0.17983333333333335
confirmation,joint_wild_cluster_rademacher,6,1.0,0.5,1,support_available_pass,5967,6000,0.9945
confirmation,joint_wild_cluster_rademacher,6,1.0,0.5,2,complement_admissible_pass,5764,6000,0.9606666666666667
confirmation,joint_wild_cluster_rademacher,6,1.0,0.5,3,effect_direction_reproduced_pass,5245,6000,0.8741666666666666
confirmation,joint_wild_cluster_rademacher,6,1.0,0.5,4,target_contrast_positive_pass,5245,6000,0.8741666666666666
confirmation,joint_wild_cluster_rademacher,6,1.0,0.5,5,minimum_effect_pass,5244,6000,0.874
confirmation,joint_wild_cluster_rademacher,6,1.0,0.5,6,cluster_uncertainty_pass,2753,6000,0.4588333333333333
confirmation,joint_wild_cluster_rademacher,6,1.0,0.5,7,raw_statistical_threshold_pass,1037,6000,0.17283333333333334
confirmation,joint_wild_cluster_rademacher,6,1.0,0.5,8,multiplicity_adjusted_threshold_pass,1037,6000,0.17283333333333334
confirmation,joint_wild_cluster_rademacher,6,1.0,0.5,9,control_adjusted_contrast_pass,950,6000,0.15833333333333333
confirmation,joint_wild_cluster_rademacher,6,1.0,0.5,10,control_specificity_pass,950,6000,0.15833333333333333
confirmation,joint_wild_cluster_rademacher,6,1.0,1.0,1,support_available_pass,5962,6000,0.9936666666666667
confirmation,joint_wild_cluster_rademacher,6,1.0,1.0,2,complement_admissible_pass,5774,6000,0.9623333333333334
confirmation,joint_wild_cluster_rademacher,6,1.0,1.0,3,effect_direction_reproduced_pass,5283,6000,0.8805
confirmation,joint_wild_cluster_rademacher,6,1.0,1.0,4,target_contrast_positive_pass,5283,6000,0.8805
confirmation,joint_wild_cluster_rademacher,6,1.0,1.0,5,minimum_effect_pass,5283,6000,0.8805
confirmation,joint_wild_cluster_rademacher,6,1.0,1.0,6,cluster_uncertainty_pass,2743,6000,0.45716666666666667
confirmation,joint_wild_cluster_rademacher,6,1.0,1.0,7,raw_statistical_threshold_pass,1070,6000,0.17833333333333334
confirmation,joint_wild_cluster_rademacher,6,1.0,1.0,8,multiplicity_adjusted_threshold_pass,1070,6000,0.17833333333333334
confirmation,joint_wild_cluster_rademacher,6,1.0,1.0,9,control_adjusted_contrast_pass,423,6000,0.0705
confirmation,joint_wild_cluster_rademacher,6,1.0,1.0,10,control_specificity_pass,423,6000,0.0705
confirmation,joint_wild_cluster_rademacher,6,1.5,0.0,1,support_available_pass,5964,6000,0.994
confirmation,joint_wild_cluster_rademacher,6,1.5,0.0,2,complement_admissible_pass,5755,6000,0.9591666666666666
confirmation,joint_wild_cluster_rademacher,6,1.5,0.0,3,effect_direction_reproduced_pass,5239,6000,0.8731666666666666
confirmation,joint_wild_cluster_rademacher,6,1.5,0.0,4,target_contrast_positive_pass,5239,6000,0.8731666666666666
confirmation,joint_wild_cluster_rademacher,6,1.5,0.0,5,minimum_effect_pass,5239,6000,0.8731666666666666
confirmation,joint_wild_cluster_rademacher,6,1.5,0.0,6,cluster_uncertainty_pass,2816,6000,0.4693333333333333
confirmation,joint_wild_cluster_rademacher,6,1.5,0.0,7,raw_statistical_threshold_pass,1183,6000,0.19716666666666666
confirmation,joint_wild_cluster_rademacher,6,1.5,0.0,8,multiplicity_adjusted_threshold_pass,1183,6000,0.19716666666666666
confirmation,joint_wild_cluster_rademacher,6,1.5,0.0,9,control_adjusted_contrast_pass,1183,6000,0.19716666666666666
confirmation,joint_wild_cluster_rademacher,6,1.5,0.0,10,control_specificity_pass,1183,6000,0.19716666666666666
confirmation,joint_wild_cluster_rademacher,6,1.5,0.25,1,support_available_pass,5969,6000,0.9948333333333333
confirmation,joint_wild_cluster_rademacher,6,1.5,0.25,2,complement_admissible_pass,5775,6000,0.9625
confirmation,joint_wild_cluster_rademacher,6,1.5,0.25,3,effect_direction_reproduced_pass,5250,6000,0.875
confirmation,joint_wild_cluster_rademacher,6,1.5,0.25,4,target_contrast_positive_pass,5250,6000,0.875
confirmation,joint_wild_cluster_rademacher,6,1.5,0.25,5,minimum_effect_pass,5249,6000,0.8748333333333334
confirmation,joint_wild_cluster_rademacher,6,1.5,0.25,6,cluster_uncertainty_pass,2833,6000,0.4721666666666667
confirmation,joint_wild_cluster_rademacher,6,1.5,0.25,7,raw_statistical_threshold_pass,1194,6000,0.199
confirmation,joint_wild_cluster_rademacher,6,1.5,0.25,8,multiplicity_adjusted_threshold_pass,1194,6000,0.199
confirmation,joint_wild_cluster_rademacher,6,1.5,0.25,9,control_adjusted_contrast_pass,1192,6000,0.19866666666666666
confirmation,joint_wild_cluster_rademacher,6,1.5,0.25,10,control_specificity_pass,1192,6000,0.19866666666666666
confirmation,joint_wild_cluster_rademacher,6,1.5,0.5,1,support_available_pass,5961,6000,0.9935
confirmation,joint_wild_cluster_rademacher,6,1.5,0.5,2,complement_admissible_pass,5801,6000,0.9668333333333333
confirmation,joint_wild_cluster_rademacher,6,1.5,0.5,3,effect_direction_reproduced_pass,5287,6000,0.8811666666666667
confirmation,joint_wild_cluster_rademacher,6,1.5,0.5,4,target_contrast_positive_pass,5287,6000,0.8811666666666667
confirmation,joint_wild_cluster_rademacher,6,1.5,0.5,5,minimum_effect_pass,5287,6000,0.8811666666666667
confirmation,joint_wild_cluster_rademacher,6,1.5,0.5,6,cluster_uncertainty_pass,2804,6000,0.4673333333333333
confirmation,joint_wild_cluster_rademacher,6,1.5,0.5,7,raw_statistical_threshold_pass,1195,6000,0.19916666666666666
confirmation,joint_wild_cluster_rademacher,6,1.5,0.5,8,multiplicity_adjusted_threshold_pass,1195,6000,0.19916666666666666
confirmation,joint_wild_cluster_rademacher,6,1.5,0.5,9,control_adjusted_contrast_pass,1112,6000,0.18533333333333332
confirmation,joint_wild_cluster_rademacher,6,1.5,0.5,10,control_specificity_pass,1112,6000,0.18533333333333332
confirmation,joint_wild_cluster_rademacher,6,1.5,1.0,1,support_available_pass,5963,6000,0.9938333333333333
confirmation,joint_wild_cluster_rademacher,6,1.5,1.0,2,complement_admissible_pass,5757,6000,0.9595
confirmation,joint_wild_cluster_rademacher,6,1.5,1.0,3,effect_direction_reproduced_pass,5231,6000,0.8718333333333333
confirmation,joint_wild_cluster_rademacher,6,1.5,1.0,4,target_contrast_positive_pass,5231,6000,0.8718333333333333
confirmation,joint_wild_cluster_rademacher,6,1.5,1.0,5,minimum_effect_pass,5231,6000,0.8718333333333333
confirmation,joint_wild_cluster_rademacher,6,1.5,1.0,6,cluster_uncertainty_pass,2797,6000,0.4661666666666667
confirmation,joint_wild_cluster_rademacher,6,1.5,1.0,7,raw_statistical_threshold_pass,1187,6000,0.19783333333333333
confirmation,joint_wild_cluster_rademacher,6,1.5,1.0,8,multiplicity_adjusted_threshold_pass,1187,6000,0.19783333333333333
confirmation,joint_wild_cluster_rademacher,6,1.5,1.0,9,control_adjusted_contrast_pass,410,6000,0.06833333333333333
confirmation,joint_wild_cluster_rademacher,6,1.5,1.0,10,control_specificity_pass,410,6000,0.06833333333333333
confirmation,joint_wild_cluster_rademacher,6,2.0,0.0,1,support_available_pass,5967,6000,0.9945
confirmation,joint_wild_cluster_rademacher,6,2.0,0.0,2,complement_admissible_pass,5768,6000,0.9613333333333334
confirmation,joint_wild_cluster_rademacher,6,2.0,0.0,3,effect_direction_reproduced_pass,5276,6000,0.8793333333333333
confirmation,joint_wild_cluster_rademacher,6,2.0,0.0,4,target_contrast_positive_pass,5276,6000,0.8793333333333333
confirmation,joint_wild_cluster_rademacher,6,2.0,0.0,5,minimum_effect_pass,5276,6000,0.8793333333333333
confirmation,joint_wild_cluster_rademacher,6,2.0,0.0,6,cluster_uncertainty_pass,2808,6000,0.468
confirmation,joint_wild_cluster_rademacher,6,2.0,0.0,7,raw_statistical_threshold_pass,1231,6000,0.20516666666666666
confirmation,joint_wild_cluster_rademacher,6,2.0,0.0,8,multiplicity_adjusted_threshold_pass,1231,6000,0.20516666666666666
confirmation,joint_wild_cluster_rademacher,6,2.0,0.0,9,control_adjusted_contrast_pass,1231,6000,0.20516666666666666
confirmation,joint_wild_cluster_rademacher,6,2.0,0.0,10,control_specificity_pass,1231,6000,0.20516666666666666
confirmation,joint_wild_cluster_rademacher,6,2.0,0.25,1,support_available_pass,5968,6000,0.9946666666666667
confirmation,joint_wild_cluster_rademacher,6,2.0,0.25,2,complement_admissible_pass,5769,6000,0.9615
confirmation,joint_wild_cluster_rademacher,6,2.0,0.25,3,effect_direction_reproduced_pass,5239,6000,0.8731666666666666
confirmation,joint_wild_cluster_rademacher,6,2.0,0.25,4,target_contrast_positive_pass,5239,6000,0.8731666666666666
confirmation,joint_wild_cluster_rademacher,6,2.0,0.25,5,minimum_effect_pass,5239,6000,0.8731666666666666
confirmation,joint_wild_cluster_rademacher,6,2.0,0.25,6,cluster_uncertainty_pass,2782,6000,0.46366666666666667
confirmation,joint_wild_cluster_rademacher,6,2.0,0.25,7,raw_statistical_threshold_pass,1206,6000,0.201
confirmation,joint_wild_cluster_rademacher,6,2.0,0.25,8,multiplicity_adjusted_threshold_pass,1206,6000,0.201
confirmation,joint_wild_cluster_rademacher,6,2.0,0.25,9,control_adjusted_contrast_pass,1201,6000,0.20016666666666666
confirmation,joint_wild_cluster_rademacher,6,2.0,0.25,10,control_specificity_pass,1201,6000,0.20016666666666666
confirmation,joint_wild_cluster_rademacher,6,2.0,0.5,1,support_available_pass,5982,6000,0.997
confirmation,joint_wild_cluster_rademacher,6,2.0,0.5,2,complement_admissible_pass,5786,6000,0.9643333333333334
confirmation,joint_wild_cluster_rademacher,6,2.0,0.5,3,effect_direction_reproduced_pass,5254,6000,0.8756666666666667
confirmation,joint_wild_cluster_rademacher,6,2.0,0.5,4,target_contrast_positive_pass,5254,6000,0.8756666666666667
confirmation,joint_wild_cluster_rademacher,6,2.0,0.5,5,minimum_effect_pass,5254,6000,0.8756666666666667
confirmation,joint_wild_cluster_rademacher,6,2.0,0.5,6,cluster_uncertainty_pass,2791,6000,0.4651666666666667
confirmation,joint_wild_cluster_rademacher,6,2.0,0.5,7,raw_statistical_threshold_pass,1254,6000,0.209
confirmation,joint_wild_cluster_rademacher,6,2.0,0.5,8,multiplicity_adjusted_threshold_pass,1254,6000,0.209
confirmation,joint_wild_cluster_rademacher,6,2.0,0.5,9,control_adjusted_contrast_pass,1181,6000,0.19683333333333333
confirmation,joint_wild_cluster_rademacher,6,2.0,0.5,10,control_specificity_pass,1181,6000,0.19683333333333333
confirmation,joint_wild_cluster_rademacher,6,2.0,1.0,1,support_available_pass,5972,6000,0.9953333333333333
confirmation,joint_wild_cluster_rademacher,6,2.0,1.0,2,complement_admissible_pass,5771,6000,0.9618333333333333
confirmation,joint_wild_cluster_rademacher,6,2.0,1.0,3,effect_direction_reproduced_pass,5261,6000,0.8768333333333334
confirmation,joint_wild_cluster_rademacher,6,2.0,1.0,4,target_contrast_positive_pass,5261,6000,0.8768333333333334
confirmation,joint_wild_cluster_rademacher,6,2.0,1.0,5,minimum_effect_pass,5261,6000,0.8768333333333334
confirmation,joint_wild_cluster_rademacher,6,2.0,1.0,6,cluster_uncertainty_pass,2876,6000,0.47933333333333333
confirmation,joint_wild_cluster_rademacher,6,2.0,1.0,7,raw_statistical_threshold_pass,1229,6000,0.20483333333333334
confirmation,joint_wild_cluster_rademacher,6,2.0,1.0,8,multiplicity_adjusted_threshold_pass,1229,6000,0.20483333333333334
confirmation,joint_wild_cluster_rademacher,6,2.0,1.0,9,control_adjusted_contrast_pass,424,6000,0.07066666666666667
confirmation,joint_wild_cluster_rademacher,6,2.0,1.0,10,control_specificity_pass,424,6000,0.07066666666666667
confirmation,joint_wild_cluster_rademacher,8,0.0,0.0,1,support_available_pass,5990,6000,0.9983333333333333
confirmation,joint_wild_cluster_rademacher,8,0.0,0.0,2,complement_admissible_pass,5930,6000,0.9883333333333333
confirmation,joint_wild_cluster_rademacher,8,0.0,0.0,3,effect_direction_reproduced_pass,0,6000,0.0
confirmation,joint_wild_cluster_rademacher,8,0.0,0.0,4,target_contrast_positive_pass,0,6000,0.0
confirmation,joint_wild_cluster_rademacher,8,0.0,0.0,5,minimum_effect_pass,0,6000,0.0
confirmation,joint_wild_cluster_rademacher,8,0.0,0.0,6,cluster_uncertainty_pass,0,6000,0.0
confirmation,joint_wild_cluster_rademacher,8,0.0,0.0,7,raw_statistical_threshold_pass,0,6000,0.0
confirmation,joint_wild_cluster_rademacher,8,0.0,0.0,8,multiplicity_adjusted_threshold_pass,0,6000,0.0
confirmation,joint_wild_cluster_rademacher,8,0.0,0.0,9,control_adjusted_contrast_pass,0,6000,0.0
confirmation,joint_wild_cluster_rademacher,8,0.0,0.0,10,control_specificity_pass,0,6000,0.0
confirmation,joint_wild_cluster_rademacher,8,0.25,0.0,1,support_available_pass,5991,6000,0.9985
confirmation,joint_wild_cluster_rademacher,8,0.25,0.0,2,complement_admissible_pass,5932,6000,0.9886666666666667
confirmation,joint_wild_cluster_rademacher,8,0.25,0.0,3,effect_direction_reproduced_pass,5537,6000,0.9228333333333333
confirmation,joint_wild_cluster_rademacher,8,0.25,0.0,4,target_contrast_positive_pass,5537,6000,0.9228333333333333
confirmation,joint_wild_cluster_rademacher,8,0.25,0.0,5,minimum_effect_pass,4671,6000,0.7785
confirmation,joint_wild_cluster_rademacher,8,0.25,0.0,6,cluster_uncertainty_pass,1999,6000,0.33316666666666667
confirmation,joint_wild_cluster_rademacher,8,0.25,0.0,7,raw_statistical_threshold_pass,654,6000,0.109
confirmation,joint_wild_cluster_rademacher,8,0.25,0.0,8,multiplicity_adjusted_threshold_pass,654,6000,0.109
confirmation,joint_wild_cluster_rademacher,8,0.25,0.0,9,control_adjusted_contrast_pass,654,6000,0.109
confirmation,joint_wild_cluster_rademacher,8,0.25,0.0,10,control_specificity_pass,654,6000,0.109
confirmation,joint_wild_cluster_rademacher,8,0.25,0.25,1,support_available_pass,5989,6000,0.9981666666666666
confirmation,joint_wild_cluster_rademacher,8,0.25,0.25,2,complement_admissible_pass,5919,6000,0.9865
confirmation,joint_wild_cluster_rademacher,8,0.25,0.25,3,effect_direction_reproduced_pass,5511,6000,0.9185
confirmation,joint_wild_cluster_rademacher,8,0.25,0.25,4,target_contrast_positive_pass,5511,6000,0.9185
confirmation,joint_wild_cluster_rademacher,8,0.25,0.25,5,minimum_effect_pass,4647,6000,0.7745
confirmation,joint_wild_cluster_rademacher,8,0.25,0.25,6,cluster_uncertainty_pass,2031,6000,0.3385
confirmation,joint_wild_cluster_rademacher,8,0.25,0.25,7,raw_statistical_threshold_pass,652,6000,0.10866666666666666
confirmation,joint_wild_cluster_rademacher,8,0.25,0.25,8,multiplicity_adjusted_threshold_pass,652,6000,0.10866666666666666
confirmation,joint_wild_cluster_rademacher,8,0.25,0.25,9,control_adjusted_contrast_pass,650,6000,0.10833333333333334
confirmation,joint_wild_cluster_rademacher,8,0.25,0.25,10,control_specificity_pass,650,6000,0.10833333333333334
confirmation,joint_wild_cluster_rademacher,8,0.25,0.5,1,support_available_pass,5995,6000,0.9991666666666666
confirmation,joint_wild_cluster_rademacher,8,0.25,0.5,2,complement_admissible_pass,5943,6000,0.9905
confirmation,joint_wild_cluster_rademacher,8,0.25,0.5,3,effect_direction_reproduced_pass,5513,6000,0.9188333333333333
confirmation,joint_wild_cluster_rademacher,8,0.25,0.5,4,target_contrast_positive_pass,5513,6000,0.9188333333333333
confirmation,joint_wild_cluster_rademacher,8,0.25,0.5,5,minimum_effect_pass,4677,6000,0.7795
confirmation,joint_wild_cluster_rademacher,8,0.25,0.5,6,cluster_uncertainty_pass,2044,6000,0.3406666666666667
confirmation,joint_wild_cluster_rademacher,8,0.25,0.5,7,raw_statistical_threshold_pass,665,6000,0.11083333333333334
confirmation,joint_wild_cluster_rademacher,8,0.25,0.5,8,multiplicity_adjusted_threshold_pass,665,6000,0.11083333333333334
confirmation,joint_wild_cluster_rademacher,8,0.25,0.5,9,control_adjusted_contrast_pass,579,6000,0.0965
confirmation,joint_wild_cluster_rademacher,8,0.25,0.5,10,control_specificity_pass,579,6000,0.0965
confirmation,joint_wild_cluster_rademacher,8,0.25,1.0,1,support_available_pass,5989,6000,0.9981666666666666
confirmation,joint_wild_cluster_rademacher,8,0.25,1.0,2,complement_admissible_pass,5919,6000,0.9865
confirmation,joint_wild_cluster_rademacher,8,0.25,1.0,3,effect_direction_reproduced_pass,5503,6000,0.9171666666666667
confirmation,joint_wild_cluster_rademacher,8,0.25,1.0,4,target_contrast_positive_pass,5503,6000,0.9171666666666667
confirmation,joint_wild_cluster_rademacher,8,0.25,1.0,5,minimum_effect_pass,4648,6000,0.7746666666666666
confirmation,joint_wild_cluster_rademacher,8,0.25,1.0,6,cluster_uncertainty_pass,2071,6000,0.3451666666666667
confirmation,joint_wild_cluster_rademacher,8,0.25,1.0,7,raw_statistical_threshold_pass,694,6000,0.11566666666666667
confirmation,joint_wild_cluster_rademacher,8,0.25,1.0,8,multiplicity_adjusted_threshold_pass,694,6000,0.11566666666666667
confirmation,joint_wild_cluster_rademacher,8,0.25,1.0,9,control_adjusted_contrast_pass,332,6000,0.05533333333333333
confirmation,joint_wild_cluster_rademacher,8,0.25,1.0,10,control_specificity_pass,332,6000,0.05533333333333333
confirmation,joint_wild_cluster_rademacher,8,0.5,0.0,1,support_available_pass,5994,6000,0.999
confirmation,joint_wild_cluster_rademacher,8,0.5,0.0,2,complement_admissible_pass,5945,6000,0.9908333333333333
confirmation,joint_wild_cluster_rademacher,8,0.5,0.0,3,effect_direction_reproduced_pass,5626,6000,0.9376666666666666
confirmation,joint_wild_cluster_rademacher,8,0.5,0.0,4,target_contrast_positive_pass,5626,6000,0.9376666666666666
confirmation,joint_wild_cluster_rademacher,8,0.5,0.0,5,minimum_effect_pass,5574,6000,0.929
confirmation,joint_wild_cluster_rademacher,8,0.5,0.0,6,cluster_uncertainty_pass,2942,6000,0.49033333333333334
confirmation,joint_wild_cluster_rademacher,8,0.5,0.0,7,raw_statistical_threshold_pass,1360,6000,0.22666666666666666
confirmation,joint_wild_cluster_rademacher,8,0.5,0.0,8,multiplicity_adjusted_threshold_pass,1360,6000,0.22666666666666666
confirmation,joint_wild_cluster_rademacher,8,0.5,0.0,9,control_adjusted_contrast_pass,1360,6000,0.22666666666666666
confirmation,joint_wild_cluster_rademacher,8,0.5,0.0,10,control_specificity_pass,1360,6000,0.22666666666666666
confirmation,joint_wild_cluster_rademacher,8,0.5,0.25,1,support_available_pass,5995,6000,0.9991666666666666
confirmation,joint_wild_cluster_rademacher,8,0.5,0.25,2,complement_admissible_pass,5935,6000,0.9891666666666666
confirmation,joint_wild_cluster_rademacher,8,0.5,0.25,3,effect_direction_reproduced_pass,5578,6000,0.9296666666666666
confirmation,joint_wild_cluster_rademacher,8,0.5,0.25,4,target_contrast_positive_pass,5578,6000,0.9296666666666666
confirmation,joint_wild_cluster_rademacher,8,0.5,0.25,5,minimum_effect_pass,5526,6000,0.921
confirmation,joint_wild_cluster_rademacher,8,0.5,0.25,6,cluster_uncertainty_pass,2978,6000,0.49633333333333335
confirmation,joint_wild_cluster_rademacher,8,0.5,0.25,7,raw_statistical_threshold_pass,1391,6000,0.23183333333333334
confirmation,joint_wild_cluster_rademacher,8,0.5,0.25,8,multiplicity_adjusted_threshold_pass,1391,6000,0.23183333333333334
confirmation,joint_wild_cluster_rademacher,8,0.5,0.25,9,control_adjusted_contrast_pass,1385,6000,0.23083333333333333
confirmation,joint_wild_cluster_rademacher,8,0.5,0.25,10,control_specificity_pass,1385,6000,0.23083333333333333
confirmation,joint_wild_cluster_rademacher,8,0.5,0.5,1,support_available_pass,5990,6000,0.9983333333333333
confirmation,joint_wild_cluster_rademacher,8,0.5,0.5,2,complement_admissible_pass,5933,6000,0.9888333333333333
confirmation,joint_wild_cluster_rademacher,8,0.5,0.5,3,effect_direction_reproduced_pass,5585,6000,0.9308333333333333
confirmation,joint_wild_cluster_rademacher,8,0.5,0.5,4,target_contrast_positive_pass,5585,6000,0.9308333333333333
confirmation,joint_wild_cluster_rademacher,8,0.5,0.5,5,minimum_effect_pass,5529,6000,0.9215
confirmation,joint_wild_cluster_rademacher,8,0.5,0.5,6,cluster_uncertainty_pass,3000,6000,0.5
confirmation,joint_wild_cluster_rademacher,8,0.5,0.5,7,raw_statistical_threshold_pass,1383,6000,0.2305
confirmation,joint_wild_cluster_rademacher,8,0.5,0.5,8,multiplicity_adjusted_threshold_pass,1383,6000,0.2305
confirmation,joint_wild_cluster_rademacher,8,0.5,0.5,9,control_adjusted_contrast_pass,1239,6000,0.2065
confirmation,joint_wild_cluster_rademacher,8,0.5,0.5,10,control_specificity_pass,1239,6000,0.2065
confirmation,joint_wild_cluster_rademacher,8,0.5,1.0,1,support_available_pass,5991,6000,0.9985
confirmation,joint_wild_cluster_rademacher,8,0.5,1.0,2,complement_admissible_pass,5939,6000,0.9898333333333333
confirmation,joint_wild_cluster_rademacher,8,0.5,1.0,3,effect_direction_reproduced_pass,5621,6000,0.9368333333333333
confirmation,joint_wild_cluster_rademacher,8,0.5,1.0,4,target_contrast_positive_pass,5621,6000,0.9368333333333333
confirmation,joint_wild_cluster_rademacher,8,0.5,1.0,5,minimum_effect_pass,5567,6000,0.9278333333333333
confirmation,joint_wild_cluster_rademacher,8,0.5,1.0,6,cluster_uncertainty_pass,2898,6000,0.483
confirmation,joint_wild_cluster_rademacher,8,0.5,1.0,7,raw_statistical_threshold_pass,1343,6000,0.22383333333333333
confirmation,joint_wild_cluster_rademacher,8,0.5,1.0,8,multiplicity_adjusted_threshold_pass,1343,6000,0.22383333333333333
confirmation,joint_wild_cluster_rademacher,8,0.5,1.0,9,control_adjusted_contrast_pass,529,6000,0.08816666666666667
confirmation,joint_wild_cluster_rademacher,8,0.5,1.0,10,control_specificity_pass,529,6000,0.08816666666666667
confirmation,joint_wild_cluster_rademacher,8,0.75,0.0,1,support_available_pass,5989,6000,0.9981666666666666
confirmation,joint_wild_cluster_rademacher,8,0.75,0.0,2,complement_admissible_pass,5928,6000,0.988
confirmation,joint_wild_cluster_rademacher,8,0.75,0.0,3,effect_direction_reproduced_pass,5591,6000,0.9318333333333333
confirmation,joint_wild_cluster_rademacher,8,0.75,0.0,4,target_contrast_positive_pass,5591,6000,0.9318333333333333
confirmation,joint_wild_cluster_rademacher,8,0.75,0.0,5,minimum_effect_pass,5589,6000,0.9315
confirmation,joint_wild_cluster_rademacher,8,0.75,0.0,6,cluster_uncertainty_pass,3142,6000,0.5236666666666666
confirmation,joint_wild_cluster_rademacher,8,0.75,0.0,7,raw_statistical_threshold_pass,1616,6000,0.2693333333333333
confirmation,joint_wild_cluster_rademacher,8,0.75,0.0,8,multiplicity_adjusted_threshold_pass,1616,6000,0.2693333333333333
confirmation,joint_wild_cluster_rademacher,8,0.75,0.0,9,control_adjusted_contrast_pass,1616,6000,0.2693333333333333
confirmation,joint_wild_cluster_rademacher,8,0.75,0.0,10,control_specificity_pass,1616,6000,0.2693333333333333
confirmation,joint_wild_cluster_rademacher,8,0.75,0.25,1,support_available_pass,5992,6000,0.9986666666666667
confirmation,joint_wild_cluster_rademacher,8,0.75,0.25,2,complement_admissible_pass,5933,6000,0.9888333333333333
confirmation,joint_wild_cluster_rademacher,8,0.75,0.25,3,effect_direction_reproduced_pass,5605,6000,0.9341666666666667
confirmation,joint_wild_cluster_rademacher,8,0.75,0.25,4,target_contrast_positive_pass,5605,6000,0.9341666666666667
confirmation,joint_wild_cluster_rademacher,8,0.75,0.25,5,minimum_effect_pass,5603,6000,0.9338333333333333
confirmation,joint_wild_cluster_rademacher,8,0.75,0.25,6,cluster_uncertainty_pass,3129,6000,0.5215
confirmation,joint_wild_cluster_rademacher,8,0.75,0.25,7,raw_statistical_threshold_pass,1603,6000,0.26716666666666666
confirmation,joint_wild_cluster_rademacher,8,0.75,0.25,8,multiplicity_adjusted_threshold_pass,1603,6000,0.26716666666666666
confirmation,joint_wild_cluster_rademacher,8,0.75,0.25,9,control_adjusted_contrast_pass,1599,6000,0.2665
confirmation,joint_wild_cluster_rademacher,8,0.75,0.25,10,control_specificity_pass,1599,6000,0.2665
confirmation,joint_wild_cluster_rademacher,8,0.75,0.5,1,support_available_pass,5993,6000,0.9988333333333334
confirmation,joint_wild_cluster_rademacher,8,0.75,0.5,2,complement_admissible_pass,5920,6000,0.9866666666666667
confirmation,joint_wild_cluster_rademacher,8,0.75,0.5,3,effect_direction_reproduced_pass,5601,6000,0.9335
confirmation,joint_wild_cluster_rademacher,8,0.75,0.5,4,target_contrast_positive_pass,5601,6000,0.9335
confirmation,joint_wild_cluster_rademacher,8,0.75,0.5,5,minimum_effect_pass,5599,6000,0.9331666666666667
confirmation,joint_wild_cluster_rademacher,8,0.75,0.5,6,cluster_uncertainty_pass,3116,6000,0.5193333333333333
confirmation,joint_wild_cluster_rademacher,8,0.75,0.5,7,raw_statistical_threshold_pass,1651,6000,0.27516666666666667
confirmation,joint_wild_cluster_rademacher,8,0.75,0.5,8,multiplicity_adjusted_threshold_pass,1651,6000,0.27516666666666667
confirmation,joint_wild_cluster_rademacher,8,0.75,0.5,9,control_adjusted_contrast_pass,1516,6000,0.25266666666666665
confirmation,joint_wild_cluster_rademacher,8,0.75,0.5,10,control_specificity_pass,1516,6000,0.25266666666666665
confirmation,joint_wild_cluster_rademacher,8,0.75,1.0,1,support_available_pass,5996,6000,0.9993333333333333
confirmation,joint_wild_cluster_rademacher,8,0.75,1.0,2,complement_admissible_pass,5934,6000,0.989
confirmation,joint_wild_cluster_rademacher,8,0.75,1.0,3,effect_direction_reproduced_pass,5600,6000,0.9333333333333333
confirmation,joint_wild_cluster_rademacher,8,0.75,1.0,4,target_contrast_positive_pass,5600,6000,0.9333333333333333
confirmation,joint_wild_cluster_rademacher,8,0.75,1.0,5,minimum_effect_pass,5597,6000,0.9328333333333333
confirmation,joint_wild_cluster_rademacher,8,0.75,1.0,6,cluster_uncertainty_pass,3142,6000,0.5236666666666666
confirmation,joint_wild_cluster_rademacher,8,0.75,1.0,7,raw_statistical_threshold_pass,1682,6000,0.2803333333333333
confirmation,joint_wild_cluster_rademacher,8,0.75,1.0,8,multiplicity_adjusted_threshold_pass,1682,6000,0.2803333333333333
confirmation,joint_wild_cluster_rademacher,8,0.75,1.0,9,control_adjusted_contrast_pass,607,6000,0.10116666666666667
confirmation,joint_wild_cluster_rademacher,8,0.75,1.0,10,control_specificity_pass,607,6000,0.10116666666666667
confirmation,joint_wild_cluster_rademacher,8,1.0,0.0,1,support_available_pass,5993,6000,0.9988333333333334
confirmation,joint_wild_cluster_rademacher,8,1.0,0.0,2,complement_admissible_pass,5932,6000,0.9886666666666667
confirmation,joint_wild_cluster_rademacher,8,1.0,0.0,3,effect_direction_reproduced_pass,5581,6000,0.9301666666666667
confirmation,joint_wild_cluster_rademacher,8,1.0,0.0,4,target_contrast_positive_pass,5581,6000,0.9301666666666667
confirmation,joint_wild_cluster_rademacher,8,1.0,0.0,5,minimum_effect_pass,5581,6000,0.9301666666666667
confirmation,joint_wild_cluster_rademacher,8,1.0,0.0,6,cluster_uncertainty_pass,3220,6000,0.5366666666666666
confirmation,joint_wild_cluster_rademacher,8,1.0,0.0,7,raw_statistical_threshold_pass,1745,6000,0.29083333333333333
confirmation,joint_wild_cluster_rademacher,8,1.0,0.0,8,multiplicity_adjusted_threshold_pass,1745,6000,0.29083333333333333
confirmation,joint_wild_cluster_rademacher,8,1.0,0.0,9,control_adjusted_contrast_pass,1745,6000,0.29083333333333333
confirmation,joint_wild_cluster_rademacher,8,1.0,0.0,10,control_specificity_pass,1745,6000,0.29083333333333333
confirmation,joint_wild_cluster_rademacher,8,1.0,0.25,1,support_available_pass,5993,6000,0.9988333333333334
confirmation,joint_wild_cluster_rademacher,8,1.0,0.25,2,complement_admissible_pass,5936,6000,0.9893333333333333
confirmation,joint_wild_cluster_rademacher,8,1.0,0.25,3,effect_direction_reproduced_pass,5593,6000,0.9321666666666667
confirmation,joint_wild_cluster_rademacher,8,1.0,0.25,4,target_contrast_positive_pass,5593,6000,0.9321666666666667
confirmation,joint_wild_cluster_rademacher,8,1.0,0.25,5,minimum_effect_pass,5592,6000,0.932
confirmation,joint_wild_cluster_rademacher,8,1.0,0.25,6,cluster_uncertainty_pass,3228,6000,0.538
confirmation,joint_wild_cluster_rademacher,8,1.0,0.25,7,raw_statistical_threshold_pass,1776,6000,0.296
confirmation,joint_wild_cluster_rademacher,8,1.0,0.25,8,multiplicity_adjusted_threshold_pass,1776,6000,0.296
confirmation,joint_wild_cluster_rademacher,8,1.0,0.25,9,control_adjusted_contrast_pass,1772,6000,0.29533333333333334
confirmation,joint_wild_cluster_rademacher,8,1.0,0.25,10,control_specificity_pass,1772,6000,0.29533333333333334
confirmation,joint_wild_cluster_rademacher,8,1.0,0.5,1,support_available_pass,5993,6000,0.9988333333333334
confirmation,joint_wild_cluster_rademacher,8,1.0,0.5,2,complement_admissible_pass,5919,6000,0.9865
confirmation,joint_wild_cluster_rademacher,8,1.0,0.5,3,effect_direction_reproduced_pass,5606,6000,0.9343333333333333
confirmation,joint_wild_cluster_rademacher,8,1.0,0.5,4,target_contrast_positive_pass,5606,6000,0.9343333333333333
confirmation,joint_wild_cluster_rademacher,8,1.0,0.5,5,minimum_effect_pass,5605,6000,0.9341666666666667
confirmation,joint_wild_cluster_rademacher,8,1.0,0.5,6,cluster_uncertainty_pass,3223,6000,0.5371666666666667
confirmation,joint_wild_cluster_rademacher,8,1.0,0.5,7,raw_statistical_threshold_pass,1717,6000,0.2861666666666667
confirmation,joint_wild_cluster_rademacher,8,1.0,0.5,8,multiplicity_adjusted_threshold_pass,1717,6000,0.2861666666666667
confirmation,joint_wild_cluster_rademacher,8,1.0,0.5,9,control_adjusted_contrast_pass,1598,6000,0.2663333333333333
confirmation,joint_wild_cluster_rademacher,8,1.0,0.5,10,control_specificity_pass,1598,6000,0.2663333333333333
confirmation,joint_wild_cluster_rademacher,8,1.0,1.0,1,support_available_pass,5989,6000,0.9981666666666666
confirmation,joint_wild_cluster_rademacher,8,1.0,1.0,2,complement_admissible_pass,5933,6000,0.9888333333333333
confirmation,joint_wild_cluster_rademacher,8,1.0,1.0,3,effect_direction_reproduced_pass,5594,6000,0.9323333333333333
confirmation,joint_wild_cluster_rademacher,8,1.0,1.0,4,target_contrast_positive_pass,5594,6000,0.9323333333333333
confirmation,joint_wild_cluster_rademacher,8,1.0,1.0,5,minimum_effect_pass,5594,6000,0.9323333333333333
confirmation,joint_wild_cluster_rademacher,8,1.0,1.0,6,cluster_uncertainty_pass,3210,6000,0.535
confirmation,joint_wild_cluster_rademacher,8,1.0,1.0,7,raw_statistical_threshold_pass,1737,6000,0.2895
confirmation,joint_wild_cluster_rademacher,8,1.0,1.0,8,multiplicity_adjusted_threshold_pass,1737,6000,0.2895
confirmation,joint_wild_cluster_rademacher,8,1.0,1.0,9,control_adjusted_contrast_pass,599,6000,0.09983333333333333
confirmation,joint_wild_cluster_rademacher,8,1.0,1.0,10,control_specificity_pass,599,6000,0.09983333333333333
confirmation,joint_wild_cluster_rademacher,8,1.5,0.0,1,support_available_pass,5988,6000,0.998
confirmation,joint_wild_cluster_rademacher,8,1.5,0.0,2,complement_admissible_pass,5919,6000,0.9865
confirmation,joint_wild_cluster_rademacher,8,1.5,0.0,3,effect_direction_reproduced_pass,5577,6000,0.9295
confirmation,joint_wild_cluster_rademacher,8,1.5,0.0,4,target_contrast_positive_pass,5577,6000,0.9295
confirmation,joint_wild_cluster_rademacher,8,1.5,0.0,5,minimum_effect_pass,5577,6000,0.9295
confirmation,joint_wild_cluster_rademacher,8,1.5,0.0,6,cluster_uncertainty_pass,3234,6000,0.539
confirmation,joint_wild_cluster_rademacher,8,1.5,0.0,7,raw_statistical_threshold_pass,1781,6000,0.29683333333333334
confirmation,joint_wild_cluster_rademacher,8,1.5,0.0,8,multiplicity_adjusted_threshold_pass,1781,6000,0.29683333333333334
confirmation,joint_wild_cluster_rademacher,8,1.5,0.0,9,control_adjusted_contrast_pass,1781,6000,0.29683333333333334
confirmation,joint_wild_cluster_rademacher,8,1.5,0.0,10,control_specificity_pass,1781,6000,0.29683333333333334
confirmation,joint_wild_cluster_rademacher,8,1.5,0.25,1,support_available_pass,5992,6000,0.9986666666666667
confirmation,joint_wild_cluster_rademacher,8,1.5,0.25,2,complement_admissible_pass,5916,6000,0.986
confirmation,joint_wild_cluster_rademacher,8,1.5,0.25,3,effect_direction_reproduced_pass,5586,6000,0.931
confirmation,joint_wild_cluster_rademacher,8,1.5,0.25,4,target_contrast_positive_pass,5586,6000,0.931
confirmation,joint_wild_cluster_rademacher,8,1.5,0.25,5,minimum_effect_pass,5586,6000,0.931
confirmation,joint_wild_cluster_rademacher,8,1.5,0.25,6,cluster_uncertainty_pass,3221,6000,0.5368333333333334
confirmation,joint_wild_cluster_rademacher,8,1.5,0.25,7,raw_statistical_threshold_pass,1782,6000,0.297
confirmation,joint_wild_cluster_rademacher,8,1.5,0.25,8,multiplicity_adjusted_threshold_pass,1782,6000,0.297
confirmation,joint_wild_cluster_rademacher,8,1.5,0.25,9,control_adjusted_contrast_pass,1779,6000,0.2965
confirmation,joint_wild_cluster_rademacher,8,1.5,0.25,10,control_specificity_pass,1779,6000,0.2965
confirmation,joint_wild_cluster_rademacher,8,1.5,0.5,1,support_available_pass,5989,6000,0.9981666666666666
confirmation,joint_wild_cluster_rademacher,8,1.5,0.5,2,complement_admissible_pass,5934,6000,0.989
confirmation,joint_wild_cluster_rademacher,8,1.5,0.5,3,effect_direction_reproduced_pass,5611,6000,0.9351666666666667
confirmation,joint_wild_cluster_rademacher,8,1.5,0.5,4,target_contrast_positive_pass,5611,6000,0.9351666666666667
confirmation,joint_wild_cluster_rademacher,8,1.5,0.5,5,minimum_effect_pass,5611,6000,0.9351666666666667
confirmation,joint_wild_cluster_rademacher,8,1.5,0.5,6,cluster_uncertainty_pass,3226,6000,0.5376666666666666
confirmation,joint_wild_cluster_rademacher,8,1.5,0.5,7,raw_statistical_threshold_pass,1833,6000,0.3055
confirmation,joint_wild_cluster_rademacher,8,1.5,0.5,8,multiplicity_adjusted_threshold_pass,1833,6000,0.3055
confirmation,joint_wild_cluster_rademacher,8,1.5,0.5,9,control_adjusted_contrast_pass,1738,6000,0.2896666666666667
confirmation,joint_wild_cluster_rademacher,8,1.5,0.5,10,control_specificity_pass,1738,6000,0.2896666666666667
confirmation,joint_wild_cluster_rademacher,8,1.5,1.0,1,support_available_pass,5986,6000,0.9976666666666667
confirmation,joint_wild_cluster_rademacher,8,1.5,1.0,2,complement_admissible_pass,5931,6000,0.9885
confirmation,joint_wild_cluster_rademacher,8,1.5,1.0,3,effect_direction_reproduced_pass,5586,6000,0.931
confirmation,joint_wild_cluster_rademacher,8,1.5,1.0,4,target_contrast_positive_pass,5586,6000,0.931
confirmation,joint_wild_cluster_rademacher,8,1.5,1.0,5,minimum_effect_pass,5586,6000,0.931
confirmation,joint_wild_cluster_rademacher,8,1.5,1.0,6,cluster_uncertainty_pass,3253,6000,0.5421666666666667
confirmation,joint_wild_cluster_rademacher,8,1.5,1.0,7,raw_statistical_threshold_pass,1813,6000,0.30216666666666664
confirmation,joint_wild_cluster_rademacher,8,1.5,1.0,8,multiplicity_adjusted_threshold_pass,1813,6000,0.30216666666666664
confirmation,joint_wild_cluster_rademacher,8,1.5,1.0,9,control_adjusted_contrast_pass,572,6000,0.09533333333333334
confirmation,joint_wild_cluster_rademacher,8,1.5,1.0,10,control_specificity_pass,572,6000,0.09533333333333334
confirmation,joint_wild_cluster_rademacher,8,2.0,0.0,1,support_available_pass,5993,6000,0.9988333333333334
confirmation,joint_wild_cluster_rademacher,8,2.0,0.0,2,complement_admissible_pass,5924,6000,0.9873333333333333
confirmation,joint_wild_cluster_rademacher,8,2.0,0.0,3,effect_direction_reproduced_pass,5608,6000,0.9346666666666666
confirmation,joint_wild_cluster_rademacher,8,2.0,0.0,4,target_contrast_positive_pass,5608,6000,0.9346666666666666
confirmation,joint_wild_cluster_rademacher,8,2.0,0.0,5,minimum_effect_pass,5608,6000,0.9346666666666666
confirmation,joint_wild_cluster_rademacher,8,2.0,0.0,6,cluster_uncertainty_pass,3216,6000,0.536
confirmation,joint_wild_cluster_rademacher,8,2.0,0.0,7,raw_statistical_threshold_pass,1815,6000,0.3025
confirmation,joint_wild_cluster_rademacher,8,2.0,0.0,8,multiplicity_adjusted_threshold_pass,1815,6000,0.3025
confirmation,joint_wild_cluster_rademacher,8,2.0,0.0,9,control_adjusted_contrast_pass,1815,6000,0.3025
confirmation,joint_wild_cluster_rademacher,8,2.0,0.0,10,control_specificity_pass,1815,6000,0.3025
confirmation,joint_wild_cluster_rademacher,8,2.0,0.25,1,support_available_pass,5993,6000,0.9988333333333334
confirmation,joint_wild_cluster_rademacher,8,2.0,0.25,2,complement_admissible_pass,5928,6000,0.988
confirmation,joint_wild_cluster_rademacher,8,2.0,0.25,3,effect_direction_reproduced_pass,5593,6000,0.9321666666666667
confirmation,joint_wild_cluster_rademacher,8,2.0,0.25,4,target_contrast_positive_pass,5593,6000,0.9321666666666667
confirmation,joint_wild_cluster_rademacher,8,2.0,0.25,5,minimum_effect_pass,5593,6000,0.9321666666666667
confirmation,joint_wild_cluster_rademacher,8,2.0,0.25,6,cluster_uncertainty_pass,3175,6000,0.5291666666666667
confirmation,joint_wild_cluster_rademacher,8,2.0,0.25,7,raw_statistical_threshold_pass,1789,6000,0.2981666666666667
confirmation,joint_wild_cluster_rademacher,8,2.0,0.25,8,multiplicity_adjusted_threshold_pass,1789,6000,0.2981666666666667
confirmation,joint_wild_cluster_rademacher,8,2.0,0.25,9,control_adjusted_contrast_pass,1788,6000,0.298
confirmation,joint_wild_cluster_rademacher,8,2.0,0.25,10,control_specificity_pass,1788,6000,0.298
confirmation,joint_wild_cluster_rademacher,8,2.0,0.5,1,support_available_pass,5995,6000,0.9991666666666666
confirmation,joint_wild_cluster_rademacher,8,2.0,0.5,2,complement_admissible_pass,5943,6000,0.9905
confirmation,joint_wild_cluster_rademacher,8,2.0,0.5,3,effect_direction_reproduced_pass,5621,6000,0.9368333333333333
confirmation,joint_wild_cluster_rademacher,8,2.0,0.5,4,target_contrast_positive_pass,5621,6000,0.9368333333333333
confirmation,joint_wild_cluster_rademacher,8,2.0,0.5,5,minimum_effect_pass,5621,6000,0.9368333333333333
confirmation,joint_wild_cluster_rademacher,8,2.0,0.5,6,cluster_uncertainty_pass,3188,6000,0.5313333333333333
confirmation,joint_wild_cluster_rademacher,8,2.0,0.5,7,raw_statistical_threshold_pass,1848,6000,0.308
confirmation,joint_wild_cluster_rademacher,8,2.0,0.5,8,multiplicity_adjusted_threshold_pass,1848,6000,0.308
confirmation,joint_wild_cluster_rademacher,8,2.0,0.5,9,control_adjusted_contrast_pass,1779,6000,0.2965
confirmation,joint_wild_cluster_rademacher,8,2.0,0.5,10,control_specificity_pass,1779,6000,0.2965
confirmation,joint_wild_cluster_rademacher,8,2.0,1.0,1,support_available_pass,5994,6000,0.999
confirmation,joint_wild_cluster_rademacher,8,2.0,1.0,2,complement_admissible_pass,5928,6000,0.988
confirmation,joint_wild_cluster_rademacher,8,2.0,1.0,3,effect_direction_reproduced_pass,5585,6000,0.9308333333333333
confirmation,joint_wild_cluster_rademacher,8,2.0,1.0,4,target_contrast_positive_pass,5585,6000,0.9308333333333333
confirmation,joint_wild_cluster_rademacher,8,2.0,1.0,5,minimum_effect_pass,5585,6000,0.9308333333333333
confirmation,joint_wild_cluster_rademacher,8,2.0,1.0,6,cluster_uncertainty_pass,3251,6000,0.5418333333333333
confirmation,joint_wild_cluster_rademacher,8,2.0,1.0,7,raw_statistical_threshold_pass,1875,6000,0.3125
confirmation,joint_wild_cluster_rademacher,8,2.0,1.0,8,multiplicity_adjusted_threshold_pass,1875,6000,0.3125
confirmation,joint_wild_cluster_rademacher,8,2.0,1.0,9,control_adjusted_contrast_pass,583,6000,0.09716666666666667
confirmation,joint_wild_cluster_rademacher,8,2.0,1.0,10,control_specificity_pass,583,6000,0.09716666666666667
confirmation,joint_wild_cluster_rademacher,10,0.0,0.0,1,support_available_pass,5999,6000,0.9998333333333334
confirmation,joint_wild_cluster_rademacher,10,0.0,0.0,2,complement_admissible_pass,5979,6000,0.9965
confirmation,joint_wild_cluster_rademacher,10,0.0,0.0,3,effect_direction_reproduced_pass,0,6000,0.0
confirmation,joint_wild_cluster_rademacher,10,0.0,0.0,4,target_contrast_positive_pass,0,6000,0.0
confirmation,joint_wild_cluster_rademacher,10,0.0,0.0,5,minimum_effect_pass,0,6000,0.0
confirmation,joint_wild_cluster_rademacher,10,0.0,0.0,6,cluster_uncertainty_pass,0,6000,0.0
confirmation,joint_wild_cluster_rademacher,10,0.0,0.0,7,raw_statistical_threshold_pass,0,6000,0.0
confirmation,joint_wild_cluster_rademacher,10,0.0,0.0,8,multiplicity_adjusted_threshold_pass,0,6000,0.0
confirmation,joint_wild_cluster_rademacher,10,0.0,0.0,9,control_adjusted_contrast_pass,0,6000,0.0
confirmation,joint_wild_cluster_rademacher,10,0.0,0.0,10,control_specificity_pass,0,6000,0.0
confirmation,joint_wild_cluster_rademacher,10,0.25,0.0,1,support_available_pass,5997,6000,0.9995
confirmation,joint_wild_cluster_rademacher,10,0.25,0.0,2,complement_admissible_pass,5978,6000,0.9963333333333333
confirmation,joint_wild_cluster_rademacher,10,0.25,0.0,3,effect_direction_reproduced_pass,5746,6000,0.9576666666666667
confirmation,joint_wild_cluster_rademacher,10,0.25,0.0,4,target_contrast_positive_pass,5746,6000,0.9576666666666667
confirmation,joint_wild_cluster_rademacher,10,0.25,0.0,5,minimum_effect_pass,4946,6000,0.8243333333333334
confirmation,joint_wild_cluster_rademacher,10,0.25,0.0,6,cluster_uncertainty_pass,2453,6000,0.4088333333333333
confirmation,joint_wild_cluster_rademacher,10,0.25,0.0,7,raw_statistical_threshold_pass,1154,6000,0.19233333333333333
confirmation,joint_wild_cluster_rademacher,10,0.25,0.0,8,multiplicity_adjusted_threshold_pass,1154,6000,0.19233333333333333
confirmation,joint_wild_cluster_rademacher,10,0.25,0.0,9,control_adjusted_contrast_pass,1154,6000,0.19233333333333333
confirmation,joint_wild_cluster_rademacher,10,0.25,0.0,10,control_specificity_pass,1154,6000,0.19233333333333333
confirmation,joint_wild_cluster_rademacher,10,0.25,0.25,1,support_available_pass,5996,6000,0.9993333333333333
confirmation,joint_wild_cluster_rademacher,10,0.25,0.25,2,complement_admissible_pass,5979,6000,0.9965
confirmation,joint_wild_cluster_rademacher,10,0.25,0.25,3,effect_direction_reproduced_pass,5731,6000,0.9551666666666667
confirmation,joint_wild_cluster_rademacher,10,0.25,0.25,4,target_contrast_positive_pass,5731,6000,0.9551666666666667
confirmation,joint_wild_cluster_rademacher,10,0.25,0.25,5,minimum_effect_pass,4937,6000,0.8228333333333333
confirmation,joint_wild_cluster_rademacher,10,0.25,0.25,6,cluster_uncertainty_pass,2505,6000,0.4175
confirmation,joint_wild_cluster_rademacher,10,0.25,0.25,7,raw_statistical_threshold_pass,1148,6000,0.19133333333333333
confirmation,joint_wild_cluster_rademacher,10,0.25,0.25,8,multiplicity_adjusted_threshold_pass,1148,6000,0.19133333333333333
confirmation,joint_wild_cluster_rademacher,10,0.25,0.25,9,control_adjusted_contrast_pass,1135,6000,0.18916666666666668
confirmation,joint_wild_cluster_rademacher,10,0.25,0.25,10,control_specificity_pass,1135,6000,0.18916666666666668
confirmation,joint_wild_cluster_rademacher,10,0.25,0.5,1,support_available_pass,5997,6000,0.9995
confirmation,joint_wild_cluster_rademacher,10,0.25,0.5,2,complement_admissible_pass,5985,6000,0.9975
confirmation,joint_wild_cluster_rademacher,10,0.25,0.5,3,effect_direction_reproduced_pass,5748,6000,0.958
confirmation,joint_wild_cluster_rademacher,10,0.25,0.5,4,target_contrast_positive_pass,5748,6000,0.958
confirmation,joint_wild_cluster_rademacher,10,0.25,0.5,5,minimum_effect_pass,4968,6000,0.828
confirmation,joint_wild_cluster_rademacher,10,0.25,0.5,6,cluster_uncertainty_pass,2466,6000,0.411
confirmation,joint_wild_cluster_rademacher,10,0.25,0.5,7,raw_statistical_threshold_pass,1123,6000,0.18716666666666668
confirmation,joint_wild_cluster_rademacher,10,0.25,0.5,8,multiplicity_adjusted_threshold_pass,1123,6000,0.18716666666666668
confirmation,joint_wild_cluster_rademacher,10,0.25,0.5,9,control_adjusted_contrast_pass,972,6000,0.162
confirmation,joint_wild_cluster_rademacher,10,0.25,0.5,10,control_specificity_pass,972,6000,0.162
confirmation,joint_wild_cluster_rademacher,10,0.25,1.0,1,support_available_pass,5996,6000,0.9993333333333333
confirmation,joint_wild_cluster_rademacher,10,0.25,1.0,2,complement_admissible_pass,5980,6000,0.9966666666666667
confirmation,joint_wild_cluster_rademacher,10,0.25,1.0,3,effect_direction_reproduced_pass,5724,6000,0.954
confirmation,joint_wild_cluster_rademacher,10,0.25,1.0,4,target_contrast_positive_pass,5724,6000,0.954
confirmation,joint_wild_cluster_rademacher,10,0.25,1.0,5,minimum_effect_pass,4942,6000,0.8236666666666667
confirmation,joint_wild_cluster_rademacher,10,0.25,1.0,6,cluster_uncertainty_pass,2506,6000,0.4176666666666667
confirmation,joint_wild_cluster_rademacher,10,0.25,1.0,7,raw_statistical_threshold_pass,1137,6000,0.1895
confirmation,joint_wild_cluster_rademacher,10,0.25,1.0,8,multiplicity_adjusted_threshold_pass,1137,6000,0.1895
confirmation,joint_wild_cluster_rademacher,10,0.25,1.0,9,control_adjusted_contrast_pass,450,6000,0.075
confirmation,joint_wild_cluster_rademacher,10,0.25,1.0,10,control_specificity_pass,450,6000,0.075
confirmation,joint_wild_cluster_rademacher,10,0.5,0.0,1,support_available_pass,5997,6000,0.9995
confirmation,joint_wild_cluster_rademacher,10,0.5,0.0,2,complement_admissible_pass,5982,6000,0.997
confirmation,joint_wild_cluster_rademacher,10,0.5,0.0,3,effect_direction_reproduced_pass,5790,6000,0.965
confirmation,joint_wild_cluster_rademacher,10,0.5,0.0,4,target_contrast_positive_pass,5790,6000,0.965
confirmation,joint_wild_cluster_rademacher,10,0.5,0.0,5,minimum_effect_pass,5759,6000,0.9598333333333333
confirmation,joint_wild_cluster_rademacher,10,0.5,0.0,6,cluster_uncertainty_pass,3298,6000,0.5496666666666666
confirmation,joint_wild_cluster_rademacher,10,0.5,0.0,7,raw_statistical_threshold_pass,1914,6000,0.319
confirmation,joint_wild_cluster_rademacher,10,0.5,0.0,8,multiplicity_adjusted_threshold_pass,1914,6000,0.319
confirmation,joint_wild_cluster_rademacher,10,0.5,0.0,9,control_adjusted_contrast_pass,1914,6000,0.319
confirmation,joint_wild_cluster_rademacher,10,0.5,0.0,10,control_specificity_pass,1914,6000,0.319
confirmation,joint_wild_cluster_rademacher,10,0.5,0.25,1,support_available_pass,6000,6000,1.0
confirmation,joint_wild_cluster_rademacher,10,0.5,0.25,2,complement_admissible_pass,5973,6000,0.9955
confirmation,joint_wild_cluster_rademacher,10,0.5,0.25,3,effect_direction_reproduced_pass,5782,6000,0.9636666666666667
confirmation,joint_wild_cluster_rademacher,10,0.5,0.25,4,target_contrast_positive_pass,5782,6000,0.9636666666666667
confirmation,joint_wild_cluster_rademacher,10,0.5,0.25,5,minimum_effect_pass,5745,6000,0.9575
confirmation,joint_wild_cluster_rademacher,10,0.5,0.25,6,cluster_uncertainty_pass,3326,6000,0.5543333333333333
confirmation,joint_wild_cluster_rademacher,10,0.5,0.25,7,raw_statistical_threshold_pass,1965,6000,0.3275
confirmation,joint_wild_cluster_rademacher,10,0.5,0.25,8,multiplicity_adjusted_threshold_pass,1965,6000,0.3275
confirmation,joint_wild_cluster_rademacher,10,0.5,0.25,9,control_adjusted_contrast_pass,1954,6000,0.32566666666666666
confirmation,joint_wild_cluster_rademacher,10,0.5,0.25,10,control_specificity_pass,1954,6000,0.32566666666666666
confirmation,joint_wild_cluster_rademacher,10,0.5,0.5,1,support_available_pass,5998,6000,0.9996666666666667
confirmation,joint_wild_cluster_rademacher,10,0.5,0.5,2,complement_admissible_pass,5984,6000,0.9973333333333333
confirmation,joint_wild_cluster_rademacher,10,0.5,0.5,3,effect_direction_reproduced_pass,5771,6000,0.9618333333333333
confirmation,joint_wild_cluster_rademacher,10,0.5,0.5,4,target_contrast_positive_pass,5771,6000,0.9618333333333333
confirmation,joint_wild_cluster_rademacher,10,0.5,0.5,5,minimum_effect_pass,5739,6000,0.9565
confirmation,joint_wild_cluster_rademacher,10,0.5,0.5,6,cluster_uncertainty_pass,3330,6000,0.555
confirmation,joint_wild_cluster_rademacher,10,0.5,0.5,7,raw_statistical_threshold_pass,2009,6000,0.3348333333333333
confirmation,joint_wild_cluster_rademacher,10,0.5,0.5,8,multiplicity_adjusted_threshold_pass,2009,6000,0.3348333333333333
confirmation,joint_wild_cluster_rademacher,10,0.5,0.5,9,control_adjusted_contrast_pass,1794,6000,0.299
confirmation,joint_wild_cluster_rademacher,10,0.5,0.5,10,control_specificity_pass,1794,6000,0.299
confirmation,joint_wild_cluster_rademacher,10,0.5,1.0,1,support_available_pass,5999,6000,0.9998333333333334
confirmation,joint_wild_cluster_rademacher,10,0.5,1.0,2,complement_admissible_pass,5979,6000,0.9965
confirmation,joint_wild_cluster_rademacher,10,0.5,1.0,3,effect_direction_reproduced_pass,5786,6000,0.9643333333333334
confirmation,joint_wild_cluster_rademacher,10,0.5,1.0,4,target_contrast_positive_pass,5786,6000,0.9643333333333334
confirmation,joint_wild_cluster_rademacher,10,0.5,1.0,5,minimum_effect_pass,5759,6000,0.9598333333333333
confirmation,joint_wild_cluster_rademacher,10,0.5,1.0,6,cluster_uncertainty_pass,3276,6000,0.546
confirmation,joint_wild_cluster_rademacher,10,0.5,1.0,7,raw_statistical_threshold_pass,1908,6000,0.318
confirmation,joint_wild_cluster_rademacher,10,0.5,1.0,8,multiplicity_adjusted_threshold_pass,1908,6000,0.318
confirmation,joint_wild_cluster_rademacher,10,0.5,1.0,9,control_adjusted_contrast_pass,611,6000,0.10183333333333333
confirmation,joint_wild_cluster_rademacher,10,0.5,1.0,10,control_specificity_pass,611,6000,0.10183333333333333
confirmation,joint_wild_cluster_rademacher,10,0.75,0.0,1,support_available_pass,5996,6000,0.9993333333333333
confirmation,joint_wild_cluster_rademacher,10,0.75,0.0,2,complement_admissible_pass,5978,6000,0.9963333333333333
confirmation,joint_wild_cluster_rademacher,10,0.75,0.0,3,effect_direction_reproduced_pass,5766,6000,0.961
confirmation,joint_wild_cluster_rademacher,10,0.75,0.0,4,target_contrast_positive_pass,5766,6000,0.961
confirmation,joint_wild_cluster_rademacher,10,0.75,0.0,5,minimum_effect_pass,5764,6000,0.9606666666666667
confirmation,joint_wild_cluster_rademacher,10,0.75,0.0,6,cluster_uncertainty_pass,3444,6000,0.574
confirmation,joint_wild_cluster_rademacher,10,0.75,0.0,7,raw_statistical_threshold_pass,2155,6000,0.3591666666666667
confirmation,joint_wild_cluster_rademacher,10,0.75,0.0,8,multiplicity_adjusted_threshold_pass,2155,6000,0.3591666666666667
confirmation,joint_wild_cluster_rademacher,10,0.75,0.0,9,control_adjusted_contrast_pass,2155,6000,0.3591666666666667
confirmation,joint_wild_cluster_rademacher,10,0.75,0.0,10,control_specificity_pass,2155,6000,0.3591666666666667
confirmation,joint_wild_cluster_rademacher,10,0.75,0.25,1,support_available_pass,5999,6000,0.9998333333333334
confirmation,joint_wild_cluster_rademacher,10,0.75,0.25,2,complement_admissible_pass,5979,6000,0.9965
confirmation,joint_wild_cluster_rademacher,10,0.75,0.25,3,effect_direction_reproduced_pass,5787,6000,0.9645
confirmation,joint_wild_cluster_rademacher,10,0.75,0.25,4,target_contrast_positive_pass,5787,6000,0.9645
confirmation,joint_wild_cluster_rademacher,10,0.75,0.25,5,minimum_effect_pass,5786,6000,0.9643333333333334
confirmation,joint_wild_cluster_rademacher,10,0.75,0.25,6,cluster_uncertainty_pass,3421,6000,0.5701666666666667
confirmation,joint_wild_cluster_rademacher,10,0.75,0.25,7,raw_statistical_threshold_pass,2185,6000,0.3641666666666667
confirmation,joint_wild_cluster_rademacher,10,0.75,0.25,8,multiplicity_adjusted_threshold_pass,2185,6000,0.3641666666666667
confirmation,joint_wild_cluster_rademacher,10,0.75,0.25,9,control_adjusted_contrast_pass,2179,6000,0.3631666666666667
confirmation,joint_wild_cluster_rademacher,10,0.75,0.25,10,control_specificity_pass,2179,6000,0.3631666666666667
confirmation,joint_wild_cluster_rademacher,10,0.75,0.5,1,support_available_pass,5998,6000,0.9996666666666667
confirmation,joint_wild_cluster_rademacher,10,0.75,0.5,2,complement_admissible_pass,5975,6000,0.9958333333333333
confirmation,joint_wild_cluster_rademacher,10,0.75,0.5,3,effect_direction_reproduced_pass,5781,6000,0.9635
confirmation,joint_wild_cluster_rademacher,10,0.75,0.5,4,target_contrast_positive_pass,5781,6000,0.9635
confirmation,joint_wild_cluster_rademacher,10,0.75,0.5,5,minimum_effect_pass,5779,6000,0.9631666666666666
confirmation,joint_wild_cluster_rademacher,10,0.75,0.5,6,cluster_uncertainty_pass,3433,6000,0.5721666666666667
confirmation,joint_wild_cluster_rademacher,10,0.75,0.5,7,raw_statistical_threshold_pass,2167,6000,0.3611666666666667
confirmation,joint_wild_cluster_rademacher,10,0.75,0.5,8,multiplicity_adjusted_threshold_pass,2167,6000,0.3611666666666667
confirmation,joint_wild_cluster_rademacher,10,0.75,0.5,9,control_adjusted_contrast_pass,2018,6000,0.3363333333333333
confirmation,joint_wild_cluster_rademacher,10,0.75,0.5,10,control_specificity_pass,2018,6000,0.3363333333333333
confirmation,joint_wild_cluster_rademacher,10,0.75,1.0,1,support_available_pass,6000,6000,1.0
confirmation,joint_wild_cluster_rademacher,10,0.75,1.0,2,complement_admissible_pass,5979,6000,0.9965
confirmation,joint_wild_cluster_rademacher,10,0.75,1.0,3,effect_direction_reproduced_pass,5782,6000,0.9636666666666667
confirmation,joint_wild_cluster_rademacher,10,0.75,1.0,4,target_contrast_positive_pass,5782,6000,0.9636666666666667
confirmation,joint_wild_cluster_rademacher,10,0.75,1.0,5,minimum_effect_pass,5779,6000,0.9631666666666666
confirmation,joint_wild_cluster_rademacher,10,0.75,1.0,6,cluster_uncertainty_pass,3452,6000,0.5753333333333334
confirmation,joint_wild_cluster_rademacher,10,0.75,1.0,7,raw_statistical_threshold_pass,2212,6000,0.36866666666666664
confirmation,joint_wild_cluster_rademacher,10,0.75,1.0,8,multiplicity_adjusted_threshold_pass,2212,6000,0.36866666666666664
confirmation,joint_wild_cluster_rademacher,10,0.75,1.0,9,control_adjusted_contrast_pass,700,6000,0.11666666666666667
confirmation,joint_wild_cluster_rademacher,10,0.75,1.0,10,control_specificity_pass,700,6000,0.11666666666666667
confirmation,joint_wild_cluster_rademacher,10,1.0,0.0,1,support_available_pass,6000,6000,1.0
confirmation,joint_wild_cluster_rademacher,10,1.0,0.0,2,complement_admissible_pass,5982,6000,0.997
confirmation,joint_wild_cluster_rademacher,10,1.0,0.0,3,effect_direction_reproduced_pass,5756,6000,0.9593333333333334
confirmation,joint_wild_cluster_rademacher,10,1.0,0.0,4,target_contrast_positive_pass,5756,6000,0.9593333333333334
confirmation,joint_wild_cluster_rademacher,10,1.0,0.0,5,minimum_effect_pass,5756,6000,0.9593333333333334
confirmation,joint_wild_cluster_rademacher,10,1.0,0.0,6,cluster_uncertainty_pass,3512,6000,0.5853333333333334
confirmation,joint_wild_cluster_rademacher,10,1.0,0.0,7,raw_statistical_threshold_pass,2216,6000,0.36933333333333335
confirmation,joint_wild_cluster_rademacher,10,1.0,0.0,8,multiplicity_adjusted_threshold_pass,2216,6000,0.36933333333333335
confirmation,joint_wild_cluster_rademacher,10,1.0,0.0,9,control_adjusted_contrast_pass,2216,6000,0.36933333333333335
confirmation,joint_wild_cluster_rademacher,10,1.0,0.0,10,control_specificity_pass,2216,6000,0.36933333333333335
confirmation,joint_wild_cluster_rademacher,10,1.0,0.25,1,support_available_pass,5997,6000,0.9995
confirmation,joint_wild_cluster_rademacher,10,1.0,0.25,2,complement_admissible_pass,5978,6000,0.9963333333333333
confirmation,joint_wild_cluster_rademacher,10,1.0,0.25,3,effect_direction_reproduced_pass,5781,6000,0.9635
confirmation,joint_wild_cluster_rademacher,10,1.0,0.25,4,target_contrast_positive_pass,5781,6000,0.9635
confirmation,joint_wild_cluster_rademacher,10,1.0,0.25,5,minimum_effect_pass,5779,6000,0.9631666666666666
confirmation,joint_wild_cluster_rademacher,10,1.0,0.25,6,cluster_uncertainty_pass,3505,6000,0.5841666666666666
confirmation,joint_wild_cluster_rademacher,10,1.0,0.25,7,raw_statistical_threshold_pass,2255,6000,0.37583333333333335
confirmation,joint_wild_cluster_rademacher,10,1.0,0.25,8,multiplicity_adjusted_threshold_pass,2255,6000,0.37583333333333335
confirmation,joint_wild_cluster_rademacher,10,1.0,0.25,9,control_adjusted_contrast_pass,2253,6000,0.3755
confirmation,joint_wild_cluster_rademacher,10,1.0,0.25,10,control_specificity_pass,2253,6000,0.3755
confirmation,joint_wild_cluster_rademacher,10,1.0,0.5,1,support_available_pass,5997,6000,0.9995
confirmation,joint_wild_cluster_rademacher,10,1.0,0.5,2,complement_admissible_pass,5973,6000,0.9955
confirmation,joint_wild_cluster_rademacher,10,1.0,0.5,3,effect_direction_reproduced_pass,5775,6000,0.9625
confirmation,joint_wild_cluster_rademacher,10,1.0,0.5,4,target_contrast_positive_pass,5775,6000,0.9625
confirmation,joint_wild_cluster_rademacher,10,1.0,0.5,5,minimum_effect_pass,5775,6000,0.9625
confirmation,joint_wild_cluster_rademacher,10,1.0,0.5,6,cluster_uncertainty_pass,3504,6000,0.584
confirmation,joint_wild_cluster_rademacher,10,1.0,0.5,7,raw_statistical_threshold_pass,2208,6000,0.368
confirmation,joint_wild_cluster_rademacher,10,1.0,0.5,8,multiplicity_adjusted_threshold_pass,2208,6000,0.368
confirmation,joint_wild_cluster_rademacher,10,1.0,0.5,9,control_adjusted_contrast_pass,2094,6000,0.349
confirmation,joint_wild_cluster_rademacher,10,1.0,0.5,10,control_specificity_pass,2094,6000,0.349
confirmation,joint_wild_cluster_rademacher,10,1.0,1.0,1,support_available_pass,5995,6000,0.9991666666666666
confirmation,joint_wild_cluster_rademacher,10,1.0,1.0,2,complement_admissible_pass,5977,6000,0.9961666666666666
confirmation,joint_wild_cluster_rademacher,10,1.0,1.0,3,effect_direction_reproduced_pass,5778,6000,0.963
confirmation,joint_wild_cluster_rademacher,10,1.0,1.0,4,target_contrast_positive_pass,5778,6000,0.963
confirmation,joint_wild_cluster_rademacher,10,1.0,1.0,5,minimum_effect_pass,5778,6000,0.963
confirmation,joint_wild_cluster_rademacher,10,1.0,1.0,6,cluster_uncertainty_pass,3493,6000,0.5821666666666667
confirmation,joint_wild_cluster_rademacher,10,1.0,1.0,7,raw_statistical_threshold_pass,2220,6000,0.37
confirmation,joint_wild_cluster_rademacher,10,1.0,1.0,8,multiplicity_adjusted_threshold_pass,2220,6000,0.37
confirmation,joint_wild_cluster_rademacher,10,1.0,1.0,9,control_adjusted_contrast_pass,657,6000,0.1095
confirmation,joint_wild_cluster_rademacher,10,1.0,1.0,10,control_specificity_pass,657,6000,0.1095
confirmation,joint_wild_cluster_rademacher,10,1.5,0.0,1,support_available_pass,5998,6000,0.9996666666666667
confirmation,joint_wild_cluster_rademacher,10,1.5,0.0,2,complement_admissible_pass,5972,6000,0.9953333333333333
confirmation,joint_wild_cluster_rademacher,10,1.5,0.0,3,effect_direction_reproduced_pass,5753,6000,0.9588333333333333
confirmation,joint_wild_cluster_rademacher,10,1.5,0.0,4,target_contrast_positive_pass,5753,6000,0.9588333333333333
confirmation,joint_wild_cluster_rademacher,10,1.5,0.0,5,minimum_effect_pass,5753,6000,0.9588333333333333
confirmation,joint_wild_cluster_rademacher,10,1.5,0.0,6,cluster_uncertainty_pass,3507,6000,0.5845
confirmation,joint_wild_cluster_rademacher,10,1.5,0.0,7,raw_statistical_threshold_pass,2290,6000,0.38166666666666665
confirmation,joint_wild_cluster_rademacher,10,1.5,0.0,8,multiplicity_adjusted_threshold_pass,2290,6000,0.38166666666666665
confirmation,joint_wild_cluster_rademacher,10,1.5,0.0,9,control_adjusted_contrast_pass,2290,6000,0.38166666666666665
confirmation,joint_wild_cluster_rademacher,10,1.5,0.0,10,control_specificity_pass,2290,6000,0.38166666666666665
confirmation,joint_wild_cluster_rademacher,10,1.5,0.25,1,support_available_pass,5998,6000,0.9996666666666667
confirmation,joint_wild_cluster_rademacher,10,1.5,0.25,2,complement_admissible_pass,5979,6000,0.9965
confirmation,joint_wild_cluster_rademacher,10,1.5,0.25,3,effect_direction_reproduced_pass,5768,6000,0.9613333333333334
confirmation,joint_wild_cluster_rademacher,10,1.5,0.25,4,target_contrast_positive_pass,5768,6000,0.9613333333333334
confirmation,joint_wild_cluster_rademacher,10,1.5,0.25,5,minimum_effect_pass,5768,6000,0.9613333333333334
confirmation,joint_wild_cluster_rademacher,10,1.5,0.25,6,cluster_uncertainty_pass,3513,6000,0.5855
confirmation,joint_wild_cluster_rademacher,10,1.5,0.25,7,raw_statistical_threshold_pass,2276,6000,0.37933333333333336
confirmation,joint_wild_cluster_rademacher,10,1.5,0.25,8,multiplicity_adjusted_threshold_pass,2276,6000,0.37933333333333336
confirmation,joint_wild_cluster_rademacher,10,1.5,0.25,9,control_adjusted_contrast_pass,2276,6000,0.37933333333333336
confirmation,joint_wild_cluster_rademacher,10,1.5,0.25,10,control_specificity_pass,2276,6000,0.37933333333333336
confirmation,joint_wild_cluster_rademacher,10,1.5,0.5,1,support_available_pass,5998,6000,0.9996666666666667
confirmation,joint_wild_cluster_rademacher,10,1.5,0.5,2,complement_admissible_pass,5975,6000,0.9958333333333333
confirmation,joint_wild_cluster_rademacher,10,1.5,0.5,3,effect_direction_reproduced_pass,5807,6000,0.9678333333333333
confirmation,joint_wild_cluster_rademacher,10,1.5,0.5,4,target_contrast_positive_pass,5807,6000,0.9678333333333333
confirmation,joint_wild_cluster_rademacher,10,1.5,0.5,5,minimum_effect_pass,5807,6000,0.9678333333333333
confirmation,joint_wild_cluster_rademacher,10,1.5,0.5,6,cluster_uncertainty_pass,3523,6000,0.5871666666666666
confirmation,joint_wild_cluster_rademacher,10,1.5,0.5,7,raw_statistical_threshold_pass,2247,6000,0.3745
confirmation,joint_wild_cluster_rademacher,10,1.5,0.5,8,multiplicity_adjusted_threshold_pass,2247,6000,0.3745
confirmation,joint_wild_cluster_rademacher,10,1.5,0.5,9,control_adjusted_contrast_pass,2175,6000,0.3625
confirmation,joint_wild_cluster_rademacher,10,1.5,0.5,10,control_specificity_pass,2175,6000,0.3625
confirmation,joint_wild_cluster_rademacher,10,1.5,1.0,1,support_available_pass,5998,6000,0.9996666666666667
confirmation,joint_wild_cluster_rademacher,10,1.5,1.0,2,complement_admissible_pass,5976,6000,0.996
confirmation,joint_wild_cluster_rademacher,10,1.5,1.0,3,effect_direction_reproduced_pass,5746,6000,0.9576666666666667
confirmation,joint_wild_cluster_rademacher,10,1.5,1.0,4,target_contrast_positive_pass,5746,6000,0.9576666666666667
confirmation,joint_wild_cluster_rademacher,10,1.5,1.0,5,minimum_effect_pass,5746,6000,0.9576666666666667
confirmation,joint_wild_cluster_rademacher,10,1.5,1.0,6,cluster_uncertainty_pass,3504,6000,0.584
confirmation,joint_wild_cluster_rademacher,10,1.5,1.0,7,raw_statistical_threshold_pass,2256,6000,0.376
confirmation,joint_wild_cluster_rademacher,10,1.5,1.0,8,multiplicity_adjusted_threshold_pass,2256,6000,0.376
confirmation,joint_wild_cluster_rademacher,10,1.5,1.0,9,control_adjusted_contrast_pass,686,6000,0.11433333333333333
confirmation,joint_wild_cluster_rademacher,10,1.5,1.0,10,control_specificity_pass,686,6000,0.11433333333333333
confirmation,joint_wild_cluster_rademacher,10,2.0,0.0,1,support_available_pass,5999,6000,0.9998333333333334
confirmation,joint_wild_cluster_rademacher,10,2.0,0.0,2,complement_admissible_pass,5984,6000,0.9973333333333333
confirmation,joint_wild_cluster_rademacher,10,2.0,0.0,3,effect_direction_reproduced_pass,5774,6000,0.9623333333333334
confirmation,joint_wild_cluster_rademacher,10,2.0,0.0,4,target_contrast_positive_pass,5774,6000,0.9623333333333334
confirmation,joint_wild_cluster_rademacher,10,2.0,0.0,5,minimum_effect_pass,5774,6000,0.9623333333333334
confirmation,joint_wild_cluster_rademacher,10,2.0,0.0,6,cluster_uncertainty_pass,3499,6000,0.5831666666666667
confirmation,joint_wild_cluster_rademacher,10,2.0,0.0,7,raw_statistical_threshold_pass,2254,6000,0.37566666666666665
confirmation,joint_wild_cluster_rademacher,10,2.0,0.0,8,multiplicity_adjusted_threshold_pass,2254,6000,0.37566666666666665
confirmation,joint_wild_cluster_rademacher,10,2.0,0.0,9,control_adjusted_contrast_pass,2254,6000,0.37566666666666665
confirmation,joint_wild_cluster_rademacher,10,2.0,0.0,10,control_specificity_pass,2254,6000,0.37566666666666665
confirmation,joint_wild_cluster_rademacher,10,2.0,0.25,1,support_available_pass,5995,6000,0.9991666666666666
confirmation,joint_wild_cluster_rademacher,10,2.0,0.25,2,complement_admissible_pass,5978,6000,0.9963333333333333
confirmation,joint_wild_cluster_rademacher,10,2.0,0.25,3,effect_direction_reproduced_pass,5761,6000,0.9601666666666666
confirmation,joint_wild_cluster_rademacher,10,2.0,0.25,4,target_contrast_positive_pass,5761,6000,0.9601666666666666
confirmation,joint_wild_cluster_rademacher,10,2.0,0.25,5,minimum_effect_pass,5761,6000,0.9601666666666666
confirmation,joint_wild_cluster_rademacher,10,2.0,0.25,6,cluster_uncertainty_pass,3461,6000,0.5768333333333333
confirmation,joint_wild_cluster_rademacher,10,2.0,0.25,7,raw_statistical_threshold_pass,2251,6000,0.37516666666666665
confirmation,joint_wild_cluster_rademacher,10,2.0,0.25,8,multiplicity_adjusted_threshold_pass,2251,6000,0.37516666666666665
confirmation,joint_wild_cluster_rademacher,10,2.0,0.25,9,control_adjusted_contrast_pass,2251,6000,0.37516666666666665
confirmation,joint_wild_cluster_rademacher,10,2.0,0.25,10,control_specificity_pass,2251,6000,0.37516666666666665
confirmation,joint_wild_cluster_rademacher,10,2.0,0.5,1,support_available_pass,5999,6000,0.9998333333333334
confirmation,joint_wild_cluster_rademacher,10,2.0,0.5,2,complement_admissible_pass,5981,6000,0.9968333333333333
confirmation,joint_wild_cluster_rademacher,10,2.0,0.5,3,effect_direction_reproduced_pass,5798,6000,0.9663333333333334
confirmation,joint_wild_cluster_rademacher,10,2.0,0.5,4,target_contrast_positive_pass,5798,6000,0.9663333333333334
confirmation,joint_wild_cluster_rademacher,10,2.0,0.5,5,minimum_effect_pass,5798,6000,0.9663333333333334
confirmation,joint_wild_cluster_rademacher,10,2.0,0.5,6,cluster_uncertainty_pass,3465,6000,0.5775
confirmation,joint_wild_cluster_rademacher,10,2.0,0.5,7,raw_statistical_threshold_pass,2275,6000,0.37916666666666665
confirmation,joint_wild_cluster_rademacher,10,2.0,0.5,8,multiplicity_adjusted_threshold_pass,2275,6000,0.37916666666666665
confirmation,joint_wild_cluster_rademacher,10,2.0,0.5,9,control_adjusted_contrast_pass,2225,6000,0.37083333333333335
confirmation,joint_wild_cluster_rademacher,10,2.0,0.5,10,control_specificity_pass,2225,6000,0.37083333333333335
confirmation,joint_wild_cluster_rademacher,10,2.0,1.0,1,support_available_pass,5998,6000,0.9996666666666667
confirmation,joint_wild_cluster_rademacher,10,2.0,1.0,2,complement_admissible_pass,5978,6000,0.9963333333333333
confirmation,joint_wild_cluster_rademacher,10,2.0,1.0,3,effect_direction_reproduced_pass,5776,6000,0.9626666666666667
confirmation,joint_wild_cluster_rademacher,10,2.0,1.0,4,target_contrast_positive_pass,5776,6000,0.9626666666666667
confirmation,joint_wild_cluster_rademacher,10,2.0,1.0,5,minimum_effect_pass,5776,6000,0.9626666666666667
confirmation,joint_wild_cluster_rademacher,10,2.0,1.0,6,cluster_uncertainty_pass,3499,6000,0.5831666666666667
confirmation,joint_wild_cluster_rademacher,10,2.0,1.0,7,raw_statistical_threshold_pass,2341,6000,0.39016666666666666
confirmation,joint_wild_cluster_rademacher,10,2.0,1.0,8,multiplicity_adjusted_threshold_pass,2341,6000,0.39016666666666666
confirmation,joint_wild_cluster_rademacher,10,2.0,1.0,9,control_adjusted_contrast_pass,635,6000,0.10583333333333333
confirmation,joint_wild_cluster_rademacher,10,2.0,1.0,10,control_specificity_pass,635,6000,0.10583333333333333
confirmation,joint_wild_cluster_rademacher,12,0.0,0.0,1,support_available_pass,6000,6000,1.0
confirmation,joint_wild_cluster_rademacher,12,0.0,0.0,2,complement_admissible_pass,5996,6000,0.9993333333333333
confirmation,joint_wild_cluster_rademacher,12,0.0,0.0,3,effect_direction_reproduced_pass,0,6000,0.0
confirmation,joint_wild_cluster_rademacher,12,0.0,0.0,4,target_contrast_positive_pass,0,6000,0.0
confirmation,joint_wild_cluster_rademacher,12,0.0,0.0,5,minimum_effect_pass,0,6000,0.0
confirmation,joint_wild_cluster_rademacher,12,0.0,0.0,6,cluster_uncertainty_pass,0,6000,0.0
confirmation,joint_wild_cluster_rademacher,12,0.0,0.0,7,raw_statistical_threshold_pass,0,6000,0.0
confirmation,joint_wild_cluster_rademacher,12,0.0,0.0,8,multiplicity_adjusted_threshold_pass,0,6000,0.0
confirmation,joint_wild_cluster_rademacher,12,0.0,0.0,9,control_adjusted_contrast_pass,0,6000,0.0
confirmation,joint_wild_cluster_rademacher,12,0.0,0.0,10,control_specificity_pass,0,6000,0.0
confirmation,joint_wild_cluster_rademacher,12,0.25,0.0,1,support_available_pass,6000,6000,1.0
confirmation,joint_wild_cluster_rademacher,12,0.25,0.0,2,complement_admissible_pass,5992,6000,0.9986666666666667
confirmation,joint_wild_cluster_rademacher,12,0.25,0.0,3,effect_direction_reproduced_pass,5874,6000,0.979
confirmation,joint_wild_cluster_rademacher,12,0.25,0.0,4,target_contrast_positive_pass,5874,6000,0.979
confirmation,joint_wild_cluster_rademacher,12,0.25,0.0,5,minimum_effect_pass,5151,6000,0.8585
confirmation,joint_wild_cluster_rademacher,12,0.25,0.0,6,cluster_uncertainty_pass,2779,6000,0.46316666666666667
confirmation,joint_wild_cluster_rademacher,12,0.25,0.0,7,raw_statistical_threshold_pass,1610,6000,0.2683333333333333
confirmation,joint_wild_cluster_rademacher,12,0.25,0.0,8,multiplicity_adjusted_threshold_pass,1610,6000,0.2683333333333333
confirmation,joint_wild_cluster_rademacher,12,0.25,0.0,9,control_adjusted_contrast_pass,1610,6000,0.2683333333333333
confirmation,joint_wild_cluster_rademacher,12,0.25,0.0,10,control_specificity_pass,1610,6000,0.2683333333333333
confirmation,joint_wild_cluster_rademacher,12,0.25,0.25,1,support_available_pass,5999,6000,0.9998333333333334
confirmation,joint_wild_cluster_rademacher,12,0.25,0.25,2,complement_admissible_pass,5992,6000,0.9986666666666667
confirmation,joint_wild_cluster_rademacher,12,0.25,0.25,3,effect_direction_reproduced_pass,5852,6000,0.9753333333333334
confirmation,joint_wild_cluster_rademacher,12,0.25,0.25,4,target_contrast_positive_pass,5852,6000,0.9753333333333334
confirmation,joint_wild_cluster_rademacher,12,0.25,0.25,5,minimum_effect_pass,5193,6000,0.8655
confirmation,joint_wild_cluster_rademacher,12,0.25,0.25,6,cluster_uncertainty_pass,2824,6000,0.4706666666666667
confirmation,joint_wild_cluster_rademacher,12,0.25,0.25,7,raw_statistical_threshold_pass,1590,6000,0.265
confirmation,joint_wild_cluster_rademacher,12,0.25,0.25,8,multiplicity_adjusted_threshold_pass,1590,6000,0.265
confirmation,joint_wild_cluster_rademacher,12,0.25,0.25,9,control_adjusted_contrast_pass,1566,6000,0.261
confirmation,joint_wild_cluster_rademacher,12,0.25,0.25,10,control_specificity_pass,1566,6000,0.261
confirmation,joint_wild_cluster_rademacher,12,0.25,0.5,1,support_available_pass,6000,6000,1.0
confirmation,joint_wild_cluster_rademacher,12,0.25,0.5,2,complement_admissible_pass,5995,6000,0.9991666666666666
confirmation,joint_wild_cluster_rademacher,12,0.25,0.5,3,effect_direction_reproduced_pass,5852,6000,0.9753333333333334
confirmation,joint_wild_cluster_rademacher,12,0.25,0.5,4,target_contrast_positive_pass,5852,6000,0.9753333333333334
confirmation,joint_wild_cluster_rademacher,12,0.25,0.5,5,minimum_effect_pass,5157,6000,0.8595
confirmation,joint_wild_cluster_rademacher,12,0.25,0.5,6,cluster_uncertainty_pass,2827,6000,0.4711666666666667
confirmation,joint_wild_cluster_rademacher,12,0.25,0.5,7,raw_statistical_threshold_pass,1613,6000,0.2688333333333333
confirmation,joint_wild_cluster_rademacher,12,0.25,0.5,8,multiplicity_adjusted_threshold_pass,1613,6000,0.2688333333333333
confirmation,joint_wild_cluster_rademacher,12,0.25,0.5,9,control_adjusted_contrast_pass,1361,6000,0.22683333333333333
confirmation,joint_wild_cluster_rademacher,12,0.25,0.5,10,control_specificity_pass,1361,6000,0.22683333333333333
confirmation,joint_wild_cluster_rademacher,12,0.25,1.0,1,support_available_pass,6000,6000,1.0
confirmation,joint_wild_cluster_rademacher,12,0.25,1.0,2,complement_admissible_pass,5997,6000,0.9995
confirmation,joint_wild_cluster_rademacher,12,0.25,1.0,3,effect_direction_reproduced_pass,5861,6000,0.9768333333333333
confirmation,joint_wild_cluster_rademacher,12,0.25,1.0,4,target_contrast_positive_pass,5861,6000,0.9768333333333333
confirmation,joint_wild_cluster_rademacher,12,0.25,1.0,5,minimum_effect_pass,5170,6000,0.8616666666666667
confirmation,joint_wild_cluster_rademacher,12,0.25,1.0,6,cluster_uncertainty_pass,2825,6000,0.4708333333333333
confirmation,joint_wild_cluster_rademacher,12,0.25,1.0,7,raw_statistical_threshold_pass,1614,6000,0.269
confirmation,joint_wild_cluster_rademacher,12,0.25,1.0,8,multiplicity_adjusted_threshold_pass,1614,6000,0.269
confirmation,joint_wild_cluster_rademacher,12,0.25,1.0,9,control_adjusted_contrast_pass,526,6000,0.08766666666666667
confirmation,joint_wild_cluster_rademacher,12,0.25,1.0,10,control_specificity_pass,526,6000,0.08766666666666667
confirmation,joint_wild_cluster_rademacher,12,0.5,0.0,1,support_available_pass,5998,6000,0.9996666666666667
confirmation,joint_wild_cluster_rademacher,12,0.5,0.0,2,complement_admissible_pass,5993,6000,0.9988333333333334
confirmation,joint_wild_cluster_rademacher,12,0.5,0.0,3,effect_direction_reproduced_pass,5881,6000,0.9801666666666666
confirmation,joint_wild_cluster_rademacher,12,0.5,0.0,4,target_contrast_positive_pass,5881,6000,0.9801666666666666
confirmation,joint_wild_cluster_rademacher,12,0.5,0.0,5,minimum_effect_pass,5865,6000,0.9775
confirmation,joint_wild_cluster_rademacher,12,0.5,0.0,6,cluster_uncertainty_pass,3528,6000,0.588
confirmation,joint_wild_cluster_rademacher,12,0.5,0.0,7,raw_statistical_threshold_pass,2372,6000,0.3953333333333333
confirmation,joint_wild_cluster_rademacher,12,0.5,0.0,8,multiplicity_adjusted_threshold_pass,2372,6000,0.3953333333333333
confirmation,joint_wild_cluster_rademacher,12,0.5,0.0,9,control_adjusted_contrast_pass,2372,6000,0.3953333333333333
confirmation,joint_wild_cluster_rademacher,12,0.5,0.0,10,control_specificity_pass,2372,6000,0.3953333333333333
confirmation,joint_wild_cluster_rademacher,12,0.5,0.25,1,support_available_pass,6000,6000,1.0
confirmation,joint_wild_cluster_rademacher,12,0.5,0.25,2,complement_admissible_pass,5990,6000,0.9983333333333333
confirmation,joint_wild_cluster_rademacher,12,0.5,0.25,3,effect_direction_reproduced_pass,5886,6000,0.981
confirmation,joint_wild_cluster_rademacher,12,0.5,0.25,4,target_contrast_positive_pass,5886,6000,0.981
confirmation,joint_wild_cluster_rademacher,12,0.5,0.25,5,minimum_effect_pass,5864,6000,0.9773333333333334
confirmation,joint_wild_cluster_rademacher,12,0.5,0.25,6,cluster_uncertainty_pass,3559,6000,0.5931666666666666
confirmation,joint_wild_cluster_rademacher,12,0.5,0.25,7,raw_statistical_threshold_pass,2401,6000,0.40016666666666667
confirmation,joint_wild_cluster_rademacher,12,0.5,0.25,8,multiplicity_adjusted_threshold_pass,2401,6000,0.40016666666666667
confirmation,joint_wild_cluster_rademacher,12,0.5,0.25,9,control_adjusted_contrast_pass,2392,6000,0.39866666666666667
confirmation,joint_wild_cluster_rademacher,12,0.5,0.25,10,control_specificity_pass,2392,6000,0.39866666666666667
confirmation,joint_wild_cluster_rademacher,12,0.5,0.5,1,support_available_pass,6000,6000,1.0
confirmation,joint_wild_cluster_rademacher,12,0.5,0.5,2,complement_admissible_pass,5997,6000,0.9995
confirmation,joint_wild_cluster_rademacher,12,0.5,0.5,3,effect_direction_reproduced_pass,5878,6000,0.9796666666666667
confirmation,joint_wild_cluster_rademacher,12,0.5,0.5,4,target_contrast_positive_pass,5878,6000,0.9796666666666667
confirmation,joint_wild_cluster_rademacher,12,0.5,0.5,5,minimum_effect_pass,5861,6000,0.9768333333333333
confirmation,joint_wild_cluster_rademacher,12,0.5,0.5,6,cluster_uncertainty_pass,3549,6000,0.5915
confirmation,joint_wild_cluster_rademacher,12,0.5,0.5,7,raw_statistical_threshold_pass,2424,6000,0.404
confirmation,joint_wild_cluster_rademacher,12,0.5,0.5,8,multiplicity_adjusted_threshold_pass,2424,6000,0.404
confirmation,joint_wild_cluster_rademacher,12,0.5,0.5,9,control_adjusted_contrast_pass,2158,6000,0.3596666666666667
confirmation,joint_wild_cluster_rademacher,12,0.5,0.5,10,control_specificity_pass,2158,6000,0.3596666666666667
confirmation,joint_wild_cluster_rademacher,12,0.5,1.0,1,support_available_pass,6000,6000,1.0
confirmation,joint_wild_cluster_rademacher,12,0.5,1.0,2,complement_admissible_pass,5994,6000,0.999
confirmation,joint_wild_cluster_rademacher,12,0.5,1.0,3,effect_direction_reproduced_pass,5885,6000,0.9808333333333333
confirmation,joint_wild_cluster_rademacher,12,0.5,1.0,4,target_contrast_positive_pass,5885,6000,0.9808333333333333
confirmation,joint_wild_cluster_rademacher,12,0.5,1.0,5,minimum_effect_pass,5868,6000,0.978
confirmation,joint_wild_cluster_rademacher,12,0.5,1.0,6,cluster_uncertainty_pass,3519,6000,0.5865
confirmation,joint_wild_cluster_rademacher,12,0.5,1.0,7,raw_statistical_threshold_pass,2336,6000,0.3893333333333333
confirmation,joint_wild_cluster_rademacher,12,0.5,1.0,8,multiplicity_adjusted_threshold_pass,2336,6000,0.3893333333333333
confirmation,joint_wild_cluster_rademacher,12,0.5,1.0,9,control_adjusted_contrast_pass,660,6000,0.11
confirmation,joint_wild_cluster_rademacher,12,0.5,1.0,10,control_specificity_pass,660,6000,0.11
confirmation,joint_wild_cluster_rademacher,12,0.75,0.0,1,support_available_pass,6000,6000,1.0
confirmation,joint_wild_cluster_rademacher,12,0.75,0.0,2,complement_admissible_pass,5988,6000,0.998
confirmation,joint_wild_cluster_rademacher,12,0.75,0.0,3,effect_direction_reproduced_pass,5856,6000,0.976
confirmation,joint_wild_cluster_rademacher,12,0.75,0.0,4,target_contrast_positive_pass,5856,6000,0.976
confirmation,joint_wild_cluster_rademacher,12,0.75,0.0,5,minimum_effect_pass,5856,6000,0.976
confirmation,joint_wild_cluster_rademacher,12,0.75,0.0,6,cluster_uncertainty_pass,3631,6000,0.6051666666666666
confirmation,joint_wild_cluster_rademacher,12,0.75,0.0,7,raw_statistical_threshold_pass,2559,6000,0.4265
confirmation,joint_wild_cluster_rademacher,12,0.75,0.0,8,multiplicity_adjusted_threshold_pass,2559,6000,0.4265
confirmation,joint_wild_cluster_rademacher,12,0.75,0.0,9,control_adjusted_contrast_pass,2559,6000,0.4265
confirmation,joint_wild_cluster_rademacher,12,0.75,0.0,10,control_specificity_pass,2559,6000,0.4265
confirmation,joint_wild_cluster_rademacher,12,0.75,0.25,1,support_available_pass,6000,6000,1.0
confirmation,joint_wild_cluster_rademacher,12,0.75,0.25,2,complement_admissible_pass,5997,6000,0.9995
confirmation,joint_wild_cluster_rademacher,12,0.75,0.25,3,effect_direction_reproduced_pass,5885,6000,0.9808333333333333
confirmation,joint_wild_cluster_rademacher,12,0.75,0.25,4,target_contrast_positive_pass,5885,6000,0.9808333333333333
confirmation,joint_wild_cluster_rademacher,12,0.75,0.25,5,minimum_effect_pass,5884,6000,0.9806666666666667
confirmation,joint_wild_cluster_rademacher,12,0.75,0.25,6,cluster_uncertainty_pass,3625,6000,0.6041666666666666
confirmation,joint_wild_cluster_rademacher,12,0.75,0.25,7,raw_statistical_threshold_pass,2574,6000,0.429
confirmation,joint_wild_cluster_rademacher,12,0.75,0.25,8,multiplicity_adjusted_threshold_pass,2574,6000,0.429
confirmation,joint_wild_cluster_rademacher,12,0.75,0.25,9,control_adjusted_contrast_pass,2571,6000,0.4285
confirmation,joint_wild_cluster_rademacher,12,0.75,0.25,10,control_specificity_pass,2571,6000,0.4285
confirmation,joint_wild_cluster_rademacher,12,0.75,0.5,1,support_available_pass,6000,6000,1.0
confirmation,joint_wild_cluster_rademacher,12,0.75,0.5,2,complement_admissible_pass,5991,6000,0.9985
confirmation,joint_wild_cluster_rademacher,12,0.75,0.5,3,effect_direction_reproduced_pass,5863,6000,0.9771666666666666
confirmation,joint_wild_cluster_rademacher,12,0.75,0.5,4,target_contrast_positive_pass,5863,6000,0.9771666666666666
confirmation,joint_wild_cluster_rademacher,12,0.75,0.5,5,minimum_effect_pass,5861,6000,0.9768333333333333
confirmation,joint_wild_cluster_rademacher,12,0.75,0.5,6,cluster_uncertainty_pass,3654,6000,0.609
confirmation,joint_wild_cluster_rademacher,12,0.75,0.5,7,raw_statistical_threshold_pass,2569,6000,0.42816666666666664
confirmation,joint_wild_cluster_rademacher,12,0.75,0.5,8,multiplicity_adjusted_threshold_pass,2569,6000,0.42816666666666664
confirmation,joint_wild_cluster_rademacher,12,0.75,0.5,9,control_adjusted_contrast_pass,2419,6000,0.4031666666666667
confirmation,joint_wild_cluster_rademacher,12,0.75,0.5,10,control_specificity_pass,2419,6000,0.4031666666666667
confirmation,joint_wild_cluster_rademacher,12,0.75,1.0,1,support_available_pass,6000,6000,1.0
confirmation,joint_wild_cluster_rademacher,12,0.75,1.0,2,complement_admissible_pass,5993,6000,0.9988333333333334
confirmation,joint_wild_cluster_rademacher,12,0.75,1.0,3,effect_direction_reproduced_pass,5892,6000,0.982
confirmation,joint_wild_cluster_rademacher,12,0.75,1.0,4,target_contrast_positive_pass,5892,6000,0.982
confirmation,joint_wild_cluster_rademacher,12,0.75,1.0,5,minimum_effect_pass,5891,6000,0.9818333333333333
confirmation,joint_wild_cluster_rademacher,12,0.75,1.0,6,cluster_uncertainty_pass,3636,6000,0.606
confirmation,joint_wild_cluster_rademacher,12,0.75,1.0,7,raw_statistical_threshold_pass,2546,6000,0.42433333333333334
confirmation,joint_wild_cluster_rademacher,12,0.75,1.0,8,multiplicity_adjusted_threshold_pass,2546,6000,0.42433333333333334
confirmation,joint_wild_cluster_rademacher,12,0.75,1.0,9,control_adjusted_contrast_pass,724,6000,0.12066666666666667
confirmation,joint_wild_cluster_rademacher,12,0.75,1.0,10,control_specificity_pass,724,6000,0.12066666666666667
confirmation,joint_wild_cluster_rademacher,12,1.0,0.0,1,support_available_pass,6000,6000,1.0
confirmation,joint_wild_cluster_rademacher,12,1.0,0.0,2,complement_admissible_pass,5994,6000,0.999
confirmation,joint_wild_cluster_rademacher,12,1.0,0.0,3,effect_direction_reproduced_pass,5863,6000,0.9771666666666666
confirmation,joint_wild_cluster_rademacher,12,1.0,0.0,4,target_contrast_positive_pass,5863,6000,0.9771666666666666
confirmation,joint_wild_cluster_rademacher,12,1.0,0.0,5,minimum_effect_pass,5863,6000,0.9771666666666666
confirmation,joint_wild_cluster_rademacher,12,1.0,0.0,6,cluster_uncertainty_pass,3690,6000,0.615
confirmation,joint_wild_cluster_rademacher,12,1.0,0.0,7,raw_statistical_threshold_pass,2621,6000,0.43683333333333335
confirmation,joint_wild_cluster_rademacher,12,1.0,0.0,8,multiplicity_adjusted_threshold_pass,2621,6000,0.43683333333333335
confirmation,joint_wild_cluster_rademacher,12,1.0,0.0,9,control_adjusted_contrast_pass,2621,6000,0.43683333333333335
confirmation,joint_wild_cluster_rademacher,12,1.0,0.0,10,control_specificity_pass,2621,6000,0.43683333333333335
confirmation,joint_wild_cluster_rademacher,12,1.0,0.25,1,support_available_pass,5999,6000,0.9998333333333334
confirmation,joint_wild_cluster_rademacher,12,1.0,0.25,2,complement_admissible_pass,5990,6000,0.9983333333333333
confirmation,joint_wild_cluster_rademacher,12,1.0,0.25,3,effect_direction_reproduced_pass,5870,6000,0.9783333333333334
confirmation,joint_wild_cluster_rademacher,12,1.0,0.25,4,target_contrast_positive_pass,5870,6000,0.9783333333333334
confirmation,joint_wild_cluster_rademacher,12,1.0,0.25,5,minimum_effect_pass,5870,6000,0.9783333333333334
confirmation,joint_wild_cluster_rademacher,12,1.0,0.25,6,cluster_uncertainty_pass,3677,6000,0.6128333333333333
confirmation,joint_wild_cluster_rademacher,12,1.0,0.25,7,raw_statistical_threshold_pass,2583,6000,0.4305
confirmation,joint_wild_cluster_rademacher,12,1.0,0.25,8,multiplicity_adjusted_threshold_pass,2583,6000,0.4305
confirmation,joint_wild_cluster_rademacher,12,1.0,0.25,9,control_adjusted_contrast_pass,2580,6000,0.43
confirmation,joint_wild_cluster_rademacher,12,1.0,0.25,10,control_specificity_pass,2580,6000,0.43
confirmation,joint_wild_cluster_rademacher,12,1.0,0.5,1,support_available_pass,5999,6000,0.9998333333333334
confirmation,joint_wild_cluster_rademacher,12,1.0,0.5,2,complement_admissible_pass,5993,6000,0.9988333333333334
confirmation,joint_wild_cluster_rademacher,12,1.0,0.5,3,effect_direction_reproduced_pass,5880,6000,0.98
confirmation,joint_wild_cluster_rademacher,12,1.0,0.5,4,target_contrast_positive_pass,5880,6000,0.98
confirmation,joint_wild_cluster_rademacher,12,1.0,0.5,5,minimum_effect_pass,5880,6000,0.98
confirmation,joint_wild_cluster_rademacher,12,1.0,0.5,6,cluster_uncertainty_pass,3713,6000,0.6188333333333333
confirmation,joint_wild_cluster_rademacher,12,1.0,0.5,7,raw_statistical_threshold_pass,2616,6000,0.436
confirmation,joint_wild_cluster_rademacher,12,1.0,0.5,8,multiplicity_adjusted_threshold_pass,2616,6000,0.436
confirmation,joint_wild_cluster_rademacher,12,1.0,0.5,9,control_adjusted_contrast_pass,2508,6000,0.418
confirmation,joint_wild_cluster_rademacher,12,1.0,0.5,10,control_specificity_pass,2508,6000,0.418
confirmation,joint_wild_cluster_rademacher,12,1.0,1.0,1,support_available_pass,5999,6000,0.9998333333333334
confirmation,joint_wild_cluster_rademacher,12,1.0,1.0,2,complement_admissible_pass,5991,6000,0.9985
confirmation,joint_wild_cluster_rademacher,12,1.0,1.0,3,effect_direction_reproduced_pass,5877,6000,0.9795
confirmation,joint_wild_cluster_rademacher,12,1.0,1.0,4,target_contrast_positive_pass,5877,6000,0.9795
confirmation,joint_wild_cluster_rademacher,12,1.0,1.0,5,minimum_effect_pass,5877,6000,0.9795
confirmation,joint_wild_cluster_rademacher,12,1.0,1.0,6,cluster_uncertainty_pass,3671,6000,0.6118333333333333
confirmation,joint_wild_cluster_rademacher,12,1.0,1.0,7,raw_statistical_threshold_pass,2630,6000,0.43833333333333335
confirmation,joint_wild_cluster_rademacher,12,1.0,1.0,8,multiplicity_adjusted_threshold_pass,2630,6000,0.43833333333333335
confirmation,joint_wild_cluster_rademacher,12,1.0,1.0,9,control_adjusted_contrast_pass,748,6000,0.12466666666666666
confirmation,joint_wild_cluster_rademacher,12,1.0,1.0,10,control_specificity_pass,748,6000,0.12466666666666666
confirmation,joint_wild_cluster_rademacher,12,1.5,0.0,1,support_available_pass,5999,6000,0.9998333333333334
confirmation,joint_wild_cluster_rademacher,12,1.5,0.0,2,complement_admissible_pass,5995,6000,0.9991666666666666
confirmation,joint_wild_cluster_rademacher,12,1.5,0.0,3,effect_direction_reproduced_pass,5859,6000,0.9765
confirmation,joint_wild_cluster_rademacher,12,1.5,0.0,4,target_contrast_positive_pass,5859,6000,0.9765
confirmation,joint_wild_cluster_rademacher,12,1.5,0.0,5,minimum_effect_pass,5859,6000,0.9765
confirmation,joint_wild_cluster_rademacher,12,1.5,0.0,6,cluster_uncertainty_pass,3678,6000,0.613
confirmation,joint_wild_cluster_rademacher,12,1.5,0.0,7,raw_statistical_threshold_pass,2635,6000,0.43916666666666665
confirmation,joint_wild_cluster_rademacher,12,1.5,0.0,8,multiplicity_adjusted_threshold_pass,2635,6000,0.43916666666666665
confirmation,joint_wild_cluster_rademacher,12,1.5,0.0,9,control_adjusted_contrast_pass,2635,6000,0.43916666666666665
confirmation,joint_wild_cluster_rademacher,12,1.5,0.0,10,control_specificity_pass,2635,6000,0.43916666666666665
confirmation,joint_wild_cluster_rademacher,12,1.5,0.25,1,support_available_pass,5999,6000,0.9998333333333334
confirmation,joint_wild_cluster_rademacher,12,1.5,0.25,2,complement_admissible_pass,5994,6000,0.999
confirmation,joint_wild_cluster_rademacher,12,1.5,0.25,3,effect_direction_reproduced_pass,5881,6000,0.9801666666666666
confirmation,joint_wild_cluster_rademacher,12,1.5,0.25,4,target_contrast_positive_pass,5881,6000,0.9801666666666666
confirmation,joint_wild_cluster_rademacher,12,1.5,0.25,5,minimum_effect_pass,5881,6000,0.9801666666666666
confirmation,joint_wild_cluster_rademacher,12,1.5,0.25,6,cluster_uncertainty_pass,3685,6000,0.6141666666666666
confirmation,joint_wild_cluster_rademacher,12,1.5,0.25,7,raw_statistical_threshold_pass,2629,6000,0.43816666666666665
confirmation,joint_wild_cluster_rademacher,12,1.5,0.25,8,multiplicity_adjusted_threshold_pass,2629,6000,0.43816666666666665
confirmation,joint_wild_cluster_rademacher,12,1.5,0.25,9,control_adjusted_contrast_pass,2628,6000,0.438
confirmation,joint_wild_cluster_rademacher,12,1.5,0.25,10,control_specificity_pass,2628,6000,0.438
confirmation,joint_wild_cluster_rademacher,12,1.5,0.5,1,support_available_pass,6000,6000,1.0
confirmation,joint_wild_cluster_rademacher,12,1.5,0.5,2,complement_admissible_pass,5987,6000,0.9978333333333333
confirmation,joint_wild_cluster_rademacher,12,1.5,0.5,3,effect_direction_reproduced_pass,5891,6000,0.9818333333333333
confirmation,joint_wild_cluster_rademacher,12,1.5,0.5,4,target_contrast_positive_pass,5891,6000,0.9818333333333333
confirmation,joint_wild_cluster_rademacher,12,1.5,0.5,5,minimum_effect_pass,5891,6000,0.9818333333333333
confirmation,joint_wild_cluster_rademacher,12,1.5,0.5,6,cluster_uncertainty_pass,3687,6000,0.6145
confirmation,joint_wild_cluster_rademacher,12,1.5,0.5,7,raw_statistical_threshold_pass,2625,6000,0.4375
confirmation,joint_wild_cluster_rademacher,12,1.5,0.5,8,multiplicity_adjusted_threshold_pass,2625,6000,0.4375
confirmation,joint_wild_cluster_rademacher,12,1.5,0.5,9,control_adjusted_contrast_pass,2575,6000,0.42916666666666664
confirmation,joint_wild_cluster_rademacher,12,1.5,0.5,10,control_specificity_pass,2575,6000,0.42916666666666664
confirmation,joint_wild_cluster_rademacher,12,1.5,1.0,1,support_available_pass,6000,6000,1.0
confirmation,joint_wild_cluster_rademacher,12,1.5,1.0,2,complement_admissible_pass,5995,6000,0.9991666666666666
confirmation,joint_wild_cluster_rademacher,12,1.5,1.0,3,effect_direction_reproduced_pass,5861,6000,0.9768333333333333
confirmation,joint_wild_cluster_rademacher,12,1.5,1.0,4,target_contrast_positive_pass,5861,6000,0.9768333333333333
confirmation,joint_wild_cluster_rademacher,12,1.5,1.0,5,minimum_effect_pass,5861,6000,0.9768333333333333
confirmation,joint_wild_cluster_rademacher,12,1.5,1.0,6,cluster_uncertainty_pass,3672,6000,0.612
confirmation,joint_wild_cluster_rademacher,12,1.5,1.0,7,raw_statistical_threshold_pass,2618,6000,0.43633333333333335
confirmation,joint_wild_cluster_rademacher,12,1.5,1.0,8,multiplicity_adjusted_threshold_pass,2618,6000,0.43633333333333335
confirmation,joint_wild_cluster_rademacher,12,1.5,1.0,9,control_adjusted_contrast_pass,725,6000,0.12083333333333333
confirmation,joint_wild_cluster_rademacher,12,1.5,1.0,10,control_specificity_pass,725,6000,0.12083333333333333
confirmation,joint_wild_cluster_rademacher,12,2.0,0.0,1,support_available_pass,6000,6000,1.0
confirmation,joint_wild_cluster_rademacher,12,2.0,0.0,2,complement_admissible_pass,5995,6000,0.9991666666666666
confirmation,joint_wild_cluster_rademacher,12,2.0,0.0,3,effect_direction_reproduced_pass,5867,6000,0.9778333333333333
confirmation,joint_wild_cluster_rademacher,12,2.0,0.0,4,target_contrast_positive_pass,5867,6000,0.9778333333333333
confirmation,joint_wild_cluster_rademacher,12,2.0,0.0,5,minimum_effect_pass,5867,6000,0.9778333333333333
confirmation,joint_wild_cluster_rademacher,12,2.0,0.0,6,cluster_uncertainty_pass,3686,6000,0.6143333333333333
confirmation,joint_wild_cluster_rademacher,12,2.0,0.0,7,raw_statistical_threshold_pass,2632,6000,0.43866666666666665
confirmation,joint_wild_cluster_rademacher,12,2.0,0.0,8,multiplicity_adjusted_threshold_pass,2632,6000,0.43866666666666665
confirmation,joint_wild_cluster_rademacher,12,2.0,0.0,9,control_adjusted_contrast_pass,2632,6000,0.43866666666666665
confirmation,joint_wild_cluster_rademacher,12,2.0,0.0,10,control_specificity_pass,2632,6000,0.43866666666666665
confirmation,joint_wild_cluster_rademacher,12,2.0,0.25,1,support_available_pass,5998,6000,0.9996666666666667
confirmation,joint_wild_cluster_rademacher,12,2.0,0.25,2,complement_admissible_pass,5992,6000,0.9986666666666667
confirmation,joint_wild_cluster_rademacher,12,2.0,0.25,3,effect_direction_reproduced_pass,5864,6000,0.9773333333333334
confirmation,joint_wild_cluster_rademacher,12,2.0,0.25,4,target_contrast_positive_pass,5864,6000,0.9773333333333334
confirmation,joint_wild_cluster_rademacher,12,2.0,0.25,5,minimum_effect_pass,5864,6000,0.9773333333333334
confirmation,joint_wild_cluster_rademacher,12,2.0,0.25,6,cluster_uncertainty_pass,3660,6000,0.61
confirmation,joint_wild_cluster_rademacher,12,2.0,0.25,7,raw_statistical_threshold_pass,2616,6000,0.436
confirmation,joint_wild_cluster_rademacher,12,2.0,0.25,8,multiplicity_adjusted_threshold_pass,2616,6000,0.436
confirmation,joint_wild_cluster_rademacher,12,2.0,0.25,9,control_adjusted_contrast_pass,2616,6000,0.436
confirmation,joint_wild_cluster_rademacher,12,2.0,0.25,10,control_specificity_pass,2616,6000,0.436
confirmation,joint_wild_cluster_rademacher,12,2.0,0.5,1,support_available_pass,6000,6000,1.0
confirmation,joint_wild_cluster_rademacher,12,2.0,0.5,2,complement_admissible_pass,5995,6000,0.9991666666666666
confirmation,joint_wild_cluster_rademacher,12,2.0,0.5,3,effect_direction_reproduced_pass,5871,6000,0.9785
confirmation,joint_wild_cluster_rademacher,12,2.0,0.5,4,target_contrast_positive_pass,5871,6000,0.9785
confirmation,joint_wild_cluster_rademacher,12,2.0,0.5,5,minimum_effect_pass,5871,6000,0.9785
confirmation,joint_wild_cluster_rademacher,12,2.0,0.5,6,cluster_uncertainty_pass,3665,6000,0.6108333333333333
confirmation,joint_wild_cluster_rademacher,12,2.0,0.5,7,raw_statistical_threshold_pass,2626,6000,0.43766666666666665
confirmation,joint_wild_cluster_rademacher,12,2.0,0.5,8,multiplicity_adjusted_threshold_pass,2626,6000,0.43766666666666665
confirmation,joint_wild_cluster_rademacher,12,2.0,0.5,9,control_adjusted_contrast_pass,2590,6000,0.43166666666666664
confirmation,joint_wild_cluster_rademacher,12,2.0,0.5,10,control_specificity_pass,2590,6000,0.43166666666666664
confirmation,joint_wild_cluster_rademacher,12,2.0,1.0,1,support_available_pass,6000,6000,1.0
confirmation,joint_wild_cluster_rademacher,12,2.0,1.0,2,complement_admissible_pass,5996,6000,0.9993333333333333
confirmation,joint_wild_cluster_rademacher,12,2.0,1.0,3,effect_direction_reproduced_pass,5877,6000,0.9795
confirmation,joint_wild_cluster_rademacher,12,2.0,1.0,4,target_contrast_positive_pass,5877,6000,0.9795
confirmation,joint_wild_cluster_rademacher,12,2.0,1.0,5,minimum_effect_pass,5877,6000,0.9795
confirmation,joint_wild_cluster_rademacher,12,2.0,1.0,6,cluster_uncertainty_pass,3675,6000,0.6125
confirmation,joint_wild_cluster_rademacher,12,2.0,1.0,7,raw_statistical_threshold_pass,2670,6000,0.445
confirmation,joint_wild_cluster_rademacher,12,2.0,1.0,8,multiplicity_adjusted_threshold_pass,2670,6000,0.445
confirmation,joint_wild_cluster_rademacher,12,2.0,1.0,9,control_adjusted_contrast_pass,665,6000,0.11083333333333334
confirmation,joint_wild_cluster_rademacher,12,2.0,1.0,10,control_specificity_pass,665,6000,0.11083333333333334
discovery,joint_gaussian_regularized_cluster,3,0.0,0.0,1,support_available_pass,5932,6000,0.9886666666666667
discovery,joint_gaussian_regularized_cluster,3,0.0,0.0,2,complement_admissible_pass,4541,6000,0.7568333333333334
discovery,joint_gaussian_regularized_cluster,3,0.0,0.0,3,effect_direction_reproduced_pass,0,6000,0.0
discovery,joint_gaussian_regularized_cluster,3,0.0,0.0,4,target_contrast_positive_pass,0,6000,0.0
discovery,joint_gaussian_regularized_cluster,3,0.0,0.0,5,minimum_effect_pass,0,6000,0.0
discovery,joint_gaussian_regularized_cluster,3,0.0,0.0,6,cluster_uncertainty_pass,0,6000,0.0
discovery,joint_gaussian_regularized_cluster,3,0.0,0.0,7,raw_statistical_threshold_pass,0,6000,0.0
discovery,joint_gaussian_regularized_cluster,3,0.0,0.0,8,multiplicity_adjusted_threshold_pass,0,6000,0.0
discovery,joint_gaussian_regularized_cluster,3,0.0,0.0,9,control_adjusted_contrast_pass,0,6000,0.0
discovery,joint_gaussian_regularized_cluster,3,0.0,0.0,10,control_specificity_pass,0,6000,0.0
discovery,joint_gaussian_regularized_cluster,3,0.25,0.0,1,support_available_pass,5935,6000,0.9891666666666666
discovery,joint_gaussian_regularized_cluster,3,0.25,0.0,2,complement_admissible_pass,4571,6000,0.7618333333333334
discovery,joint_gaussian_regularized_cluster,3,0.25,0.0,3,effect_direction_reproduced_pass,3041,6000,0.5068333333333334
discovery,joint_gaussian_regularized_cluster,3,0.25,0.0,4,target_contrast_positive_pass,3041,6000,0.5068333333333334
discovery,joint_gaussian_regularized_cluster,3,0.25,0.0,5,minimum_effect_pass,2481,6000,0.4135
discovery,joint_gaussian_regularized_cluster,3,0.25,0.0,6,cluster_uncertainty_pass,731,6000,0.12183333333333334
discovery,joint_gaussian_regularized_cluster,3,0.25,0.0,7,raw_statistical_threshold_pass,0,6000,0.0
discovery,joint_gaussian_regularized_cluster,3,0.25,0.0,8,multiplicity_adjusted_threshold_pass,0,6000,0.0
discovery,joint_gaussian_regularized_cluster,3,0.25,0.0,9,control_adjusted_contrast_pass,0,6000,0.0
discovery,joint_gaussian_regularized_cluster,3,0.25,0.0,10,control_specificity_pass,0,6000,0.0
discovery,joint_gaussian_regularized_cluster,3,0.25,0.25,1,support_available_pass,5937,6000,0.9895
discovery,joint_gaussian_regularized_cluster,3,0.25,0.25,2,complement_admissible_pass,4628,6000,0.7713333333333333
discovery,joint_gaussian_regularized_cluster,3,0.25,0.25,3,effect_direction_reproduced_pass,3067,6000,0.5111666666666667
discovery,joint_gaussian_regularized_cluster,3,0.25,0.25,4,target_contrast_positive_pass,3067,6000,0.5111666666666667
discovery,joint_gaussian_regularized_cluster,3,0.25,0.25,5,minimum_effect_pass,2459,6000,0.4098333333333333
discovery,joint_gaussian_regularized_cluster,3,0.25,0.25,6,cluster_uncertainty_pass,725,6000,0.12083333333333333
discovery,joint_gaussian_regularized_cluster,3,0.25,0.25,7,raw_statistical_threshold_pass,0,6000,0.0
discovery,joint_gaussian_regularized_cluster,3,0.25,0.25,8,multiplicity_adjusted_threshold_pass,0,6000,0.0
discovery,joint_gaussian_regularized_cluster,3,0.25,0.25,9,control_adjusted_contrast_pass,0,6000,0.0
discovery,joint_gaussian_regularized_cluster,3,0.25,0.25,10,control_specificity_pass,0,6000,0.0
discovery,joint_gaussian_regularized_cluster,3,0.25,0.5,1,support_available_pass,5938,6000,0.9896666666666667
discovery,joint_gaussian_regularized_cluster,3,0.25,0.5,2,complement_admissible_pass,4586,6000,0.7643333333333333
discovery,joint_gaussian_regularized_cluster,3,0.25,0.5,3,effect_direction_reproduced_pass,3070,6000,0.5116666666666667
discovery,joint_gaussian_regularized_cluster,3,0.25,0.5,4,target_contrast_positive_pass,3070,6000,0.5116666666666667
discovery,joint_gaussian_regularized_cluster,3,0.25,0.5,5,minimum_effect_pass,2456,6000,0.4093333333333333
discovery,joint_gaussian_regularized_cluster,3,0.25,0.5,6,cluster_uncertainty_pass,735,6000,0.1225
discovery,joint_gaussian_regularized_cluster,3,0.25,0.5,7,raw_statistical_threshold_pass,0,6000,0.0
discovery,joint_gaussian_regularized_cluster,3,0.25,0.5,8,multiplicity_adjusted_threshold_pass,0,6000,0.0
discovery,joint_gaussian_regularized_cluster,3,0.25,0.5,9,control_adjusted_contrast_pass,0,6000,0.0
discovery,joint_gaussian_regularized_cluster,3,0.25,0.5,10,control_specificity_pass,0,6000,0.0
discovery,joint_gaussian_regularized_cluster,3,0.25,1.0,1,support_available_pass,5940,6000,0.99
discovery,joint_gaussian_regularized_cluster,3,0.25,1.0,2,complement_admissible_pass,4602,6000,0.767
discovery,joint_gaussian_regularized_cluster,3,0.25,1.0,3,effect_direction_reproduced_pass,3016,6000,0.5026666666666667
discovery,joint_gaussian_regularized_cluster,3,0.25,1.0,4,target_contrast_positive_pass,3016,6000,0.5026666666666667
discovery,joint_gaussian_regularized_cluster,3,0.25,1.0,5,minimum_effect_pass,2490,6000,0.415
discovery,joint_gaussian_regularized_cluster,3,0.25,1.0,6,cluster_uncertainty_pass,760,6000,0.12666666666666668
discovery,joint_gaussian_regularized_cluster,3,0.25,1.0,7,raw_statistical_threshold_pass,0,6000,0.0
discovery,joint_gaussian_regularized_cluster,3,0.25,1.0,8,multiplicity_adjusted_threshold_pass,0,6000,0.0
discovery,joint_gaussian_regularized_cluster,3,0.25,1.0,9,control_adjusted_contrast_pass,0,6000,0.0
discovery,joint_gaussian_regularized_cluster,3,0.25,1.0,10,control_specificity_pass,0,6000,0.0
discovery,joint_gaussian_regularized_cluster,3,0.5,0.0,1,support_available_pass,5932,6000,0.9886666666666667
discovery,joint_gaussian_regularized_cluster,3,0.5,0.0,2,complement_admissible_pass,4608,6000,0.768
discovery,joint_gaussian_regularized_cluster,3,0.5,0.0,3,effect_direction_reproduced_pass,3290,6000,0.5483333333333333
discovery,joint_gaussian_regularized_cluster,3,0.5,0.0,4,target_contrast_positive_pass,3290,6000,0.5483333333333333
discovery,joint_gaussian_regularized_cluster,3,0.5,0.0,5,minimum_effect_pass,3193,6000,0.5321666666666667
discovery,joint_gaussian_regularized_cluster,3,0.5,0.0,6,cluster_uncertainty_pass,1162,6000,0.19366666666666665
discovery,joint_gaussian_regularized_cluster,3,0.5,0.0,7,raw_statistical_threshold_pass,0,6000,0.0
discovery,joint_gaussian_regularized_cluster,3,0.5,0.0,8,multiplicity_adjusted_threshold_pass,0,6000,0.0
discovery,joint_gaussian_regularized_cluster,3,0.5,0.0,9,control_adjusted_contrast_pass,0,6000,0.0
discovery,joint_gaussian_regularized_cluster,3,0.5,0.0,10,control_specificity_pass,0,6000,0.0
discovery,joint_gaussian_regularized_cluster,3,0.5,0.25,1,support_available_pass,5945,6000,0.9908333333333333
discovery,joint_gaussian_regularized_cluster,3,0.5,0.25,2,complement_admissible_pass,4609,6000,0.7681666666666667
discovery,joint_gaussian_regularized_cluster,3,0.5,0.25,3,effect_direction_reproduced_pass,3240,6000,0.54
discovery,joint_gaussian_regularized_cluster,3,0.5,0.25,4,target_contrast_positive_pass,3240,6000,0.54
discovery,joint_gaussian_regularized_cluster,3,0.5,0.25,5,minimum_effect_pass,3156,6000,0.526
discovery,joint_gaussian_regularized_cluster,3,0.5,0.25,6,cluster_uncertainty_pass,1178,6000,0.19633333333333333
discovery,joint_gaussian_regularized_cluster,3,0.5,0.25,7,raw_statistical_threshold_pass,0,6000,0.0
discovery,joint_gaussian_regularized_cluster,3,0.5,0.25,8,multiplicity_adjusted_threshold_pass,0,6000,0.0
discovery,joint_gaussian_regularized_cluster,3,0.5,0.25,9,control_adjusted_contrast_pass,0,6000,0.0
discovery,joint_gaussian_regularized_cluster,3,0.5,0.25,10,control_specificity_pass,0,6000,0.0
discovery,joint_gaussian_regularized_cluster,3,0.5,0.5,1,support_available_pass,5937,6000,0.9895
discovery,joint_gaussian_regularized_cluster,3,0.5,0.5,2,complement_admissible_pass,4589,6000,0.7648333333333334
discovery,joint_gaussian_regularized_cluster,3,0.5,0.5,3,effect_direction_reproduced_pass,3267,6000,0.5445
discovery,joint_gaussian_regularized_cluster,3,0.5,0.5,4,target_contrast_positive_pass,3267,6000,0.5445
discovery,joint_gaussian_regularized_cluster,3,0.5,0.5,5,minimum_effect_pass,3156,6000,0.526
discovery,joint_gaussian_regularized_cluster,3,0.5,0.5,6,cluster_uncertainty_pass,1178,6000,0.19633333333333333
discovery,joint_gaussian_regularized_cluster,3,0.5,0.5,7,raw_statistical_threshold_pass,0,6000,0.0
discovery,joint_gaussian_regularized_cluster,3,0.5,0.5,8,multiplicity_adjusted_threshold_pass,0,6000,0.0
discovery,joint_gaussian_regularized_cluster,3,0.5,0.5,9,control_adjusted_contrast_pass,0,6000,0.0
discovery,joint_gaussian_regularized_cluster,3,0.5,0.5,10,control_specificity_pass,0,6000,0.0
discovery,joint_gaussian_regularized_cluster,3,0.5,1.0,1,support_available_pass,5936,6000,0.9893333333333333
discovery,joint_gaussian_regularized_cluster,3,0.5,1.0,2,complement_admissible_pass,4626,6000,0.771
discovery,joint_gaussian_regularized_cluster,3,0.5,1.0,3,effect_direction_reproduced_pass,3284,6000,0.5473333333333333
discovery,joint_gaussian_regularized_cluster,3,0.5,1.0,4,target_contrast_positive_pass,3284,6000,0.5473333333333333
discovery,joint_gaussian_regularized_cluster,3,0.5,1.0,5,minimum_effect_pass,3189,6000,0.5315
discovery,joint_gaussian_regularized_cluster,3,0.5,1.0,6,cluster_uncertainty_pass,1200,6000,0.2
discovery,joint_gaussian_regularized_cluster,3,0.5,1.0,7,raw_statistical_threshold_pass,0,6000,0.0
discovery,joint_gaussian_regularized_cluster,3,0.5,1.0,8,multiplicity_adjusted_threshold_pass,0,6000,0.0
discovery,joint_gaussian_regularized_cluster,3,0.5,1.0,9,control_adjusted_contrast_pass,0,6000,0.0
discovery,joint_gaussian_regularized_cluster,3,0.5,1.0,10,control_specificity_pass,0,6000,0.0
discovery,joint_gaussian_regularized_cluster,3,0.75,0.0,1,support_available_pass,5938,6000,0.9896666666666667
discovery,joint_gaussian_regularized_cluster,3,0.75,0.0,2,complement_admissible_pass,4591,6000,0.7651666666666667
discovery,joint_gaussian_regularized_cluster,3,0.75,0.0,3,effect_direction_reproduced_pass,3270,6000,0.545
discovery,joint_gaussian_regularized_cluster,3,0.75,0.0,4,target_contrast_positive_pass,3270,6000,0.545
discovery,joint_gaussian_regularized_cluster,3,0.75,0.0,5,minimum_effect_pass,3254,6000,0.5423333333333333
discovery,joint_gaussian_regularized_cluster,3,0.75,0.0,6,cluster_uncertainty_pass,1331,6000,0.22183333333333333
discovery,joint_gaussian_regularized_cluster,3,0.75,0.0,7,raw_statistical_threshold_pass,0,6000,0.0
discovery,joint_gaussian_regularized_cluster,3,0.75,0.0,8,multiplicity_adjusted_threshold_pass,0,6000,0.0
discovery,joint_gaussian_regularized_cluster,3,0.75,0.0,9,control_adjusted_contrast_pass,0,6000,0.0
discovery,joint_gaussian_regularized_cluster,3,0.75,0.0,10,control_specificity_pass,0,6000,0.0
discovery,joint_gaussian_regularized_cluster,3,0.75,0.25,1,support_available_pass,5951,6000,0.9918333333333333
discovery,joint_gaussian_regularized_cluster,3,0.75,0.25,2,complement_admissible_pass,4631,6000,0.7718333333333334
discovery,joint_gaussian_regularized_cluster,3,0.75,0.25,3,effect_direction_reproduced_pass,3332,6000,0.5553333333333333
discovery,joint_gaussian_regularized_cluster,3,0.75,0.25,4,target_contrast_positive_pass,3332,6000,0.5553333333333333
discovery,joint_gaussian_regularized_cluster,3,0.75,0.25,5,minimum_effect_pass,3318,6000,0.553
discovery,joint_gaussian_regularized_cluster,3,0.75,0.25,6,cluster_uncertainty_pass,1375,6000,0.22916666666666666
discovery,joint_gaussian_regularized_cluster,3,0.75,0.25,7,raw_statistical_threshold_pass,0,6000,0.0
discovery,joint_gaussian_regularized_cluster,3,0.75,0.25,8,multiplicity_adjusted_threshold_pass,0,6000,0.0
discovery,joint_gaussian_regularized_cluster,3,0.75,0.25,9,control_adjusted_contrast_pass,0,6000,0.0
discovery,joint_gaussian_regularized_cluster,3,0.75,0.25,10,control_specificity_pass,0,6000,0.0
discovery,joint_gaussian_regularized_cluster,3,0.75,0.5,1,support_available_pass,5946,6000,0.991
discovery,joint_gaussian_regularized_cluster,3,0.75,0.5,2,complement_admissible_pass,4613,6000,0.7688333333333334
discovery,joint_gaussian_regularized_cluster,3,0.75,0.5,3,effect_direction_reproduced_pass,3315,6000,0.5525
discovery,joint_gaussian_regularized_cluster,3,0.75,0.5,4,target_contrast_positive_pass,3315,6000,0.5525
discovery,joint_gaussian_regularized_cluster,3,0.75,0.5,5,minimum_effect_pass,3295,6000,0.5491666666666667
discovery,joint_gaussian_regularized_cluster,3,0.75,0.5,6,cluster_uncertainty_pass,1347,6000,0.2245
discovery,joint_gaussian_regularized_cluster,3,0.75,0.5,7,raw_statistical_threshold_pass,0,6000,0.0
discovery,joint_gaussian_regularized_cluster,3,0.75,0.5,8,multiplicity_adjusted_threshold_pass,0,6000,0.0
discovery,joint_gaussian_regularized_cluster,3,0.75,0.5,9,control_adjusted_contrast_pass,0,6000,0.0
discovery,joint_gaussian_regularized_cluster,3,0.75,0.5,10,control_specificity_pass,0,6000,0.0
discovery,joint_gaussian_regularized_cluster,3,0.75,1.0,1,support_available_pass,5935,6000,0.9891666666666666
discovery,joint_gaussian_regularized_cluster,3,0.75,1.0,2,complement_admissible_pass,4555,6000,0.7591666666666667
discovery,joint_gaussian_regularized_cluster,3,0.75,1.0,3,effect_direction_reproduced_pass,3257,6000,0.5428333333333333
discovery,joint_gaussian_regularized_cluster,3,0.75,1.0,4,target_contrast_positive_pass,3257,6000,0.5428333333333333
discovery,joint_gaussian_regularized_cluster,3,0.75,1.0,5,minimum_effect_pass,3242,6000,0.5403333333333333
discovery,joint_gaussian_regularized_cluster,3,0.75,1.0,6,cluster_uncertainty_pass,1340,6000,0.22333333333333333
discovery,joint_gaussian_regularized_cluster,3,0.75,1.0,7,raw_statistical_threshold_pass,0,6000,0.0
discovery,joint_gaussian_regularized_cluster,3,0.75,1.0,8,multiplicity_adjusted_threshold_pass,0,6000,0.0
discovery,joint_gaussian_regularized_cluster,3,0.75,1.0,9,control_adjusted_contrast_pass,0,6000,0.0
discovery,joint_gaussian_regularized_cluster,3,0.75,1.0,10,control_specificity_pass,0,6000,0.0
discovery,joint_gaussian_regularized_cluster,3,1.0,0.0,1,support_available_pass,5941,6000,0.9901666666666666
discovery,joint_gaussian_regularized_cluster,3,1.0,0.0,2,complement_admissible_pass,4579,6000,0.7631666666666667
discovery,joint_gaussian_regularized_cluster,3,1.0,0.0,3,effect_direction_reproduced_pass,3281,6000,0.5468333333333333
discovery,joint_gaussian_regularized_cluster,3,1.0,0.0,4,target_contrast_positive_pass,3281,6000,0.5468333333333333
discovery,joint_gaussian_regularized_cluster,3,1.0,0.0,5,minimum_effect_pass,3276,6000,0.546
discovery,joint_gaussian_regularized_cluster,3,1.0,0.0,6,cluster_uncertainty_pass,1377,6000,0.2295
discovery,joint_gaussian_regularized_cluster,3,1.0,0.0,7,raw_statistical_threshold_pass,0,6000,0.0
discovery,joint_gaussian_regularized_cluster,3,1.0,0.0,8,multiplicity_adjusted_threshold_pass,0,6000,0.0
discovery,joint_gaussian_regularized_cluster,3,1.0,0.0,9,control_adjusted_contrast_pass,0,6000,0.0
discovery,joint_gaussian_regularized_cluster,3,1.0,0.0,10,control_specificity_pass,0,6000,0.0
discovery,joint_gaussian_regularized_cluster,3,1.0,0.25,1,support_available_pass,5935,6000,0.9891666666666666
discovery,joint_gaussian_regularized_cluster,3,1.0,0.25,2,complement_admissible_pass,4605,6000,0.7675
discovery,joint_gaussian_regularized_cluster,3,1.0,0.25,3,effect_direction_reproduced_pass,3281,6000,0.5468333333333333
discovery,joint_gaussian_regularized_cluster,3,1.0,0.25,4,target_contrast_positive_pass,3281,6000,0.5468333333333333
discovery,joint_gaussian_regularized_cluster,3,1.0,0.25,5,minimum_effect_pass,3278,6000,0.5463333333333333
discovery,joint_gaussian_regularized_cluster,3,1.0,0.25,6,cluster_uncertainty_pass,1378,6000,0.22966666666666666
discovery,joint_gaussian_regularized_cluster,3,1.0,0.25,7,raw_statistical_threshold_pass,0,6000,0.0
discovery,joint_gaussian_regularized_cluster,3,1.0,0.25,8,multiplicity_adjusted_threshold_pass,0,6000,0.0
discovery,joint_gaussian_regularized_cluster,3,1.0,0.25,9,control_adjusted_contrast_pass,0,6000,0.0
discovery,joint_gaussian_regularized_cluster,3,1.0,0.25,10,control_specificity_pass,0,6000,0.0
discovery,joint_gaussian_regularized_cluster,3,1.0,0.5,1,support_available_pass,5944,6000,0.9906666666666667
discovery,joint_gaussian_regularized_cluster,3,1.0,0.5,2,complement_admissible_pass,4603,6000,0.7671666666666667
discovery,joint_gaussian_regularized_cluster,3,1.0,0.5,3,effect_direction_reproduced_pass,3302,6000,0.5503333333333333
discovery,joint_gaussian_regularized_cluster,3,1.0,0.5,4,target_contrast_positive_pass,3302,6000,0.5503333333333333
discovery,joint_gaussian_regularized_cluster,3,1.0,0.5,5,minimum_effect_pass,3297,6000,0.5495
discovery,joint_gaussian_regularized_cluster,3,1.0,0.5,6,cluster_uncertainty_pass,1366,6000,0.22766666666666666
discovery,joint_gaussian_regularized_cluster,3,1.0,0.5,7,raw_statistical_threshold_pass,0,6000,0.0
discovery,joint_gaussian_regularized_cluster,3,1.0,0.5,8,multiplicity_adjusted_threshold_pass,0,6000,0.0
discovery,joint_gaussian_regularized_cluster,3,1.0,0.5,9,control_adjusted_contrast_pass,0,6000,0.0
discovery,joint_gaussian_regularized_cluster,3,1.0,0.5,10,control_specificity_pass,0,6000,0.0
discovery,joint_gaussian_regularized_cluster,3,1.0,1.0,1,support_available_pass,5942,6000,0.9903333333333333
discovery,joint_gaussian_regularized_cluster,3,1.0,1.0,2,complement_admissible_pass,4610,6000,0.7683333333333333
discovery,joint_gaussian_regularized_cluster,3,1.0,1.0,3,effect_direction_reproduced_pass,3312,6000,0.552
discovery,joint_gaussian_regularized_cluster,3,1.0,1.0,4,target_contrast_positive_pass,3312,6000,0.552
discovery,joint_gaussian_regularized_cluster,3,1.0,1.0,5,minimum_effect_pass,3308,6000,0.5513333333333333
discovery,joint_gaussian_regularized_cluster,3,1.0,1.0,6,cluster_uncertainty_pass,1385,6000,0.23083333333333333
discovery,joint_gaussian_regularized_cluster,3,1.0,1.0,7,raw_statistical_threshold_pass,0,6000,0.0
discovery,joint_gaussian_regularized_cluster,3,1.0,1.0,8,multiplicity_adjusted_threshold_pass,0,6000,0.0
discovery,joint_gaussian_regularized_cluster,3,1.0,1.0,9,control_adjusted_contrast_pass,0,6000,0.0
discovery,joint_gaussian_regularized_cluster,3,1.0,1.0,10,control_specificity_pass,0,6000,0.0
discovery,joint_gaussian_regularized_cluster,3,1.5,0.0,1,support_available_pass,5942,6000,0.9903333333333333
discovery,joint_gaussian_regularized_cluster,3,1.5,0.0,2,complement_admissible_pass,4626,6000,0.771
discovery,joint_gaussian_regularized_cluster,3,1.5,0.0,3,effect_direction_reproduced_pass,3344,6000,0.5573333333333333
discovery,joint_gaussian_regularized_cluster,3,1.5,0.0,4,target_contrast_positive_pass,3344,6000,0.5573333333333333
discovery,joint_gaussian_regularized_cluster,3,1.5,0.0,5,minimum_effect_pass,3344,6000,0.5573333333333333
discovery,joint_gaussian_regularized_cluster,3,1.5,0.0,6,cluster_uncertainty_pass,1418,6000,0.23633333333333334
discovery,joint_gaussian_regularized_cluster,3,1.5,0.0,7,raw_statistical_threshold_pass,0,6000,0.0
discovery,joint_gaussian_regularized_cluster,3,1.5,0.0,8,multiplicity_adjusted_threshold_pass,0,6000,0.0
discovery,joint_gaussian_regularized_cluster,3,1.5,0.0,9,control_adjusted_contrast_pass,0,6000,0.0
discovery,joint_gaussian_regularized_cluster,3,1.5,0.0,10,control_specificity_pass,0,6000,0.0
discovery,joint_gaussian_regularized_cluster,3,1.5,0.25,1,support_available_pass,5947,6000,0.9911666666666666
discovery,joint_gaussian_regularized_cluster,3,1.5,0.25,2,complement_admissible_pass,4584,6000,0.764
discovery,joint_gaussian_regularized_cluster,3,1.5,0.25,3,effect_direction_reproduced_pass,3262,6000,0.5436666666666666
discovery,joint_gaussian_regularized_cluster,3,1.5,0.25,4,target_contrast_positive_pass,3262,6000,0.5436666666666666
discovery,joint_gaussian_regularized_cluster,3,1.5,0.25,5,minimum_effect_pass,3262,6000,0.5436666666666666
discovery,joint_gaussian_regularized_cluster,3,1.5,0.25,6,cluster_uncertainty_pass,1401,6000,0.2335
discovery,joint_gaussian_regularized_cluster,3,1.5,0.25,7,raw_statistical_threshold_pass,0,6000,0.0
discovery,joint_gaussian_regularized_cluster,3,1.5,0.25,8,multiplicity_adjusted_threshold_pass,0,6000,0.0
discovery,joint_gaussian_regularized_cluster,3,1.5,0.25,9,control_adjusted_contrast_pass,0,6000,0.0
discovery,joint_gaussian_regularized_cluster,3,1.5,0.25,10,control_specificity_pass,0,6000,0.0
discovery,joint_gaussian_regularized_cluster,3,1.5,0.5,1,support_available_pass,5949,6000,0.9915
discovery,joint_gaussian_regularized_cluster,3,1.5,0.5,2,complement_admissible_pass,4569,6000,0.7615
discovery,joint_gaussian_regularized_cluster,3,1.5,0.5,3,effect_direction_reproduced_pass,3268,6000,0.5446666666666666
discovery,joint_gaussian_regularized_cluster,3,1.5,0.5,4,target_contrast_positive_pass,3268,6000,0.5446666666666666
discovery,joint_gaussian_regularized_cluster,3,1.5,0.5,5,minimum_effect_pass,3268,6000,0.5446666666666666
discovery,joint_gaussian_regularized_cluster,3,1.5,0.5,6,cluster_uncertainty_pass,1431,6000,0.2385
discovery,joint_gaussian_regularized_cluster,3,1.5,0.5,7,raw_statistical_threshold_pass,0,6000,0.0
discovery,joint_gaussian_regularized_cluster,3,1.5,0.5,8,multiplicity_adjusted_threshold_pass,0,6000,0.0
discovery,joint_gaussian_regularized_cluster,3,1.5,0.5,9,control_adjusted_contrast_pass,0,6000,0.0
discovery,joint_gaussian_regularized_cluster,3,1.5,0.5,10,control_specificity_pass,0,6000,0.0
discovery,joint_gaussian_regularized_cluster,3,1.5,1.0,1,support_available_pass,5942,6000,0.9903333333333333
discovery,joint_gaussian_regularized_cluster,3,1.5,1.0,2,complement_admissible_pass,4592,6000,0.7653333333333333
discovery,joint_gaussian_regularized_cluster,3,1.5,1.0,3,effect_direction_reproduced_pass,3295,6000,0.5491666666666667
discovery,joint_gaussian_regularized_cluster,3,1.5,1.0,4,target_contrast_positive_pass,3295,6000,0.5491666666666667
discovery,joint_gaussian_regularized_cluster,3,1.5,1.0,5,minimum_effect_pass,3295,6000,0.5491666666666667
discovery,joint_gaussian_regularized_cluster,3,1.5,1.0,6,cluster_uncertainty_pass,1413,6000,0.2355
discovery,joint_gaussian_regularized_cluster,3,1.5,1.0,7,raw_statistical_threshold_pass,0,6000,0.0
discovery,joint_gaussian_regularized_cluster,3,1.5,1.0,8,multiplicity_adjusted_threshold_pass,0,6000,0.0
discovery,joint_gaussian_regularized_cluster,3,1.5,1.0,9,control_adjusted_contrast_pass,0,6000,0.0
discovery,joint_gaussian_regularized_cluster,3,1.5,1.0,10,control_specificity_pass,0,6000,0.0
discovery,joint_gaussian_regularized_cluster,3,2.0,0.0,1,support_available_pass,5948,6000,0.9913333333333333
discovery,joint_gaussian_regularized_cluster,3,2.0,0.0,2,complement_admissible_pass,4569,6000,0.7615
discovery,joint_gaussian_regularized_cluster,3,2.0,0.0,3,effect_direction_reproduced_pass,3296,6000,0.5493333333333333
discovery,joint_gaussian_regularized_cluster,3,2.0,0.0,4,target_contrast_positive_pass,3296,6000,0.5493333333333333
discovery,joint_gaussian_regularized_cluster,3,2.0,0.0,5,minimum_effect_pass,3296,6000,0.5493333333333333
discovery,joint_gaussian_regularized_cluster,3,2.0,0.0,6,cluster_uncertainty_pass,1372,6000,0.22866666666666666
discovery,joint_gaussian_regularized_cluster,3,2.0,0.0,7,raw_statistical_threshold_pass,0,6000,0.0
discovery,joint_gaussian_regularized_cluster,3,2.0,0.0,8,multiplicity_adjusted_threshold_pass,0,6000,0.0
discovery,joint_gaussian_regularized_cluster,3,2.0,0.0,9,control_adjusted_contrast_pass,0,6000,0.0
discovery,joint_gaussian_regularized_cluster,3,2.0,0.0,10,control_specificity_pass,0,6000,0.0
discovery,joint_gaussian_regularized_cluster,3,2.0,0.25,1,support_available_pass,5938,6000,0.9896666666666667
discovery,joint_gaussian_regularized_cluster,3,2.0,0.25,2,complement_admissible_pass,4621,6000,0.7701666666666667
discovery,joint_gaussian_regularized_cluster,3,2.0,0.25,3,effect_direction_reproduced_pass,3292,6000,0.5486666666666666
discovery,joint_gaussian_regularized_cluster,3,2.0,0.25,4,target_contrast_positive_pass,3292,6000,0.5486666666666666
discovery,joint_gaussian_regularized_cluster,3,2.0,0.25,5,minimum_effect_pass,3292,6000,0.5486666666666666
discovery,joint_gaussian_regularized_cluster,3,2.0,0.25,6,cluster_uncertainty_pass,1455,6000,0.2425
discovery,joint_gaussian_regularized_cluster,3,2.0,0.25,7,raw_statistical_threshold_pass,0,6000,0.0
discovery,joint_gaussian_regularized_cluster,3,2.0,0.25,8,multiplicity_adjusted_threshold_pass,0,6000,0.0
discovery,joint_gaussian_regularized_cluster,3,2.0,0.25,9,control_adjusted_contrast_pass,0,6000,0.0
discovery,joint_gaussian_regularized_cluster,3,2.0,0.25,10,control_specificity_pass,0,6000,0.0
discovery,joint_gaussian_regularized_cluster,3,2.0,0.5,1,support_available_pass,5950,6000,0.9916666666666667
discovery,joint_gaussian_regularized_cluster,3,2.0,0.5,2,complement_admissible_pass,4629,6000,0.7715
discovery,joint_gaussian_regularized_cluster,3,2.0,0.5,3,effect_direction_reproduced_pass,3311,6000,0.5518333333333333
discovery,joint_gaussian_regularized_cluster,3,2.0,0.5,4,target_contrast_positive_pass,3311,6000,0.5518333333333333
discovery,joint_gaussian_regularized_cluster,3,2.0,0.5,5,minimum_effect_pass,3311,6000,0.5518333333333333
discovery,joint_gaussian_regularized_cluster,3,2.0,0.5,6,cluster_uncertainty_pass,1432,6000,0.23866666666666667
discovery,joint_gaussian_regularized_cluster,3,2.0,0.5,7,raw_statistical_threshold_pass,0,6000,0.0
discovery,joint_gaussian_regularized_cluster,3,2.0,0.5,8,multiplicity_adjusted_threshold_pass,0,6000,0.0
discovery,joint_gaussian_regularized_cluster,3,2.0,0.5,9,control_adjusted_contrast_pass,0,6000,0.0
discovery,joint_gaussian_regularized_cluster,3,2.0,0.5,10,control_specificity_pass,0,6000,0.0
discovery,joint_gaussian_regularized_cluster,3,2.0,1.0,1,support_available_pass,5942,6000,0.9903333333333333
discovery,joint_gaussian_regularized_cluster,3,2.0,1.0,2,complement_admissible_pass,4561,6000,0.7601666666666667
discovery,joint_gaussian_regularized_cluster,3,2.0,1.0,3,effect_direction_reproduced_pass,3290,6000,0.5483333333333333
discovery,joint_gaussian_regularized_cluster,3,2.0,1.0,4,target_contrast_positive_pass,3290,6000,0.5483333333333333
discovery,joint_gaussian_regularized_cluster,3,2.0,1.0,5,minimum_effect_pass,3290,6000,0.5483333333333333
discovery,joint_gaussian_regularized_cluster,3,2.0,1.0,6,cluster_uncertainty_pass,1387,6000,0.23116666666666666
discovery,joint_gaussian_regularized_cluster,3,2.0,1.0,7,raw_statistical_threshold_pass,0,6000,0.0
discovery,joint_gaussian_regularized_cluster,3,2.0,1.0,8,multiplicity_adjusted_threshold_pass,0,6000,0.0
discovery,joint_gaussian_regularized_cluster,3,2.0,1.0,9,control_adjusted_contrast_pass,0,6000,0.0
discovery,joint_gaussian_regularized_cluster,3,2.0,1.0,10,control_specificity_pass,0,6000,0.0
discovery,joint_gaussian_regularized_cluster,4,0.0,0.0,1,support_available_pass,5989,6000,0.9981666666666666
discovery,joint_gaussian_regularized_cluster,4,0.0,0.0,2,complement_admissible_pass,5629,6000,0.9381666666666667
discovery,joint_gaussian_regularized_cluster,4,0.0,0.0,3,effect_direction_reproduced_pass,0,6000,0.0
discovery,joint_gaussian_regularized_cluster,4,0.0,0.0,4,target_contrast_positive_pass,0,6000,0.0
discovery,joint_gaussian_regularized_cluster,4,0.0,0.0,5,minimum_effect_pass,0,6000,0.0
discovery,joint_gaussian_regularized_cluster,4,0.0,0.0,6,cluster_uncertainty_pass,0,6000,0.0
discovery,joint_gaussian_regularized_cluster,4,0.0,0.0,7,raw_statistical_threshold_pass,0,6000,0.0
discovery,joint_gaussian_regularized_cluster,4,0.0,0.0,8,multiplicity_adjusted_threshold_pass,0,6000,0.0
discovery,joint_gaussian_regularized_cluster,4,0.0,0.0,9,control_adjusted_contrast_pass,0,6000,0.0
discovery,joint_gaussian_regularized_cluster,4,0.0,0.0,10,control_specificity_pass,0,6000,0.0
discovery,joint_gaussian_regularized_cluster,4,0.25,0.0,1,support_available_pass,5977,6000,0.9961666666666666
discovery,joint_gaussian_regularized_cluster,4,0.25,0.0,2,complement_admissible_pass,5658,6000,0.943
discovery,joint_gaussian_regularized_cluster,4,0.25,0.0,3,effect_direction_reproduced_pass,4240,6000,0.7066666666666667
discovery,joint_gaussian_regularized_cluster,4,0.25,0.0,4,target_contrast_positive_pass,4240,6000,0.7066666666666667
discovery,joint_gaussian_regularized_cluster,4,0.25,0.0,5,minimum_effect_pass,3463,6000,0.5771666666666667
discovery,joint_gaussian_regularized_cluster,4,0.25,0.0,6,cluster_uncertainty_pass,985,6000,0.16416666666666666
discovery,joint_gaussian_regularized_cluster,4,0.25,0.0,7,raw_statistical_threshold_pass,75,6000,0.0125
discovery,joint_gaussian_regularized_cluster,4,0.25,0.0,8,multiplicity_adjusted_threshold_pass,75,6000,0.0125
discovery,joint_gaussian_regularized_cluster,4,0.25,0.0,9,control_adjusted_contrast_pass,75,6000,0.0125
discovery,joint_gaussian_regularized_cluster,4,0.25,0.0,10,control_specificity_pass,75,6000,0.0125
discovery,joint_gaussian_regularized_cluster,4,0.25,0.25,1,support_available_pass,5984,6000,0.9973333333333333
discovery,joint_gaussian_regularized_cluster,4,0.25,0.25,2,complement_admissible_pass,5663,6000,0.9438333333333333
discovery,joint_gaussian_regularized_cluster,4,0.25,0.25,3,effect_direction_reproduced_pass,4252,6000,0.7086666666666667
discovery,joint_gaussian_regularized_cluster,4,0.25,0.25,4,target_contrast_positive_pass,4252,6000,0.7086666666666667
discovery,joint_gaussian_regularized_cluster,4,0.25,0.25,5,minimum_effect_pass,3440,6000,0.5733333333333334
discovery,joint_gaussian_regularized_cluster,4,0.25,0.25,6,cluster_uncertainty_pass,1011,6000,0.1685
discovery,joint_gaussian_regularized_cluster,4,0.25,0.25,7,raw_statistical_threshold_pass,91,6000,0.015166666666666667
discovery,joint_gaussian_regularized_cluster,4,0.25,0.25,8,multiplicity_adjusted_threshold_pass,91,6000,0.015166666666666667
discovery,joint_gaussian_regularized_cluster,4,0.25,0.25,9,control_adjusted_contrast_pass,90,6000,0.015
discovery,joint_gaussian_regularized_cluster,4,0.25,0.25,10,control_specificity_pass,90,6000,0.015
discovery,joint_gaussian_regularized_cluster,4,0.25,0.5,1,support_available_pass,5981,6000,0.9968333333333333
discovery,joint_gaussian_regularized_cluster,4,0.25,0.5,2,complement_admissible_pass,5654,6000,0.9423333333333334
discovery,joint_gaussian_regularized_cluster,4,0.25,0.5,3,effect_direction_reproduced_pass,4227,6000,0.7045
discovery,joint_gaussian_regularized_cluster,4,0.25,0.5,4,target_contrast_positive_pass,4227,6000,0.7045
discovery,joint_gaussian_regularized_cluster,4,0.25,0.5,5,minimum_effect_pass,3398,6000,0.5663333333333334
discovery,joint_gaussian_regularized_cluster,4,0.25,0.5,6,cluster_uncertainty_pass,977,6000,0.16283333333333333
discovery,joint_gaussian_regularized_cluster,4,0.25,0.5,7,raw_statistical_threshold_pass,99,6000,0.0165
discovery,joint_gaussian_regularized_cluster,4,0.25,0.5,8,multiplicity_adjusted_threshold_pass,99,6000,0.0165
discovery,joint_gaussian_regularized_cluster,4,0.25,0.5,9,control_adjusted_contrast_pass,90,6000,0.015
discovery,joint_gaussian_regularized_cluster,4,0.25,0.5,10,control_specificity_pass,90,6000,0.015
discovery,joint_gaussian_regularized_cluster,4,0.25,1.0,1,support_available_pass,5988,6000,0.998
discovery,joint_gaussian_regularized_cluster,4,0.25,1.0,2,complement_admissible_pass,5632,6000,0.9386666666666666
discovery,joint_gaussian_regularized_cluster,4,0.25,1.0,3,effect_direction_reproduced_pass,4203,6000,0.7005
discovery,joint_gaussian_regularized_cluster,4,0.25,1.0,4,target_contrast_positive_pass,4203,6000,0.7005
discovery,joint_gaussian_regularized_cluster,4,0.25,1.0,5,minimum_effect_pass,3447,6000,0.5745
discovery,joint_gaussian_regularized_cluster,4,0.25,1.0,6,cluster_uncertainty_pass,993,6000,0.1655
discovery,joint_gaussian_regularized_cluster,4,0.25,1.0,7,raw_statistical_threshold_pass,71,6000,0.011833333333333333
discovery,joint_gaussian_regularized_cluster,4,0.25,1.0,8,multiplicity_adjusted_threshold_pass,71,6000,0.011833333333333333
discovery,joint_gaussian_regularized_cluster,4,0.25,1.0,9,control_adjusted_contrast_pass,41,6000,0.006833333333333334
discovery,joint_gaussian_regularized_cluster,4,0.25,1.0,10,control_specificity_pass,41,6000,0.006833333333333334
discovery,joint_gaussian_regularized_cluster,4,0.5,0.0,1,support_available_pass,5982,6000,0.997
discovery,joint_gaussian_regularized_cluster,4,0.5,0.0,2,complement_admissible_pass,5664,6000,0.944
discovery,joint_gaussian_regularized_cluster,4,0.5,0.0,3,effect_direction_reproduced_pass,4470,6000,0.745
discovery,joint_gaussian_regularized_cluster,4,0.5,0.0,4,target_contrast_positive_pass,4470,6000,0.745
discovery,joint_gaussian_regularized_cluster,4,0.5,0.0,5,minimum_effect_pass,4362,6000,0.727
discovery,joint_gaussian_regularized_cluster,4,0.5,0.0,6,cluster_uncertainty_pass,1651,6000,0.27516666666666667
discovery,joint_gaussian_regularized_cluster,4,0.5,0.0,7,raw_statistical_threshold_pass,266,6000,0.044333333333333336
discovery,joint_gaussian_regularized_cluster,4,0.5,0.0,8,multiplicity_adjusted_threshold_pass,266,6000,0.044333333333333336
discovery,joint_gaussian_regularized_cluster,4,0.5,0.0,9,control_adjusted_contrast_pass,266,6000,0.044333333333333336
discovery,joint_gaussian_regularized_cluster,4,0.5,0.0,10,control_specificity_pass,266,6000,0.044333333333333336
discovery,joint_gaussian_regularized_cluster,4,0.5,0.25,1,support_available_pass,5991,6000,0.9985
discovery,joint_gaussian_regularized_cluster,4,0.5,0.25,2,complement_admissible_pass,5657,6000,0.9428333333333333
discovery,joint_gaussian_regularized_cluster,4,0.5,0.25,3,effect_direction_reproduced_pass,4469,6000,0.7448333333333333
discovery,joint_gaussian_regularized_cluster,4,0.5,0.25,4,target_contrast_positive_pass,4469,6000,0.7448333333333333
discovery,joint_gaussian_regularized_cluster,4,0.5,0.25,5,minimum_effect_pass,4366,6000,0.7276666666666667
discovery,joint_gaussian_regularized_cluster,4,0.5,0.25,6,cluster_uncertainty_pass,1692,6000,0.282
discovery,joint_gaussian_regularized_cluster,4,0.5,0.25,7,raw_statistical_threshold_pass,273,6000,0.0455
discovery,joint_gaussian_regularized_cluster,4,0.5,0.25,8,multiplicity_adjusted_threshold_pass,273,6000,0.0455
discovery,joint_gaussian_regularized_cluster,4,0.5,0.25,9,control_adjusted_contrast_pass,270,6000,0.045
discovery,joint_gaussian_regularized_cluster,4,0.5,0.25,10,control_specificity_pass,270,6000,0.045
discovery,joint_gaussian_regularized_cluster,4,0.5,0.5,1,support_available_pass,5978,6000,0.9963333333333333
discovery,joint_gaussian_regularized_cluster,4,0.5,0.5,2,complement_admissible_pass,5655,6000,0.9425
discovery,joint_gaussian_regularized_cluster,4,0.5,0.5,3,effect_direction_reproduced_pass,4492,6000,0.7486666666666667
discovery,joint_gaussian_regularized_cluster,4,0.5,0.5,4,target_contrast_positive_pass,4492,6000,0.7486666666666667
discovery,joint_gaussian_regularized_cluster,4,0.5,0.5,5,minimum_effect_pass,4378,6000,0.7296666666666667
discovery,joint_gaussian_regularized_cluster,4,0.5,0.5,6,cluster_uncertainty_pass,1698,6000,0.283
discovery,joint_gaussian_regularized_cluster,4,0.5,0.5,7,raw_statistical_threshold_pass,250,6000,0.041666666666666664
discovery,joint_gaussian_regularized_cluster,4,0.5,0.5,8,multiplicity_adjusted_threshold_pass,250,6000,0.041666666666666664
discovery,joint_gaussian_regularized_cluster,4,0.5,0.5,9,control_adjusted_contrast_pass,232,6000,0.03866666666666667
discovery,joint_gaussian_regularized_cluster,4,0.5,0.5,10,control_specificity_pass,232,6000,0.03866666666666667
discovery,joint_gaussian_regularized_cluster,4,0.5,1.0,1,support_available_pass,5987,6000,0.9978333333333333
discovery,joint_gaussian_regularized_cluster,4,0.5,1.0,2,complement_admissible_pass,5646,6000,0.941
discovery,joint_gaussian_regularized_cluster,4,0.5,1.0,3,effect_direction_reproduced_pass,4483,6000,0.7471666666666666
discovery,joint_gaussian_regularized_cluster,4,0.5,1.0,4,target_contrast_positive_pass,4483,6000,0.7471666666666666
discovery,joint_gaussian_regularized_cluster,4,0.5,1.0,5,minimum_effect_pass,4381,6000,0.7301666666666666
discovery,joint_gaussian_regularized_cluster,4,0.5,1.0,6,cluster_uncertainty_pass,1701,6000,0.2835
discovery,joint_gaussian_regularized_cluster,4,0.5,1.0,7,raw_statistical_threshold_pass,269,6000,0.044833333333333336
discovery,joint_gaussian_regularized_cluster,4,0.5,1.0,8,multiplicity_adjusted_threshold_pass,269,6000,0.044833333333333336
discovery,joint_gaussian_regularized_cluster,4,0.5,1.0,9,control_adjusted_contrast_pass,137,6000,0.022833333333333334
discovery,joint_gaussian_regularized_cluster,4,0.5,1.0,10,control_specificity_pass,137,6000,0.022833333333333334
discovery,joint_gaussian_regularized_cluster,4,0.75,0.0,1,support_available_pass,5981,6000,0.9968333333333333
discovery,joint_gaussian_regularized_cluster,4,0.75,0.0,2,complement_admissible_pass,5658,6000,0.943
discovery,joint_gaussian_regularized_cluster,4,0.75,0.0,3,effect_direction_reproduced_pass,4503,6000,0.7505
discovery,joint_gaussian_regularized_cluster,4,0.75,0.0,4,target_contrast_positive_pass,4503,6000,0.7505
discovery,joint_gaussian_regularized_cluster,4,0.75,0.0,5,minimum_effect_pass,4489,6000,0.7481666666666666
discovery,joint_gaussian_regularized_cluster,4,0.75,0.0,6,cluster_uncertainty_pass,1963,6000,0.32716666666666666
discovery,joint_gaussian_regularized_cluster,4,0.75,0.0,7,raw_statistical_threshold_pass,422,6000,0.07033333333333333
discovery,joint_gaussian_regularized_cluster,4,0.75,0.0,8,multiplicity_adjusted_threshold_pass,422,6000,0.07033333333333333
discovery,joint_gaussian_regularized_cluster,4,0.75,0.0,9,control_adjusted_contrast_pass,422,6000,0.07033333333333333
discovery,joint_gaussian_regularized_cluster,4,0.75,0.0,10,control_specificity_pass,422,6000,0.07033333333333333
discovery,joint_gaussian_regularized_cluster,4,0.75,0.25,1,support_available_pass,5992,6000,0.9986666666666667
discovery,joint_gaussian_regularized_cluster,4,0.75,0.25,2,complement_admissible_pass,5673,6000,0.9455
discovery,joint_gaussian_regularized_cluster,4,0.75,0.25,3,effect_direction_reproduced_pass,4492,6000,0.7486666666666667
discovery,joint_gaussian_regularized_cluster,4,0.75,0.25,4,target_contrast_positive_pass,4492,6000,0.7486666666666667
discovery,joint_gaussian_regularized_cluster,4,0.75,0.25,5,minimum_effect_pass,4477,6000,0.7461666666666666
discovery,joint_gaussian_regularized_cluster,4,0.75,0.25,6,cluster_uncertainty_pass,1989,6000,0.3315
discovery,joint_gaussian_regularized_cluster,4,0.75,0.25,7,raw_statistical_threshold_pass,434,6000,0.07233333333333333
discovery,joint_gaussian_regularized_cluster,4,0.75,0.25,8,multiplicity_adjusted_threshold_pass,434,6000,0.07233333333333333
discovery,joint_gaussian_regularized_cluster,4,0.75,0.25,9,control_adjusted_contrast_pass,427,6000,0.07116666666666667
discovery,joint_gaussian_regularized_cluster,4,0.75,0.25,10,control_specificity_pass,427,6000,0.07116666666666667
discovery,joint_gaussian_regularized_cluster,4,0.75,0.5,1,support_available_pass,5986,6000,0.9976666666666667
discovery,joint_gaussian_regularized_cluster,4,0.75,0.5,2,complement_admissible_pass,5656,6000,0.9426666666666667
discovery,joint_gaussian_regularized_cluster,4,0.75,0.5,3,effect_direction_reproduced_pass,4506,6000,0.751
discovery,joint_gaussian_regularized_cluster,4,0.75,0.5,4,target_contrast_positive_pass,4506,6000,0.751
discovery,joint_gaussian_regularized_cluster,4,0.75,0.5,5,minimum_effect_pass,4483,6000,0.7471666666666666
discovery,joint_gaussian_regularized_cluster,4,0.75,0.5,6,cluster_uncertainty_pass,1952,6000,0.3253333333333333
discovery,joint_gaussian_regularized_cluster,4,0.75,0.5,7,raw_statistical_threshold_pass,413,6000,0.06883333333333333
discovery,joint_gaussian_regularized_cluster,4,0.75,0.5,8,multiplicity_adjusted_threshold_pass,413,6000,0.06883333333333333
discovery,joint_gaussian_regularized_cluster,4,0.75,0.5,9,control_adjusted_contrast_pass,382,6000,0.06366666666666666
discovery,joint_gaussian_regularized_cluster,4,0.75,0.5,10,control_specificity_pass,382,6000,0.06366666666666666
discovery,joint_gaussian_regularized_cluster,4,0.75,1.0,1,support_available_pass,5983,6000,0.9971666666666666
discovery,joint_gaussian_regularized_cluster,4,0.75,1.0,2,complement_admissible_pass,5627,6000,0.9378333333333333
discovery,joint_gaussian_regularized_cluster,4,0.75,1.0,3,effect_direction_reproduced_pass,4467,6000,0.7445
discovery,joint_gaussian_regularized_cluster,4,0.75,1.0,4,target_contrast_positive_pass,4467,6000,0.7445
discovery,joint_gaussian_regularized_cluster,4,0.75,1.0,5,minimum_effect_pass,4454,6000,0.7423333333333333
discovery,joint_gaussian_regularized_cluster,4,0.75,1.0,6,cluster_uncertainty_pass,1952,6000,0.3253333333333333
discovery,joint_gaussian_regularized_cluster,4,0.75,1.0,7,raw_statistical_threshold_pass,422,6000,0.07033333333333333
discovery,joint_gaussian_regularized_cluster,4,0.75,1.0,8,multiplicity_adjusted_threshold_pass,422,6000,0.07033333333333333
discovery,joint_gaussian_regularized_cluster,4,0.75,1.0,9,control_adjusted_contrast_pass,205,6000,0.034166666666666665
discovery,joint_gaussian_regularized_cluster,4,0.75,1.0,10,control_specificity_pass,205,6000,0.034166666666666665
discovery,joint_gaussian_regularized_cluster,4,1.0,0.0,1,support_available_pass,5985,6000,0.9975
discovery,joint_gaussian_regularized_cluster,4,1.0,0.0,2,complement_admissible_pass,5669,6000,0.9448333333333333
discovery,joint_gaussian_regularized_cluster,4,1.0,0.0,3,effect_direction_reproduced_pass,4496,6000,0.7493333333333333
discovery,joint_gaussian_regularized_cluster,4,1.0,0.0,4,target_contrast_positive_pass,4496,6000,0.7493333333333333
discovery,joint_gaussian_regularized_cluster,4,1.0,0.0,5,minimum_effect_pass,4495,6000,0.7491666666666666
discovery,joint_gaussian_regularized_cluster,4,1.0,0.0,6,cluster_uncertainty_pass,2074,6000,0.3456666666666667
discovery,joint_gaussian_regularized_cluster,4,1.0,0.0,7,raw_statistical_threshold_pass,508,6000,0.08466666666666667
discovery,joint_gaussian_regularized_cluster,4,1.0,0.0,8,multiplicity_adjusted_threshold_pass,508,6000,0.08466666666666667
discovery,joint_gaussian_regularized_cluster,4,1.0,0.0,9,control_adjusted_contrast_pass,508,6000,0.08466666666666667
discovery,joint_gaussian_regularized_cluster,4,1.0,0.0,10,control_specificity_pass,508,6000,0.08466666666666667
discovery,joint_gaussian_regularized_cluster,4,1.0,0.25,1,support_available_pass,5983,6000,0.9971666666666666
discovery,joint_gaussian_regularized_cluster,4,1.0,0.25,2,complement_admissible_pass,5649,6000,0.9415
discovery,joint_gaussian_regularized_cluster,4,1.0,0.25,3,effect_direction_reproduced_pass,4444,6000,0.7406666666666667
discovery,joint_gaussian_regularized_cluster,4,1.0,0.25,4,target_contrast_positive_pass,4444,6000,0.7406666666666667
discovery,joint_gaussian_regularized_cluster,4,1.0,0.25,5,minimum_effect_pass,4439,6000,0.7398333333333333
discovery,joint_gaussian_regularized_cluster,4,1.0,0.25,6,cluster_uncertainty_pass,2078,6000,0.3463333333333333
discovery,joint_gaussian_regularized_cluster,4,1.0,0.25,7,raw_statistical_threshold_pass,509,6000,0.08483333333333333
discovery,joint_gaussian_regularized_cluster,4,1.0,0.25,8,multiplicity_adjusted_threshold_pass,509,6000,0.08483333333333333
discovery,joint_gaussian_regularized_cluster,4,1.0,0.25,9,control_adjusted_contrast_pass,508,6000,0.08466666666666667
discovery,joint_gaussian_regularized_cluster,4,1.0,0.25,10,control_specificity_pass,508,6000,0.08466666666666667
discovery,joint_gaussian_regularized_cluster,4,1.0,0.5,1,support_available_pass,5989,6000,0.9981666666666666
discovery,joint_gaussian_regularized_cluster,4,1.0,0.5,2,complement_admissible_pass,5648,6000,0.9413333333333334
discovery,joint_gaussian_regularized_cluster,4,1.0,0.5,3,effect_direction_reproduced_pass,4468,6000,0.7446666666666667
discovery,joint_gaussian_regularized_cluster,4,1.0,0.5,4,target_contrast_positive_pass,4468,6000,0.7446666666666667
discovery,joint_gaussian_regularized_cluster,4,1.0,0.5,5,minimum_effect_pass,4465,6000,0.7441666666666666
discovery,joint_gaussian_regularized_cluster,4,1.0,0.5,6,cluster_uncertainty_pass,2027,6000,0.3378333333333333
discovery,joint_gaussian_regularized_cluster,4,1.0,0.5,7,raw_statistical_threshold_pass,481,6000,0.08016666666666666
discovery,joint_gaussian_regularized_cluster,4,1.0,0.5,8,multiplicity_adjusted_threshold_pass,481,6000,0.08016666666666666
discovery,joint_gaussian_regularized_cluster,4,1.0,0.5,9,control_adjusted_contrast_pass,441,6000,0.0735
discovery,joint_gaussian_regularized_cluster,4,1.0,0.5,10,control_specificity_pass,441,6000,0.0735
discovery,joint_gaussian_regularized_cluster,4,1.0,1.0,1,support_available_pass,5984,6000,0.9973333333333333
discovery,joint_gaussian_regularized_cluster,4,1.0,1.0,2,complement_admissible_pass,5683,6000,0.9471666666666667
discovery,joint_gaussian_regularized_cluster,4,1.0,1.0,3,effect_direction_reproduced_pass,4526,6000,0.7543333333333333
discovery,joint_gaussian_regularized_cluster,4,1.0,1.0,4,target_contrast_positive_pass,4526,6000,0.7543333333333333
discovery,joint_gaussian_regularized_cluster,4,1.0,1.0,5,minimum_effect_pass,4523,6000,0.7538333333333334
discovery,joint_gaussian_regularized_cluster,4,1.0,1.0,6,cluster_uncertainty_pass,2076,6000,0.346
discovery,joint_gaussian_regularized_cluster,4,1.0,1.0,7,raw_statistical_threshold_pass,491,6000,0.08183333333333333
discovery,joint_gaussian_regularized_cluster,4,1.0,1.0,8,multiplicity_adjusted_threshold_pass,491,6000,0.08183333333333333
discovery,joint_gaussian_regularized_cluster,4,1.0,1.0,9,control_adjusted_contrast_pass,214,6000,0.035666666666666666
discovery,joint_gaussian_regularized_cluster,4,1.0,1.0,10,control_specificity_pass,214,6000,0.035666666666666666
discovery,joint_gaussian_regularized_cluster,4,1.5,0.0,1,support_available_pass,5983,6000,0.9971666666666666
discovery,joint_gaussian_regularized_cluster,4,1.5,0.0,2,complement_admissible_pass,5675,6000,0.9458333333333333
discovery,joint_gaussian_regularized_cluster,4,1.5,0.0,3,effect_direction_reproduced_pass,4550,6000,0.7583333333333333
discovery,joint_gaussian_regularized_cluster,4,1.5,0.0,4,target_contrast_positive_pass,4550,6000,0.7583333333333333
discovery,joint_gaussian_regularized_cluster,4,1.5,0.0,5,minimum_effect_pass,4549,6000,0.7581666666666667
discovery,joint_gaussian_regularized_cluster,4,1.5,0.0,6,cluster_uncertainty_pass,2158,6000,0.3596666666666667
discovery,joint_gaussian_regularized_cluster,4,1.5,0.0,7,raw_statistical_threshold_pass,585,6000,0.0975
discovery,joint_gaussian_regularized_cluster,4,1.5,0.0,8,multiplicity_adjusted_threshold_pass,585,6000,0.0975
discovery,joint_gaussian_regularized_cluster,4,1.5,0.0,9,control_adjusted_contrast_pass,585,6000,0.0975
discovery,joint_gaussian_regularized_cluster,4,1.5,0.0,10,control_specificity_pass,585,6000,0.0975
discovery,joint_gaussian_regularized_cluster,4,1.5,0.25,1,support_available_pass,5988,6000,0.998
discovery,joint_gaussian_regularized_cluster,4,1.5,0.25,2,complement_admissible_pass,5633,6000,0.9388333333333333
discovery,joint_gaussian_regularized_cluster,4,1.5,0.25,3,effect_direction_reproduced_pass,4467,6000,0.7445
discovery,joint_gaussian_regularized_cluster,4,1.5,0.25,4,target_contrast_positive_pass,4467,6000,0.7445
discovery,joint_gaussian_regularized_cluster,4,1.5,0.25,5,minimum_effect_pass,4467,6000,0.7445
discovery,joint_gaussian_regularized_cluster,4,1.5,0.25,6,cluster_uncertainty_pass,2117,6000,0.35283333333333333
discovery,joint_gaussian_regularized_cluster,4,1.5,0.25,7,raw_statistical_threshold_pass,636,6000,0.106
discovery,joint_gaussian_regularized_cluster,4,1.5,0.25,8,multiplicity_adjusted_threshold_pass,636,6000,0.106
discovery,joint_gaussian_regularized_cluster,4,1.5,0.25,9,control_adjusted_contrast_pass,635,6000,0.10583333333333333
discovery,joint_gaussian_regularized_cluster,4,1.5,0.25,10,control_specificity_pass,635,6000,0.10583333333333333
discovery,joint_gaussian_regularized_cluster,4,1.5,0.5,1,support_available_pass,5986,6000,0.9976666666666667
discovery,joint_gaussian_regularized_cluster,4,1.5,0.5,2,complement_admissible_pass,5640,6000,0.94
discovery,joint_gaussian_regularized_cluster,4,1.5,0.5,3,effect_direction_reproduced_pass,4465,6000,0.7441666666666666
discovery,joint_gaussian_regularized_cluster,4,1.5,0.5,4,target_contrast_positive_pass,4465,6000,0.7441666666666666
discovery,joint_gaussian_regularized_cluster,4,1.5,0.5,5,minimum_effect_pass,4465,6000,0.7441666666666666
discovery,joint_gaussian_regularized_cluster,4,1.5,0.5,6,cluster_uncertainty_pass,2135,6000,0.35583333333333333
discovery,joint_gaussian_regularized_cluster,4,1.5,0.5,7,raw_statistical_threshold_pass,609,6000,0.1015
discovery,joint_gaussian_regularized_cluster,4,1.5,0.5,8,multiplicity_adjusted_threshold_pass,609,6000,0.1015
discovery,joint_gaussian_regularized_cluster,4,1.5,0.5,9,control_adjusted_contrast_pass,569,6000,0.09483333333333334
discovery,joint_gaussian_regularized_cluster,4,1.5,0.5,10,control_specificity_pass,569,6000,0.09483333333333334
discovery,joint_gaussian_regularized_cluster,4,1.5,1.0,1,support_available_pass,5983,6000,0.9971666666666666
discovery,joint_gaussian_regularized_cluster,4,1.5,1.0,2,complement_admissible_pass,5644,6000,0.9406666666666667
discovery,joint_gaussian_regularized_cluster,4,1.5,1.0,3,effect_direction_reproduced_pass,4509,6000,0.7515
discovery,joint_gaussian_regularized_cluster,4,1.5,1.0,4,target_contrast_positive_pass,4509,6000,0.7515
discovery,joint_gaussian_regularized_cluster,4,1.5,1.0,5,minimum_effect_pass,4509,6000,0.7515
discovery,joint_gaussian_regularized_cluster,4,1.5,1.0,6,cluster_uncertainty_pass,2124,6000,0.354
discovery,joint_gaussian_regularized_cluster,4,1.5,1.0,7,raw_statistical_threshold_pass,597,6000,0.0995
discovery,joint_gaussian_regularized_cluster,4,1.5,1.0,8,multiplicity_adjusted_threshold_pass,597,6000,0.0995
discovery,joint_gaussian_regularized_cluster,4,1.5,1.0,9,control_adjusted_contrast_pass,215,6000,0.035833333333333335
discovery,joint_gaussian_regularized_cluster,4,1.5,1.0,10,control_specificity_pass,215,6000,0.035833333333333335
discovery,joint_gaussian_regularized_cluster,4,2.0,0.0,1,support_available_pass,5986,6000,0.9976666666666667
discovery,joint_gaussian_regularized_cluster,4,2.0,0.0,2,complement_admissible_pass,5663,6000,0.9438333333333333
discovery,joint_gaussian_regularized_cluster,4,2.0,0.0,3,effect_direction_reproduced_pass,4516,6000,0.7526666666666667
discovery,joint_gaussian_regularized_cluster,4,2.0,0.0,4,target_contrast_positive_pass,4516,6000,0.7526666666666667
discovery,joint_gaussian_regularized_cluster,4,2.0,0.0,5,minimum_effect_pass,4516,6000,0.7526666666666667
discovery,joint_gaussian_regularized_cluster,4,2.0,0.0,6,cluster_uncertainty_pass,2150,6000,0.35833333333333334
discovery,joint_gaussian_regularized_cluster,4,2.0,0.0,7,raw_statistical_threshold_pass,619,6000,0.10316666666666667
discovery,joint_gaussian_regularized_cluster,4,2.0,0.0,8,multiplicity_adjusted_threshold_pass,619,6000,0.10316666666666667
discovery,joint_gaussian_regularized_cluster,4,2.0,0.0,9,control_adjusted_contrast_pass,619,6000,0.10316666666666667
discovery,joint_gaussian_regularized_cluster,4,2.0,0.0,10,control_specificity_pass,619,6000,0.10316666666666667
discovery,joint_gaussian_regularized_cluster,4,2.0,0.25,1,support_available_pass,5983,6000,0.9971666666666666
discovery,joint_gaussian_regularized_cluster,4,2.0,0.25,2,complement_admissible_pass,5653,6000,0.9421666666666667
discovery,joint_gaussian_regularized_cluster,4,2.0,0.25,3,effect_direction_reproduced_pass,4450,6000,0.7416666666666667
discovery,joint_gaussian_regularized_cluster,4,2.0,0.25,4,target_contrast_positive_pass,4450,6000,0.7416666666666667
discovery,joint_gaussian_regularized_cluster,4,2.0,0.25,5,minimum_effect_pass,4450,6000,0.7416666666666667
discovery,joint_gaussian_regularized_cluster,4,2.0,0.25,6,cluster_uncertainty_pass,2161,6000,0.3601666666666667
discovery,joint_gaussian_regularized_cluster,4,2.0,0.25,7,raw_statistical_threshold_pass,637,6000,0.10616666666666667
discovery,joint_gaussian_regularized_cluster,4,2.0,0.25,8,multiplicity_adjusted_threshold_pass,637,6000,0.10616666666666667
discovery,joint_gaussian_regularized_cluster,4,2.0,0.25,9,control_adjusted_contrast_pass,636,6000,0.106
discovery,joint_gaussian_regularized_cluster,4,2.0,0.25,10,control_specificity_pass,636,6000,0.106
discovery,joint_gaussian_regularized_cluster,4,2.0,0.5,1,support_available_pass,5987,6000,0.9978333333333333
discovery,joint_gaussian_regularized_cluster,4,2.0,0.5,2,complement_admissible_pass,5639,6000,0.9398333333333333
discovery,joint_gaussian_regularized_cluster,4,2.0,0.5,3,effect_direction_reproduced_pass,4499,6000,0.7498333333333334
discovery,joint_gaussian_regularized_cluster,4,2.0,0.5,4,target_contrast_positive_pass,4499,6000,0.7498333333333334
discovery,joint_gaussian_regularized_cluster,4,2.0,0.5,5,minimum_effect_pass,4499,6000,0.7498333333333334
discovery,joint_gaussian_regularized_cluster,4,2.0,0.5,6,cluster_uncertainty_pass,2136,6000,0.356
discovery,joint_gaussian_regularized_cluster,4,2.0,0.5,7,raw_statistical_threshold_pass,639,6000,0.1065
discovery,joint_gaussian_regularized_cluster,4,2.0,0.5,8,multiplicity_adjusted_threshold_pass,639,6000,0.1065
discovery,joint_gaussian_regularized_cluster,4,2.0,0.5,9,control_adjusted_contrast_pass,607,6000,0.10116666666666667
discovery,joint_gaussian_regularized_cluster,4,2.0,0.5,10,control_specificity_pass,607,6000,0.10116666666666667
discovery,joint_gaussian_regularized_cluster,4,2.0,1.0,1,support_available_pass,5986,6000,0.9976666666666667
discovery,joint_gaussian_regularized_cluster,4,2.0,1.0,2,complement_admissible_pass,5628,6000,0.938
discovery,joint_gaussian_regularized_cluster,4,2.0,1.0,3,effect_direction_reproduced_pass,4479,6000,0.7465
discovery,joint_gaussian_regularized_cluster,4,2.0,1.0,4,target_contrast_positive_pass,4479,6000,0.7465
discovery,joint_gaussian_regularized_cluster,4,2.0,1.0,5,minimum_effect_pass,4479,6000,0.7465
discovery,joint_gaussian_regularized_cluster,4,2.0,1.0,6,cluster_uncertainty_pass,2135,6000,0.35583333333333333
discovery,joint_gaussian_regularized_cluster,4,2.0,1.0,7,raw_statistical_threshold_pass,602,6000,0.10033333333333333
discovery,joint_gaussian_regularized_cluster,4,2.0,1.0,8,multiplicity_adjusted_threshold_pass,602,6000,0.10033333333333333
discovery,joint_gaussian_regularized_cluster,4,2.0,1.0,9,control_adjusted_contrast_pass,214,6000,0.035666666666666666
discovery,joint_gaussian_regularized_cluster,4,2.0,1.0,10,control_specificity_pass,214,6000,0.035666666666666666
discovery,joint_gaussian_regularized_cluster,5,0.0,0.0,1,support_available_pass,5997,6000,0.9995
discovery,joint_gaussian_regularized_cluster,5,0.0,0.0,2,complement_admissible_pass,5891,6000,0.9818333333333333
discovery,joint_gaussian_regularized_cluster,5,0.0,0.0,3,effect_direction_reproduced_pass,0,6000,0.0
discovery,joint_gaussian_regularized_cluster,5,0.0,0.0,4,target_contrast_positive_pass,0,6000,0.0
discovery,joint_gaussian_regularized_cluster,5,0.0,0.0,5,minimum_effect_pass,0,6000,0.0
discovery,joint_gaussian_regularized_cluster,5,0.0,0.0,6,cluster_uncertainty_pass,0,6000,0.0
discovery,joint_gaussian_regularized_cluster,5,0.0,0.0,7,raw_statistical_threshold_pass,0,6000,0.0
discovery,joint_gaussian_regularized_cluster,5,0.0,0.0,8,multiplicity_adjusted_threshold_pass,0,6000,0.0
discovery,joint_gaussian_regularized_cluster,5,0.0,0.0,9,control_adjusted_contrast_pass,0,6000,0.0
discovery,joint_gaussian_regularized_cluster,5,0.0,0.0,10,control_specificity_pass,0,6000,0.0
discovery,joint_gaussian_regularized_cluster,5,0.25,0.0,1,support_available_pass,5992,6000,0.9986666666666667
discovery,joint_gaussian_regularized_cluster,5,0.25,0.0,2,complement_admissible_pass,5885,6000,0.9808333333333333
discovery,joint_gaussian_regularized_cluster,5,0.25,0.0,3,effect_direction_reproduced_pass,4782,6000,0.797
discovery,joint_gaussian_regularized_cluster,5,0.25,0.0,4,target_contrast_positive_pass,4782,6000,0.797
discovery,joint_gaussian_regularized_cluster,5,0.25,0.0,5,minimum_effect_pass,3882,6000,0.647
discovery,joint_gaussian_regularized_cluster,5,0.25,0.0,6,cluster_uncertainty_pass,1135,6000,0.18916666666666668
discovery,joint_gaussian_regularized_cluster,5,0.25,0.0,7,raw_statistical_threshold_pass,250,6000,0.041666666666666664
discovery,joint_gaussian_regularized_cluster,5,0.25,0.0,8,multiplicity_adjusted_threshold_pass,250,6000,0.041666666666666664
discovery,joint_gaussian_regularized_cluster,5,0.25,0.0,9,control_adjusted_contrast_pass,250,6000,0.041666666666666664
discovery,joint_gaussian_regularized_cluster,5,0.25,0.0,10,control_specificity_pass,250,6000,0.041666666666666664
discovery,joint_gaussian_regularized_cluster,5,0.25,0.25,1,support_available_pass,5995,6000,0.9991666666666666
discovery,joint_gaussian_regularized_cluster,5,0.25,0.25,2,complement_admissible_pass,5884,6000,0.9806666666666667
discovery,joint_gaussian_regularized_cluster,5,0.25,0.25,3,effect_direction_reproduced_pass,4796,6000,0.7993333333333333
discovery,joint_gaussian_regularized_cluster,5,0.25,0.25,4,target_contrast_positive_pass,4796,6000,0.7993333333333333
discovery,joint_gaussian_regularized_cluster,5,0.25,0.25,5,minimum_effect_pass,3826,6000,0.6376666666666667
discovery,joint_gaussian_regularized_cluster,5,0.25,0.25,6,cluster_uncertainty_pass,1134,6000,0.189
discovery,joint_gaussian_regularized_cluster,5,0.25,0.25,7,raw_statistical_threshold_pass,258,6000,0.043
discovery,joint_gaussian_regularized_cluster,5,0.25,0.25,8,multiplicity_adjusted_threshold_pass,258,6000,0.043
discovery,joint_gaussian_regularized_cluster,5,0.25,0.25,9,control_adjusted_contrast_pass,257,6000,0.042833333333333334
discovery,joint_gaussian_regularized_cluster,5,0.25,0.25,10,control_specificity_pass,257,6000,0.042833333333333334
discovery,joint_gaussian_regularized_cluster,5,0.25,0.5,1,support_available_pass,5995,6000,0.9991666666666666
discovery,joint_gaussian_regularized_cluster,5,0.25,0.5,2,complement_admissible_pass,5869,6000,0.9781666666666666
discovery,joint_gaussian_regularized_cluster,5,0.25,0.5,3,effect_direction_reproduced_pass,4761,6000,0.7935
discovery,joint_gaussian_regularized_cluster,5,0.25,0.5,4,target_contrast_positive_pass,4761,6000,0.7935
discovery,joint_gaussian_regularized_cluster,5,0.25,0.5,5,minimum_effect_pass,3823,6000,0.6371666666666667
discovery,joint_gaussian_regularized_cluster,5,0.25,0.5,6,cluster_uncertainty_pass,1116,6000,0.186
discovery,joint_gaussian_regularized_cluster,5,0.25,0.5,7,raw_statistical_threshold_pass,243,6000,0.0405
discovery,joint_gaussian_regularized_cluster,5,0.25,0.5,8,multiplicity_adjusted_threshold_pass,243,6000,0.0405
discovery,joint_gaussian_regularized_cluster,5,0.25,0.5,9,control_adjusted_contrast_pass,213,6000,0.0355
discovery,joint_gaussian_regularized_cluster,5,0.25,0.5,10,control_specificity_pass,213,6000,0.0355
discovery,joint_gaussian_regularized_cluster,5,0.25,1.0,1,support_available_pass,5997,6000,0.9995
discovery,joint_gaussian_regularized_cluster,5,0.25,1.0,2,complement_admissible_pass,5880,6000,0.98
discovery,joint_gaussian_regularized_cluster,5,0.25,1.0,3,effect_direction_reproduced_pass,4753,6000,0.7921666666666667
discovery,joint_gaussian_regularized_cluster,5,0.25,1.0,4,target_contrast_positive_pass,4753,6000,0.7921666666666667
discovery,joint_gaussian_regularized_cluster,5,0.25,1.0,5,minimum_effect_pass,3897,6000,0.6495
discovery,joint_gaussian_regularized_cluster,5,0.25,1.0,6,cluster_uncertainty_pass,1150,6000,0.19166666666666668
discovery,joint_gaussian_regularized_cluster,5,0.25,1.0,7,raw_statistical_threshold_pass,236,6000,0.03933333333333333
discovery,joint_gaussian_regularized_cluster,5,0.25,1.0,8,multiplicity_adjusted_threshold_pass,236,6000,0.03933333333333333
discovery,joint_gaussian_regularized_cluster,5,0.25,1.0,9,control_adjusted_contrast_pass,124,6000,0.020666666666666667
discovery,joint_gaussian_regularized_cluster,5,0.25,1.0,10,control_specificity_pass,124,6000,0.020666666666666667
discovery,joint_gaussian_regularized_cluster,5,0.5,0.0,1,support_available_pass,5996,6000,0.9993333333333333
discovery,joint_gaussian_regularized_cluster,5,0.5,0.0,2,complement_admissible_pass,5877,6000,0.9795
discovery,joint_gaussian_regularized_cluster,5,0.5,0.0,3,effect_direction_reproduced_pass,4930,6000,0.8216666666666667
discovery,joint_gaussian_regularized_cluster,5,0.5,0.0,4,target_contrast_positive_pass,4930,6000,0.8216666666666667
discovery,joint_gaussian_regularized_cluster,5,0.5,0.0,5,minimum_effect_pass,4830,6000,0.805
discovery,joint_gaussian_regularized_cluster,5,0.5,0.0,6,cluster_uncertainty_pass,1881,6000,0.3135
discovery,joint_gaussian_regularized_cluster,5,0.5,0.0,7,raw_statistical_threshold_pass,643,6000,0.10716666666666666
discovery,joint_gaussian_regularized_cluster,5,0.5,0.0,8,multiplicity_adjusted_threshold_pass,643,6000,0.10716666666666666
discovery,joint_gaussian_regularized_cluster,5,0.5,0.0,9,control_adjusted_contrast_pass,643,6000,0.10716666666666666
discovery,joint_gaussian_regularized_cluster,5,0.5,0.0,10,control_specificity_pass,643,6000,0.10716666666666666
discovery,joint_gaussian_regularized_cluster,5,0.5,0.25,1,support_available_pass,5999,6000,0.9998333333333334
discovery,joint_gaussian_regularized_cluster,5,0.5,0.25,2,complement_admissible_pass,5894,6000,0.9823333333333333
discovery,joint_gaussian_regularized_cluster,5,0.5,0.25,3,effect_direction_reproduced_pass,4950,6000,0.825
discovery,joint_gaussian_regularized_cluster,5,0.5,0.25,4,target_contrast_positive_pass,4950,6000,0.825
discovery,joint_gaussian_regularized_cluster,5,0.5,0.25,5,minimum_effect_pass,4844,6000,0.8073333333333333
discovery,joint_gaussian_regularized_cluster,5,0.5,0.25,6,cluster_uncertainty_pass,1901,6000,0.31683333333333336
discovery,joint_gaussian_regularized_cluster,5,0.5,0.25,7,raw_statistical_threshold_pass,668,6000,0.11133333333333334
discovery,joint_gaussian_regularized_cluster,5,0.5,0.25,8,multiplicity_adjusted_threshold_pass,668,6000,0.11133333333333334
discovery,joint_gaussian_regularized_cluster,5,0.5,0.25,9,control_adjusted_contrast_pass,666,6000,0.111
discovery,joint_gaussian_regularized_cluster,5,0.5,0.25,10,control_specificity_pass,666,6000,0.111
discovery,joint_gaussian_regularized_cluster,5,0.5,0.5,1,support_available_pass,5991,6000,0.9985
discovery,joint_gaussian_regularized_cluster,5,0.5,0.5,2,complement_admissible_pass,5881,6000,0.9801666666666666
discovery,joint_gaussian_regularized_cluster,5,0.5,0.5,3,effect_direction_reproduced_pass,4957,6000,0.8261666666666667
discovery,joint_gaussian_regularized_cluster,5,0.5,0.5,4,target_contrast_positive_pass,4957,6000,0.8261666666666667
discovery,joint_gaussian_regularized_cluster,5,0.5,0.5,5,minimum_effect_pass,4860,6000,0.81
discovery,joint_gaussian_regularized_cluster,5,0.5,0.5,6,cluster_uncertainty_pass,1933,6000,0.32216666666666666
discovery,joint_gaussian_regularized_cluster,5,0.5,0.5,7,raw_statistical_threshold_pass,682,6000,0.11366666666666667
discovery,joint_gaussian_regularized_cluster,5,0.5,0.5,8,multiplicity_adjusted_threshold_pass,682,6000,0.11366666666666667
discovery,joint_gaussian_regularized_cluster,5,0.5,0.5,9,control_adjusted_contrast_pass,623,6000,0.10383333333333333
discovery,joint_gaussian_regularized_cluster,5,0.5,0.5,10,control_specificity_pass,623,6000,0.10383333333333333
discovery,joint_gaussian_regularized_cluster,5,0.5,1.0,1,support_available_pass,5997,6000,0.9995
discovery,joint_gaussian_regularized_cluster,5,0.5,1.0,2,complement_admissible_pass,5877,6000,0.9795
discovery,joint_gaussian_regularized_cluster,5,0.5,1.0,3,effect_direction_reproduced_pass,4960,6000,0.8266666666666667
discovery,joint_gaussian_regularized_cluster,5,0.5,1.0,4,target_contrast_positive_pass,4960,6000,0.8266666666666667
discovery,joint_gaussian_regularized_cluster,5,0.5,1.0,5,minimum_effect_pass,4858,6000,0.8096666666666666
discovery,joint_gaussian_regularized_cluster,5,0.5,1.0,6,cluster_uncertainty_pass,1896,6000,0.316
discovery,joint_gaussian_regularized_cluster,5,0.5,1.0,7,raw_statistical_threshold_pass,677,6000,0.11283333333333333
discovery,joint_gaussian_regularized_cluster,5,0.5,1.0,8,multiplicity_adjusted_threshold_pass,677,6000,0.11283333333333333
discovery,joint_gaussian_regularized_cluster,5,0.5,1.0,9,control_adjusted_contrast_pass,323,6000,0.05383333333333333
discovery,joint_gaussian_regularized_cluster,5,0.5,1.0,10,control_specificity_pass,323,6000,0.05383333333333333
discovery,joint_gaussian_regularized_cluster,5,0.75,0.0,1,support_available_pass,5993,6000,0.9988333333333334
discovery,joint_gaussian_regularized_cluster,5,0.75,0.0,2,complement_admissible_pass,5893,6000,0.9821666666666666
discovery,joint_gaussian_regularized_cluster,5,0.75,0.0,3,effect_direction_reproduced_pass,4951,6000,0.8251666666666667
discovery,joint_gaussian_regularized_cluster,5,0.75,0.0,4,target_contrast_positive_pass,4951,6000,0.8251666666666667
discovery,joint_gaussian_regularized_cluster,5,0.75,0.0,5,minimum_effect_pass,4934,6000,0.8223333333333334
discovery,joint_gaussian_regularized_cluster,5,0.75,0.0,6,cluster_uncertainty_pass,2177,6000,0.36283333333333334
discovery,joint_gaussian_regularized_cluster,5,0.75,0.0,7,raw_statistical_threshold_pass,928,6000,0.15466666666666667
discovery,joint_gaussian_regularized_cluster,5,0.75,0.0,8,multiplicity_adjusted_threshold_pass,928,6000,0.15466666666666667
discovery,joint_gaussian_regularized_cluster,5,0.75,0.0,9,control_adjusted_contrast_pass,928,6000,0.15466666666666667
discovery,joint_gaussian_regularized_cluster,5,0.75,0.0,10,control_specificity_pass,928,6000,0.15466666666666667
discovery,joint_gaussian_regularized_cluster,5,0.75,0.25,1,support_available_pass,5998,6000,0.9996666666666667
discovery,joint_gaussian_regularized_cluster,5,0.75,0.25,2,complement_admissible_pass,5897,6000,0.9828333333333333
discovery,joint_gaussian_regularized_cluster,5,0.75,0.25,3,effect_direction_reproduced_pass,4929,6000,0.8215
discovery,joint_gaussian_regularized_cluster,5,0.75,0.25,4,target_contrast_positive_pass,4929,6000,0.8215
discovery,joint_gaussian_regularized_cluster,5,0.75,0.25,5,minimum_effect_pass,4914,6000,0.819
discovery,joint_gaussian_regularized_cluster,5,0.75,0.25,6,cluster_uncertainty_pass,2193,6000,0.3655
discovery,joint_gaussian_regularized_cluster,5,0.75,0.25,7,raw_statistical_threshold_pass,973,6000,0.16216666666666665
discovery,joint_gaussian_regularized_cluster,5,0.75,0.25,8,multiplicity_adjusted_threshold_pass,973,6000,0.16216666666666665
discovery,joint_gaussian_regularized_cluster,5,0.75,0.25,9,control_adjusted_contrast_pass,966,6000,0.161
discovery,joint_gaussian_regularized_cluster,5,0.75,0.25,10,control_specificity_pass,966,6000,0.161
discovery,joint_gaussian_regularized_cluster,5,0.75,0.5,1,support_available_pass,5997,6000,0.9995
discovery,joint_gaussian_regularized_cluster,5,0.75,0.5,2,complement_admissible_pass,5899,6000,0.9831666666666666
discovery,joint_gaussian_regularized_cluster,5,0.75,0.5,3,effect_direction_reproduced_pass,4973,6000,0.8288333333333333
discovery,joint_gaussian_regularized_cluster,5,0.75,0.5,4,target_contrast_positive_pass,4973,6000,0.8288333333333333
discovery,joint_gaussian_regularized_cluster,5,0.75,0.5,5,minimum_effect_pass,4958,6000,0.8263333333333334
discovery,joint_gaussian_regularized_cluster,5,0.75,0.5,6,cluster_uncertainty_pass,2171,6000,0.36183333333333334
discovery,joint_gaussian_regularized_cluster,5,0.75,0.5,7,raw_statistical_threshold_pass,906,6000,0.151
discovery,joint_gaussian_regularized_cluster,5,0.75,0.5,8,multiplicity_adjusted_threshold_pass,906,6000,0.151
discovery,joint_gaussian_regularized_cluster,5,0.75,0.5,9,control_adjusted_contrast_pass,834,6000,0.139
discovery,joint_gaussian_regularized_cluster,5,0.75,0.5,10,control_specificity_pass,834,6000,0.139
discovery,joint_gaussian_regularized_cluster,5,0.75,1.0,1,support_available_pass,5995,6000,0.9991666666666666
discovery,joint_gaussian_regularized_cluster,5,0.75,1.0,2,complement_admissible_pass,5886,6000,0.981
discovery,joint_gaussian_regularized_cluster,5,0.75,1.0,3,effect_direction_reproduced_pass,4952,6000,0.8253333333333334
discovery,joint_gaussian_regularized_cluster,5,0.75,1.0,4,target_contrast_positive_pass,4952,6000,0.8253333333333334
discovery,joint_gaussian_regularized_cluster,5,0.75,1.0,5,minimum_effect_pass,4940,6000,0.8233333333333334
discovery,joint_gaussian_regularized_cluster,5,0.75,1.0,6,cluster_uncertainty_pass,2195,6000,0.36583333333333334
discovery,joint_gaussian_regularized_cluster,5,0.75,1.0,7,raw_statistical_threshold_pass,953,6000,0.15883333333333333
discovery,joint_gaussian_regularized_cluster,5,0.75,1.0,8,multiplicity_adjusted_threshold_pass,953,6000,0.15883333333333333
discovery,joint_gaussian_regularized_cluster,5,0.75,1.0,9,control_adjusted_contrast_pass,419,6000,0.06983333333333333
discovery,joint_gaussian_regularized_cluster,5,0.75,1.0,10,control_specificity_pass,419,6000,0.06983333333333333
discovery,joint_gaussian_regularized_cluster,5,1.0,0.0,1,support_available_pass,5993,6000,0.9988333333333334
discovery,joint_gaussian_regularized_cluster,5,1.0,0.0,2,complement_admissible_pass,5881,6000,0.9801666666666666
discovery,joint_gaussian_regularized_cluster,5,1.0,0.0,3,effect_direction_reproduced_pass,4960,6000,0.8266666666666667
discovery,joint_gaussian_regularized_cluster,5,1.0,0.0,4,target_contrast_positive_pass,4960,6000,0.8266666666666667
discovery,joint_gaussian_regularized_cluster,5,1.0,0.0,5,minimum_effect_pass,4960,6000,0.8266666666666667
discovery,joint_gaussian_regularized_cluster,5,1.0,0.0,6,cluster_uncertainty_pass,2276,6000,0.37933333333333336
discovery,joint_gaussian_regularized_cluster,5,1.0,0.0,7,raw_statistical_threshold_pass,1077,6000,0.1795
discovery,joint_gaussian_regularized_cluster,5,1.0,0.0,8,multiplicity_adjusted_threshold_pass,1077,6000,0.1795
discovery,joint_gaussian_regularized_cluster,5,1.0,0.0,9,control_adjusted_contrast_pass,1077,6000,0.1795
discovery,joint_gaussian_regularized_cluster,5,1.0,0.0,10,control_specificity_pass,1077,6000,0.1795
discovery,joint_gaussian_regularized_cluster,5,1.0,0.25,1,support_available_pass,5997,6000,0.9995
discovery,joint_gaussian_regularized_cluster,5,1.0,0.25,2,complement_admissible_pass,5876,6000,0.9793333333333333
discovery,joint_gaussian_regularized_cluster,5,1.0,0.25,3,effect_direction_reproduced_pass,4917,6000,0.8195
discovery,joint_gaussian_regularized_cluster,5,1.0,0.25,4,target_contrast_positive_pass,4917,6000,0.8195
discovery,joint_gaussian_regularized_cluster,5,1.0,0.25,5,minimum_effect_pass,4916,6000,0.8193333333333334
discovery,joint_gaussian_regularized_cluster,5,1.0,0.25,6,cluster_uncertainty_pass,2270,6000,0.37833333333333335
discovery,joint_gaussian_regularized_cluster,5,1.0,0.25,7,raw_statistical_threshold_pass,1091,6000,0.18183333333333335
discovery,joint_gaussian_regularized_cluster,5,1.0,0.25,8,multiplicity_adjusted_threshold_pass,1091,6000,0.18183333333333335
discovery,joint_gaussian_regularized_cluster,5,1.0,0.25,9,control_adjusted_contrast_pass,1086,6000,0.181
discovery,joint_gaussian_regularized_cluster,5,1.0,0.25,10,control_specificity_pass,1086,6000,0.181
discovery,joint_gaussian_regularized_cluster,5,1.0,0.5,1,support_available_pass,5995,6000,0.9991666666666666
discovery,joint_gaussian_regularized_cluster,5,1.0,0.5,2,complement_admissible_pass,5871,6000,0.9785
discovery,joint_gaussian_regularized_cluster,5,1.0,0.5,3,effect_direction_reproduced_pass,4922,6000,0.8203333333333334
discovery,joint_gaussian_regularized_cluster,5,1.0,0.5,4,target_contrast_positive_pass,4922,6000,0.8203333333333334
discovery,joint_gaussian_regularized_cluster,5,1.0,0.5,5,minimum_effect_pass,4919,6000,0.8198333333333333
discovery,joint_gaussian_regularized_cluster,5,1.0,0.5,6,cluster_uncertainty_pass,2261,6000,0.37683333333333335
discovery,joint_gaussian_regularized_cluster,5,1.0,0.5,7,raw_statistical_threshold_pass,1085,6000,0.18083333333333335
discovery,joint_gaussian_regularized_cluster,5,1.0,0.5,8,multiplicity_adjusted_threshold_pass,1085,6000,0.18083333333333335
discovery,joint_gaussian_regularized_cluster,5,1.0,0.5,9,control_adjusted_contrast_pass,1007,6000,0.16783333333333333
discovery,joint_gaussian_regularized_cluster,5,1.0,0.5,10,control_specificity_pass,1007,6000,0.16783333333333333
discovery,joint_gaussian_regularized_cluster,5,1.0,1.0,1,support_available_pass,5997,6000,0.9995
discovery,joint_gaussian_regularized_cluster,5,1.0,1.0,2,complement_admissible_pass,5883,6000,0.9805
discovery,joint_gaussian_regularized_cluster,5,1.0,1.0,3,effect_direction_reproduced_pass,4977,6000,0.8295
discovery,joint_gaussian_regularized_cluster,5,1.0,1.0,4,target_contrast_positive_pass,4977,6000,0.8295
discovery,joint_gaussian_regularized_cluster,5,1.0,1.0,5,minimum_effect_pass,4974,6000,0.829
discovery,joint_gaussian_regularized_cluster,5,1.0,1.0,6,cluster_uncertainty_pass,2280,6000,0.38
discovery,joint_gaussian_regularized_cluster,5,1.0,1.0,7,raw_statistical_threshold_pass,1080,6000,0.18
discovery,joint_gaussian_regularized_cluster,5,1.0,1.0,8,multiplicity_adjusted_threshold_pass,1080,6000,0.18
discovery,joint_gaussian_regularized_cluster,5,1.0,1.0,9,control_adjusted_contrast_pass,407,6000,0.06783333333333333
discovery,joint_gaussian_regularized_cluster,5,1.0,1.0,10,control_specificity_pass,407,6000,0.06783333333333333
discovery,joint_gaussian_regularized_cluster,5,1.5,0.0,1,support_available_pass,5996,6000,0.9993333333333333
discovery,joint_gaussian_regularized_cluster,5,1.5,0.0,2,complement_admissible_pass,5891,6000,0.9818333333333333
discovery,joint_gaussian_regularized_cluster,5,1.5,0.0,3,effect_direction_reproduced_pass,4988,6000,0.8313333333333334
discovery,joint_gaussian_regularized_cluster,5,1.5,0.0,4,target_contrast_positive_pass,4988,6000,0.8313333333333334
discovery,joint_gaussian_regularized_cluster,5,1.5,0.0,5,minimum_effect_pass,4987,6000,0.8311666666666667
discovery,joint_gaussian_regularized_cluster,5,1.5,0.0,6,cluster_uncertainty_pass,2331,6000,0.3885
discovery,joint_gaussian_regularized_cluster,5,1.5,0.0,7,raw_statistical_threshold_pass,1188,6000,0.198
discovery,joint_gaussian_regularized_cluster,5,1.5,0.0,8,multiplicity_adjusted_threshold_pass,1188,6000,0.198
discovery,joint_gaussian_regularized_cluster,5,1.5,0.0,9,control_adjusted_contrast_pass,1188,6000,0.198
discovery,joint_gaussian_regularized_cluster,5,1.5,0.0,10,control_specificity_pass,1188,6000,0.198
discovery,joint_gaussian_regularized_cluster,5,1.5,0.25,1,support_available_pass,5997,6000,0.9995
discovery,joint_gaussian_regularized_cluster,5,1.5,0.25,2,complement_admissible_pass,5877,6000,0.9795
discovery,joint_gaussian_regularized_cluster,5,1.5,0.25,3,effect_direction_reproduced_pass,4880,6000,0.8133333333333334
discovery,joint_gaussian_regularized_cluster,5,1.5,0.25,4,target_contrast_positive_pass,4880,6000,0.8133333333333334
discovery,joint_gaussian_regularized_cluster,5,1.5,0.25,5,minimum_effect_pass,4880,6000,0.8133333333333334
discovery,joint_gaussian_regularized_cluster,5,1.5,0.25,6,cluster_uncertainty_pass,2315,6000,0.3858333333333333
discovery,joint_gaussian_regularized_cluster,5,1.5,0.25,7,raw_statistical_threshold_pass,1251,6000,0.2085
discovery,joint_gaussian_regularized_cluster,5,1.5,0.25,8,multiplicity_adjusted_threshold_pass,1251,6000,0.2085
discovery,joint_gaussian_regularized_cluster,5,1.5,0.25,9,control_adjusted_contrast_pass,1247,6000,0.20783333333333334
discovery,joint_gaussian_regularized_cluster,5,1.5,0.25,10,control_specificity_pass,1247,6000,0.20783333333333334
discovery,joint_gaussian_regularized_cluster,5,1.5,0.5,1,support_available_pass,5993,6000,0.9988333333333334
discovery,joint_gaussian_regularized_cluster,5,1.5,0.5,2,complement_admissible_pass,5867,6000,0.9778333333333333
discovery,joint_gaussian_regularized_cluster,5,1.5,0.5,3,effect_direction_reproduced_pass,4913,6000,0.8188333333333333
discovery,joint_gaussian_regularized_cluster,5,1.5,0.5,4,target_contrast_positive_pass,4913,6000,0.8188333333333333
discovery,joint_gaussian_regularized_cluster,5,1.5,0.5,5,minimum_effect_pass,4913,6000,0.8188333333333333
discovery,joint_gaussian_regularized_cluster,5,1.5,0.5,6,cluster_uncertainty_pass,2321,6000,0.3868333333333333
discovery,joint_gaussian_regularized_cluster,5,1.5,0.5,7,raw_statistical_threshold_pass,1242,6000,0.207
discovery,joint_gaussian_regularized_cluster,5,1.5,0.5,8,multiplicity_adjusted_threshold_pass,1242,6000,0.207
discovery,joint_gaussian_regularized_cluster,5,1.5,0.5,9,control_adjusted_contrast_pass,1163,6000,0.19383333333333333
discovery,joint_gaussian_regularized_cluster,5,1.5,0.5,10,control_specificity_pass,1163,6000,0.19383333333333333
discovery,joint_gaussian_regularized_cluster,5,1.5,1.0,1,support_available_pass,5997,6000,0.9995
discovery,joint_gaussian_regularized_cluster,5,1.5,1.0,2,complement_admissible_pass,5880,6000,0.98
discovery,joint_gaussian_regularized_cluster,5,1.5,1.0,3,effect_direction_reproduced_pass,4952,6000,0.8253333333333334
discovery,joint_gaussian_regularized_cluster,5,1.5,1.0,4,target_contrast_positive_pass,4952,6000,0.8253333333333334
discovery,joint_gaussian_regularized_cluster,5,1.5,1.0,5,minimum_effect_pass,4952,6000,0.8253333333333334
discovery,joint_gaussian_regularized_cluster,5,1.5,1.0,6,cluster_uncertainty_pass,2291,6000,0.38183333333333336
discovery,joint_gaussian_regularized_cluster,5,1.5,1.0,7,raw_statistical_threshold_pass,1219,6000,0.20316666666666666
discovery,joint_gaussian_regularized_cluster,5,1.5,1.0,8,multiplicity_adjusted_threshold_pass,1219,6000,0.20316666666666666
discovery,joint_gaussian_regularized_cluster,5,1.5,1.0,9,control_adjusted_contrast_pass,437,6000,0.07283333333333333
discovery,joint_gaussian_regularized_cluster,5,1.5,1.0,10,control_specificity_pass,437,6000,0.07283333333333333
discovery,joint_gaussian_regularized_cluster,5,2.0,0.0,1,support_available_pass,5995,6000,0.9991666666666666
discovery,joint_gaussian_regularized_cluster,5,2.0,0.0,2,complement_admissible_pass,5886,6000,0.981
discovery,joint_gaussian_regularized_cluster,5,2.0,0.0,3,effect_direction_reproduced_pass,4962,6000,0.827
discovery,joint_gaussian_regularized_cluster,5,2.0,0.0,4,target_contrast_positive_pass,4962,6000,0.827
discovery,joint_gaussian_regularized_cluster,5,2.0,0.0,5,minimum_effect_pass,4962,6000,0.827
discovery,joint_gaussian_regularized_cluster,5,2.0,0.0,6,cluster_uncertainty_pass,2315,6000,0.3858333333333333
discovery,joint_gaussian_regularized_cluster,5,2.0,0.0,7,raw_statistical_threshold_pass,1210,6000,0.20166666666666666
discovery,joint_gaussian_regularized_cluster,5,2.0,0.0,8,multiplicity_adjusted_threshold_pass,1210,6000,0.20166666666666666
discovery,joint_gaussian_regularized_cluster,5,2.0,0.0,9,control_adjusted_contrast_pass,1210,6000,0.20166666666666666
discovery,joint_gaussian_regularized_cluster,5,2.0,0.0,10,control_specificity_pass,1210,6000,0.20166666666666666
discovery,joint_gaussian_regularized_cluster,5,2.0,0.25,1,support_available_pass,5995,6000,0.9991666666666666
discovery,joint_gaussian_regularized_cluster,5,2.0,0.25,2,complement_admissible_pass,5884,6000,0.9806666666666667
discovery,joint_gaussian_regularized_cluster,5,2.0,0.25,3,effect_direction_reproduced_pass,4912,6000,0.8186666666666667
discovery,joint_gaussian_regularized_cluster,5,2.0,0.25,4,target_contrast_positive_pass,4912,6000,0.8186666666666667
discovery,joint_gaussian_regularized_cluster,5,2.0,0.25,5,minimum_effect_pass,4912,6000,0.8186666666666667
discovery,joint_gaussian_regularized_cluster,5,2.0,0.25,6,cluster_uncertainty_pass,2341,6000,0.39016666666666666
discovery,joint_gaussian_regularized_cluster,5,2.0,0.25,7,raw_statistical_threshold_pass,1286,6000,0.21433333333333332
discovery,joint_gaussian_regularized_cluster,5,2.0,0.25,8,multiplicity_adjusted_threshold_pass,1286,6000,0.21433333333333332
discovery,joint_gaussian_regularized_cluster,5,2.0,0.25,9,control_adjusted_contrast_pass,1285,6000,0.21416666666666667
discovery,joint_gaussian_regularized_cluster,5,2.0,0.25,10,control_specificity_pass,1285,6000,0.21416666666666667
discovery,joint_gaussian_regularized_cluster,5,2.0,0.5,1,support_available_pass,5998,6000,0.9996666666666667
discovery,joint_gaussian_regularized_cluster,5,2.0,0.5,2,complement_admissible_pass,5884,6000,0.9806666666666667
discovery,joint_gaussian_regularized_cluster,5,2.0,0.5,3,effect_direction_reproduced_pass,4965,6000,0.8275
discovery,joint_gaussian_regularized_cluster,5,2.0,0.5,4,target_contrast_positive_pass,4965,6000,0.8275
discovery,joint_gaussian_regularized_cluster,5,2.0,0.5,5,minimum_effect_pass,4965,6000,0.8275
discovery,joint_gaussian_regularized_cluster,5,2.0,0.5,6,cluster_uncertainty_pass,2312,6000,0.38533333333333336
discovery,joint_gaussian_regularized_cluster,5,2.0,0.5,7,raw_statistical_threshold_pass,1287,6000,0.2145
discovery,joint_gaussian_regularized_cluster,5,2.0,0.5,8,multiplicity_adjusted_threshold_pass,1287,6000,0.2145
discovery,joint_gaussian_regularized_cluster,5,2.0,0.5,9,control_adjusted_contrast_pass,1221,6000,0.2035
discovery,joint_gaussian_regularized_cluster,5,2.0,0.5,10,control_specificity_pass,1221,6000,0.2035
discovery,joint_gaussian_regularized_cluster,5,2.0,1.0,1,support_available_pass,5996,6000,0.9993333333333333
discovery,joint_gaussian_regularized_cluster,5,2.0,1.0,2,complement_admissible_pass,5881,6000,0.9801666666666666
discovery,joint_gaussian_regularized_cluster,5,2.0,1.0,3,effect_direction_reproduced_pass,4960,6000,0.8266666666666667
discovery,joint_gaussian_regularized_cluster,5,2.0,1.0,4,target_contrast_positive_pass,4960,6000,0.8266666666666667
discovery,joint_gaussian_regularized_cluster,5,2.0,1.0,5,minimum_effect_pass,4960,6000,0.8266666666666667
discovery,joint_gaussian_regularized_cluster,5,2.0,1.0,6,cluster_uncertainty_pass,2330,6000,0.3883333333333333
discovery,joint_gaussian_regularized_cluster,5,2.0,1.0,7,raw_statistical_threshold_pass,1235,6000,0.20583333333333334
discovery,joint_gaussian_regularized_cluster,5,2.0,1.0,8,multiplicity_adjusted_threshold_pass,1235,6000,0.20583333333333334
discovery,joint_gaussian_regularized_cluster,5,2.0,1.0,9,control_adjusted_contrast_pass,387,6000,0.0645
discovery,joint_gaussian_regularized_cluster,5,2.0,1.0,10,control_specificity_pass,387,6000,0.0645
discovery,joint_gaussian_regularized_cluster,6,0.0,0.0,1,support_available_pass,5999,6000,0.9998333333333334
discovery,joint_gaussian_regularized_cluster,6,0.0,0.0,2,complement_admissible_pass,5962,6000,0.9936666666666667
discovery,joint_gaussian_regularized_cluster,6,0.0,0.0,3,effect_direction_reproduced_pass,0,6000,0.0
discovery,joint_gaussian_regularized_cluster,6,0.0,0.0,4,target_contrast_positive_pass,0,6000,0.0
discovery,joint_gaussian_regularized_cluster,6,0.0,0.0,5,minimum_effect_pass,0,6000,0.0
discovery,joint_gaussian_regularized_cluster,6,0.0,0.0,6,cluster_uncertainty_pass,0,6000,0.0
discovery,joint_gaussian_regularized_cluster,6,0.0,0.0,7,raw_statistical_threshold_pass,0,6000,0.0
discovery,joint_gaussian_regularized_cluster,6,0.0,0.0,8,multiplicity_adjusted_threshold_pass,0,6000,0.0
discovery,joint_gaussian_regularized_cluster,6,0.0,0.0,9,control_adjusted_contrast_pass,0,6000,0.0
discovery,joint_gaussian_regularized_cluster,6,0.0,0.0,10,control_specificity_pass,0,6000,0.0
discovery,joint_gaussian_regularized_cluster,6,0.25,0.0,1,support_available_pass,5999,6000,0.9998333333333334
discovery,joint_gaussian_regularized_cluster,6,0.25,0.0,2,complement_admissible_pass,5961,6000,0.9935
discovery,joint_gaussian_regularized_cluster,6,0.25,0.0,3,effect_direction_reproduced_pass,5153,6000,0.8588333333333333
discovery,joint_gaussian_regularized_cluster,6,0.25,0.0,4,target_contrast_positive_pass,5153,6000,0.8588333333333333
discovery,joint_gaussian_regularized_cluster,6,0.25,0.0,5,minimum_effect_pass,4274,6000,0.7123333333333334
discovery,joint_gaussian_regularized_cluster,6,0.25,0.0,6,cluster_uncertainty_pass,1328,6000,0.22133333333333333
discovery,joint_gaussian_regularized_cluster,6,0.25,0.0,7,raw_statistical_threshold_pass,466,6000,0.07766666666666666
discovery,joint_gaussian_regularized_cluster,6,0.25,0.0,8,multiplicity_adjusted_threshold_pass,466,6000,0.07766666666666666
discovery,joint_gaussian_regularized_cluster,6,0.25,0.0,9,control_adjusted_contrast_pass,466,6000,0.07766666666666666
discovery,joint_gaussian_regularized_cluster,6,0.25,0.0,10,control_specificity_pass,466,6000,0.07766666666666666
discovery,joint_gaussian_regularized_cluster,6,0.25,0.25,1,support_available_pass,5999,6000,0.9998333333333334
discovery,joint_gaussian_regularized_cluster,6,0.25,0.25,2,complement_admissible_pass,5964,6000,0.994
discovery,joint_gaussian_regularized_cluster,6,0.25,0.25,3,effect_direction_reproduced_pass,5167,6000,0.8611666666666666
discovery,joint_gaussian_regularized_cluster,6,0.25,0.25,4,target_contrast_positive_pass,5167,6000,0.8611666666666666
discovery,joint_gaussian_regularized_cluster,6,0.25,0.25,5,minimum_effect_pass,4202,6000,0.7003333333333334
discovery,joint_gaussian_regularized_cluster,6,0.25,0.25,6,cluster_uncertainty_pass,1311,6000,0.2185
discovery,joint_gaussian_regularized_cluster,6,0.25,0.25,7,raw_statistical_threshold_pass,461,6000,0.07683333333333334
discovery,joint_gaussian_regularized_cluster,6,0.25,0.25,8,multiplicity_adjusted_threshold_pass,461,6000,0.07683333333333334
discovery,joint_gaussian_regularized_cluster,6,0.25,0.25,9,control_adjusted_contrast_pass,459,6000,0.0765
discovery,joint_gaussian_regularized_cluster,6,0.25,0.25,10,control_specificity_pass,459,6000,0.0765
discovery,joint_gaussian_regularized_cluster,6,0.25,0.5,1,support_available_pass,5999,6000,0.9998333333333334
discovery,joint_gaussian_regularized_cluster,6,0.25,0.5,2,complement_admissible_pass,5969,6000,0.9948333333333333
discovery,joint_gaussian_regularized_cluster,6,0.25,0.5,3,effect_direction_reproduced_pass,5141,6000,0.8568333333333333
discovery,joint_gaussian_regularized_cluster,6,0.25,0.5,4,target_contrast_positive_pass,5141,6000,0.8568333333333333
discovery,joint_gaussian_regularized_cluster,6,0.25,0.5,5,minimum_effect_pass,4209,6000,0.7015
discovery,joint_gaussian_regularized_cluster,6,0.25,0.5,6,cluster_uncertainty_pass,1288,6000,0.21466666666666667
discovery,joint_gaussian_regularized_cluster,6,0.25,0.5,7,raw_statistical_threshold_pass,480,6000,0.08
discovery,joint_gaussian_regularized_cluster,6,0.25,0.5,8,multiplicity_adjusted_threshold_pass,480,6000,0.08
discovery,joint_gaussian_regularized_cluster,6,0.25,0.5,9,control_adjusted_contrast_pass,425,6000,0.07083333333333333
discovery,joint_gaussian_regularized_cluster,6,0.25,0.5,10,control_specificity_pass,425,6000,0.07083333333333333
discovery,joint_gaussian_regularized_cluster,6,0.25,1.0,1,support_available_pass,6000,6000,1.0
discovery,joint_gaussian_regularized_cluster,6,0.25,1.0,2,complement_admissible_pass,5970,6000,0.995
discovery,joint_gaussian_regularized_cluster,6,0.25,1.0,3,effect_direction_reproduced_pass,5122,6000,0.8536666666666667
discovery,joint_gaussian_regularized_cluster,6,0.25,1.0,4,target_contrast_positive_pass,5122,6000,0.8536666666666667
discovery,joint_gaussian_regularized_cluster,6,0.25,1.0,5,minimum_effect_pass,4251,6000,0.7085
discovery,joint_gaussian_regularized_cluster,6,0.25,1.0,6,cluster_uncertainty_pass,1323,6000,0.2205
discovery,joint_gaussian_regularized_cluster,6,0.25,1.0,7,raw_statistical_threshold_pass,469,6000,0.07816666666666666
discovery,joint_gaussian_regularized_cluster,6,0.25,1.0,8,multiplicity_adjusted_threshold_pass,469,6000,0.07816666666666666
discovery,joint_gaussian_regularized_cluster,6,0.25,1.0,9,control_adjusted_contrast_pass,234,6000,0.039
discovery,joint_gaussian_regularized_cluster,6,0.25,1.0,10,control_specificity_pass,234,6000,0.039
discovery,joint_gaussian_regularized_cluster,6,0.5,0.0,1,support_available_pass,5998,6000,0.9996666666666667
discovery,joint_gaussian_regularized_cluster,6,0.5,0.0,2,complement_admissible_pass,5952,6000,0.992
discovery,joint_gaussian_regularized_cluster,6,0.5,0.0,3,effect_direction_reproduced_pass,5239,6000,0.8731666666666666
discovery,joint_gaussian_regularized_cluster,6,0.5,0.0,4,target_contrast_positive_pass,5239,6000,0.8731666666666666
discovery,joint_gaussian_regularized_cluster,6,0.5,0.0,5,minimum_effect_pass,5155,6000,0.8591666666666666
discovery,joint_gaussian_regularized_cluster,6,0.5,0.0,6,cluster_uncertainty_pass,2075,6000,0.3458333333333333
discovery,joint_gaussian_regularized_cluster,6,0.5,0.0,7,raw_statistical_threshold_pass,1019,6000,0.16983333333333334
discovery,joint_gaussian_regularized_cluster,6,0.5,0.0,8,multiplicity_adjusted_threshold_pass,1019,6000,0.16983333333333334
discovery,joint_gaussian_regularized_cluster,6,0.5,0.0,9,control_adjusted_contrast_pass,1019,6000,0.16983333333333334
discovery,joint_gaussian_regularized_cluster,6,0.5,0.0,10,control_specificity_pass,1019,6000,0.16983333333333334
discovery,joint_gaussian_regularized_cluster,6,0.5,0.25,1,support_available_pass,6000,6000,1.0
discovery,joint_gaussian_regularized_cluster,6,0.5,0.25,2,complement_admissible_pass,5979,6000,0.9965
discovery,joint_gaussian_regularized_cluster,6,0.5,0.25,3,effect_direction_reproduced_pass,5278,6000,0.8796666666666667
discovery,joint_gaussian_regularized_cluster,6,0.5,0.25,4,target_contrast_positive_pass,5278,6000,0.8796666666666667
discovery,joint_gaussian_regularized_cluster,6,0.5,0.25,5,minimum_effect_pass,5199,6000,0.8665
discovery,joint_gaussian_regularized_cluster,6,0.5,0.25,6,cluster_uncertainty_pass,2084,6000,0.3473333333333333
discovery,joint_gaussian_regularized_cluster,6,0.5,0.25,7,raw_statistical_threshold_pass,1042,6000,0.17366666666666666
discovery,joint_gaussian_regularized_cluster,6,0.5,0.25,8,multiplicity_adjusted_threshold_pass,1042,6000,0.17366666666666666
discovery,joint_gaussian_regularized_cluster,6,0.5,0.25,9,control_adjusted_contrast_pass,1032,6000,0.172
discovery,joint_gaussian_regularized_cluster,6,0.5,0.25,10,control_specificity_pass,1032,6000,0.172
discovery,joint_gaussian_regularized_cluster,6,0.5,0.5,1,support_available_pass,5997,6000,0.9995
discovery,joint_gaussian_regularized_cluster,6,0.5,0.5,2,complement_admissible_pass,5960,6000,0.9933333333333333
discovery,joint_gaussian_regularized_cluster,6,0.5,0.5,3,effect_direction_reproduced_pass,5261,6000,0.8768333333333334
discovery,joint_gaussian_regularized_cluster,6,0.5,0.5,4,target_contrast_positive_pass,5261,6000,0.8768333333333334
discovery,joint_gaussian_regularized_cluster,6,0.5,0.5,5,minimum_effect_pass,5200,6000,0.8666666666666667
discovery,joint_gaussian_regularized_cluster,6,0.5,0.5,6,cluster_uncertainty_pass,2135,6000,0.35583333333333333
discovery,joint_gaussian_regularized_cluster,6,0.5,0.5,7,raw_statistical_threshold_pass,1112,6000,0.18533333333333332
discovery,joint_gaussian_regularized_cluster,6,0.5,0.5,8,multiplicity_adjusted_threshold_pass,1112,6000,0.18533333333333332
discovery,joint_gaussian_regularized_cluster,6,0.5,0.5,9,control_adjusted_contrast_pass,1010,6000,0.16833333333333333
discovery,joint_gaussian_regularized_cluster,6,0.5,0.5,10,control_specificity_pass,1010,6000,0.16833333333333333
discovery,joint_gaussian_regularized_cluster,6,0.5,1.0,1,support_available_pass,5999,6000,0.9998333333333334
discovery,joint_gaussian_regularized_cluster,6,0.5,1.0,2,complement_admissible_pass,5964,6000,0.994
discovery,joint_gaussian_regularized_cluster,6,0.5,1.0,3,effect_direction_reproduced_pass,5275,6000,0.8791666666666667
discovery,joint_gaussian_regularized_cluster,6,0.5,1.0,4,target_contrast_positive_pass,5275,6000,0.8791666666666667
discovery,joint_gaussian_regularized_cluster,6,0.5,1.0,5,minimum_effect_pass,5196,6000,0.866
discovery,joint_gaussian_regularized_cluster,6,0.5,1.0,6,cluster_uncertainty_pass,2091,6000,0.3485
discovery,joint_gaussian_regularized_cluster,6,0.5,1.0,7,raw_statistical_threshold_pass,1093,6000,0.18216666666666667
discovery,joint_gaussian_regularized_cluster,6,0.5,1.0,8,multiplicity_adjusted_threshold_pass,1093,6000,0.18216666666666667
discovery,joint_gaussian_regularized_cluster,6,0.5,1.0,9,control_adjusted_contrast_pass,459,6000,0.0765
discovery,joint_gaussian_regularized_cluster,6,0.5,1.0,10,control_specificity_pass,459,6000,0.0765
discovery,joint_gaussian_regularized_cluster,6,0.75,0.0,1,support_available_pass,5997,6000,0.9995
discovery,joint_gaussian_regularized_cluster,6,0.75,0.0,2,complement_admissible_pass,5973,6000,0.9955
discovery,joint_gaussian_regularized_cluster,6,0.75,0.0,3,effect_direction_reproduced_pass,5246,6000,0.8743333333333333
discovery,joint_gaussian_regularized_cluster,6,0.75,0.0,4,target_contrast_positive_pass,5246,6000,0.8743333333333333
discovery,joint_gaussian_regularized_cluster,6,0.75,0.0,5,minimum_effect_pass,5238,6000,0.873
discovery,joint_gaussian_regularized_cluster,6,0.75,0.0,6,cluster_uncertainty_pass,2339,6000,0.3898333333333333
discovery,joint_gaussian_regularized_cluster,6,0.75,0.0,7,raw_statistical_threshold_pass,1382,6000,0.23033333333333333
discovery,joint_gaussian_regularized_cluster,6,0.75,0.0,8,multiplicity_adjusted_threshold_pass,1382,6000,0.23033333333333333
discovery,joint_gaussian_regularized_cluster,6,0.75,0.0,9,control_adjusted_contrast_pass,1382,6000,0.23033333333333333
discovery,joint_gaussian_regularized_cluster,6,0.75,0.0,10,control_specificity_pass,1382,6000,0.23033333333333333
discovery,joint_gaussian_regularized_cluster,6,0.75,0.25,1,support_available_pass,5999,6000,0.9998333333333334
discovery,joint_gaussian_regularized_cluster,6,0.75,0.25,2,complement_admissible_pass,5967,6000,0.9945
discovery,joint_gaussian_regularized_cluster,6,0.75,0.25,3,effect_direction_reproduced_pass,5221,6000,0.8701666666666666
discovery,joint_gaussian_regularized_cluster,6,0.75,0.25,4,target_contrast_positive_pass,5221,6000,0.8701666666666666
discovery,joint_gaussian_regularized_cluster,6,0.75,0.25,5,minimum_effect_pass,5213,6000,0.8688333333333333
discovery,joint_gaussian_regularized_cluster,6,0.75,0.25,6,cluster_uncertainty_pass,2355,6000,0.3925
discovery,joint_gaussian_regularized_cluster,6,0.75,0.25,7,raw_statistical_threshold_pass,1410,6000,0.235
discovery,joint_gaussian_regularized_cluster,6,0.75,0.25,8,multiplicity_adjusted_threshold_pass,1410,6000,0.235
discovery,joint_gaussian_regularized_cluster,6,0.75,0.25,9,control_adjusted_contrast_pass,1405,6000,0.23416666666666666
discovery,joint_gaussian_regularized_cluster,6,0.75,0.25,10,control_specificity_pass,1405,6000,0.23416666666666666
discovery,joint_gaussian_regularized_cluster,6,0.75,0.5,1,support_available_pass,6000,6000,1.0
discovery,joint_gaussian_regularized_cluster,6,0.75,0.5,2,complement_admissible_pass,5978,6000,0.9963333333333333
discovery,joint_gaussian_regularized_cluster,6,0.75,0.5,3,effect_direction_reproduced_pass,5253,6000,0.8755
discovery,joint_gaussian_regularized_cluster,6,0.75,0.5,4,target_contrast_positive_pass,5253,6000,0.8755
discovery,joint_gaussian_regularized_cluster,6,0.75,0.5,5,minimum_effect_pass,5246,6000,0.8743333333333333
discovery,joint_gaussian_regularized_cluster,6,0.75,0.5,6,cluster_uncertainty_pass,2344,6000,0.39066666666666666
discovery,joint_gaussian_regularized_cluster,6,0.75,0.5,7,raw_statistical_threshold_pass,1349,6000,0.22483333333333333
discovery,joint_gaussian_regularized_cluster,6,0.75,0.5,8,multiplicity_adjusted_threshold_pass,1349,6000,0.22483333333333333
discovery,joint_gaussian_regularized_cluster,6,0.75,0.5,9,control_adjusted_contrast_pass,1239,6000,0.2065
discovery,joint_gaussian_regularized_cluster,6,0.75,0.5,10,control_specificity_pass,1239,6000,0.2065
discovery,joint_gaussian_regularized_cluster,6,0.75,1.0,1,support_available_pass,6000,6000,1.0
discovery,joint_gaussian_regularized_cluster,6,0.75,1.0,2,complement_admissible_pass,5962,6000,0.9936666666666667
discovery,joint_gaussian_regularized_cluster,6,0.75,1.0,3,effect_direction_reproduced_pass,5276,6000,0.8793333333333333
discovery,joint_gaussian_regularized_cluster,6,0.75,1.0,4,target_contrast_positive_pass,5276,6000,0.8793333333333333
discovery,joint_gaussian_regularized_cluster,6,0.75,1.0,5,minimum_effect_pass,5269,6000,0.8781666666666667
discovery,joint_gaussian_regularized_cluster,6,0.75,1.0,6,cluster_uncertainty_pass,2359,6000,0.39316666666666666
discovery,joint_gaussian_regularized_cluster,6,0.75,1.0,7,raw_statistical_threshold_pass,1382,6000,0.23033333333333333
discovery,joint_gaussian_regularized_cluster,6,0.75,1.0,8,multiplicity_adjusted_threshold_pass,1382,6000,0.23033333333333333
discovery,joint_gaussian_regularized_cluster,6,0.75,1.0,9,control_adjusted_contrast_pass,560,6000,0.09333333333333334
discovery,joint_gaussian_regularized_cluster,6,0.75,1.0,10,control_specificity_pass,560,6000,0.09333333333333334
discovery,joint_gaussian_regularized_cluster,6,1.0,0.0,1,support_available_pass,5998,6000,0.9996666666666667
discovery,joint_gaussian_regularized_cluster,6,1.0,0.0,2,complement_admissible_pass,5955,6000,0.9925
discovery,joint_gaussian_regularized_cluster,6,1.0,0.0,3,effect_direction_reproduced_pass,5215,6000,0.8691666666666666
discovery,joint_gaussian_regularized_cluster,6,1.0,0.0,4,target_contrast_positive_pass,5215,6000,0.8691666666666666
discovery,joint_gaussian_regularized_cluster,6,1.0,0.0,5,minimum_effect_pass,5215,6000,0.8691666666666666
discovery,joint_gaussian_regularized_cluster,6,1.0,0.0,6,cluster_uncertainty_pass,2424,6000,0.404
discovery,joint_gaussian_regularized_cluster,6,1.0,0.0,7,raw_statistical_threshold_pass,1512,6000,0.252
discovery,joint_gaussian_regularized_cluster,6,1.0,0.0,8,multiplicity_adjusted_threshold_pass,1512,6000,0.252
discovery,joint_gaussian_regularized_cluster,6,1.0,0.0,9,control_adjusted_contrast_pass,1512,6000,0.252
discovery,joint_gaussian_regularized_cluster,6,1.0,0.0,10,control_specificity_pass,1512,6000,0.252
discovery,joint_gaussian_regularized_cluster,6,1.0,0.25,1,support_available_pass,5999,6000,0.9998333333333334
discovery,joint_gaussian_regularized_cluster,6,1.0,0.25,2,complement_admissible_pass,5976,6000,0.996
discovery,joint_gaussian_regularized_cluster,6,1.0,0.25,3,effect_direction_reproduced_pass,5209,6000,0.8681666666666666
discovery,joint_gaussian_regularized_cluster,6,1.0,0.25,4,target_contrast_positive_pass,5209,6000,0.8681666666666666
discovery,joint_gaussian_regularized_cluster,6,1.0,0.25,5,minimum_effect_pass,5208,6000,0.868
discovery,joint_gaussian_regularized_cluster,6,1.0,0.25,6,cluster_uncertainty_pass,2410,6000,0.40166666666666667
discovery,joint_gaussian_regularized_cluster,6,1.0,0.25,7,raw_statistical_threshold_pass,1534,6000,0.25566666666666665
discovery,joint_gaussian_regularized_cluster,6,1.0,0.25,8,multiplicity_adjusted_threshold_pass,1534,6000,0.25566666666666665
discovery,joint_gaussian_regularized_cluster,6,1.0,0.25,9,control_adjusted_contrast_pass,1524,6000,0.254
discovery,joint_gaussian_regularized_cluster,6,1.0,0.25,10,control_specificity_pass,1524,6000,0.254
discovery,joint_gaussian_regularized_cluster,6,1.0,0.5,1,support_available_pass,5998,6000,0.9996666666666667
discovery,joint_gaussian_regularized_cluster,6,1.0,0.5,2,complement_admissible_pass,5963,6000,0.9938333333333333
discovery,joint_gaussian_regularized_cluster,6,1.0,0.5,3,effect_direction_reproduced_pass,5240,6000,0.8733333333333333
discovery,joint_gaussian_regularized_cluster,6,1.0,0.5,4,target_contrast_positive_pass,5240,6000,0.8733333333333333
discovery,joint_gaussian_regularized_cluster,6,1.0,0.5,5,minimum_effect_pass,5239,6000,0.8731666666666666
discovery,joint_gaussian_regularized_cluster,6,1.0,0.5,6,cluster_uncertainty_pass,2419,6000,0.4031666666666667
discovery,joint_gaussian_regularized_cluster,6,1.0,0.5,7,raw_statistical_threshold_pass,1525,6000,0.25416666666666665
discovery,joint_gaussian_regularized_cluster,6,1.0,0.5,8,multiplicity_adjusted_threshold_pass,1525,6000,0.25416666666666665
discovery,joint_gaussian_regularized_cluster,6,1.0,0.5,9,control_adjusted_contrast_pass,1432,6000,0.23866666666666667
discovery,joint_gaussian_regularized_cluster,6,1.0,0.5,10,control_specificity_pass,1432,6000,0.23866666666666667
discovery,joint_gaussian_regularized_cluster,6,1.0,1.0,1,support_available_pass,6000,6000,1.0
discovery,joint_gaussian_regularized_cluster,6,1.0,1.0,2,complement_admissible_pass,5963,6000,0.9938333333333333
discovery,joint_gaussian_regularized_cluster,6,1.0,1.0,3,effect_direction_reproduced_pass,5260,6000,0.8766666666666667
discovery,joint_gaussian_regularized_cluster,6,1.0,1.0,4,target_contrast_positive_pass,5260,6000,0.8766666666666667
discovery,joint_gaussian_regularized_cluster,6,1.0,1.0,5,minimum_effect_pass,5259,6000,0.8765
discovery,joint_gaussian_regularized_cluster,6,1.0,1.0,6,cluster_uncertainty_pass,2411,6000,0.4018333333333333
discovery,joint_gaussian_regularized_cluster,6,1.0,1.0,7,raw_statistical_threshold_pass,1512,6000,0.252
discovery,joint_gaussian_regularized_cluster,6,1.0,1.0,8,multiplicity_adjusted_threshold_pass,1512,6000,0.252
discovery,joint_gaussian_regularized_cluster,6,1.0,1.0,9,control_adjusted_contrast_pass,557,6000,0.09283333333333334
discovery,joint_gaussian_regularized_cluster,6,1.0,1.0,10,control_specificity_pass,557,6000,0.09283333333333334
discovery,joint_gaussian_regularized_cluster,6,1.5,0.0,1,support_available_pass,5999,6000,0.9998333333333334
discovery,joint_gaussian_regularized_cluster,6,1.5,0.0,2,complement_admissible_pass,5973,6000,0.9955
discovery,joint_gaussian_regularized_cluster,6,1.5,0.0,3,effect_direction_reproduced_pass,5269,6000,0.8781666666666667
discovery,joint_gaussian_regularized_cluster,6,1.5,0.0,4,target_contrast_positive_pass,5269,6000,0.8781666666666667
discovery,joint_gaussian_regularized_cluster,6,1.5,0.0,5,minimum_effect_pass,5268,6000,0.878
discovery,joint_gaussian_regularized_cluster,6,1.5,0.0,6,cluster_uncertainty_pass,2462,6000,0.4103333333333333
discovery,joint_gaussian_regularized_cluster,6,1.5,0.0,7,raw_statistical_threshold_pass,1620,6000,0.27
discovery,joint_gaussian_regularized_cluster,6,1.5,0.0,8,multiplicity_adjusted_threshold_pass,1620,6000,0.27
discovery,joint_gaussian_regularized_cluster,6,1.5,0.0,9,control_adjusted_contrast_pass,1620,6000,0.27
discovery,joint_gaussian_regularized_cluster,6,1.5,0.0,10,control_specificity_pass,1620,6000,0.27
discovery,joint_gaussian_regularized_cluster,6,1.5,0.25,1,support_available_pass,5999,6000,0.9998333333333334
discovery,joint_gaussian_regularized_cluster,6,1.5,0.25,2,complement_admissible_pass,5971,6000,0.9951666666666666
discovery,joint_gaussian_regularized_cluster,6,1.5,0.25,3,effect_direction_reproduced_pass,5168,6000,0.8613333333333333
discovery,joint_gaussian_regularized_cluster,6,1.5,0.25,4,target_contrast_positive_pass,5168,6000,0.8613333333333333
discovery,joint_gaussian_regularized_cluster,6,1.5,0.25,5,minimum_effect_pass,5168,6000,0.8613333333333333
discovery,joint_gaussian_regularized_cluster,6,1.5,0.25,6,cluster_uncertainty_pass,2450,6000,0.4083333333333333
discovery,joint_gaussian_regularized_cluster,6,1.5,0.25,7,raw_statistical_threshold_pass,1686,6000,0.281
discovery,joint_gaussian_regularized_cluster,6,1.5,0.25,8,multiplicity_adjusted_threshold_pass,1686,6000,0.281
discovery,joint_gaussian_regularized_cluster,6,1.5,0.25,9,control_adjusted_contrast_pass,1683,6000,0.2805
discovery,joint_gaussian_regularized_cluster,6,1.5,0.25,10,control_specificity_pass,1683,6000,0.2805
discovery,joint_gaussian_regularized_cluster,6,1.5,0.5,1,support_available_pass,5999,6000,0.9998333333333334
discovery,joint_gaussian_regularized_cluster,6,1.5,0.5,2,complement_admissible_pass,5959,6000,0.9931666666666666
discovery,joint_gaussian_regularized_cluster,6,1.5,0.5,3,effect_direction_reproduced_pass,5238,6000,0.873
discovery,joint_gaussian_regularized_cluster,6,1.5,0.5,4,target_contrast_positive_pass,5238,6000,0.873
discovery,joint_gaussian_regularized_cluster,6,1.5,0.5,5,minimum_effect_pass,5238,6000,0.873
discovery,joint_gaussian_regularized_cluster,6,1.5,0.5,6,cluster_uncertainty_pass,2447,6000,0.4078333333333333
discovery,joint_gaussian_regularized_cluster,6,1.5,0.5,7,raw_statistical_threshold_pass,1668,6000,0.278
discovery,joint_gaussian_regularized_cluster,6,1.5,0.5,8,multiplicity_adjusted_threshold_pass,1668,6000,0.278
discovery,joint_gaussian_regularized_cluster,6,1.5,0.5,9,control_adjusted_contrast_pass,1570,6000,0.26166666666666666
discovery,joint_gaussian_regularized_cluster,6,1.5,0.5,10,control_specificity_pass,1570,6000,0.26166666666666666
discovery,joint_gaussian_regularized_cluster,6,1.5,1.0,1,support_available_pass,5998,6000,0.9996666666666667
discovery,joint_gaussian_regularized_cluster,6,1.5,1.0,2,complement_admissible_pass,5967,6000,0.9945
discovery,joint_gaussian_regularized_cluster,6,1.5,1.0,3,effect_direction_reproduced_pass,5261,6000,0.8768333333333334
discovery,joint_gaussian_regularized_cluster,6,1.5,1.0,4,target_contrast_positive_pass,5261,6000,0.8768333333333334
discovery,joint_gaussian_regularized_cluster,6,1.5,1.0,5,minimum_effect_pass,5261,6000,0.8768333333333334
discovery,joint_gaussian_regularized_cluster,6,1.5,1.0,6,cluster_uncertainty_pass,2428,6000,0.4046666666666667
discovery,joint_gaussian_regularized_cluster,6,1.5,1.0,7,raw_statistical_threshold_pass,1653,6000,0.2755
discovery,joint_gaussian_regularized_cluster,6,1.5,1.0,8,multiplicity_adjusted_threshold_pass,1653,6000,0.2755
discovery,joint_gaussian_regularized_cluster,6,1.5,1.0,9,control_adjusted_contrast_pass,576,6000,0.096
discovery,joint_gaussian_regularized_cluster,6,1.5,1.0,10,control_specificity_pass,576,6000,0.096
discovery,joint_gaussian_regularized_cluster,6,2.0,0.0,1,support_available_pass,5999,6000,0.9998333333333334
discovery,joint_gaussian_regularized_cluster,6,2.0,0.0,2,complement_admissible_pass,5969,6000,0.9948333333333333
discovery,joint_gaussian_regularized_cluster,6,2.0,0.0,3,effect_direction_reproduced_pass,5244,6000,0.874
discovery,joint_gaussian_regularized_cluster,6,2.0,0.0,4,target_contrast_positive_pass,5244,6000,0.874
discovery,joint_gaussian_regularized_cluster,6,2.0,0.0,5,minimum_effect_pass,5244,6000,0.874
discovery,joint_gaussian_regularized_cluster,6,2.0,0.0,6,cluster_uncertainty_pass,2430,6000,0.405
discovery,joint_gaussian_regularized_cluster,6,2.0,0.0,7,raw_statistical_threshold_pass,1698,6000,0.283
discovery,joint_gaussian_regularized_cluster,6,2.0,0.0,8,multiplicity_adjusted_threshold_pass,1698,6000,0.283
discovery,joint_gaussian_regularized_cluster,6,2.0,0.0,9,control_adjusted_contrast_pass,1698,6000,0.283
discovery,joint_gaussian_regularized_cluster,6,2.0,0.0,10,control_specificity_pass,1698,6000,0.283
discovery,joint_gaussian_regularized_cluster,6,2.0,0.25,1,support_available_pass,6000,6000,1.0
discovery,joint_gaussian_regularized_cluster,6,2.0,0.25,2,complement_admissible_pass,5958,6000,0.993
discovery,joint_gaussian_regularized_cluster,6,2.0,0.25,3,effect_direction_reproduced_pass,5230,6000,0.8716666666666667
discovery,joint_gaussian_regularized_cluster,6,2.0,0.25,4,target_contrast_positive_pass,5230,6000,0.8716666666666667
discovery,joint_gaussian_regularized_cluster,6,2.0,0.25,5,minimum_effect_pass,5230,6000,0.8716666666666667
discovery,joint_gaussian_regularized_cluster,6,2.0,0.25,6,cluster_uncertainty_pass,2457,6000,0.4095
discovery,joint_gaussian_regularized_cluster,6,2.0,0.25,7,raw_statistical_threshold_pass,1690,6000,0.2816666666666667
discovery,joint_gaussian_regularized_cluster,6,2.0,0.25,8,multiplicity_adjusted_threshold_pass,1690,6000,0.2816666666666667
discovery,joint_gaussian_regularized_cluster,6,2.0,0.25,9,control_adjusted_contrast_pass,1688,6000,0.2813333333333333
discovery,joint_gaussian_regularized_cluster,6,2.0,0.25,10,control_specificity_pass,1688,6000,0.2813333333333333
discovery,joint_gaussian_regularized_cluster,6,2.0,0.5,1,support_available_pass,5999,6000,0.9998333333333334
discovery,joint_gaussian_regularized_cluster,6,2.0,0.5,2,complement_admissible_pass,5970,6000,0.995
discovery,joint_gaussian_regularized_cluster,6,2.0,0.5,3,effect_direction_reproduced_pass,5272,6000,0.8786666666666667
discovery,joint_gaussian_regularized_cluster,6,2.0,0.5,4,target_contrast_positive_pass,5272,6000,0.8786666666666667
discovery,joint_gaussian_regularized_cluster,6,2.0,0.5,5,minimum_effect_pass,5272,6000,0.8786666666666667
discovery,joint_gaussian_regularized_cluster,6,2.0,0.5,6,cluster_uncertainty_pass,2440,6000,0.4066666666666667
discovery,joint_gaussian_regularized_cluster,6,2.0,0.5,7,raw_statistical_threshold_pass,1673,6000,0.2788333333333333
discovery,joint_gaussian_regularized_cluster,6,2.0,0.5,8,multiplicity_adjusted_threshold_pass,1673,6000,0.2788333333333333
discovery,joint_gaussian_regularized_cluster,6,2.0,0.5,9,control_adjusted_contrast_pass,1594,6000,0.26566666666666666
discovery,joint_gaussian_regularized_cluster,6,2.0,0.5,10,control_specificity_pass,1594,6000,0.26566666666666666
discovery,joint_gaussian_regularized_cluster,6,2.0,1.0,1,support_available_pass,5998,6000,0.9996666666666667
discovery,joint_gaussian_regularized_cluster,6,2.0,1.0,2,complement_admissible_pass,5968,6000,0.9946666666666667
discovery,joint_gaussian_regularized_cluster,6,2.0,1.0,3,effect_direction_reproduced_pass,5253,6000,0.8755
discovery,joint_gaussian_regularized_cluster,6,2.0,1.0,4,target_contrast_positive_pass,5253,6000,0.8755
discovery,joint_gaussian_regularized_cluster,6,2.0,1.0,5,minimum_effect_pass,5253,6000,0.8755
discovery,joint_gaussian_regularized_cluster,6,2.0,1.0,6,cluster_uncertainty_pass,2449,6000,0.4081666666666667
discovery,joint_gaussian_regularized_cluster,6,2.0,1.0,7,raw_statistical_threshold_pass,1684,6000,0.2806666666666667
discovery,joint_gaussian_regularized_cluster,6,2.0,1.0,8,multiplicity_adjusted_threshold_pass,1684,6000,0.2806666666666667
discovery,joint_gaussian_regularized_cluster,6,2.0,1.0,9,control_adjusted_contrast_pass,521,6000,0.08683333333333333
discovery,joint_gaussian_regularized_cluster,6,2.0,1.0,10,control_specificity_pass,521,6000,0.08683333333333333
discovery,joint_gaussian_regularized_cluster,8,0.0,0.0,1,support_available_pass,6000,6000,1.0
discovery,joint_gaussian_regularized_cluster,8,0.0,0.0,2,complement_admissible_pass,5997,6000,0.9995
discovery,joint_gaussian_regularized_cluster,8,0.0,0.0,3,effect_direction_reproduced_pass,0,6000,0.0
discovery,joint_gaussian_regularized_cluster,8,0.0,0.0,4,target_contrast_positive_pass,0,6000,0.0
discovery,joint_gaussian_regularized_cluster,8,0.0,0.0,5,minimum_effect_pass,0,6000,0.0
discovery,joint_gaussian_regularized_cluster,8,0.0,0.0,6,cluster_uncertainty_pass,0,6000,0.0
discovery,joint_gaussian_regularized_cluster,8,0.0,0.0,7,raw_statistical_threshold_pass,0,6000,0.0
discovery,joint_gaussian_regularized_cluster,8,0.0,0.0,8,multiplicity_adjusted_threshold_pass,0,6000,0.0
discovery,joint_gaussian_regularized_cluster,8,0.0,0.0,9,control_adjusted_contrast_pass,0,6000,0.0
discovery,joint_gaussian_regularized_cluster,8,0.0,0.0,10,control_specificity_pass,0,6000,0.0
discovery,joint_gaussian_regularized_cluster,8,0.25,0.0,1,support_available_pass,6000,6000,1.0
discovery,joint_gaussian_regularized_cluster,8,0.25,0.0,2,complement_admissible_pass,5994,6000,0.999
discovery,joint_gaussian_regularized_cluster,8,0.25,0.0,3,effect_direction_reproduced_pass,5547,6000,0.9245
discovery,joint_gaussian_regularized_cluster,8,0.25,0.0,4,target_contrast_positive_pass,5547,6000,0.9245
discovery,joint_gaussian_regularized_cluster,8,0.25,0.0,5,minimum_effect_pass,4758,6000,0.793
discovery,joint_gaussian_regularized_cluster,8,0.25,0.0,6,cluster_uncertainty_pass,1690,6000,0.2816666666666667
discovery,joint_gaussian_regularized_cluster,8,0.25,0.0,7,raw_statistical_threshold_pass,930,6000,0.155
discovery,joint_gaussian_regularized_cluster,8,0.25,0.0,8,multiplicity_adjusted_threshold_pass,930,6000,0.155
discovery,joint_gaussian_regularized_cluster,8,0.25,0.0,9,control_adjusted_contrast_pass,930,6000,0.155
discovery,joint_gaussian_regularized_cluster,8,0.25,0.0,10,control_specificity_pass,930,6000,0.155
discovery,joint_gaussian_regularized_cluster,8,0.25,0.25,1,support_available_pass,5999,6000,0.9998333333333334
discovery,joint_gaussian_regularized_cluster,8,0.25,0.25,2,complement_admissible_pass,5998,6000,0.9996666666666667
discovery,joint_gaussian_regularized_cluster,8,0.25,0.25,3,effect_direction_reproduced_pass,5572,6000,0.9286666666666666
discovery,joint_gaussian_regularized_cluster,8,0.25,0.25,4,target_contrast_positive_pass,5572,6000,0.9286666666666666
discovery,joint_gaussian_regularized_cluster,8,0.25,0.25,5,minimum_effect_pass,4730,6000,0.7883333333333333
discovery,joint_gaussian_regularized_cluster,8,0.25,0.25,6,cluster_uncertainty_pass,1692,6000,0.282
discovery,joint_gaussian_regularized_cluster,8,0.25,0.25,7,raw_statistical_threshold_pass,921,6000,0.1535
discovery,joint_gaussian_regularized_cluster,8,0.25,0.25,8,multiplicity_adjusted_threshold_pass,921,6000,0.1535
discovery,joint_gaussian_regularized_cluster,8,0.25,0.25,9,control_adjusted_contrast_pass,907,6000,0.15116666666666667
discovery,joint_gaussian_regularized_cluster,8,0.25,0.25,10,control_specificity_pass,907,6000,0.15116666666666667
discovery,joint_gaussian_regularized_cluster,8,0.25,0.5,1,support_available_pass,6000,6000,1.0
discovery,joint_gaussian_regularized_cluster,8,0.25,0.5,2,complement_admissible_pass,5997,6000,0.9995
discovery,joint_gaussian_regularized_cluster,8,0.25,0.5,3,effect_direction_reproduced_pass,5559,6000,0.9265
discovery,joint_gaussian_regularized_cluster,8,0.25,0.5,4,target_contrast_positive_pass,5559,6000,0.9265
discovery,joint_gaussian_regularized_cluster,8,0.25,0.5,5,minimum_effect_pass,4741,6000,0.7901666666666667
discovery,joint_gaussian_regularized_cluster,8,0.25,0.5,6,cluster_uncertainty_pass,1698,6000,0.283
discovery,joint_gaussian_regularized_cluster,8,0.25,0.5,7,raw_statistical_threshold_pass,919,6000,0.15316666666666667
discovery,joint_gaussian_regularized_cluster,8,0.25,0.5,8,multiplicity_adjusted_threshold_pass,919,6000,0.15316666666666667
discovery,joint_gaussian_regularized_cluster,8,0.25,0.5,9,control_adjusted_contrast_pass,777,6000,0.1295
discovery,joint_gaussian_regularized_cluster,8,0.25,0.5,10,control_specificity_pass,777,6000,0.1295
discovery,joint_gaussian_regularized_cluster,8,0.25,1.0,1,support_available_pass,6000,6000,1.0
discovery,joint_gaussian_regularized_cluster,8,0.25,1.0,2,complement_admissible_pass,5998,6000,0.9996666666666667
discovery,joint_gaussian_regularized_cluster,8,0.25,1.0,3,effect_direction_reproduced_pass,5533,6000,0.9221666666666667
discovery,joint_gaussian_regularized_cluster,8,0.25,1.0,4,target_contrast_positive_pass,5533,6000,0.9221666666666667
discovery,joint_gaussian_regularized_cluster,8,0.25,1.0,5,minimum_effect_pass,4729,6000,0.7881666666666667
discovery,joint_gaussian_regularized_cluster,8,0.25,1.0,6,cluster_uncertainty_pass,1712,6000,0.2853333333333333
discovery,joint_gaussian_regularized_cluster,8,0.25,1.0,7,raw_statistical_threshold_pass,940,6000,0.15666666666666668
discovery,joint_gaussian_regularized_cluster,8,0.25,1.0,8,multiplicity_adjusted_threshold_pass,940,6000,0.15666666666666668
discovery,joint_gaussian_regularized_cluster,8,0.25,1.0,9,control_adjusted_contrast_pass,420,6000,0.07
discovery,joint_gaussian_regularized_cluster,8,0.25,1.0,10,control_specificity_pass,420,6000,0.07
discovery,joint_gaussian_regularized_cluster,8,0.5,0.0,1,support_available_pass,6000,6000,1.0
discovery,joint_gaussian_regularized_cluster,8,0.5,0.0,2,complement_admissible_pass,5993,6000,0.9988333333333334
discovery,joint_gaussian_regularized_cluster,8,0.5,0.0,3,effect_direction_reproduced_pass,5562,6000,0.927
discovery,joint_gaussian_regularized_cluster,8,0.5,0.0,4,target_contrast_positive_pass,5562,6000,0.927
discovery,joint_gaussian_regularized_cluster,8,0.5,0.0,5,minimum_effect_pass,5514,6000,0.919
discovery,joint_gaussian_regularized_cluster,8,0.5,0.0,6,cluster_uncertainty_pass,2414,6000,0.4023333333333333
discovery,joint_gaussian_regularized_cluster,8,0.5,0.0,7,raw_statistical_threshold_pass,1605,6000,0.2675
discovery,joint_gaussian_regularized_cluster,8,0.5,0.0,8,multiplicity_adjusted_threshold_pass,1605,6000,0.2675
discovery,joint_gaussian_regularized_cluster,8,0.5,0.0,9,control_adjusted_contrast_pass,1605,6000,0.2675
discovery,joint_gaussian_regularized_cluster,8,0.5,0.0,10,control_specificity_pass,1605,6000,0.2675
discovery,joint_gaussian_regularized_cluster,8,0.5,0.25,1,support_available_pass,6000,6000,1.0
discovery,joint_gaussian_regularized_cluster,8,0.5,0.25,2,complement_admissible_pass,6000,6000,1.0
discovery,joint_gaussian_regularized_cluster,8,0.5,0.25,3,effect_direction_reproduced_pass,5616,6000,0.936
discovery,joint_gaussian_regularized_cluster,8,0.5,0.25,4,target_contrast_positive_pass,5616,6000,0.936
discovery,joint_gaussian_regularized_cluster,8,0.5,0.25,5,minimum_effect_pass,5576,6000,0.9293333333333333
discovery,joint_gaussian_regularized_cluster,8,0.5,0.25,6,cluster_uncertainty_pass,2428,6000,0.4046666666666667
discovery,joint_gaussian_regularized_cluster,8,0.5,0.25,7,raw_statistical_threshold_pass,1630,6000,0.27166666666666667
discovery,joint_gaussian_regularized_cluster,8,0.5,0.25,8,multiplicity_adjusted_threshold_pass,1630,6000,0.27166666666666667
discovery,joint_gaussian_regularized_cluster,8,0.5,0.25,9,control_adjusted_contrast_pass,1615,6000,0.26916666666666667
discovery,joint_gaussian_regularized_cluster,8,0.5,0.25,10,control_specificity_pass,1615,6000,0.26916666666666667
discovery,joint_gaussian_regularized_cluster,8,0.5,0.5,1,support_available_pass,6000,6000,1.0
discovery,joint_gaussian_regularized_cluster,8,0.5,0.5,2,complement_admissible_pass,5995,6000,0.9991666666666666
discovery,joint_gaussian_regularized_cluster,8,0.5,0.5,3,effect_direction_reproduced_pass,5592,6000,0.932
discovery,joint_gaussian_regularized_cluster,8,0.5,0.5,4,target_contrast_positive_pass,5592,6000,0.932
discovery,joint_gaussian_regularized_cluster,8,0.5,0.5,5,minimum_effect_pass,5563,6000,0.9271666666666667
discovery,joint_gaussian_regularized_cluster,8,0.5,0.5,6,cluster_uncertainty_pass,2444,6000,0.4073333333333333
discovery,joint_gaussian_regularized_cluster,8,0.5,0.5,7,raw_statistical_threshold_pass,1671,6000,0.2785
discovery,joint_gaussian_regularized_cluster,8,0.5,0.5,8,multiplicity_adjusted_threshold_pass,1671,6000,0.2785
discovery,joint_gaussian_regularized_cluster,8,0.5,0.5,9,control_adjusted_contrast_pass,1493,6000,0.24883333333333332
discovery,joint_gaussian_regularized_cluster,8,0.5,0.5,10,control_specificity_pass,1493,6000,0.24883333333333332
discovery,joint_gaussian_regularized_cluster,8,0.5,1.0,1,support_available_pass,6000,6000,1.0
discovery,joint_gaussian_regularized_cluster,8,0.5,1.0,2,complement_admissible_pass,5998,6000,0.9996666666666667
discovery,joint_gaussian_regularized_cluster,8,0.5,1.0,3,effect_direction_reproduced_pass,5619,6000,0.9365
discovery,joint_gaussian_regularized_cluster,8,0.5,1.0,4,target_contrast_positive_pass,5619,6000,0.9365
discovery,joint_gaussian_regularized_cluster,8,0.5,1.0,5,minimum_effect_pass,5583,6000,0.9305
discovery,joint_gaussian_regularized_cluster,8,0.5,1.0,6,cluster_uncertainty_pass,2406,6000,0.401
discovery,joint_gaussian_regularized_cluster,8,0.5,1.0,7,raw_statistical_threshold_pass,1646,6000,0.2743333333333333
discovery,joint_gaussian_regularized_cluster,8,0.5,1.0,8,multiplicity_adjusted_threshold_pass,1646,6000,0.2743333333333333
discovery,joint_gaussian_regularized_cluster,8,0.5,1.0,9,control_adjusted_contrast_pass,602,6000,0.10033333333333333
discovery,joint_gaussian_regularized_cluster,8,0.5,1.0,10,control_specificity_pass,602,6000,0.10033333333333333
discovery,joint_gaussian_regularized_cluster,8,0.75,0.0,1,support_available_pass,5999,6000,0.9998333333333334
discovery,joint_gaussian_regularized_cluster,8,0.75,0.0,2,complement_admissible_pass,5997,6000,0.9995
discovery,joint_gaussian_regularized_cluster,8,0.75,0.0,3,effect_direction_reproduced_pass,5578,6000,0.9296666666666666
discovery,joint_gaussian_regularized_cluster,8,0.75,0.0,4,target_contrast_positive_pass,5578,6000,0.9296666666666666
discovery,joint_gaussian_regularized_cluster,8,0.75,0.0,5,minimum_effect_pass,5578,6000,0.9296666666666666
discovery,joint_gaussian_regularized_cluster,8,0.75,0.0,6,cluster_uncertainty_pass,2583,6000,0.4305
discovery,joint_gaussian_regularized_cluster,8,0.75,0.0,7,raw_statistical_threshold_pass,1924,6000,0.32066666666666666
discovery,joint_gaussian_regularized_cluster,8,0.75,0.0,8,multiplicity_adjusted_threshold_pass,1924,6000,0.32066666666666666
discovery,joint_gaussian_regularized_cluster,8,0.75,0.0,9,control_adjusted_contrast_pass,1924,6000,0.32066666666666666
discovery,joint_gaussian_regularized_cluster,8,0.75,0.0,10,control_specificity_pass,1924,6000,0.32066666666666666
discovery,joint_gaussian_regularized_cluster,8,0.75,0.25,1,support_available_pass,5999,6000,0.9998333333333334
discovery,joint_gaussian_regularized_cluster,8,0.75,0.25,2,complement_admissible_pass,5997,6000,0.9995
discovery,joint_gaussian_regularized_cluster,8,0.75,0.25,3,effect_direction_reproduced_pass,5574,6000,0.929
discovery,joint_gaussian_regularized_cluster,8,0.75,0.25,4,target_contrast_positive_pass,5574,6000,0.929
discovery,joint_gaussian_regularized_cluster,8,0.75,0.25,5,minimum_effect_pass,5571,6000,0.9285
discovery,joint_gaussian_regularized_cluster,8,0.75,0.25,6,cluster_uncertainty_pass,2588,6000,0.43133333333333335
discovery,joint_gaussian_regularized_cluster,8,0.75,0.25,7,raw_statistical_threshold_pass,1934,6000,0.32233333333333336
discovery,joint_gaussian_regularized_cluster,8,0.75,0.25,8,multiplicity_adjusted_threshold_pass,1934,6000,0.32233333333333336
discovery,joint_gaussian_regularized_cluster,8,0.75,0.25,9,control_adjusted_contrast_pass,1927,6000,0.32116666666666666
discovery,joint_gaussian_regularized_cluster,8,0.75,0.25,10,control_specificity_pass,1927,6000,0.32116666666666666
discovery,joint_gaussian_regularized_cluster,8,0.75,0.5,1,support_available_pass,6000,6000,1.0
discovery,joint_gaussian_regularized_cluster,8,0.75,0.5,2,complement_admissible_pass,5996,6000,0.9993333333333333
discovery,joint_gaussian_regularized_cluster,8,0.75,0.5,3,effect_direction_reproduced_pass,5572,6000,0.9286666666666666
discovery,joint_gaussian_regularized_cluster,8,0.75,0.5,4,target_contrast_positive_pass,5572,6000,0.9286666666666666
discovery,joint_gaussian_regularized_cluster,8,0.75,0.5,5,minimum_effect_pass,5572,6000,0.9286666666666666
discovery,joint_gaussian_regularized_cluster,8,0.75,0.5,6,cluster_uncertainty_pass,2584,6000,0.43066666666666664
discovery,joint_gaussian_regularized_cluster,8,0.75,0.5,7,raw_statistical_threshold_pass,1908,6000,0.318
discovery,joint_gaussian_regularized_cluster,8,0.75,0.5,8,multiplicity_adjusted_threshold_pass,1908,6000,0.318
discovery,joint_gaussian_regularized_cluster,8,0.75,0.5,9,control_adjusted_contrast_pass,1752,6000,0.292
discovery,joint_gaussian_regularized_cluster,8,0.75,0.5,10,control_specificity_pass,1752,6000,0.292
discovery,joint_gaussian_regularized_cluster,8,0.75,1.0,1,support_available_pass,6000,6000,1.0
discovery,joint_gaussian_regularized_cluster,8,0.75,1.0,2,complement_admissible_pass,5999,6000,0.9998333333333334
discovery,joint_gaussian_regularized_cluster,8,0.75,1.0,3,effect_direction_reproduced_pass,5635,6000,0.9391666666666667
discovery,joint_gaussian_regularized_cluster,8,0.75,1.0,4,target_contrast_positive_pass,5635,6000,0.9391666666666667
discovery,joint_gaussian_regularized_cluster,8,0.75,1.0,5,minimum_effect_pass,5632,6000,0.9386666666666666
discovery,joint_gaussian_regularized_cluster,8,0.75,1.0,6,cluster_uncertainty_pass,2604,6000,0.434
discovery,joint_gaussian_regularized_cluster,8,0.75,1.0,7,raw_statistical_threshold_pass,1902,6000,0.317
discovery,joint_gaussian_regularized_cluster,8,0.75,1.0,8,multiplicity_adjusted_threshold_pass,1902,6000,0.317
discovery,joint_gaussian_regularized_cluster,8,0.75,1.0,9,control_adjusted_contrast_pass,677,6000,0.11283333333333333
discovery,joint_gaussian_regularized_cluster,8,0.75,1.0,10,control_specificity_pass,677,6000,0.11283333333333333
discovery,joint_gaussian_regularized_cluster,8,1.0,0.0,1,support_available_pass,6000,6000,1.0
discovery,joint_gaussian_regularized_cluster,8,1.0,0.0,2,complement_admissible_pass,5995,6000,0.9991666666666666
discovery,joint_gaussian_regularized_cluster,8,1.0,0.0,3,effect_direction_reproduced_pass,5592,6000,0.932
discovery,joint_gaussian_regularized_cluster,8,1.0,0.0,4,target_contrast_positive_pass,5592,6000,0.932
discovery,joint_gaussian_regularized_cluster,8,1.0,0.0,5,minimum_effect_pass,5591,6000,0.9318333333333333
discovery,joint_gaussian_regularized_cluster,8,1.0,0.0,6,cluster_uncertainty_pass,2600,6000,0.43333333333333335
discovery,joint_gaussian_regularized_cluster,8,1.0,0.0,7,raw_statistical_threshold_pass,2007,6000,0.3345
discovery,joint_gaussian_regularized_cluster,8,1.0,0.0,8,multiplicity_adjusted_threshold_pass,2007,6000,0.3345
discovery,joint_gaussian_regularized_cluster,8,1.0,0.0,9,control_adjusted_contrast_pass,2007,6000,0.3345
discovery,joint_gaussian_regularized_cluster,8,1.0,0.0,10,control_specificity_pass,2007,6000,0.3345
discovery,joint_gaussian_regularized_cluster,8,1.0,0.25,1,support_available_pass,6000,6000,1.0
discovery,joint_gaussian_regularized_cluster,8,1.0,0.25,2,complement_admissible_pass,5999,6000,0.9998333333333334
discovery,joint_gaussian_regularized_cluster,8,1.0,0.25,3,effect_direction_reproduced_pass,5546,6000,0.9243333333333333
discovery,joint_gaussian_regularized_cluster,8,1.0,0.25,4,target_contrast_positive_pass,5546,6000,0.9243333333333333
discovery,joint_gaussian_regularized_cluster,8,1.0,0.25,5,minimum_effect_pass,5546,6000,0.9243333333333333
discovery,joint_gaussian_regularized_cluster,8,1.0,0.25,6,cluster_uncertainty_pass,2607,6000,0.4345
discovery,joint_gaussian_regularized_cluster,8,1.0,0.25,7,raw_statistical_threshold_pass,1976,6000,0.3293333333333333
discovery,joint_gaussian_regularized_cluster,8,1.0,0.25,8,multiplicity_adjusted_threshold_pass,1976,6000,0.3293333333333333
discovery,joint_gaussian_regularized_cluster,8,1.0,0.25,9,control_adjusted_contrast_pass,1970,6000,0.3283333333333333
discovery,joint_gaussian_regularized_cluster,8,1.0,0.25,10,control_specificity_pass,1970,6000,0.3283333333333333
discovery,joint_gaussian_regularized_cluster,8,1.0,0.5,1,support_available_pass,6000,6000,1.0
discovery,joint_gaussian_regularized_cluster,8,1.0,0.5,2,complement_admissible_pass,5993,6000,0.9988333333333334
discovery,joint_gaussian_regularized_cluster,8,1.0,0.5,3,effect_direction_reproduced_pass,5588,6000,0.9313333333333333
discovery,joint_gaussian_regularized_cluster,8,1.0,0.5,4,target_contrast_positive_pass,5588,6000,0.9313333333333333
discovery,joint_gaussian_regularized_cluster,8,1.0,0.5,5,minimum_effect_pass,5588,6000,0.9313333333333333
discovery,joint_gaussian_regularized_cluster,8,1.0,0.5,6,cluster_uncertainty_pass,2606,6000,0.43433333333333335
discovery,joint_gaussian_regularized_cluster,8,1.0,0.5,7,raw_statistical_threshold_pass,1982,6000,0.3303333333333333
discovery,joint_gaussian_regularized_cluster,8,1.0,0.5,8,multiplicity_adjusted_threshold_pass,1982,6000,0.3303333333333333
discovery,joint_gaussian_regularized_cluster,8,1.0,0.5,9,control_adjusted_contrast_pass,1869,6000,0.3115
discovery,joint_gaussian_regularized_cluster,8,1.0,0.5,10,control_specificity_pass,1869,6000,0.3115
discovery,joint_gaussian_regularized_cluster,8,1.0,1.0,1,support_available_pass,6000,6000,1.0
discovery,joint_gaussian_regularized_cluster,8,1.0,1.0,2,complement_admissible_pass,5995,6000,0.9991666666666666
discovery,joint_gaussian_regularized_cluster,8,1.0,1.0,3,effect_direction_reproduced_pass,5608,6000,0.9346666666666666
discovery,joint_gaussian_regularized_cluster,8,1.0,1.0,4,target_contrast_positive_pass,5608,6000,0.9346666666666666
discovery,joint_gaussian_regularized_cluster,8,1.0,1.0,5,minimum_effect_pass,5608,6000,0.9346666666666666
discovery,joint_gaussian_regularized_cluster,8,1.0,1.0,6,cluster_uncertainty_pass,2625,6000,0.4375
discovery,joint_gaussian_regularized_cluster,8,1.0,1.0,7,raw_statistical_threshold_pass,1986,6000,0.331
discovery,joint_gaussian_regularized_cluster,8,1.0,1.0,8,multiplicity_adjusted_threshold_pass,1986,6000,0.331
discovery,joint_gaussian_regularized_cluster,8,1.0,1.0,9,control_adjusted_contrast_pass,679,6000,0.11316666666666667
discovery,joint_gaussian_regularized_cluster,8,1.0,1.0,10,control_specificity_pass,679,6000,0.11316666666666667
discovery,joint_gaussian_regularized_cluster,8,1.5,0.0,1,support_available_pass,6000,6000,1.0
discovery,joint_gaussian_regularized_cluster,8,1.5,0.0,2,complement_admissible_pass,5998,6000,0.9996666666666667
discovery,joint_gaussian_regularized_cluster,8,1.5,0.0,3,effect_direction_reproduced_pass,5610,6000,0.935
discovery,joint_gaussian_regularized_cluster,8,1.5,0.0,4,target_contrast_positive_pass,5610,6000,0.935
discovery,joint_gaussian_regularized_cluster,8,1.5,0.0,5,minimum_effect_pass,5610,6000,0.935
discovery,joint_gaussian_regularized_cluster,8,1.5,0.0,6,cluster_uncertainty_pass,2625,6000,0.4375
discovery,joint_gaussian_regularized_cluster,8,1.5,0.0,7,raw_statistical_threshold_pass,2049,6000,0.3415
discovery,joint_gaussian_regularized_cluster,8,1.5,0.0,8,multiplicity_adjusted_threshold_pass,2049,6000,0.3415
discovery,joint_gaussian_regularized_cluster,8,1.5,0.0,9,control_adjusted_contrast_pass,2049,6000,0.3415
discovery,joint_gaussian_regularized_cluster,8,1.5,0.0,10,control_specificity_pass,2049,6000,0.3415
discovery,joint_gaussian_regularized_cluster,8,1.5,0.25,1,support_available_pass,6000,6000,1.0
discovery,joint_gaussian_regularized_cluster,8,1.5,0.25,2,complement_admissible_pass,5997,6000,0.9995
discovery,joint_gaussian_regularized_cluster,8,1.5,0.25,3,effect_direction_reproduced_pass,5549,6000,0.9248333333333333
discovery,joint_gaussian_regularized_cluster,8,1.5,0.25,4,target_contrast_positive_pass,5549,6000,0.9248333333333333
discovery,joint_gaussian_regularized_cluster,8,1.5,0.25,5,minimum_effect_pass,5549,6000,0.9248333333333333
discovery,joint_gaussian_regularized_cluster,8,1.5,0.25,6,cluster_uncertainty_pass,2630,6000,0.43833333333333335
discovery,joint_gaussian_regularized_cluster,8,1.5,0.25,7,raw_statistical_threshold_pass,2048,6000,0.3413333333333333
discovery,joint_gaussian_regularized_cluster,8,1.5,0.25,8,multiplicity_adjusted_threshold_pass,2048,6000,0.3413333333333333
discovery,joint_gaussian_regularized_cluster,8,1.5,0.25,9,control_adjusted_contrast_pass,2047,6000,0.3411666666666667
discovery,joint_gaussian_regularized_cluster,8,1.5,0.25,10,control_specificity_pass,2047,6000,0.3411666666666667
discovery,joint_gaussian_regularized_cluster,8,1.5,0.5,1,support_available_pass,6000,6000,1.0
discovery,joint_gaussian_regularized_cluster,8,1.5,0.5,2,complement_admissible_pass,5996,6000,0.9993333333333333
discovery,joint_gaussian_regularized_cluster,8,1.5,0.5,3,effect_direction_reproduced_pass,5607,6000,0.9345
discovery,joint_gaussian_regularized_cluster,8,1.5,0.5,4,target_contrast_positive_pass,5607,6000,0.9345
discovery,joint_gaussian_regularized_cluster,8,1.5,0.5,5,minimum_effect_pass,5607,6000,0.9345
discovery,joint_gaussian_regularized_cluster,8,1.5,0.5,6,cluster_uncertainty_pass,2608,6000,0.43466666666666665
discovery,joint_gaussian_regularized_cluster,8,1.5,0.5,7,raw_statistical_threshold_pass,2025,6000,0.3375
discovery,joint_gaussian_regularized_cluster,8,1.5,0.5,8,multiplicity_adjusted_threshold_pass,2025,6000,0.3375
discovery,joint_gaussian_regularized_cluster,8,1.5,0.5,9,control_adjusted_contrast_pass,1939,6000,0.32316666666666666
discovery,joint_gaussian_regularized_cluster,8,1.5,0.5,10,control_specificity_pass,1939,6000,0.32316666666666666
discovery,joint_gaussian_regularized_cluster,8,1.5,1.0,1,support_available_pass,6000,6000,1.0
discovery,joint_gaussian_regularized_cluster,8,1.5,1.0,2,complement_admissible_pass,5998,6000,0.9996666666666667
discovery,joint_gaussian_regularized_cluster,8,1.5,1.0,3,effect_direction_reproduced_pass,5618,6000,0.9363333333333334
discovery,joint_gaussian_regularized_cluster,8,1.5,1.0,4,target_contrast_positive_pass,5618,6000,0.9363333333333334
discovery,joint_gaussian_regularized_cluster,8,1.5,1.0,5,minimum_effect_pass,5618,6000,0.9363333333333334
discovery,joint_gaussian_regularized_cluster,8,1.5,1.0,6,cluster_uncertainty_pass,2627,6000,0.43783333333333335
discovery,joint_gaussian_regularized_cluster,8,1.5,1.0,7,raw_statistical_threshold_pass,2040,6000,0.34
discovery,joint_gaussian_regularized_cluster,8,1.5,1.0,8,multiplicity_adjusted_threshold_pass,2040,6000,0.34
discovery,joint_gaussian_regularized_cluster,8,1.5,1.0,9,control_adjusted_contrast_pass,633,6000,0.1055
discovery,joint_gaussian_regularized_cluster,8,1.5,1.0,10,control_specificity_pass,633,6000,0.1055
discovery,joint_gaussian_regularized_cluster,8,2.0,0.0,1,support_available_pass,6000,6000,1.0
discovery,joint_gaussian_regularized_cluster,8,2.0,0.0,2,complement_admissible_pass,5998,6000,0.9996666666666667
discovery,joint_gaussian_regularized_cluster,8,2.0,0.0,3,effect_direction_reproduced_pass,5609,6000,0.9348333333333333
discovery,joint_gaussian_regularized_cluster,8,2.0,0.0,4,target_contrast_positive_pass,5609,6000,0.9348333333333333
discovery,joint_gaussian_regularized_cluster,8,2.0,0.0,5,minimum_effect_pass,5609,6000,0.9348333333333333
discovery,joint_gaussian_regularized_cluster,8,2.0,0.0,6,cluster_uncertainty_pass,2615,6000,0.43583333333333335
discovery,joint_gaussian_regularized_cluster,8,2.0,0.0,7,raw_statistical_threshold_pass,2041,6000,0.3401666666666667
discovery,joint_gaussian_regularized_cluster,8,2.0,0.0,8,multiplicity_adjusted_threshold_pass,2041,6000,0.3401666666666667
discovery,joint_gaussian_regularized_cluster,8,2.0,0.0,9,control_adjusted_contrast_pass,2041,6000,0.3401666666666667
discovery,joint_gaussian_regularized_cluster,8,2.0,0.0,10,control_specificity_pass,2041,6000,0.3401666666666667
discovery,joint_gaussian_regularized_cluster,8,2.0,0.25,1,support_available_pass,6000,6000,1.0
discovery,joint_gaussian_regularized_cluster,8,2.0,0.25,2,complement_admissible_pass,5998,6000,0.9996666666666667
discovery,joint_gaussian_regularized_cluster,8,2.0,0.25,3,effect_direction_reproduced_pass,5591,6000,0.9318333333333333
discovery,joint_gaussian_regularized_cluster,8,2.0,0.25,4,target_contrast_positive_pass,5591,6000,0.9318333333333333
discovery,joint_gaussian_regularized_cluster,8,2.0,0.25,5,minimum_effect_pass,5591,6000,0.9318333333333333
discovery,joint_gaussian_regularized_cluster,8,2.0,0.25,6,cluster_uncertainty_pass,2630,6000,0.43833333333333335
discovery,joint_gaussian_regularized_cluster,8,2.0,0.25,7,raw_statistical_threshold_pass,2068,6000,0.3446666666666667
discovery,joint_gaussian_regularized_cluster,8,2.0,0.25,8,multiplicity_adjusted_threshold_pass,2068,6000,0.3446666666666667
discovery,joint_gaussian_regularized_cluster,8,2.0,0.25,9,control_adjusted_contrast_pass,2067,6000,0.3445
discovery,joint_gaussian_regularized_cluster,8,2.0,0.25,10,control_specificity_pass,2067,6000,0.3445
discovery,joint_gaussian_regularized_cluster,8,2.0,0.5,1,support_available_pass,6000,6000,1.0
discovery,joint_gaussian_regularized_cluster,8,2.0,0.5,2,complement_admissible_pass,5999,6000,0.9998333333333334
discovery,joint_gaussian_regularized_cluster,8,2.0,0.5,3,effect_direction_reproduced_pass,5612,6000,0.9353333333333333
discovery,joint_gaussian_regularized_cluster,8,2.0,0.5,4,target_contrast_positive_pass,5612,6000,0.9353333333333333
discovery,joint_gaussian_regularized_cluster,8,2.0,0.5,5,minimum_effect_pass,5612,6000,0.9353333333333333
discovery,joint_gaussian_regularized_cluster,8,2.0,0.5,6,cluster_uncertainty_pass,2621,6000,0.43683333333333335
discovery,joint_gaussian_regularized_cluster,8,2.0,0.5,7,raw_statistical_threshold_pass,2048,6000,0.3413333333333333
discovery,joint_gaussian_regularized_cluster,8,2.0,0.5,8,multiplicity_adjusted_threshold_pass,2048,6000,0.3413333333333333
discovery,joint_gaussian_regularized_cluster,8,2.0,0.5,9,control_adjusted_contrast_pass,1988,6000,0.3313333333333333
discovery,joint_gaussian_regularized_cluster,8,2.0,0.5,10,control_specificity_pass,1988,6000,0.3313333333333333
discovery,joint_gaussian_regularized_cluster,8,2.0,1.0,1,support_available_pass,6000,6000,1.0
discovery,joint_gaussian_regularized_cluster,8,2.0,1.0,2,complement_admissible_pass,5998,6000,0.9996666666666667
discovery,joint_gaussian_regularized_cluster,8,2.0,1.0,3,effect_direction_reproduced_pass,5604,6000,0.934
discovery,joint_gaussian_regularized_cluster,8,2.0,1.0,4,target_contrast_positive_pass,5604,6000,0.934
discovery,joint_gaussian_regularized_cluster,8,2.0,1.0,5,minimum_effect_pass,5604,6000,0.934
discovery,joint_gaussian_regularized_cluster,8,2.0,1.0,6,cluster_uncertainty_pass,2624,6000,0.43733333333333335
discovery,joint_gaussian_regularized_cluster,8,2.0,1.0,7,raw_statistical_threshold_pass,2065,6000,0.3441666666666667
discovery,joint_gaussian_regularized_cluster,8,2.0,1.0,8,multiplicity_adjusted_threshold_pass,2065,6000,0.3441666666666667
discovery,joint_gaussian_regularized_cluster,8,2.0,1.0,9,control_adjusted_contrast_pass,608,6000,0.10133333333333333
discovery,joint_gaussian_regularized_cluster,8,2.0,1.0,10,control_specificity_pass,608,6000,0.10133333333333333
discovery,joint_gaussian_regularized_cluster,10,0.0,0.0,1,support_available_pass,6000,6000,1.0
discovery,joint_gaussian_regularized_cluster,10,0.0,0.0,2,complement_admissible_pass,6000,6000,1.0
discovery,joint_gaussian_regularized_cluster,10,0.0,0.0,3,effect_direction_reproduced_pass,0,6000,0.0
discovery,joint_gaussian_regularized_cluster,10,0.0,0.0,4,target_contrast_positive_pass,0,6000,0.0
discovery,joint_gaussian_regularized_cluster,10,0.0,0.0,5,minimum_effect_pass,0,6000,0.0
discovery,joint_gaussian_regularized_cluster,10,0.0,0.0,6,cluster_uncertainty_pass,0,6000,0.0
discovery,joint_gaussian_regularized_cluster,10,0.0,0.0,7,raw_statistical_threshold_pass,0,6000,0.0
discovery,joint_gaussian_regularized_cluster,10,0.0,0.0,8,multiplicity_adjusted_threshold_pass,0,6000,0.0
discovery,joint_gaussian_regularized_cluster,10,0.0,0.0,9,control_adjusted_contrast_pass,0,6000,0.0
discovery,joint_gaussian_regularized_cluster,10,0.0,0.0,10,control_specificity_pass,0,6000,0.0
discovery,joint_gaussian_regularized_cluster,10,0.25,0.0,1,support_available_pass,6000,6000,1.0
discovery,joint_gaussian_regularized_cluster,10,0.25,0.0,2,complement_admissible_pass,6000,6000,1.0
discovery,joint_gaussian_regularized_cluster,10,0.25,0.0,3,effect_direction_reproduced_pass,5738,6000,0.9563333333333334
discovery,joint_gaussian_regularized_cluster,10,0.25,0.0,4,target_contrast_positive_pass,5738,6000,0.9563333333333334
discovery,joint_gaussian_regularized_cluster,10,0.25,0.0,5,minimum_effect_pass,4992,6000,0.832
discovery,joint_gaussian_regularized_cluster,10,0.25,0.0,6,cluster_uncertainty_pass,2012,6000,0.3353333333333333
discovery,joint_gaussian_regularized_cluster,10,0.25,0.0,7,raw_statistical_threshold_pass,1305,6000,0.2175
discovery,joint_gaussian_regularized_cluster,10,0.25,0.0,8,multiplicity_adjusted_threshold_pass,1305,6000,0.2175
discovery,joint_gaussian_regularized_cluster,10,0.25,0.0,9,control_adjusted_contrast_pass,1305,6000,0.2175
discovery,joint_gaussian_regularized_cluster,10,0.25,0.0,10,control_specificity_pass,1305,6000,0.2175
discovery,joint_gaussian_regularized_cluster,10,0.25,0.25,1,support_available_pass,6000,6000,1.0
discovery,joint_gaussian_regularized_cluster,10,0.25,0.25,2,complement_admissible_pass,5999,6000,0.9998333333333334
discovery,joint_gaussian_regularized_cluster,10,0.25,0.25,3,effect_direction_reproduced_pass,5785,6000,0.9641666666666666
discovery,joint_gaussian_regularized_cluster,10,0.25,0.25,4,target_contrast_positive_pass,5785,6000,0.9641666666666666
discovery,joint_gaussian_regularized_cluster,10,0.25,0.25,5,minimum_effect_pass,5041,6000,0.8401666666666666
discovery,joint_gaussian_regularized_cluster,10,0.25,0.25,6,cluster_uncertainty_pass,1991,6000,0.3318333333333333
discovery,joint_gaussian_regularized_cluster,10,0.25,0.25,7,raw_statistical_threshold_pass,1290,6000,0.215
discovery,joint_gaussian_regularized_cluster,10,0.25,0.25,8,multiplicity_adjusted_threshold_pass,1290,6000,0.215
discovery,joint_gaussian_regularized_cluster,10,0.25,0.25,9,control_adjusted_contrast_pass,1282,6000,0.21366666666666667
discovery,joint_gaussian_regularized_cluster,10,0.25,0.25,10,control_specificity_pass,1282,6000,0.21366666666666667
discovery,joint_gaussian_regularized_cluster,10,0.25,0.5,1,support_available_pass,6000,6000,1.0
discovery,joint_gaussian_regularized_cluster,10,0.25,0.5,2,complement_admissible_pass,6000,6000,1.0
discovery,joint_gaussian_regularized_cluster,10,0.25,0.5,3,effect_direction_reproduced_pass,5746,6000,0.9576666666666667
discovery,joint_gaussian_regularized_cluster,10,0.25,0.5,4,target_contrast_positive_pass,5746,6000,0.9576666666666667
discovery,joint_gaussian_regularized_cluster,10,0.25,0.5,5,minimum_effect_pass,5040,6000,0.84
discovery,joint_gaussian_regularized_cluster,10,0.25,0.5,6,cluster_uncertainty_pass,2029,6000,0.33816666666666667
discovery,joint_gaussian_regularized_cluster,10,0.25,0.5,7,raw_statistical_threshold_pass,1300,6000,0.21666666666666667
discovery,joint_gaussian_regularized_cluster,10,0.25,0.5,8,multiplicity_adjusted_threshold_pass,1300,6000,0.21666666666666667
discovery,joint_gaussian_regularized_cluster,10,0.25,0.5,9,control_adjusted_contrast_pass,1096,6000,0.18266666666666667
discovery,joint_gaussian_regularized_cluster,10,0.25,0.5,10,control_specificity_pass,1096,6000,0.18266666666666667
discovery,joint_gaussian_regularized_cluster,10,0.25,1.0,1,support_available_pass,6000,6000,1.0
discovery,joint_gaussian_regularized_cluster,10,0.25,1.0,2,complement_admissible_pass,6000,6000,1.0
discovery,joint_gaussian_regularized_cluster,10,0.25,1.0,3,effect_direction_reproduced_pass,5751,6000,0.9585
discovery,joint_gaussian_regularized_cluster,10,0.25,1.0,4,target_contrast_positive_pass,5751,6000,0.9585
discovery,joint_gaussian_regularized_cluster,10,0.25,1.0,5,minimum_effect_pass,5031,6000,0.8385
discovery,joint_gaussian_regularized_cluster,10,0.25,1.0,6,cluster_uncertainty_pass,2005,6000,0.33416666666666667
discovery,joint_gaussian_regularized_cluster,10,0.25,1.0,7,raw_statistical_threshold_pass,1304,6000,0.21733333333333332
discovery,joint_gaussian_regularized_cluster,10,0.25,1.0,8,multiplicity_adjusted_threshold_pass,1304,6000,0.21733333333333332
discovery,joint_gaussian_regularized_cluster,10,0.25,1.0,9,control_adjusted_contrast_pass,479,6000,0.07983333333333334
discovery,joint_gaussian_regularized_cluster,10,0.25,1.0,10,control_specificity_pass,479,6000,0.07983333333333334
discovery,joint_gaussian_regularized_cluster,10,0.5,0.0,1,support_available_pass,6000,6000,1.0
discovery,joint_gaussian_regularized_cluster,10,0.5,0.0,2,complement_admissible_pass,6000,6000,1.0
discovery,joint_gaussian_regularized_cluster,10,0.5,0.0,3,effect_direction_reproduced_pass,5768,6000,0.9613333333333334
discovery,joint_gaussian_regularized_cluster,10,0.5,0.0,4,target_contrast_positive_pass,5768,6000,0.9613333333333334
discovery,joint_gaussian_regularized_cluster,10,0.5,0.0,5,minimum_effect_pass,5749,6000,0.9581666666666667
discovery,joint_gaussian_regularized_cluster,10,0.5,0.0,6,cluster_uncertainty_pass,2631,6000,0.4385
discovery,joint_gaussian_regularized_cluster,10,0.5,0.0,7,raw_statistical_threshold_pass,1974,6000,0.329
discovery,joint_gaussian_regularized_cluster,10,0.5,0.0,8,multiplicity_adjusted_threshold_pass,1974,6000,0.329
discovery,joint_gaussian_regularized_cluster,10,0.5,0.0,9,control_adjusted_contrast_pass,1974,6000,0.329
discovery,joint_gaussian_regularized_cluster,10,0.5,0.0,10,control_specificity_pass,1974,6000,0.329
discovery,joint_gaussian_regularized_cluster,10,0.5,0.25,1,support_available_pass,6000,6000,1.0
discovery,joint_gaussian_regularized_cluster,10,0.5,0.25,2,complement_admissible_pass,6000,6000,1.0
discovery,joint_gaussian_regularized_cluster,10,0.5,0.25,3,effect_direction_reproduced_pass,5775,6000,0.9625
discovery,joint_gaussian_regularized_cluster,10,0.5,0.25,4,target_contrast_positive_pass,5775,6000,0.9625
discovery,joint_gaussian_regularized_cluster,10,0.5,0.25,5,minimum_effect_pass,5750,6000,0.9583333333333334
discovery,joint_gaussian_regularized_cluster,10,0.5,0.25,6,cluster_uncertainty_pass,2628,6000,0.438
discovery,joint_gaussian_regularized_cluster,10,0.5,0.25,7,raw_statistical_threshold_pass,1979,6000,0.3298333333333333
discovery,joint_gaussian_regularized_cluster,10,0.5,0.25,8,multiplicity_adjusted_threshold_pass,1979,6000,0.3298333333333333
discovery,joint_gaussian_regularized_cluster,10,0.5,0.25,9,control_adjusted_contrast_pass,1961,6000,0.3268333333333333
discovery,joint_gaussian_regularized_cluster,10,0.5,0.25,10,control_specificity_pass,1961,6000,0.3268333333333333
discovery,joint_gaussian_regularized_cluster,10,0.5,0.5,1,support_available_pass,6000,6000,1.0
discovery,joint_gaussian_regularized_cluster,10,0.5,0.5,2,complement_admissible_pass,5999,6000,0.9998333333333334
discovery,joint_gaussian_regularized_cluster,10,0.5,0.5,3,effect_direction_reproduced_pass,5769,6000,0.9615
discovery,joint_gaussian_regularized_cluster,10,0.5,0.5,4,target_contrast_positive_pass,5769,6000,0.9615
discovery,joint_gaussian_regularized_cluster,10,0.5,0.5,5,minimum_effect_pass,5756,6000,0.9593333333333334
discovery,joint_gaussian_regularized_cluster,10,0.5,0.5,6,cluster_uncertainty_pass,2645,6000,0.44083333333333335
discovery,joint_gaussian_regularized_cluster,10,0.5,0.5,7,raw_statistical_threshold_pass,1997,6000,0.3328333333333333
discovery,joint_gaussian_regularized_cluster,10,0.5,0.5,8,multiplicity_adjusted_threshold_pass,1997,6000,0.3328333333333333
discovery,joint_gaussian_regularized_cluster,10,0.5,0.5,9,control_adjusted_contrast_pass,1773,6000,0.2955
discovery,joint_gaussian_regularized_cluster,10,0.5,0.5,10,control_specificity_pass,1773,6000,0.2955
discovery,joint_gaussian_regularized_cluster,10,0.5,1.0,1,support_available_pass,6000,6000,1.0
discovery,joint_gaussian_regularized_cluster,10,0.5,1.0,2,complement_admissible_pass,6000,6000,1.0
discovery,joint_gaussian_regularized_cluster,10,0.5,1.0,3,effect_direction_reproduced_pass,5799,6000,0.9665
discovery,joint_gaussian_regularized_cluster,10,0.5,1.0,4,target_contrast_positive_pass,5799,6000,0.9665
discovery,joint_gaussian_regularized_cluster,10,0.5,1.0,5,minimum_effect_pass,5783,6000,0.9638333333333333
discovery,joint_gaussian_regularized_cluster,10,0.5,1.0,6,cluster_uncertainty_pass,2605,6000,0.43416666666666665
discovery,joint_gaussian_regularized_cluster,10,0.5,1.0,7,raw_statistical_threshold_pass,1992,6000,0.332
discovery,joint_gaussian_regularized_cluster,10,0.5,1.0,8,multiplicity_adjusted_threshold_pass,1992,6000,0.332
discovery,joint_gaussian_regularized_cluster,10,0.5,1.0,9,control_adjusted_contrast_pass,641,6000,0.10683333333333334
discovery,joint_gaussian_regularized_cluster,10,0.5,1.0,10,control_specificity_pass,641,6000,0.10683333333333334
discovery,joint_gaussian_regularized_cluster,10,0.75,0.0,1,support_available_pass,6000,6000,1.0
discovery,joint_gaussian_regularized_cluster,10,0.75,0.0,2,complement_admissible_pass,5999,6000,0.9998333333333334
discovery,joint_gaussian_regularized_cluster,10,0.75,0.0,3,effect_direction_reproduced_pass,5772,6000,0.962
discovery,joint_gaussian_regularized_cluster,10,0.75,0.0,4,target_contrast_positive_pass,5772,6000,0.962
discovery,joint_gaussian_regularized_cluster,10,0.75,0.0,5,minimum_effect_pass,5771,6000,0.9618333333333333
discovery,joint_gaussian_regularized_cluster,10,0.75,0.0,6,cluster_uncertainty_pass,2738,6000,0.4563333333333333
discovery,joint_gaussian_regularized_cluster,10,0.75,0.0,7,raw_statistical_threshold_pass,2161,6000,0.3601666666666667
discovery,joint_gaussian_regularized_cluster,10,0.75,0.0,8,multiplicity_adjusted_threshold_pass,2161,6000,0.3601666666666667
discovery,joint_gaussian_regularized_cluster,10,0.75,0.0,9,control_adjusted_contrast_pass,2161,6000,0.3601666666666667
discovery,joint_gaussian_regularized_cluster,10,0.75,0.0,10,control_specificity_pass,2161,6000,0.3601666666666667
discovery,joint_gaussian_regularized_cluster,10,0.75,0.25,1,support_available_pass,6000,6000,1.0
discovery,joint_gaussian_regularized_cluster,10,0.75,0.25,2,complement_admissible_pass,6000,6000,1.0
discovery,joint_gaussian_regularized_cluster,10,0.75,0.25,3,effect_direction_reproduced_pass,5769,6000,0.9615
discovery,joint_gaussian_regularized_cluster,10,0.75,0.25,4,target_contrast_positive_pass,5769,6000,0.9615
discovery,joint_gaussian_regularized_cluster,10,0.75,0.25,5,minimum_effect_pass,5769,6000,0.9615
discovery,joint_gaussian_regularized_cluster,10,0.75,0.25,6,cluster_uncertainty_pass,2730,6000,0.455
discovery,joint_gaussian_regularized_cluster,10,0.75,0.25,7,raw_statistical_threshold_pass,2183,6000,0.36383333333333334
discovery,joint_gaussian_regularized_cluster,10,0.75,0.25,8,multiplicity_adjusted_threshold_pass,2183,6000,0.36383333333333334
discovery,joint_gaussian_regularized_cluster,10,0.75,0.25,9,control_adjusted_contrast_pass,2175,6000,0.3625
discovery,joint_gaussian_regularized_cluster,10,0.75,0.25,10,control_specificity_pass,2175,6000,0.3625
discovery,joint_gaussian_regularized_cluster,10,0.75,0.5,1,support_available_pass,6000,6000,1.0
discovery,joint_gaussian_regularized_cluster,10,0.75,0.5,2,complement_admissible_pass,6000,6000,1.0
discovery,joint_gaussian_regularized_cluster,10,0.75,0.5,3,effect_direction_reproduced_pass,5759,6000,0.9598333333333333
discovery,joint_gaussian_regularized_cluster,10,0.75,0.5,4,target_contrast_positive_pass,5759,6000,0.9598333333333333
discovery,joint_gaussian_regularized_cluster,10,0.75,0.5,5,minimum_effect_pass,5759,6000,0.9598333333333333
discovery,joint_gaussian_regularized_cluster,10,0.75,0.5,6,cluster_uncertainty_pass,2729,6000,0.4548333333333333
discovery,joint_gaussian_regularized_cluster,10,0.75,0.5,7,raw_statistical_threshold_pass,2156,6000,0.35933333333333334
discovery,joint_gaussian_regularized_cluster,10,0.75,0.5,8,multiplicity_adjusted_threshold_pass,2156,6000,0.35933333333333334
discovery,joint_gaussian_regularized_cluster,10,0.75,0.5,9,control_adjusted_contrast_pass,2000,6000,0.3333333333333333
discovery,joint_gaussian_regularized_cluster,10,0.75,0.5,10,control_specificity_pass,2000,6000,0.3333333333333333
discovery,joint_gaussian_regularized_cluster,10,0.75,1.0,1,support_available_pass,6000,6000,1.0
discovery,joint_gaussian_regularized_cluster,10,0.75,1.0,2,complement_admissible_pass,6000,6000,1.0
discovery,joint_gaussian_regularized_cluster,10,0.75,1.0,3,effect_direction_reproduced_pass,5798,6000,0.9663333333333334
discovery,joint_gaussian_regularized_cluster,10,0.75,1.0,4,target_contrast_positive_pass,5798,6000,0.9663333333333334
discovery,joint_gaussian_regularized_cluster,10,0.75,1.0,5,minimum_effect_pass,5798,6000,0.9663333333333334
discovery,joint_gaussian_regularized_cluster,10,0.75,1.0,6,cluster_uncertainty_pass,2743,6000,0.45716666666666667
discovery,joint_gaussian_regularized_cluster,10,0.75,1.0,7,raw_statistical_threshold_pass,2166,6000,0.361
discovery,joint_gaussian_regularized_cluster,10,0.75,1.0,8,multiplicity_adjusted_threshold_pass,2166,6000,0.361
discovery,joint_gaussian_regularized_cluster,10,0.75,1.0,9,control_adjusted_contrast_pass,684,6000,0.114
discovery,joint_gaussian_regularized_cluster,10,0.75,1.0,10,control_specificity_pass,684,6000,0.114
discovery,joint_gaussian_regularized_cluster,10,1.0,0.0,1,support_available_pass,6000,6000,1.0
discovery,joint_gaussian_regularized_cluster,10,1.0,0.0,2,complement_admissible_pass,6000,6000,1.0
discovery,joint_gaussian_regularized_cluster,10,1.0,0.0,3,effect_direction_reproduced_pass,5791,6000,0.9651666666666666
discovery,joint_gaussian_regularized_cluster,10,1.0,0.0,4,target_contrast_positive_pass,5791,6000,0.9651666666666666
discovery,joint_gaussian_regularized_cluster,10,1.0,0.0,5,minimum_effect_pass,5791,6000,0.9651666666666666
discovery,joint_gaussian_regularized_cluster,10,1.0,0.0,6,cluster_uncertainty_pass,2736,6000,0.456
discovery,joint_gaussian_regularized_cluster,10,1.0,0.0,7,raw_statistical_threshold_pass,2200,6000,0.36666666666666664
discovery,joint_gaussian_regularized_cluster,10,1.0,0.0,8,multiplicity_adjusted_threshold_pass,2200,6000,0.36666666666666664
discovery,joint_gaussian_regularized_cluster,10,1.0,0.0,9,control_adjusted_contrast_pass,2200,6000,0.36666666666666664
discovery,joint_gaussian_regularized_cluster,10,1.0,0.0,10,control_specificity_pass,2200,6000,0.36666666666666664
discovery,joint_gaussian_regularized_cluster,10,1.0,0.25,1,support_available_pass,6000,6000,1.0
discovery,joint_gaussian_regularized_cluster,10,1.0,0.25,2,complement_admissible_pass,6000,6000,1.0
discovery,joint_gaussian_regularized_cluster,10,1.0,0.25,3,effect_direction_reproduced_pass,5753,6000,0.9588333333333333
discovery,joint_gaussian_regularized_cluster,10,1.0,0.25,4,target_contrast_positive_pass,5753,6000,0.9588333333333333
discovery,joint_gaussian_regularized_cluster,10,1.0,0.25,5,minimum_effect_pass,5753,6000,0.9588333333333333
discovery,joint_gaussian_regularized_cluster,10,1.0,0.25,6,cluster_uncertainty_pass,2735,6000,0.4558333333333333
discovery,joint_gaussian_regularized_cluster,10,1.0,0.25,7,raw_statistical_threshold_pass,2195,6000,0.36583333333333334
discovery,joint_gaussian_regularized_cluster,10,1.0,0.25,8,multiplicity_adjusted_threshold_pass,2195,6000,0.36583333333333334
discovery,joint_gaussian_regularized_cluster,10,1.0,0.25,9,control_adjusted_contrast_pass,2192,6000,0.36533333333333334
discovery,joint_gaussian_regularized_cluster,10,1.0,0.25,10,control_specificity_pass,2192,6000,0.36533333333333334
discovery,joint_gaussian_regularized_cluster,10,1.0,0.5,1,support_available_pass,6000,6000,1.0
discovery,joint_gaussian_regularized_cluster,10,1.0,0.5,2,complement_admissible_pass,5997,6000,0.9995
discovery,joint_gaussian_regularized_cluster,10,1.0,0.5,3,effect_direction_reproduced_pass,5773,6000,0.9621666666666666
discovery,joint_gaussian_regularized_cluster,10,1.0,0.5,4,target_contrast_positive_pass,5773,6000,0.9621666666666666
discovery,joint_gaussian_regularized_cluster,10,1.0,0.5,5,minimum_effect_pass,5773,6000,0.9621666666666666
discovery,joint_gaussian_regularized_cluster,10,1.0,0.5,6,cluster_uncertainty_pass,2742,6000,0.457
discovery,joint_gaussian_regularized_cluster,10,1.0,0.5,7,raw_statistical_threshold_pass,2185,6000,0.3641666666666667
discovery,joint_gaussian_regularized_cluster,10,1.0,0.5,8,multiplicity_adjusted_threshold_pass,2185,6000,0.3641666666666667
discovery,joint_gaussian_regularized_cluster,10,1.0,0.5,9,control_adjusted_contrast_pass,2093,6000,0.34883333333333333
discovery,joint_gaussian_regularized_cluster,10,1.0,0.5,10,control_specificity_pass,2093,6000,0.34883333333333333
discovery,joint_gaussian_regularized_cluster,10,1.0,1.0,1,support_available_pass,6000,6000,1.0
discovery,joint_gaussian_regularized_cluster,10,1.0,1.0,2,complement_admissible_pass,5999,6000,0.9998333333333334
discovery,joint_gaussian_regularized_cluster,10,1.0,1.0,3,effect_direction_reproduced_pass,5801,6000,0.9668333333333333
discovery,joint_gaussian_regularized_cluster,10,1.0,1.0,4,target_contrast_positive_pass,5801,6000,0.9668333333333333
discovery,joint_gaussian_regularized_cluster,10,1.0,1.0,5,minimum_effect_pass,5801,6000,0.9668333333333333
discovery,joint_gaussian_regularized_cluster,10,1.0,1.0,6,cluster_uncertainty_pass,2755,6000,0.45916666666666667
discovery,joint_gaussian_regularized_cluster,10,1.0,1.0,7,raw_statistical_threshold_pass,2183,6000,0.36383333333333334
discovery,joint_gaussian_regularized_cluster,10,1.0,1.0,8,multiplicity_adjusted_threshold_pass,2183,6000,0.36383333333333334
discovery,joint_gaussian_regularized_cluster,10,1.0,1.0,9,control_adjusted_contrast_pass,708,6000,0.118
discovery,joint_gaussian_regularized_cluster,10,1.0,1.0,10,control_specificity_pass,708,6000,0.118
discovery,joint_gaussian_regularized_cluster,10,1.5,0.0,1,support_available_pass,6000,6000,1.0
discovery,joint_gaussian_regularized_cluster,10,1.5,0.0,2,complement_admissible_pass,5998,6000,0.9996666666666667
discovery,joint_gaussian_regularized_cluster,10,1.5,0.0,3,effect_direction_reproduced_pass,5782,6000,0.9636666666666667
discovery,joint_gaussian_regularized_cluster,10,1.5,0.0,4,target_contrast_positive_pass,5782,6000,0.9636666666666667
discovery,joint_gaussian_regularized_cluster,10,1.5,0.0,5,minimum_effect_pass,5782,6000,0.9636666666666667
discovery,joint_gaussian_regularized_cluster,10,1.5,0.0,6,cluster_uncertainty_pass,2750,6000,0.4583333333333333
discovery,joint_gaussian_regularized_cluster,10,1.5,0.0,7,raw_statistical_threshold_pass,2239,6000,0.37316666666666665
discovery,joint_gaussian_regularized_cluster,10,1.5,0.0,8,multiplicity_adjusted_threshold_pass,2239,6000,0.37316666666666665
discovery,joint_gaussian_regularized_cluster,10,1.5,0.0,9,control_adjusted_contrast_pass,2239,6000,0.37316666666666665
discovery,joint_gaussian_regularized_cluster,10,1.5,0.0,10,control_specificity_pass,2239,6000,0.37316666666666665
discovery,joint_gaussian_regularized_cluster,10,1.5,0.25,1,support_available_pass,6000,6000,1.0
discovery,joint_gaussian_regularized_cluster,10,1.5,0.25,2,complement_admissible_pass,6000,6000,1.0
discovery,joint_gaussian_regularized_cluster,10,1.5,0.25,3,effect_direction_reproduced_pass,5756,6000,0.9593333333333334
discovery,joint_gaussian_regularized_cluster,10,1.5,0.25,4,target_contrast_positive_pass,5756,6000,0.9593333333333334
discovery,joint_gaussian_regularized_cluster,10,1.5,0.25,5,minimum_effect_pass,5756,6000,0.9593333333333334
discovery,joint_gaussian_regularized_cluster,10,1.5,0.25,6,cluster_uncertainty_pass,2752,6000,0.45866666666666667
discovery,joint_gaussian_regularized_cluster,10,1.5,0.25,7,raw_statistical_threshold_pass,2198,6000,0.36633333333333334
discovery,joint_gaussian_regularized_cluster,10,1.5,0.25,8,multiplicity_adjusted_threshold_pass,2198,6000,0.36633333333333334
discovery,joint_gaussian_regularized_cluster,10,1.5,0.25,9,control_adjusted_contrast_pass,2197,6000,0.36616666666666664
discovery,joint_gaussian_regularized_cluster,10,1.5,0.25,10,control_specificity_pass,2197,6000,0.36616666666666664
discovery,joint_gaussian_regularized_cluster,10,1.5,0.5,1,support_available_pass,6000,6000,1.0
discovery,joint_gaussian_regularized_cluster,10,1.5,0.5,2,complement_admissible_pass,6000,6000,1.0
discovery,joint_gaussian_regularized_cluster,10,1.5,0.5,3,effect_direction_reproduced_pass,5783,6000,0.9638333333333333
discovery,joint_gaussian_regularized_cluster,10,1.5,0.5,4,target_contrast_positive_pass,5783,6000,0.9638333333333333
discovery,joint_gaussian_regularized_cluster,10,1.5,0.5,5,minimum_effect_pass,5783,6000,0.9638333333333333
discovery,joint_gaussian_regularized_cluster,10,1.5,0.5,6,cluster_uncertainty_pass,2752,6000,0.45866666666666667
discovery,joint_gaussian_regularized_cluster,10,1.5,0.5,7,raw_statistical_threshold_pass,2193,6000,0.3655
discovery,joint_gaussian_regularized_cluster,10,1.5,0.5,8,multiplicity_adjusted_threshold_pass,2193,6000,0.3655
discovery,joint_gaussian_regularized_cluster,10,1.5,0.5,9,control_adjusted_contrast_pass,2133,6000,0.3555
discovery,joint_gaussian_regularized_cluster,10,1.5,0.5,10,control_specificity_pass,2133,6000,0.3555
discovery,joint_gaussian_regularized_cluster,10,1.5,1.0,1,support_available_pass,6000,6000,1.0
discovery,joint_gaussian_regularized_cluster,10,1.5,1.0,2,complement_admissible_pass,6000,6000,1.0
discovery,joint_gaussian_regularized_cluster,10,1.5,1.0,3,effect_direction_reproduced_pass,5791,6000,0.9651666666666666
discovery,joint_gaussian_regularized_cluster,10,1.5,1.0,4,target_contrast_positive_pass,5791,6000,0.9651666666666666
discovery,joint_gaussian_regularized_cluster,10,1.5,1.0,5,minimum_effect_pass,5791,6000,0.9651666666666666
discovery,joint_gaussian_regularized_cluster,10,1.5,1.0,6,cluster_uncertainty_pass,2753,6000,0.4588333333333333
discovery,joint_gaussian_regularized_cluster,10,1.5,1.0,7,raw_statistical_threshold_pass,2212,6000,0.36866666666666664
discovery,joint_gaussian_regularized_cluster,10,1.5,1.0,8,multiplicity_adjusted_threshold_pass,2212,6000,0.36866666666666664
discovery,joint_gaussian_regularized_cluster,10,1.5,1.0,9,control_adjusted_contrast_pass,646,6000,0.10766666666666666
discovery,joint_gaussian_regularized_cluster,10,1.5,1.0,10,control_specificity_pass,646,6000,0.10766666666666666
discovery,joint_gaussian_regularized_cluster,10,2.0,0.0,1,support_available_pass,6000,6000,1.0
discovery,joint_gaussian_regularized_cluster,10,2.0,0.0,2,complement_admissible_pass,6000,6000,1.0
discovery,joint_gaussian_regularized_cluster,10,2.0,0.0,3,effect_direction_reproduced_pass,5801,6000,0.9668333333333333
discovery,joint_gaussian_regularized_cluster,10,2.0,0.0,4,target_contrast_positive_pass,5801,6000,0.9668333333333333
discovery,joint_gaussian_regularized_cluster,10,2.0,0.0,5,minimum_effect_pass,5801,6000,0.9668333333333333
discovery,joint_gaussian_regularized_cluster,10,2.0,0.0,6,cluster_uncertainty_pass,2741,6000,0.4568333333333333
discovery,joint_gaussian_regularized_cluster,10,2.0,0.0,7,raw_statistical_threshold_pass,2173,6000,0.3621666666666667
discovery,joint_gaussian_regularized_cluster,10,2.0,0.0,8,multiplicity_adjusted_threshold_pass,2173,6000,0.3621666666666667
discovery,joint_gaussian_regularized_cluster,10,2.0,0.0,9,control_adjusted_contrast_pass,2173,6000,0.3621666666666667
discovery,joint_gaussian_regularized_cluster,10,2.0,0.0,10,control_specificity_pass,2173,6000,0.3621666666666667
discovery,joint_gaussian_regularized_cluster,10,2.0,0.25,1,support_available_pass,6000,6000,1.0
discovery,joint_gaussian_regularized_cluster,10,2.0,0.25,2,complement_admissible_pass,6000,6000,1.0
discovery,joint_gaussian_regularized_cluster,10,2.0,0.25,3,effect_direction_reproduced_pass,5773,6000,0.9621666666666666
discovery,joint_gaussian_regularized_cluster,10,2.0,0.25,4,target_contrast_positive_pass,5773,6000,0.9621666666666666
discovery,joint_gaussian_regularized_cluster,10,2.0,0.25,5,minimum_effect_pass,5773,6000,0.9621666666666666
discovery,joint_gaussian_regularized_cluster,10,2.0,0.25,6,cluster_uncertainty_pass,2759,6000,0.4598333333333333
discovery,joint_gaussian_regularized_cluster,10,2.0,0.25,7,raw_statistical_threshold_pass,2228,6000,0.37133333333333335
discovery,joint_gaussian_regularized_cluster,10,2.0,0.25,8,multiplicity_adjusted_threshold_pass,2228,6000,0.37133333333333335
discovery,joint_gaussian_regularized_cluster,10,2.0,0.25,9,control_adjusted_contrast_pass,2228,6000,0.37133333333333335
discovery,joint_gaussian_regularized_cluster,10,2.0,0.25,10,control_specificity_pass,2228,6000,0.37133333333333335
discovery,joint_gaussian_regularized_cluster,10,2.0,0.5,1,support_available_pass,6000,6000,1.0
discovery,joint_gaussian_regularized_cluster,10,2.0,0.5,2,complement_admissible_pass,6000,6000,1.0
discovery,joint_gaussian_regularized_cluster,10,2.0,0.5,3,effect_direction_reproduced_pass,5781,6000,0.9635
discovery,joint_gaussian_regularized_cluster,10,2.0,0.5,4,target_contrast_positive_pass,5781,6000,0.9635
discovery,joint_gaussian_regularized_cluster,10,2.0,0.5,5,minimum_effect_pass,5781,6000,0.9635
discovery,joint_gaussian_regularized_cluster,10,2.0,0.5,6,cluster_uncertainty_pass,2737,6000,0.45616666666666666
discovery,joint_gaussian_regularized_cluster,10,2.0,0.5,7,raw_statistical_threshold_pass,2204,6000,0.36733333333333335
discovery,joint_gaussian_regularized_cluster,10,2.0,0.5,8,multiplicity_adjusted_threshold_pass,2204,6000,0.36733333333333335
discovery,joint_gaussian_regularized_cluster,10,2.0,0.5,9,control_adjusted_contrast_pass,2161,6000,0.3601666666666667
discovery,joint_gaussian_regularized_cluster,10,2.0,0.5,10,control_specificity_pass,2161,6000,0.3601666666666667
discovery,joint_gaussian_regularized_cluster,10,2.0,1.0,1,support_available_pass,6000,6000,1.0
discovery,joint_gaussian_regularized_cluster,10,2.0,1.0,2,complement_admissible_pass,6000,6000,1.0
discovery,joint_gaussian_regularized_cluster,10,2.0,1.0,3,effect_direction_reproduced_pass,5771,6000,0.9618333333333333
discovery,joint_gaussian_regularized_cluster,10,2.0,1.0,4,target_contrast_positive_pass,5771,6000,0.9618333333333333
discovery,joint_gaussian_regularized_cluster,10,2.0,1.0,5,minimum_effect_pass,5771,6000,0.9618333333333333
discovery,joint_gaussian_regularized_cluster,10,2.0,1.0,6,cluster_uncertainty_pass,2755,6000,0.45916666666666667
discovery,joint_gaussian_regularized_cluster,10,2.0,1.0,7,raw_statistical_threshold_pass,2213,6000,0.36883333333333335
discovery,joint_gaussian_regularized_cluster,10,2.0,1.0,8,multiplicity_adjusted_threshold_pass,2213,6000,0.36883333333333335
discovery,joint_gaussian_regularized_cluster,10,2.0,1.0,9,control_adjusted_contrast_pass,606,6000,0.101
discovery,joint_gaussian_regularized_cluster,10,2.0,1.0,10,control_specificity_pass,606,6000,0.101
discovery,joint_gaussian_regularized_cluster,12,0.0,0.0,1,support_available_pass,6000,6000,1.0
discovery,joint_gaussian_regularized_cluster,12,0.0,0.0,2,complement_admissible_pass,6000,6000,1.0
discovery,joint_gaussian_regularized_cluster,12,0.0,0.0,3,effect_direction_reproduced_pass,0,6000,0.0
discovery,joint_gaussian_regularized_cluster,12,0.0,0.0,4,target_contrast_positive_pass,0,6000,0.0
discovery,joint_gaussian_regularized_cluster,12,0.0,0.0,5,minimum_effect_pass,0,6000,0.0
discovery,joint_gaussian_regularized_cluster,12,0.0,0.0,6,cluster_uncertainty_pass,0,6000,0.0
discovery,joint_gaussian_regularized_cluster,12,0.0,0.0,7,raw_statistical_threshold_pass,0,6000,0.0
discovery,joint_gaussian_regularized_cluster,12,0.0,0.0,8,multiplicity_adjusted_threshold_pass,0,6000,0.0
discovery,joint_gaussian_regularized_cluster,12,0.0,0.0,9,control_adjusted_contrast_pass,0,6000,0.0
discovery,joint_gaussian_regularized_cluster,12,0.0,0.0,10,control_specificity_pass,0,6000,0.0
discovery,joint_gaussian_regularized_cluster,12,0.25,0.0,1,support_available_pass,6000,6000,1.0
discovery,joint_gaussian_regularized_cluster,12,0.25,0.0,2,complement_admissible_pass,6000,6000,1.0
discovery,joint_gaussian_regularized_cluster,12,0.25,0.0,3,effect_direction_reproduced_pass,5863,6000,0.9771666666666666
discovery,joint_gaussian_regularized_cluster,12,0.25,0.0,4,target_contrast_positive_pass,5863,6000,0.9771666666666666
discovery,joint_gaussian_regularized_cluster,12,0.25,0.0,5,minimum_effect_pass,5204,6000,0.8673333333333333
discovery,joint_gaussian_regularized_cluster,12,0.25,0.0,6,cluster_uncertainty_pass,2210,6000,0.36833333333333335
discovery,joint_gaussian_regularized_cluster,12,0.25,0.0,7,raw_statistical_threshold_pass,1610,6000,0.2683333333333333
discovery,joint_gaussian_regularized_cluster,12,0.25,0.0,8,multiplicity_adjusted_threshold_pass,1610,6000,0.2683333333333333
discovery,joint_gaussian_regularized_cluster,12,0.25,0.0,9,control_adjusted_contrast_pass,1610,6000,0.2683333333333333
discovery,joint_gaussian_regularized_cluster,12,0.25,0.0,10,control_specificity_pass,1610,6000,0.2683333333333333
discovery,joint_gaussian_regularized_cluster,12,0.25,0.25,1,support_available_pass,6000,6000,1.0
discovery,joint_gaussian_regularized_cluster,12,0.25,0.25,2,complement_admissible_pass,6000,6000,1.0
discovery,joint_gaussian_regularized_cluster,12,0.25,0.25,3,effect_direction_reproduced_pass,5883,6000,0.9805
discovery,joint_gaussian_regularized_cluster,12,0.25,0.25,4,target_contrast_positive_pass,5883,6000,0.9805
discovery,joint_gaussian_regularized_cluster,12,0.25,0.25,5,minimum_effect_pass,5249,6000,0.8748333333333334
discovery,joint_gaussian_regularized_cluster,12,0.25,0.25,6,cluster_uncertainty_pass,2205,6000,0.3675
discovery,joint_gaussian_regularized_cluster,12,0.25,0.25,7,raw_statistical_threshold_pass,1595,6000,0.2658333333333333
discovery,joint_gaussian_regularized_cluster,12,0.25,0.25,8,multiplicity_adjusted_threshold_pass,1595,6000,0.2658333333333333
discovery,joint_gaussian_regularized_cluster,12,0.25,0.25,9,control_adjusted_contrast_pass,1573,6000,0.26216666666666666
discovery,joint_gaussian_regularized_cluster,12,0.25,0.25,10,control_specificity_pass,1573,6000,0.26216666666666666
discovery,joint_gaussian_regularized_cluster,12,0.25,0.5,1,support_available_pass,6000,6000,1.0
discovery,joint_gaussian_regularized_cluster,12,0.25,0.5,2,complement_admissible_pass,6000,6000,1.0
discovery,joint_gaussian_regularized_cluster,12,0.25,0.5,3,effect_direction_reproduced_pass,5872,6000,0.9786666666666667
discovery,joint_gaussian_regularized_cluster,12,0.25,0.5,4,target_contrast_positive_pass,5872,6000,0.9786666666666667
discovery,joint_gaussian_regularized_cluster,12,0.25,0.5,5,minimum_effect_pass,5263,6000,0.8771666666666667
discovery,joint_gaussian_regularized_cluster,12,0.25,0.5,6,cluster_uncertainty_pass,2231,6000,0.37183333333333335
discovery,joint_gaussian_regularized_cluster,12,0.25,0.5,7,raw_statistical_threshold_pass,1617,6000,0.2695
discovery,joint_gaussian_regularized_cluster,12,0.25,0.5,8,multiplicity_adjusted_threshold_pass,1617,6000,0.2695
discovery,joint_gaussian_regularized_cluster,12,0.25,0.5,9,control_adjusted_contrast_pass,1326,6000,0.221
discovery,joint_gaussian_regularized_cluster,12,0.25,0.5,10,control_specificity_pass,1326,6000,0.221
discovery,joint_gaussian_regularized_cluster,12,0.25,1.0,1,support_available_pass,6000,6000,1.0
discovery,joint_gaussian_regularized_cluster,12,0.25,1.0,2,complement_admissible_pass,6000,6000,1.0
discovery,joint_gaussian_regularized_cluster,12,0.25,1.0,3,effect_direction_reproduced_pass,5867,6000,0.9778333333333333
discovery,joint_gaussian_regularized_cluster,12,0.25,1.0,4,target_contrast_positive_pass,5867,6000,0.9778333333333333
discovery,joint_gaussian_regularized_cluster,12,0.25,1.0,5,minimum_effect_pass,5241,6000,0.8735
discovery,joint_gaussian_regularized_cluster,12,0.25,1.0,6,cluster_uncertainty_pass,2225,6000,0.37083333333333335
discovery,joint_gaussian_regularized_cluster,12,0.25,1.0,7,raw_statistical_threshold_pass,1601,6000,0.2668333333333333
discovery,joint_gaussian_regularized_cluster,12,0.25,1.0,8,multiplicity_adjusted_threshold_pass,1601,6000,0.2668333333333333
discovery,joint_gaussian_regularized_cluster,12,0.25,1.0,9,control_adjusted_contrast_pass,503,6000,0.08383333333333333
discovery,joint_gaussian_regularized_cluster,12,0.25,1.0,10,control_specificity_pass,503,6000,0.08383333333333333
discovery,joint_gaussian_regularized_cluster,12,0.5,0.0,1,support_available_pass,6000,6000,1.0
discovery,joint_gaussian_regularized_cluster,12,0.5,0.0,2,complement_admissible_pass,6000,6000,1.0
discovery,joint_gaussian_regularized_cluster,12,0.5,0.0,3,effect_direction_reproduced_pass,5860,6000,0.9766666666666667
discovery,joint_gaussian_regularized_cluster,12,0.5,0.0,4,target_contrast_positive_pass,5860,6000,0.9766666666666667
discovery,joint_gaussian_regularized_cluster,12,0.5,0.0,5,minimum_effect_pass,5853,6000,0.9755
discovery,joint_gaussian_regularized_cluster,12,0.5,0.0,6,cluster_uncertainty_pass,2766,6000,0.461
discovery,joint_gaussian_regularized_cluster,12,0.5,0.0,7,raw_statistical_threshold_pass,2197,6000,0.36616666666666664
discovery,joint_gaussian_regularized_cluster,12,0.5,0.0,8,multiplicity_adjusted_threshold_pass,2197,6000,0.36616666666666664
discovery,joint_gaussian_regularized_cluster,12,0.5,0.0,9,control_adjusted_contrast_pass,2197,6000,0.36616666666666664
discovery,joint_gaussian_regularized_cluster,12,0.5,0.0,10,control_specificity_pass,2197,6000,0.36616666666666664
discovery,joint_gaussian_regularized_cluster,12,0.5,0.25,1,support_available_pass,6000,6000,1.0
discovery,joint_gaussian_regularized_cluster,12,0.5,0.25,2,complement_admissible_pass,6000,6000,1.0
discovery,joint_gaussian_regularized_cluster,12,0.5,0.25,3,effect_direction_reproduced_pass,5863,6000,0.9771666666666666
discovery,joint_gaussian_regularized_cluster,12,0.5,0.25,4,target_contrast_positive_pass,5863,6000,0.9771666666666666
discovery,joint_gaussian_regularized_cluster,12,0.5,0.25,5,minimum_effect_pass,5851,6000,0.9751666666666666
discovery,joint_gaussian_regularized_cluster,12,0.5,0.25,6,cluster_uncertainty_pass,2750,6000,0.4583333333333333
discovery,joint_gaussian_regularized_cluster,12,0.5,0.25,7,raw_statistical_threshold_pass,2215,6000,0.36916666666666664
discovery,joint_gaussian_regularized_cluster,12,0.5,0.25,8,multiplicity_adjusted_threshold_pass,2215,6000,0.36916666666666664
discovery,joint_gaussian_regularized_cluster,12,0.5,0.25,9,control_adjusted_contrast_pass,2198,6000,0.36633333333333334
discovery,joint_gaussian_regularized_cluster,12,0.5,0.25,10,control_specificity_pass,2198,6000,0.36633333333333334
discovery,joint_gaussian_regularized_cluster,12,0.5,0.5,1,support_available_pass,6000,6000,1.0
discovery,joint_gaussian_regularized_cluster,12,0.5,0.5,2,complement_admissible_pass,6000,6000,1.0
discovery,joint_gaussian_regularized_cluster,12,0.5,0.5,3,effect_direction_reproduced_pass,5884,6000,0.9806666666666667
discovery,joint_gaussian_regularized_cluster,12,0.5,0.5,4,target_contrast_positive_pass,5884,6000,0.9806666666666667
discovery,joint_gaussian_regularized_cluster,12,0.5,0.5,5,minimum_effect_pass,5878,6000,0.9796666666666667
discovery,joint_gaussian_regularized_cluster,12,0.5,0.5,6,cluster_uncertainty_pass,2774,6000,0.4623333333333333
discovery,joint_gaussian_regularized_cluster,12,0.5,0.5,7,raw_statistical_threshold_pass,2200,6000,0.36666666666666664
discovery,joint_gaussian_regularized_cluster,12,0.5,0.5,8,multiplicity_adjusted_threshold_pass,2200,6000,0.36666666666666664
discovery,joint_gaussian_regularized_cluster,12,0.5,0.5,9,control_adjusted_contrast_pass,1980,6000,0.33
discovery,joint_gaussian_regularized_cluster,12,0.5,0.5,10,control_specificity_pass,1980,6000,0.33
discovery,joint_gaussian_regularized_cluster,12,0.5,1.0,1,support_available_pass,6000,6000,1.0
discovery,joint_gaussian_regularized_cluster,12,0.5,1.0,2,complement_admissible_pass,6000,6000,1.0
discovery,joint_gaussian_regularized_cluster,12,0.5,1.0,3,effect_direction_reproduced_pass,5893,6000,0.9821666666666666
discovery,joint_gaussian_regularized_cluster,12,0.5,1.0,4,target_contrast_positive_pass,5893,6000,0.9821666666666666
discovery,joint_gaussian_regularized_cluster,12,0.5,1.0,5,minimum_effect_pass,5885,6000,0.9808333333333333
discovery,joint_gaussian_regularized_cluster,12,0.5,1.0,6,cluster_uncertainty_pass,2749,6000,0.45816666666666667
discovery,joint_gaussian_regularized_cluster,12,0.5,1.0,7,raw_statistical_threshold_pass,2211,6000,0.3685
discovery,joint_gaussian_regularized_cluster,12,0.5,1.0,8,multiplicity_adjusted_threshold_pass,2211,6000,0.3685
discovery,joint_gaussian_regularized_cluster,12,0.5,1.0,9,control_adjusted_contrast_pass,649,6000,0.10816666666666666
discovery,joint_gaussian_regularized_cluster,12,0.5,1.0,10,control_specificity_pass,649,6000,0.10816666666666666
discovery,joint_gaussian_regularized_cluster,12,0.75,0.0,1,support_available_pass,6000,6000,1.0
discovery,joint_gaussian_regularized_cluster,12,0.75,0.0,2,complement_admissible_pass,5999,6000,0.9998333333333334
discovery,joint_gaussian_regularized_cluster,12,0.75,0.0,3,effect_direction_reproduced_pass,5867,6000,0.9778333333333333
discovery,joint_gaussian_regularized_cluster,12,0.75,0.0,4,target_contrast_positive_pass,5867,6000,0.9778333333333333
discovery,joint_gaussian_regularized_cluster,12,0.75,0.0,5,minimum_effect_pass,5867,6000,0.9778333333333333
discovery,joint_gaussian_regularized_cluster,12,0.75,0.0,6,cluster_uncertainty_pass,2836,6000,0.4726666666666667
discovery,joint_gaussian_regularized_cluster,12,0.75,0.0,7,raw_statistical_threshold_pass,2318,6000,0.3863333333333333
discovery,joint_gaussian_regularized_cluster,12,0.75,0.0,8,multiplicity_adjusted_threshold_pass,2318,6000,0.3863333333333333
discovery,joint_gaussian_regularized_cluster,12,0.75,0.0,9,control_adjusted_contrast_pass,2318,6000,0.3863333333333333
discovery,joint_gaussian_regularized_cluster,12,0.75,0.0,10,control_specificity_pass,2318,6000,0.3863333333333333
discovery,joint_gaussian_regularized_cluster,12,0.75,0.25,1,support_available_pass,6000,6000,1.0
discovery,joint_gaussian_regularized_cluster,12,0.75,0.25,2,complement_admissible_pass,6000,6000,1.0
discovery,joint_gaussian_regularized_cluster,12,0.75,0.25,3,effect_direction_reproduced_pass,5871,6000,0.9785
discovery,joint_gaussian_regularized_cluster,12,0.75,0.25,4,target_contrast_positive_pass,5871,6000,0.9785
discovery,joint_gaussian_regularized_cluster,12,0.75,0.25,5,minimum_effect_pass,5871,6000,0.9785
discovery,joint_gaussian_regularized_cluster,12,0.75,0.25,6,cluster_uncertainty_pass,2815,6000,0.4691666666666667
discovery,joint_gaussian_regularized_cluster,12,0.75,0.25,7,raw_statistical_threshold_pass,2318,6000,0.3863333333333333
discovery,joint_gaussian_regularized_cluster,12,0.75,0.25,8,multiplicity_adjusted_threshold_pass,2318,6000,0.3863333333333333
discovery,joint_gaussian_regularized_cluster,12,0.75,0.25,9,control_adjusted_contrast_pass,2309,6000,0.38483333333333336
discovery,joint_gaussian_regularized_cluster,12,0.75,0.25,10,control_specificity_pass,2309,6000,0.38483333333333336
discovery,joint_gaussian_regularized_cluster,12,0.75,0.5,1,support_available_pass,6000,6000,1.0
discovery,joint_gaussian_regularized_cluster,12,0.75,0.5,2,complement_admissible_pass,6000,6000,1.0
discovery,joint_gaussian_regularized_cluster,12,0.75,0.5,3,effect_direction_reproduced_pass,5869,6000,0.9781666666666666
discovery,joint_gaussian_regularized_cluster,12,0.75,0.5,4,target_contrast_positive_pass,5869,6000,0.9781666666666666
discovery,joint_gaussian_regularized_cluster,12,0.75,0.5,5,minimum_effect_pass,5869,6000,0.9781666666666666
discovery,joint_gaussian_regularized_cluster,12,0.75,0.5,6,cluster_uncertainty_pass,2809,6000,0.4681666666666667
discovery,joint_gaussian_regularized_cluster,12,0.75,0.5,7,raw_statistical_threshold_pass,2321,6000,0.3868333333333333
discovery,joint_gaussian_regularized_cluster,12,0.75,0.5,8,multiplicity_adjusted_threshold_pass,2321,6000,0.3868333333333333
discovery,joint_gaussian_regularized_cluster,12,0.75,0.5,9,control_adjusted_contrast_pass,2186,6000,0.36433333333333334
discovery,joint_gaussian_regularized_cluster,12,0.75,0.5,10,control_specificity_pass,2186,6000,0.36433333333333334
discovery,joint_gaussian_regularized_cluster,12,0.75,1.0,1,support_available_pass,6000,6000,1.0
discovery,joint_gaussian_regularized_cluster,12,0.75,1.0,2,complement_admissible_pass,6000,6000,1.0
discovery,joint_gaussian_regularized_cluster,12,0.75,1.0,3,effect_direction_reproduced_pass,5884,6000,0.9806666666666667
discovery,joint_gaussian_regularized_cluster,12,0.75,1.0,4,target_contrast_positive_pass,5884,6000,0.9806666666666667
discovery,joint_gaussian_regularized_cluster,12,0.75,1.0,5,minimum_effect_pass,5884,6000,0.9806666666666667
discovery,joint_gaussian_regularized_cluster,12,0.75,1.0,6,cluster_uncertainty_pass,2840,6000,0.47333333333333333
discovery,joint_gaussian_regularized_cluster,12,0.75,1.0,7,raw_statistical_threshold_pass,2332,6000,0.38866666666666666
discovery,joint_gaussian_regularized_cluster,12,0.75,1.0,8,multiplicity_adjusted_threshold_pass,2332,6000,0.38866666666666666
discovery,joint_gaussian_regularized_cluster,12,0.75,1.0,9,control_adjusted_contrast_pass,692,6000,0.11533333333333333
discovery,joint_gaussian_regularized_cluster,12,0.75,1.0,10,control_specificity_pass,692,6000,0.11533333333333333
discovery,joint_gaussian_regularized_cluster,12,1.0,0.0,1,support_available_pass,6000,6000,1.0
discovery,joint_gaussian_regularized_cluster,12,1.0,0.0,2,complement_admissible_pass,6000,6000,1.0
discovery,joint_gaussian_regularized_cluster,12,1.0,0.0,3,effect_direction_reproduced_pass,5878,6000,0.9796666666666667
discovery,joint_gaussian_regularized_cluster,12,1.0,0.0,4,target_contrast_positive_pass,5878,6000,0.9796666666666667
discovery,joint_gaussian_regularized_cluster,12,1.0,0.0,5,minimum_effect_pass,5878,6000,0.9796666666666667
discovery,joint_gaussian_regularized_cluster,12,1.0,0.0,6,cluster_uncertainty_pass,2839,6000,0.4731666666666667
discovery,joint_gaussian_regularized_cluster,12,1.0,0.0,7,raw_statistical_threshold_pass,2330,6000,0.3883333333333333
discovery,joint_gaussian_regularized_cluster,12,1.0,0.0,8,multiplicity_adjusted_threshold_pass,2330,6000,0.3883333333333333
discovery,joint_gaussian_regularized_cluster,12,1.0,0.0,9,control_adjusted_contrast_pass,2330,6000,0.3883333333333333
discovery,joint_gaussian_regularized_cluster,12,1.0,0.0,10,control_specificity_pass,2330,6000,0.3883333333333333
discovery,joint_gaussian_regularized_cluster,12,1.0,0.25,1,support_available_pass,6000,6000,1.0
discovery,joint_gaussian_regularized_cluster,12,1.0,0.25,2,complement_admissible_pass,6000,6000,1.0
discovery,joint_gaussian_regularized_cluster,12,1.0,0.25,3,effect_direction_reproduced_pass,5865,6000,0.9775
discovery,joint_gaussian_regularized_cluster,12,1.0,0.25,4,target_contrast_positive_pass,5865,6000,0.9775
discovery,joint_gaussian_regularized_cluster,12,1.0,0.25,5,minimum_effect_pass,5865,6000,0.9775
discovery,joint_gaussian_regularized_cluster,12,1.0,0.25,6,cluster_uncertainty_pass,2829,6000,0.4715
discovery,joint_gaussian_regularized_cluster,12,1.0,0.25,7,raw_statistical_threshold_pass,2329,6000,0.38816666666666666
discovery,joint_gaussian_regularized_cluster,12,1.0,0.25,8,multiplicity_adjusted_threshold_pass,2329,6000,0.38816666666666666
discovery,joint_gaussian_regularized_cluster,12,1.0,0.25,9,control_adjusted_contrast_pass,2328,6000,0.388
discovery,joint_gaussian_regularized_cluster,12,1.0,0.25,10,control_specificity_pass,2328,6000,0.388
discovery,joint_gaussian_regularized_cluster,12,1.0,0.5,1,support_available_pass,6000,6000,1.0
discovery,joint_gaussian_regularized_cluster,12,1.0,0.5,2,complement_admissible_pass,6000,6000,1.0
discovery,joint_gaussian_regularized_cluster,12,1.0,0.5,3,effect_direction_reproduced_pass,5877,6000,0.9795
discovery,joint_gaussian_regularized_cluster,12,1.0,0.5,4,target_contrast_positive_pass,5877,6000,0.9795
discovery,joint_gaussian_regularized_cluster,12,1.0,0.5,5,minimum_effect_pass,5877,6000,0.9795
discovery,joint_gaussian_regularized_cluster,12,1.0,0.5,6,cluster_uncertainty_pass,2834,6000,0.4723333333333333
discovery,joint_gaussian_regularized_cluster,12,1.0,0.5,7,raw_statistical_threshold_pass,2333,6000,0.3888333333333333
discovery,joint_gaussian_regularized_cluster,12,1.0,0.5,8,multiplicity_adjusted_threshold_pass,2333,6000,0.3888333333333333
discovery,joint_gaussian_regularized_cluster,12,1.0,0.5,9,control_adjusted_contrast_pass,2264,6000,0.37733333333333335
discovery,joint_gaussian_regularized_cluster,12,1.0,0.5,10,control_specificity_pass,2264,6000,0.37733333333333335
discovery,joint_gaussian_regularized_cluster,12,1.0,1.0,1,support_available_pass,6000,6000,1.0
discovery,joint_gaussian_regularized_cluster,12,1.0,1.0,2,complement_admissible_pass,6000,6000,1.0
discovery,joint_gaussian_regularized_cluster,12,1.0,1.0,3,effect_direction_reproduced_pass,5885,6000,0.9808333333333333
discovery,joint_gaussian_regularized_cluster,12,1.0,1.0,4,target_contrast_positive_pass,5885,6000,0.9808333333333333
discovery,joint_gaussian_regularized_cluster,12,1.0,1.0,5,minimum_effect_pass,5885,6000,0.9808333333333333
discovery,joint_gaussian_regularized_cluster,12,1.0,1.0,6,cluster_uncertainty_pass,2852,6000,0.47533333333333333
discovery,joint_gaussian_regularized_cluster,12,1.0,1.0,7,raw_statistical_threshold_pass,2324,6000,0.3873333333333333
discovery,joint_gaussian_regularized_cluster,12,1.0,1.0,8,multiplicity_adjusted_threshold_pass,2324,6000,0.3873333333333333
discovery,joint_gaussian_regularized_cluster,12,1.0,1.0,9,control_adjusted_contrast_pass,736,6000,0.12266666666666666
discovery,joint_gaussian_regularized_cluster,12,1.0,1.0,10,control_specificity_pass,736,6000,0.12266666666666666
discovery,joint_gaussian_regularized_cluster,12,1.5,0.0,1,support_available_pass,6000,6000,1.0
discovery,joint_gaussian_regularized_cluster,12,1.5,0.0,2,complement_admissible_pass,6000,6000,1.0
discovery,joint_gaussian_regularized_cluster,12,1.5,0.0,3,effect_direction_reproduced_pass,5868,6000,0.978
discovery,joint_gaussian_regularized_cluster,12,1.5,0.0,4,target_contrast_positive_pass,5868,6000,0.978
discovery,joint_gaussian_regularized_cluster,12,1.5,0.0,5,minimum_effect_pass,5868,6000,0.978
discovery,joint_gaussian_regularized_cluster,12,1.5,0.0,6,cluster_uncertainty_pass,2846,6000,0.47433333333333333
discovery,joint_gaussian_regularized_cluster,12,1.5,0.0,7,raw_statistical_threshold_pass,2382,6000,0.397
discovery,joint_gaussian_regularized_cluster,12,1.5,0.0,8,multiplicity_adjusted_threshold_pass,2382,6000,0.397
discovery,joint_gaussian_regularized_cluster,12,1.5,0.0,9,control_adjusted_contrast_pass,2382,6000,0.397
discovery,joint_gaussian_regularized_cluster,12,1.5,0.0,10,control_specificity_pass,2382,6000,0.397
discovery,joint_gaussian_regularized_cluster,12,1.5,0.25,1,support_available_pass,6000,6000,1.0
discovery,joint_gaussian_regularized_cluster,12,1.5,0.25,2,complement_admissible_pass,6000,6000,1.0
discovery,joint_gaussian_regularized_cluster,12,1.5,0.25,3,effect_direction_reproduced_pass,5857,6000,0.9761666666666666
discovery,joint_gaussian_regularized_cluster,12,1.5,0.25,4,target_contrast_positive_pass,5857,6000,0.9761666666666666
discovery,joint_gaussian_regularized_cluster,12,1.5,0.25,5,minimum_effect_pass,5857,6000,0.9761666666666666
discovery,joint_gaussian_regularized_cluster,12,1.5,0.25,6,cluster_uncertainty_pass,2843,6000,0.47383333333333333
discovery,joint_gaussian_regularized_cluster,12,1.5,0.25,7,raw_statistical_threshold_pass,2337,6000,0.3895
discovery,joint_gaussian_regularized_cluster,12,1.5,0.25,8,multiplicity_adjusted_threshold_pass,2337,6000,0.3895
discovery,joint_gaussian_regularized_cluster,12,1.5,0.25,9,control_adjusted_contrast_pass,2337,6000,0.3895
discovery,joint_gaussian_regularized_cluster,12,1.5,0.25,10,control_specificity_pass,2337,6000,0.3895
discovery,joint_gaussian_regularized_cluster,12,1.5,0.5,1,support_available_pass,6000,6000,1.0
discovery,joint_gaussian_regularized_cluster,12,1.5,0.5,2,complement_admissible_pass,6000,6000,1.0
discovery,joint_gaussian_regularized_cluster,12,1.5,0.5,3,effect_direction_reproduced_pass,5874,6000,0.979
discovery,joint_gaussian_regularized_cluster,12,1.5,0.5,4,target_contrast_positive_pass,5874,6000,0.979
discovery,joint_gaussian_regularized_cluster,12,1.5,0.5,5,minimum_effect_pass,5874,6000,0.979
discovery,joint_gaussian_regularized_cluster,12,1.5,0.5,6,cluster_uncertainty_pass,2850,6000,0.475
discovery,joint_gaussian_regularized_cluster,12,1.5,0.5,7,raw_statistical_threshold_pass,2325,6000,0.3875
discovery,joint_gaussian_regularized_cluster,12,1.5,0.5,8,multiplicity_adjusted_threshold_pass,2325,6000,0.3875
discovery,joint_gaussian_regularized_cluster,12,1.5,0.5,9,control_adjusted_contrast_pass,2278,6000,0.37966666666666665
discovery,joint_gaussian_regularized_cluster,12,1.5,0.5,10,control_specificity_pass,2278,6000,0.37966666666666665
discovery,joint_gaussian_regularized_cluster,12,1.5,1.0,1,support_available_pass,6000,6000,1.0
discovery,joint_gaussian_regularized_cluster,12,1.5,1.0,2,complement_admissible_pass,6000,6000,1.0
discovery,joint_gaussian_regularized_cluster,12,1.5,1.0,3,effect_direction_reproduced_pass,5884,6000,0.9806666666666667
discovery,joint_gaussian_regularized_cluster,12,1.5,1.0,4,target_contrast_positive_pass,5884,6000,0.9806666666666667
discovery,joint_gaussian_regularized_cluster,12,1.5,1.0,5,minimum_effect_pass,5884,6000,0.9806666666666667
discovery,joint_gaussian_regularized_cluster,12,1.5,1.0,6,cluster_uncertainty_pass,2844,6000,0.474
discovery,joint_gaussian_regularized_cluster,12,1.5,1.0,7,raw_statistical_threshold_pass,2345,6000,0.3908333333333333
discovery,joint_gaussian_regularized_cluster,12,1.5,1.0,8,multiplicity_adjusted_threshold_pass,2345,6000,0.3908333333333333
discovery,joint_gaussian_regularized_cluster,12,1.5,1.0,9,control_adjusted_contrast_pass,643,6000,0.10716666666666666
discovery,joint_gaussian_regularized_cluster,12,1.5,1.0,10,control_specificity_pass,643,6000,0.10716666666666666
discovery,joint_gaussian_regularized_cluster,12,2.0,0.0,1,support_available_pass,6000,6000,1.0
discovery,joint_gaussian_regularized_cluster,12,2.0,0.0,2,complement_admissible_pass,6000,6000,1.0
discovery,joint_gaussian_regularized_cluster,12,2.0,0.0,3,effect_direction_reproduced_pass,5886,6000,0.981
discovery,joint_gaussian_regularized_cluster,12,2.0,0.0,4,target_contrast_positive_pass,5886,6000,0.981
discovery,joint_gaussian_regularized_cluster,12,2.0,0.0,5,minimum_effect_pass,5886,6000,0.981
discovery,joint_gaussian_regularized_cluster,12,2.0,0.0,6,cluster_uncertainty_pass,2844,6000,0.474
discovery,joint_gaussian_regularized_cluster,12,2.0,0.0,7,raw_statistical_threshold_pass,2304,6000,0.384
discovery,joint_gaussian_regularized_cluster,12,2.0,0.0,8,multiplicity_adjusted_threshold_pass,2304,6000,0.384
discovery,joint_gaussian_regularized_cluster,12,2.0,0.0,9,control_adjusted_contrast_pass,2304,6000,0.384
discovery,joint_gaussian_regularized_cluster,12,2.0,0.0,10,control_specificity_pass,2304,6000,0.384
discovery,joint_gaussian_regularized_cluster,12,2.0,0.25,1,support_available_pass,6000,6000,1.0
discovery,joint_gaussian_regularized_cluster,12,2.0,0.25,2,complement_admissible_pass,6000,6000,1.0
discovery,joint_gaussian_regularized_cluster,12,2.0,0.25,3,effect_direction_reproduced_pass,5882,6000,0.9803333333333333
discovery,joint_gaussian_regularized_cluster,12,2.0,0.25,4,target_contrast_positive_pass,5882,6000,0.9803333333333333
discovery,joint_gaussian_regularized_cluster,12,2.0,0.25,5,minimum_effect_pass,5882,6000,0.9803333333333333
discovery,joint_gaussian_regularized_cluster,12,2.0,0.25,6,cluster_uncertainty_pass,2847,6000,0.4745
discovery,joint_gaussian_regularized_cluster,12,2.0,0.25,7,raw_statistical_threshold_pass,2363,6000,0.3938333333333333
discovery,joint_gaussian_regularized_cluster,12,2.0,0.25,8,multiplicity_adjusted_threshold_pass,2363,6000,0.3938333333333333
discovery,joint_gaussian_regularized_cluster,12,2.0,0.25,9,control_adjusted_contrast_pass,2363,6000,0.3938333333333333
discovery,joint_gaussian_regularized_cluster,12,2.0,0.25,10,control_specificity_pass,2363,6000,0.3938333333333333
discovery,joint_gaussian_regularized_cluster,12,2.0,0.5,1,support_available_pass,6000,6000,1.0
discovery,joint_gaussian_regularized_cluster,12,2.0,0.5,2,complement_admissible_pass,6000,6000,1.0
discovery,joint_gaussian_regularized_cluster,12,2.0,0.5,3,effect_direction_reproduced_pass,5886,6000,0.981
discovery,joint_gaussian_regularized_cluster,12,2.0,0.5,4,target_contrast_positive_pass,5886,6000,0.981
discovery,joint_gaussian_regularized_cluster,12,2.0,0.5,5,minimum_effect_pass,5886,6000,0.981
discovery,joint_gaussian_regularized_cluster,12,2.0,0.5,6,cluster_uncertainty_pass,2828,6000,0.4713333333333333
discovery,joint_gaussian_regularized_cluster,12,2.0,0.5,7,raw_statistical_threshold_pass,2333,6000,0.3888333333333333
discovery,joint_gaussian_regularized_cluster,12,2.0,0.5,8,multiplicity_adjusted_threshold_pass,2333,6000,0.3888333333333333
discovery,joint_gaussian_regularized_cluster,12,2.0,0.5,9,control_adjusted_contrast_pass,2309,6000,0.38483333333333336
discovery,joint_gaussian_regularized_cluster,12,2.0,0.5,10,control_specificity_pass,2309,6000,0.38483333333333336
discovery,joint_gaussian_regularized_cluster,12,2.0,1.0,1,support_available_pass,6000,6000,1.0
discovery,joint_gaussian_regularized_cluster,12,2.0,1.0,2,complement_admissible_pass,6000,6000,1.0
discovery,joint_gaussian_regularized_cluster,12,2.0,1.0,3,effect_direction_reproduced_pass,5863,6000,0.9771666666666666
discovery,joint_gaussian_regularized_cluster,12,2.0,1.0,4,target_contrast_positive_pass,5863,6000,0.9771666666666666
discovery,joint_gaussian_regularized_cluster,12,2.0,1.0,5,minimum_effect_pass,5863,6000,0.9771666666666666
discovery,joint_gaussian_regularized_cluster,12,2.0,1.0,6,cluster_uncertainty_pass,2845,6000,0.4741666666666667
discovery,joint_gaussian_regularized_cluster,12,2.0,1.0,7,raw_statistical_threshold_pass,2356,6000,0.39266666666666666
discovery,joint_gaussian_regularized_cluster,12,2.0,1.0,8,multiplicity_adjusted_threshold_pass,2356,6000,0.39266666666666666
discovery,joint_gaussian_regularized_cluster,12,2.0,1.0,9,control_adjusted_contrast_pass,583,6000,0.09716666666666667
discovery,joint_gaussian_regularized_cluster,12,2.0,1.0,10,control_specificity_pass,583,6000,0.09716666666666667
discovery,joint_wild_cluster_rademacher,3,0.0,0.0,1,support_available_pass,5936,6000,0.9893333333333333
discovery,joint_wild_cluster_rademacher,3,0.0,0.0,2,complement_admissible_pass,4613,6000,0.7688333333333334
discovery,joint_wild_cluster_rademacher,3,0.0,0.0,3,effect_direction_reproduced_pass,0,6000,0.0
discovery,joint_wild_cluster_rademacher,3,0.0,0.0,4,target_contrast_positive_pass,0,6000,0.0
discovery,joint_wild_cluster_rademacher,3,0.0,0.0,5,minimum_effect_pass,0,6000,0.0
discovery,joint_wild_cluster_rademacher,3,0.0,0.0,6,cluster_uncertainty_pass,0,6000,0.0
discovery,joint_wild_cluster_rademacher,3,0.0,0.0,7,raw_statistical_threshold_pass,0,6000,0.0
discovery,joint_wild_cluster_rademacher,3,0.0,0.0,8,multiplicity_adjusted_threshold_pass,0,6000,0.0
discovery,joint_wild_cluster_rademacher,3,0.0,0.0,9,control_adjusted_contrast_pass,0,6000,0.0
discovery,joint_wild_cluster_rademacher,3,0.0,0.0,10,control_specificity_pass,0,6000,0.0
discovery,joint_wild_cluster_rademacher,3,0.25,0.0,1,support_available_pass,5931,6000,0.9885
discovery,joint_wild_cluster_rademacher,3,0.25,0.0,2,complement_admissible_pass,4543,6000,0.7571666666666667
discovery,joint_wild_cluster_rademacher,3,0.25,0.0,3,effect_direction_reproduced_pass,2981,6000,0.49683333333333335
discovery,joint_wild_cluster_rademacher,3,0.25,0.0,4,target_contrast_positive_pass,2981,6000,0.49683333333333335
discovery,joint_wild_cluster_rademacher,3,0.25,0.0,5,minimum_effect_pass,2424,6000,0.404
discovery,joint_wild_cluster_rademacher,3,0.25,0.0,6,cluster_uncertainty_pass,732,6000,0.122
discovery,joint_wild_cluster_rademacher,3,0.25,0.0,7,raw_statistical_threshold_pass,0,6000,0.0
discovery,joint_wild_cluster_rademacher,3,0.25,0.0,8,multiplicity_adjusted_threshold_pass,0,6000,0.0
discovery,joint_wild_cluster_rademacher,3,0.25,0.0,9,control_adjusted_contrast_pass,0,6000,0.0
discovery,joint_wild_cluster_rademacher,3,0.25,0.0,10,control_specificity_pass,0,6000,0.0
discovery,joint_wild_cluster_rademacher,3,0.25,0.25,1,support_available_pass,5930,6000,0.9883333333333333
discovery,joint_wild_cluster_rademacher,3,0.25,0.25,2,complement_admissible_pass,4568,6000,0.7613333333333333
discovery,joint_wild_cluster_rademacher,3,0.25,0.25,3,effect_direction_reproduced_pass,3108,6000,0.518
discovery,joint_wild_cluster_rademacher,3,0.25,0.25,4,target_contrast_positive_pass,3108,6000,0.518
discovery,joint_wild_cluster_rademacher,3,0.25,0.25,5,minimum_effect_pass,2516,6000,0.41933333333333334
discovery,joint_wild_cluster_rademacher,3,0.25,0.25,6,cluster_uncertainty_pass,750,6000,0.125
discovery,joint_wild_cluster_rademacher,3,0.25,0.25,7,raw_statistical_threshold_pass,0,6000,0.0
discovery,joint_wild_cluster_rademacher,3,0.25,0.25,8,multiplicity_adjusted_threshold_pass,0,6000,0.0
discovery,joint_wild_cluster_rademacher,3,0.25,0.25,9,control_adjusted_contrast_pass,0,6000,0.0
discovery,joint_wild_cluster_rademacher,3,0.25,0.25,10,control_specificity_pass,0,6000,0.0
discovery,joint_wild_cluster_rademacher,3,0.25,0.5,1,support_available_pass,5950,6000,0.9916666666666667
discovery,joint_wild_cluster_rademacher,3,0.25,0.5,2,complement_admissible_pass,4605,6000,0.7675
discovery,joint_wild_cluster_rademacher,3,0.25,0.5,3,effect_direction_reproduced_pass,3084,6000,0.514
discovery,joint_wild_cluster_rademacher,3,0.25,0.5,4,target_contrast_positive_pass,3084,6000,0.514
discovery,joint_wild_cluster_rademacher,3,0.25,0.5,5,minimum_effect_pass,2501,6000,0.41683333333333333
discovery,joint_wild_cluster_rademacher,3,0.25,0.5,6,cluster_uncertainty_pass,730,6000,0.12166666666666667
discovery,joint_wild_cluster_rademacher,3,0.25,0.5,7,raw_statistical_threshold_pass,0,6000,0.0
discovery,joint_wild_cluster_rademacher,3,0.25,0.5,8,multiplicity_adjusted_threshold_pass,0,6000,0.0
discovery,joint_wild_cluster_rademacher,3,0.25,0.5,9,control_adjusted_contrast_pass,0,6000,0.0
discovery,joint_wild_cluster_rademacher,3,0.25,0.5,10,control_specificity_pass,0,6000,0.0
discovery,joint_wild_cluster_rademacher,3,0.25,1.0,1,support_available_pass,5938,6000,0.9896666666666667
discovery,joint_wild_cluster_rademacher,3,0.25,1.0,2,complement_admissible_pass,4555,6000,0.7591666666666667
discovery,joint_wild_cluster_rademacher,3,0.25,1.0,3,effect_direction_reproduced_pass,3033,6000,0.5055
discovery,joint_wild_cluster_rademacher,3,0.25,1.0,4,target_contrast_positive_pass,3033,6000,0.5055
discovery,joint_wild_cluster_rademacher,3,0.25,1.0,5,minimum_effect_pass,2413,6000,0.4021666666666667
discovery,joint_wild_cluster_rademacher,3,0.25,1.0,6,cluster_uncertainty_pass,670,6000,0.11166666666666666
discovery,joint_wild_cluster_rademacher,3,0.25,1.0,7,raw_statistical_threshold_pass,0,6000,0.0
discovery,joint_wild_cluster_rademacher,3,0.25,1.0,8,multiplicity_adjusted_threshold_pass,0,6000,0.0
discovery,joint_wild_cluster_rademacher,3,0.25,1.0,9,control_adjusted_contrast_pass,0,6000,0.0
discovery,joint_wild_cluster_rademacher,3,0.25,1.0,10,control_specificity_pass,0,6000,0.0
discovery,joint_wild_cluster_rademacher,3,0.5,0.0,1,support_available_pass,5953,6000,0.9921666666666666
discovery,joint_wild_cluster_rademacher,3,0.5,0.0,2,complement_admissible_pass,4596,6000,0.766
discovery,joint_wild_cluster_rademacher,3,0.5,0.0,3,effect_direction_reproduced_pass,3349,6000,0.5581666666666667
discovery,joint_wild_cluster_rademacher,3,0.5,0.0,4,target_contrast_positive_pass,3349,6000,0.5581666666666667
discovery,joint_wild_cluster_rademacher,3,0.5,0.0,5,minimum_effect_pass,3246,6000,0.541
discovery,joint_wild_cluster_rademacher,3,0.5,0.0,6,cluster_uncertainty_pass,1185,6000,0.1975
discovery,joint_wild_cluster_rademacher,3,0.5,0.0,7,raw_statistical_threshold_pass,0,6000,0.0
discovery,joint_wild_cluster_rademacher,3,0.5,0.0,8,multiplicity_adjusted_threshold_pass,0,6000,0.0
discovery,joint_wild_cluster_rademacher,3,0.5,0.0,9,control_adjusted_contrast_pass,0,6000,0.0
discovery,joint_wild_cluster_rademacher,3,0.5,0.0,10,control_specificity_pass,0,6000,0.0
discovery,joint_wild_cluster_rademacher,3,0.5,0.25,1,support_available_pass,5930,6000,0.9883333333333333
discovery,joint_wild_cluster_rademacher,3,0.5,0.25,2,complement_admissible_pass,4610,6000,0.7683333333333333
discovery,joint_wild_cluster_rademacher,3,0.5,0.25,3,effect_direction_reproduced_pass,3332,6000,0.5553333333333333
discovery,joint_wild_cluster_rademacher,3,0.5,0.25,4,target_contrast_positive_pass,3332,6000,0.5553333333333333
discovery,joint_wild_cluster_rademacher,3,0.5,0.25,5,minimum_effect_pass,3231,6000,0.5385
discovery,joint_wild_cluster_rademacher,3,0.5,0.25,6,cluster_uncertainty_pass,1192,6000,0.19866666666666666
discovery,joint_wild_cluster_rademacher,3,0.5,0.25,7,raw_statistical_threshold_pass,0,6000,0.0
discovery,joint_wild_cluster_rademacher,3,0.5,0.25,8,multiplicity_adjusted_threshold_pass,0,6000,0.0
discovery,joint_wild_cluster_rademacher,3,0.5,0.25,9,control_adjusted_contrast_pass,0,6000,0.0
discovery,joint_wild_cluster_rademacher,3,0.5,0.25,10,control_specificity_pass,0,6000,0.0
discovery,joint_wild_cluster_rademacher,3,0.5,0.5,1,support_available_pass,5947,6000,0.9911666666666666
discovery,joint_wild_cluster_rademacher,3,0.5,0.5,2,complement_admissible_pass,4612,6000,0.7686666666666667
discovery,joint_wild_cluster_rademacher,3,0.5,0.5,3,effect_direction_reproduced_pass,3226,6000,0.5376666666666666
discovery,joint_wild_cluster_rademacher,3,0.5,0.5,4,target_contrast_positive_pass,3226,6000,0.5376666666666666
discovery,joint_wild_cluster_rademacher,3,0.5,0.5,5,minimum_effect_pass,3146,6000,0.5243333333333333
discovery,joint_wild_cluster_rademacher,3,0.5,0.5,6,cluster_uncertainty_pass,1182,6000,0.197
discovery,joint_wild_cluster_rademacher,3,0.5,0.5,7,raw_statistical_threshold_pass,0,6000,0.0
discovery,joint_wild_cluster_rademacher,3,0.5,0.5,8,multiplicity_adjusted_threshold_pass,0,6000,0.0
discovery,joint_wild_cluster_rademacher,3,0.5,0.5,9,control_adjusted_contrast_pass,0,6000,0.0
discovery,joint_wild_cluster_rademacher,3,0.5,0.5,10,control_specificity_pass,0,6000,0.0
discovery,joint_wild_cluster_rademacher,3,0.5,1.0,1,support_available_pass,5938,6000,0.9896666666666667
discovery,joint_wild_cluster_rademacher,3,0.5,1.0,2,complement_admissible_pass,4614,6000,0.769
discovery,joint_wild_cluster_rademacher,3,0.5,1.0,3,effect_direction_reproduced_pass,3273,6000,0.5455
discovery,joint_wild_cluster_rademacher,3,0.5,1.0,4,target_contrast_positive_pass,3273,6000,0.5455
discovery,joint_wild_cluster_rademacher,3,0.5,1.0,5,minimum_effect_pass,3183,6000,0.5305
discovery,joint_wild_cluster_rademacher,3,0.5,1.0,6,cluster_uncertainty_pass,1215,6000,0.2025
discovery,joint_wild_cluster_rademacher,3,0.5,1.0,7,raw_statistical_threshold_pass,0,6000,0.0
discovery,joint_wild_cluster_rademacher,3,0.5,1.0,8,multiplicity_adjusted_threshold_pass,0,6000,0.0
discovery,joint_wild_cluster_rademacher,3,0.5,1.0,9,control_adjusted_contrast_pass,0,6000,0.0
discovery,joint_wild_cluster_rademacher,3,0.5,1.0,10,control_specificity_pass,0,6000,0.0
discovery,joint_wild_cluster_rademacher,3,0.75,0.0,1,support_available_pass,5940,6000,0.99
discovery,joint_wild_cluster_rademacher,3,0.75,0.0,2,complement_admissible_pass,4556,6000,0.7593333333333333
discovery,joint_wild_cluster_rademacher,3,0.75,0.0,3,effect_direction_reproduced_pass,3282,6000,0.547
discovery,joint_wild_cluster_rademacher,3,0.75,0.0,4,target_contrast_positive_pass,3282,6000,0.547
discovery,joint_wild_cluster_rademacher,3,0.75,0.0,5,minimum_effect_pass,3272,6000,0.5453333333333333
discovery,joint_wild_cluster_rademacher,3,0.75,0.0,6,cluster_uncertainty_pass,1346,6000,0.22433333333333333
discovery,joint_wild_cluster_rademacher,3,0.75,0.0,7,raw_statistical_threshold_pass,0,6000,0.0
discovery,joint_wild_cluster_rademacher,3,0.75,0.0,8,multiplicity_adjusted_threshold_pass,0,6000,0.0
discovery,joint_wild_cluster_rademacher,3,0.75,0.0,9,control_adjusted_contrast_pass,0,6000,0.0
discovery,joint_wild_cluster_rademacher,3,0.75,0.0,10,control_specificity_pass,0,6000,0.0
discovery,joint_wild_cluster_rademacher,3,0.75,0.25,1,support_available_pass,5933,6000,0.9888333333333333
discovery,joint_wild_cluster_rademacher,3,0.75,0.25,2,complement_admissible_pass,4569,6000,0.7615
discovery,joint_wild_cluster_rademacher,3,0.75,0.25,3,effect_direction_reproduced_pass,3292,6000,0.5486666666666666
discovery,joint_wild_cluster_rademacher,3,0.75,0.25,4,target_contrast_positive_pass,3292,6000,0.5486666666666666
discovery,joint_wild_cluster_rademacher,3,0.75,0.25,5,minimum_effect_pass,3281,6000,0.5468333333333333
discovery,joint_wild_cluster_rademacher,3,0.75,0.25,6,cluster_uncertainty_pass,1322,6000,0.22033333333333333
discovery,joint_wild_cluster_rademacher,3,0.75,0.25,7,raw_statistical_threshold_pass,0,6000,0.0
discovery,joint_wild_cluster_rademacher,3,0.75,0.25,8,multiplicity_adjusted_threshold_pass,0,6000,0.0
discovery,joint_wild_cluster_rademacher,3,0.75,0.25,9,control_adjusted_contrast_pass,0,6000,0.0
discovery,joint_wild_cluster_rademacher,3,0.75,0.25,10,control_specificity_pass,0,6000,0.0
discovery,joint_wild_cluster_rademacher,3,0.75,0.5,1,support_available_pass,5947,6000,0.9911666666666666
discovery,joint_wild_cluster_rademacher,3,0.75,0.5,2,complement_admissible_pass,4594,6000,0.7656666666666667
discovery,joint_wild_cluster_rademacher,3,0.75,0.5,3,effect_direction_reproduced_pass,3300,6000,0.55
discovery,joint_wild_cluster_rademacher,3,0.75,0.5,4,target_contrast_positive_pass,3300,6000,0.55
discovery,joint_wild_cluster_rademacher,3,0.75,0.5,5,minimum_effect_pass,3286,6000,0.5476666666666666
discovery,joint_wild_cluster_rademacher,3,0.75,0.5,6,cluster_uncertainty_pass,1341,6000,0.2235
discovery,joint_wild_cluster_rademacher,3,0.75,0.5,7,raw_statistical_threshold_pass,0,6000,0.0
discovery,joint_wild_cluster_rademacher,3,0.75,0.5,8,multiplicity_adjusted_threshold_pass,0,6000,0.0
discovery,joint_wild_cluster_rademacher,3,0.75,0.5,9,control_adjusted_contrast_pass,0,6000,0.0
discovery,joint_wild_cluster_rademacher,3,0.75,0.5,10,control_specificity_pass,0,6000,0.0
discovery,joint_wild_cluster_rademacher,3,0.75,1.0,1,support_available_pass,5946,6000,0.991
discovery,joint_wild_cluster_rademacher,3,0.75,1.0,2,complement_admissible_pass,4669,6000,0.7781666666666667
discovery,joint_wild_cluster_rademacher,3,0.75,1.0,3,effect_direction_reproduced_pass,3350,6000,0.5583333333333333
discovery,joint_wild_cluster_rademacher,3,0.75,1.0,4,target_contrast_positive_pass,3350,6000,0.5583333333333333
discovery,joint_wild_cluster_rademacher,3,0.75,1.0,5,minimum_effect_pass,3333,6000,0.5555
discovery,joint_wild_cluster_rademacher,3,0.75,1.0,6,cluster_uncertainty_pass,1378,6000,0.22966666666666666
discovery,joint_wild_cluster_rademacher,3,0.75,1.0,7,raw_statistical_threshold_pass,0,6000,0.0
discovery,joint_wild_cluster_rademacher,3,0.75,1.0,8,multiplicity_adjusted_threshold_pass,0,6000,0.0
discovery,joint_wild_cluster_rademacher,3,0.75,1.0,9,control_adjusted_contrast_pass,0,6000,0.0
discovery,joint_wild_cluster_rademacher,3,0.75,1.0,10,control_specificity_pass,0,6000,0.0
discovery,joint_wild_cluster_rademacher,3,1.0,0.0,1,support_available_pass,5933,6000,0.9888333333333333
discovery,joint_wild_cluster_rademacher,3,1.0,0.0,2,complement_admissible_pass,4586,6000,0.7643333333333333
discovery,joint_wild_cluster_rademacher,3,1.0,0.0,3,effect_direction_reproduced_pass,3291,6000,0.5485
discovery,joint_wild_cluster_rademacher,3,1.0,0.0,4,target_contrast_positive_pass,3291,6000,0.5485
discovery,joint_wild_cluster_rademacher,3,1.0,0.0,5,minimum_effect_pass,3289,6000,0.5481666666666667
discovery,joint_wild_cluster_rademacher,3,1.0,0.0,6,cluster_uncertainty_pass,1399,6000,0.23316666666666666
discovery,joint_wild_cluster_rademacher,3,1.0,0.0,7,raw_statistical_threshold_pass,0,6000,0.0
discovery,joint_wild_cluster_rademacher,3,1.0,0.0,8,multiplicity_adjusted_threshold_pass,0,6000,0.0
discovery,joint_wild_cluster_rademacher,3,1.0,0.0,9,control_adjusted_contrast_pass,0,6000,0.0
discovery,joint_wild_cluster_rademacher,3,1.0,0.0,10,control_specificity_pass,0,6000,0.0
discovery,joint_wild_cluster_rademacher,3,1.0,0.25,1,support_available_pass,5942,6000,0.9903333333333333
discovery,joint_wild_cluster_rademacher,3,1.0,0.25,2,complement_admissible_pass,4611,6000,0.7685
discovery,joint_wild_cluster_rademacher,3,1.0,0.25,3,effect_direction_reproduced_pass,3368,6000,0.5613333333333334
discovery,joint_wild_cluster_rademacher,3,1.0,0.25,4,target_contrast_positive_pass,3368,6000,0.5613333333333334
discovery,joint_wild_cluster_rademacher,3,1.0,0.25,5,minimum_effect_pass,3366,6000,0.561
discovery,joint_wild_cluster_rademacher,3,1.0,0.25,6,cluster_uncertainty_pass,1396,6000,0.23266666666666666
discovery,joint_wild_cluster_rademacher,3,1.0,0.25,7,raw_statistical_threshold_pass,0,6000,0.0
discovery,joint_wild_cluster_rademacher,3,1.0,0.25,8,multiplicity_adjusted_threshold_pass,0,6000,0.0
discovery,joint_wild_cluster_rademacher,3,1.0,0.25,9,control_adjusted_contrast_pass,0,6000,0.0
discovery,joint_wild_cluster_rademacher,3,1.0,0.25,10,control_specificity_pass,0,6000,0.0
discovery,joint_wild_cluster_rademacher,3,1.0,0.5,1,support_available_pass,5938,6000,0.9896666666666667
discovery,joint_wild_cluster_rademacher,3,1.0,0.5,2,complement_admissible_pass,4545,6000,0.7575
discovery,joint_wild_cluster_rademacher,3,1.0,0.5,3,effect_direction_reproduced_pass,3293,6000,0.5488333333333333
discovery,joint_wild_cluster_rademacher,3,1.0,0.5,4,target_contrast_positive_pass,3293,6000,0.5488333333333333
discovery,joint_wild_cluster_rademacher,3,1.0,0.5,5,minimum_effect_pass,3293,6000,0.5488333333333333
discovery,joint_wild_cluster_rademacher,3,1.0,0.5,6,cluster_uncertainty_pass,1391,6000,0.23183333333333334
discovery,joint_wild_cluster_rademacher,3,1.0,0.5,7,raw_statistical_threshold_pass,0,6000,0.0
discovery,joint_wild_cluster_rademacher,3,1.0,0.5,8,multiplicity_adjusted_threshold_pass,0,6000,0.0
discovery,joint_wild_cluster_rademacher,3,1.0,0.5,9,control_adjusted_contrast_pass,0,6000,0.0
discovery,joint_wild_cluster_rademacher,3,1.0,0.5,10,control_specificity_pass,0,6000,0.0
discovery,joint_wild_cluster_rademacher,3,1.0,1.0,1,support_available_pass,5941,6000,0.9901666666666666
discovery,joint_wild_cluster_rademacher,3,1.0,1.0,2,complement_admissible_pass,4592,6000,0.7653333333333333
discovery,joint_wild_cluster_rademacher,3,1.0,1.0,3,effect_direction_reproduced_pass,3318,6000,0.553
discovery,joint_wild_cluster_rademacher,3,1.0,1.0,4,target_contrast_positive_pass,3318,6000,0.553
discovery,joint_wild_cluster_rademacher,3,1.0,1.0,5,minimum_effect_pass,3315,6000,0.5525
discovery,joint_wild_cluster_rademacher,3,1.0,1.0,6,cluster_uncertainty_pass,1427,6000,0.23783333333333334
discovery,joint_wild_cluster_rademacher,3,1.0,1.0,7,raw_statistical_threshold_pass,0,6000,0.0
discovery,joint_wild_cluster_rademacher,3,1.0,1.0,8,multiplicity_adjusted_threshold_pass,0,6000,0.0
discovery,joint_wild_cluster_rademacher,3,1.0,1.0,9,control_adjusted_contrast_pass,0,6000,0.0
discovery,joint_wild_cluster_rademacher,3,1.0,1.0,10,control_specificity_pass,0,6000,0.0
discovery,joint_wild_cluster_rademacher,3,1.5,0.0,1,support_available_pass,5940,6000,0.99
discovery,joint_wild_cluster_rademacher,3,1.5,0.0,2,complement_admissible_pass,4609,6000,0.7681666666666667
discovery,joint_wild_cluster_rademacher,3,1.5,0.0,3,effect_direction_reproduced_pass,3313,6000,0.5521666666666667
discovery,joint_wild_cluster_rademacher,3,1.5,0.0,4,target_contrast_positive_pass,3313,6000,0.5521666666666667
discovery,joint_wild_cluster_rademacher,3,1.5,0.0,5,minimum_effect_pass,3313,6000,0.5521666666666667
discovery,joint_wild_cluster_rademacher,3,1.5,0.0,6,cluster_uncertainty_pass,1404,6000,0.234
discovery,joint_wild_cluster_rademacher,3,1.5,0.0,7,raw_statistical_threshold_pass,0,6000,0.0
discovery,joint_wild_cluster_rademacher,3,1.5,0.0,8,multiplicity_adjusted_threshold_pass,0,6000,0.0
discovery,joint_wild_cluster_rademacher,3,1.5,0.0,9,control_adjusted_contrast_pass,0,6000,0.0
discovery,joint_wild_cluster_rademacher,3,1.5,0.0,10,control_specificity_pass,0,6000,0.0
discovery,joint_wild_cluster_rademacher,3,1.5,0.25,1,support_available_pass,5933,6000,0.9888333333333333
discovery,joint_wild_cluster_rademacher,3,1.5,0.25,2,complement_admissible_pass,4577,6000,0.7628333333333334
discovery,joint_wild_cluster_rademacher,3,1.5,0.25,3,effect_direction_reproduced_pass,3302,6000,0.5503333333333333
discovery,joint_wild_cluster_rademacher,3,1.5,0.25,4,target_contrast_positive_pass,3302,6000,0.5503333333333333
discovery,joint_wild_cluster_rademacher,3,1.5,0.25,5,minimum_effect_pass,3302,6000,0.5503333333333333
discovery,joint_wild_cluster_rademacher,3,1.5,0.25,6,cluster_uncertainty_pass,1392,6000,0.232
discovery,joint_wild_cluster_rademacher,3,1.5,0.25,7,raw_statistical_threshold_pass,0,6000,0.0
discovery,joint_wild_cluster_rademacher,3,1.5,0.25,8,multiplicity_adjusted_threshold_pass,0,6000,0.0
discovery,joint_wild_cluster_rademacher,3,1.5,0.25,9,control_adjusted_contrast_pass,0,6000,0.0
discovery,joint_wild_cluster_rademacher,3,1.5,0.25,10,control_specificity_pass,0,6000,0.0
discovery,joint_wild_cluster_rademacher,3,1.5,0.5,1,support_available_pass,5944,6000,0.9906666666666667
discovery,joint_wild_cluster_rademacher,3,1.5,0.5,2,complement_admissible_pass,4615,6000,0.7691666666666667
discovery,joint_wild_cluster_rademacher,3,1.5,0.5,3,effect_direction_reproduced_pass,3287,6000,0.5478333333333333
discovery,joint_wild_cluster_rademacher,3,1.5,0.5,4,target_contrast_positive_pass,3287,6000,0.5478333333333333
discovery,joint_wild_cluster_rademacher,3,1.5,0.5,5,minimum_effect_pass,3287,6000,0.5478333333333333
discovery,joint_wild_cluster_rademacher,3,1.5,0.5,6,cluster_uncertainty_pass,1415,6000,0.23583333333333334
discovery,joint_wild_cluster_rademacher,3,1.5,0.5,7,raw_statistical_threshold_pass,0,6000,0.0
discovery,joint_wild_cluster_rademacher,3,1.5,0.5,8,multiplicity_adjusted_threshold_pass,0,6000,0.0
discovery,joint_wild_cluster_rademacher,3,1.5,0.5,9,control_adjusted_contrast_pass,0,6000,0.0
discovery,joint_wild_cluster_rademacher,3,1.5,0.5,10,control_specificity_pass,0,6000,0.0
discovery,joint_wild_cluster_rademacher,3,1.5,1.0,1,support_available_pass,5940,6000,0.99
discovery,joint_wild_cluster_rademacher,3,1.5,1.0,2,complement_admissible_pass,4531,6000,0.7551666666666667
discovery,joint_wild_cluster_rademacher,3,1.5,1.0,3,effect_direction_reproduced_pass,3278,6000,0.5463333333333333
discovery,joint_wild_cluster_rademacher,3,1.5,1.0,4,target_contrast_positive_pass,3278,6000,0.5463333333333333
discovery,joint_wild_cluster_rademacher,3,1.5,1.0,5,minimum_effect_pass,3278,6000,0.5463333333333333
discovery,joint_wild_cluster_rademacher,3,1.5,1.0,6,cluster_uncertainty_pass,1373,6000,0.22883333333333333
discovery,joint_wild_cluster_rademacher,3,1.5,1.0,7,raw_statistical_threshold_pass,0,6000,0.0
discovery,joint_wild_cluster_rademacher,3,1.5,1.0,8,multiplicity_adjusted_threshold_pass,0,6000,0.0
discovery,joint_wild_cluster_rademacher,3,1.5,1.0,9,control_adjusted_contrast_pass,0,6000,0.0
discovery,joint_wild_cluster_rademacher,3,1.5,1.0,10,control_specificity_pass,0,6000,0.0
discovery,joint_wild_cluster_rademacher,3,2.0,0.0,1,support_available_pass,5928,6000,0.988
discovery,joint_wild_cluster_rademacher,3,2.0,0.0,2,complement_admissible_pass,4601,6000,0.7668333333333334
discovery,joint_wild_cluster_rademacher,3,2.0,0.0,3,effect_direction_reproduced_pass,3300,6000,0.55
discovery,joint_wild_cluster_rademacher,3,2.0,0.0,4,target_contrast_positive_pass,3300,6000,0.55
discovery,joint_wild_cluster_rademacher,3,2.0,0.0,5,minimum_effect_pass,3300,6000,0.55
discovery,joint_wild_cluster_rademacher,3,2.0,0.0,6,cluster_uncertainty_pass,1433,6000,0.23883333333333334
discovery,joint_wild_cluster_rademacher,3,2.0,0.0,7,raw_statistical_threshold_pass,0,6000,0.0
discovery,joint_wild_cluster_rademacher,3,2.0,0.0,8,multiplicity_adjusted_threshold_pass,0,6000,0.0
discovery,joint_wild_cluster_rademacher,3,2.0,0.0,9,control_adjusted_contrast_pass,0,6000,0.0
discovery,joint_wild_cluster_rademacher,3,2.0,0.0,10,control_specificity_pass,0,6000,0.0
discovery,joint_wild_cluster_rademacher,3,2.0,0.25,1,support_available_pass,5946,6000,0.991
discovery,joint_wild_cluster_rademacher,3,2.0,0.25,2,complement_admissible_pass,4603,6000,0.7671666666666667
discovery,joint_wild_cluster_rademacher,3,2.0,0.25,3,effect_direction_reproduced_pass,3294,6000,0.549
discovery,joint_wild_cluster_rademacher,3,2.0,0.25,4,target_contrast_positive_pass,3294,6000,0.549
discovery,joint_wild_cluster_rademacher,3,2.0,0.25,5,minimum_effect_pass,3294,6000,0.549
discovery,joint_wild_cluster_rademacher,3,2.0,0.25,6,cluster_uncertainty_pass,1410,6000,0.235
discovery,joint_wild_cluster_rademacher,3,2.0,0.25,7,raw_statistical_threshold_pass,0,6000,0.0
discovery,joint_wild_cluster_rademacher,3,2.0,0.25,8,multiplicity_adjusted_threshold_pass,0,6000,0.0
discovery,joint_wild_cluster_rademacher,3,2.0,0.25,9,control_adjusted_contrast_pass,0,6000,0.0
discovery,joint_wild_cluster_rademacher,3,2.0,0.25,10,control_specificity_pass,0,6000,0.0
discovery,joint_wild_cluster_rademacher,3,2.0,0.5,1,support_available_pass,5941,6000,0.9901666666666666
discovery,joint_wild_cluster_rademacher,3,2.0,0.5,2,complement_admissible_pass,4630,6000,0.7716666666666666
discovery,joint_wild_cluster_rademacher,3,2.0,0.5,3,effect_direction_reproduced_pass,3297,6000,0.5495
discovery,joint_wild_cluster_rademacher,3,2.0,0.5,4,target_contrast_positive_pass,3297,6000,0.5495
discovery,joint_wild_cluster_rademacher,3,2.0,0.5,5,minimum_effect_pass,3297,6000,0.5495
discovery,joint_wild_cluster_rademacher,3,2.0,0.5,6,cluster_uncertainty_pass,1479,6000,0.2465
discovery,joint_wild_cluster_rademacher,3,2.0,0.5,7,raw_statistical_threshold_pass,0,6000,0.0
discovery,joint_wild_cluster_rademacher,3,2.0,0.5,8,multiplicity_adjusted_threshold_pass,0,6000,0.0
discovery,joint_wild_cluster_rademacher,3,2.0,0.5,9,control_adjusted_contrast_pass,0,6000,0.0
discovery,joint_wild_cluster_rademacher,3,2.0,0.5,10,control_specificity_pass,0,6000,0.0
discovery,joint_wild_cluster_rademacher,3,2.0,1.0,1,support_available_pass,5937,6000,0.9895
discovery,joint_wild_cluster_rademacher,3,2.0,1.0,2,complement_admissible_pass,4595,6000,0.7658333333333334
discovery,joint_wild_cluster_rademacher,3,2.0,1.0,3,effect_direction_reproduced_pass,3347,6000,0.5578333333333333
discovery,joint_wild_cluster_rademacher,3,2.0,1.0,4,target_contrast_positive_pass,3347,6000,0.5578333333333333
discovery,joint_wild_cluster_rademacher,3,2.0,1.0,5,minimum_effect_pass,3347,6000,0.5578333333333333
discovery,joint_wild_cluster_rademacher,3,2.0,1.0,6,cluster_uncertainty_pass,1434,6000,0.239
discovery,joint_wild_cluster_rademacher,3,2.0,1.0,7,raw_statistical_threshold_pass,0,6000,0.0
discovery,joint_wild_cluster_rademacher,3,2.0,1.0,8,multiplicity_adjusted_threshold_pass,0,6000,0.0
discovery,joint_wild_cluster_rademacher,3,2.0,1.0,9,control_adjusted_contrast_pass,0,6000,0.0
discovery,joint_wild_cluster_rademacher,3,2.0,1.0,10,control_specificity_pass,0,6000,0.0
discovery,joint_wild_cluster_rademacher,4,0.0,0.0,1,support_available_pass,5989,6000,0.9981666666666666
discovery,joint_wild_cluster_rademacher,4,0.0,0.0,2,complement_admissible_pass,5651,6000,0.9418333333333333
discovery,joint_wild_cluster_rademacher,4,0.0,0.0,3,effect_direction_reproduced_pass,0,6000,0.0
discovery,joint_wild_cluster_rademacher,4,0.0,0.0,4,target_contrast_positive_pass,0,6000,0.0
discovery,joint_wild_cluster_rademacher,4,0.0,0.0,5,minimum_effect_pass,0,6000,0.0
discovery,joint_wild_cluster_rademacher,4,0.0,0.0,6,cluster_uncertainty_pass,0,6000,0.0
discovery,joint_wild_cluster_rademacher,4,0.0,0.0,7,raw_statistical_threshold_pass,0,6000,0.0
discovery,joint_wild_cluster_rademacher,4,0.0,0.0,8,multiplicity_adjusted_threshold_pass,0,6000,0.0
discovery,joint_wild_cluster_rademacher,4,0.0,0.0,9,control_adjusted_contrast_pass,0,6000,0.0
discovery,joint_wild_cluster_rademacher,4,0.0,0.0,10,control_specificity_pass,0,6000,0.0
discovery,joint_wild_cluster_rademacher,4,0.25,0.0,1,support_available_pass,5988,6000,0.998
discovery,joint_wild_cluster_rademacher,4,0.25,0.0,2,complement_admissible_pass,5606,6000,0.9343333333333333
discovery,joint_wild_cluster_rademacher,4,0.25,0.0,3,effect_direction_reproduced_pass,4176,6000,0.696
discovery,joint_wild_cluster_rademacher,4,0.25,0.0,4,target_contrast_positive_pass,4176,6000,0.696
discovery,joint_wild_cluster_rademacher,4,0.25,0.0,5,minimum_effect_pass,3390,6000,0.565
discovery,joint_wild_cluster_rademacher,4,0.25,0.0,6,cluster_uncertainty_pass,971,6000,0.16183333333333333
discovery,joint_wild_cluster_rademacher,4,0.25,0.0,7,raw_statistical_threshold_pass,76,6000,0.012666666666666666
discovery,joint_wild_cluster_rademacher,4,0.25,0.0,8,multiplicity_adjusted_threshold_pass,76,6000,0.012666666666666666
discovery,joint_wild_cluster_rademacher,4,0.25,0.0,9,control_adjusted_contrast_pass,76,6000,0.012666666666666666
discovery,joint_wild_cluster_rademacher,4,0.25,0.0,10,control_specificity_pass,76,6000,0.012666666666666666
discovery,joint_wild_cluster_rademacher,4,0.25,0.25,1,support_available_pass,5980,6000,0.9966666666666667
discovery,joint_wild_cluster_rademacher,4,0.25,0.25,2,complement_admissible_pass,5671,6000,0.9451666666666667
discovery,joint_wild_cluster_rademacher,4,0.25,0.25,3,effect_direction_reproduced_pass,4251,6000,0.7085
discovery,joint_wild_cluster_rademacher,4,0.25,0.25,4,target_contrast_positive_pass,4251,6000,0.7085
discovery,joint_wild_cluster_rademacher,4,0.25,0.25,5,minimum_effect_pass,3494,6000,0.5823333333333334
discovery,joint_wild_cluster_rademacher,4,0.25,0.25,6,cluster_uncertainty_pass,1007,6000,0.16783333333333333
discovery,joint_wild_cluster_rademacher,4,0.25,0.25,7,raw_statistical_threshold_pass,86,6000,0.014333333333333333
discovery,joint_wild_cluster_rademacher,4,0.25,0.25,8,multiplicity_adjusted_threshold_pass,86,6000,0.014333333333333333
discovery,joint_wild_cluster_rademacher,4,0.25,0.25,9,control_adjusted_contrast_pass,86,6000,0.014333333333333333
discovery,joint_wild_cluster_rademacher,4,0.25,0.25,10,control_specificity_pass,86,6000,0.014333333333333333
discovery,joint_wild_cluster_rademacher,4,0.25,0.5,1,support_available_pass,5982,6000,0.997
discovery,joint_wild_cluster_rademacher,4,0.25,0.5,2,complement_admissible_pass,5657,6000,0.9428333333333333
discovery,joint_wild_cluster_rademacher,4,0.25,0.5,3,effect_direction_reproduced_pass,4230,6000,0.705
discovery,joint_wild_cluster_rademacher,4,0.25,0.5,4,target_contrast_positive_pass,4230,6000,0.705
discovery,joint_wild_cluster_rademacher,4,0.25,0.5,5,minimum_effect_pass,3447,6000,0.5745
discovery,joint_wild_cluster_rademacher,4,0.25,0.5,6,cluster_uncertainty_pass,1003,6000,0.16716666666666666
discovery,joint_wild_cluster_rademacher,4,0.25,0.5,7,raw_statistical_threshold_pass,90,6000,0.015
discovery,joint_wild_cluster_rademacher,4,0.25,0.5,8,multiplicity_adjusted_threshold_pass,90,6000,0.015
discovery,joint_wild_cluster_rademacher,4,0.25,0.5,9,control_adjusted_contrast_pass,80,6000,0.013333333333333334
discovery,joint_wild_cluster_rademacher,4,0.25,0.5,10,control_specificity_pass,80,6000,0.013333333333333334
discovery,joint_wild_cluster_rademacher,4,0.25,1.0,1,support_available_pass,5983,6000,0.9971666666666666
discovery,joint_wild_cluster_rademacher,4,0.25,1.0,2,complement_admissible_pass,5647,6000,0.9411666666666667
discovery,joint_wild_cluster_rademacher,4,0.25,1.0,3,effect_direction_reproduced_pass,4231,6000,0.7051666666666667
discovery,joint_wild_cluster_rademacher,4,0.25,1.0,4,target_contrast_positive_pass,4231,6000,0.7051666666666667
discovery,joint_wild_cluster_rademacher,4,0.25,1.0,5,minimum_effect_pass,3382,6000,0.5636666666666666
discovery,joint_wild_cluster_rademacher,4,0.25,1.0,6,cluster_uncertainty_pass,964,6000,0.16066666666666668
discovery,joint_wild_cluster_rademacher,4,0.25,1.0,7,raw_statistical_threshold_pass,97,6000,0.016166666666666666
discovery,joint_wild_cluster_rademacher,4,0.25,1.0,8,multiplicity_adjusted_threshold_pass,97,6000,0.016166666666666666
discovery,joint_wild_cluster_rademacher,4,0.25,1.0,9,control_adjusted_contrast_pass,65,6000,0.010833333333333334
discovery,joint_wild_cluster_rademacher,4,0.25,1.0,10,control_specificity_pass,65,6000,0.010833333333333334
discovery,joint_wild_cluster_rademacher,4,0.5,0.0,1,support_available_pass,5990,6000,0.9983333333333333
discovery,joint_wild_cluster_rademacher,4,0.5,0.0,2,complement_admissible_pass,5659,6000,0.9431666666666667
discovery,joint_wild_cluster_rademacher,4,0.5,0.0,3,effect_direction_reproduced_pass,4547,6000,0.7578333333333334
discovery,joint_wild_cluster_rademacher,4,0.5,0.0,4,target_contrast_positive_pass,4547,6000,0.7578333333333334
discovery,joint_wild_cluster_rademacher,4,0.5,0.0,5,minimum_effect_pass,4430,6000,0.7383333333333333
discovery,joint_wild_cluster_rademacher,4,0.5,0.0,6,cluster_uncertainty_pass,1687,6000,0.2811666666666667
discovery,joint_wild_cluster_rademacher,4,0.5,0.0,7,raw_statistical_threshold_pass,291,6000,0.0485
discovery,joint_wild_cluster_rademacher,4,0.5,0.0,8,multiplicity_adjusted_threshold_pass,291,6000,0.0485
discovery,joint_wild_cluster_rademacher,4,0.5,0.0,9,control_adjusted_contrast_pass,291,6000,0.0485
discovery,joint_wild_cluster_rademacher,4,0.5,0.0,10,control_specificity_pass,291,6000,0.0485
discovery,joint_wild_cluster_rademacher,4,0.5,0.25,1,support_available_pass,5984,6000,0.9973333333333333
discovery,joint_wild_cluster_rademacher,4,0.5,0.25,2,complement_admissible_pass,5647,6000,0.9411666666666667
discovery,joint_wild_cluster_rademacher,4,0.5,0.25,3,effect_direction_reproduced_pass,4489,6000,0.7481666666666666
discovery,joint_wild_cluster_rademacher,4,0.5,0.25,4,target_contrast_positive_pass,4489,6000,0.7481666666666666
discovery,joint_wild_cluster_rademacher,4,0.5,0.25,5,minimum_effect_pass,4369,6000,0.7281666666666666
discovery,joint_wild_cluster_rademacher,4,0.5,0.25,6,cluster_uncertainty_pass,1669,6000,0.2781666666666667
discovery,joint_wild_cluster_rademacher,4,0.5,0.25,7,raw_statistical_threshold_pass,282,6000,0.047
discovery,joint_wild_cluster_rademacher,4,0.5,0.25,8,multiplicity_adjusted_threshold_pass,282,6000,0.047
discovery,joint_wild_cluster_rademacher,4,0.5,0.25,9,control_adjusted_contrast_pass,280,6000,0.04666666666666667
discovery,joint_wild_cluster_rademacher,4,0.5,0.25,10,control_specificity_pass,280,6000,0.04666666666666667
discovery,joint_wild_cluster_rademacher,4,0.5,0.5,1,support_available_pass,5986,6000,0.9976666666666667
discovery,joint_wild_cluster_rademacher,4,0.5,0.5,2,complement_admissible_pass,5677,6000,0.9461666666666667
discovery,joint_wild_cluster_rademacher,4,0.5,0.5,3,effect_direction_reproduced_pass,4430,6000,0.7383333333333333
discovery,joint_wild_cluster_rademacher,4,0.5,0.5,4,target_contrast_positive_pass,4430,6000,0.7383333333333333
discovery,joint_wild_cluster_rademacher,4,0.5,0.5,5,minimum_effect_pass,4330,6000,0.7216666666666667
discovery,joint_wild_cluster_rademacher,4,0.5,0.5,6,cluster_uncertainty_pass,1679,6000,0.2798333333333333
discovery,joint_wild_cluster_rademacher,4,0.5,0.5,7,raw_statistical_threshold_pass,252,6000,0.042
discovery,joint_wild_cluster_rademacher,4,0.5,0.5,8,multiplicity_adjusted_threshold_pass,252,6000,0.042
discovery,joint_wild_cluster_rademacher,4,0.5,0.5,9,control_adjusted_contrast_pass,240,6000,0.04
discovery,joint_wild_cluster_rademacher,4,0.5,0.5,10,control_specificity_pass,240,6000,0.04
discovery,joint_wild_cluster_rademacher,4,0.5,1.0,1,support_available_pass,5985,6000,0.9975
discovery,joint_wild_cluster_rademacher,4,0.5,1.0,2,complement_admissible_pass,5671,6000,0.9451666666666667
discovery,joint_wild_cluster_rademacher,4,0.5,1.0,3,effect_direction_reproduced_pass,4456,6000,0.7426666666666667
discovery,joint_wild_cluster_rademacher,4,0.5,1.0,4,target_contrast_positive_pass,4456,6000,0.7426666666666667
discovery,joint_wild_cluster_rademacher,4,0.5,1.0,5,minimum_effect_pass,4357,6000,0.7261666666666666
discovery,joint_wild_cluster_rademacher,4,0.5,1.0,6,cluster_uncertainty_pass,1755,6000,0.2925
discovery,joint_wild_cluster_rademacher,4,0.5,1.0,7,raw_statistical_threshold_pass,270,6000,0.045
discovery,joint_wild_cluster_rademacher,4,0.5,1.0,8,multiplicity_adjusted_threshold_pass,270,6000,0.045
discovery,joint_wild_cluster_rademacher,4,0.5,1.0,9,control_adjusted_contrast_pass,132,6000,0.022
discovery,joint_wild_cluster_rademacher,4,0.5,1.0,10,control_specificity_pass,132,6000,0.022
discovery,joint_wild_cluster_rademacher,4,0.75,0.0,1,support_available_pass,5990,6000,0.9983333333333333
discovery,joint_wild_cluster_rademacher,4,0.75,0.0,2,complement_admissible_pass,5636,6000,0.9393333333333334
discovery,joint_wild_cluster_rademacher,4,0.75,0.0,3,effect_direction_reproduced_pass,4470,6000,0.745
discovery,joint_wild_cluster_rademacher,4,0.75,0.0,4,target_contrast_positive_pass,4470,6000,0.745
discovery,joint_wild_cluster_rademacher,4,0.75,0.0,5,minimum_effect_pass,4453,6000,0.7421666666666666
discovery,joint_wild_cluster_rademacher,4,0.75,0.0,6,cluster_uncertainty_pass,1973,6000,0.3288333333333333
discovery,joint_wild_cluster_rademacher,4,0.75,0.0,7,raw_statistical_threshold_pass,402,6000,0.067
discovery,joint_wild_cluster_rademacher,4,0.75,0.0,8,multiplicity_adjusted_threshold_pass,402,6000,0.067
discovery,joint_wild_cluster_rademacher,4,0.75,0.0,9,control_adjusted_contrast_pass,402,6000,0.067
discovery,joint_wild_cluster_rademacher,4,0.75,0.0,10,control_specificity_pass,402,6000,0.067
discovery,joint_wild_cluster_rademacher,4,0.75,0.25,1,support_available_pass,5981,6000,0.9968333333333333
discovery,joint_wild_cluster_rademacher,4,0.75,0.25,2,complement_admissible_pass,5660,6000,0.9433333333333334
discovery,joint_wild_cluster_rademacher,4,0.75,0.25,3,effect_direction_reproduced_pass,4521,6000,0.7535
discovery,joint_wild_cluster_rademacher,4,0.75,0.25,4,target_contrast_positive_pass,4521,6000,0.7535
discovery,joint_wild_cluster_rademacher,4,0.75,0.25,5,minimum_effect_pass,4504,6000,0.7506666666666667
discovery,joint_wild_cluster_rademacher,4,0.75,0.25,6,cluster_uncertainty_pass,1951,6000,0.32516666666666666
discovery,joint_wild_cluster_rademacher,4,0.75,0.25,7,raw_statistical_threshold_pass,383,6000,0.06383333333333334
discovery,joint_wild_cluster_rademacher,4,0.75,0.25,8,multiplicity_adjusted_threshold_pass,383,6000,0.06383333333333334
discovery,joint_wild_cluster_rademacher,4,0.75,0.25,9,control_adjusted_contrast_pass,381,6000,0.0635
discovery,joint_wild_cluster_rademacher,4,0.75,0.25,10,control_specificity_pass,381,6000,0.0635
discovery,joint_wild_cluster_rademacher,4,0.75,0.5,1,support_available_pass,5992,6000,0.9986666666666667
discovery,joint_wild_cluster_rademacher,4,0.75,0.5,2,complement_admissible_pass,5661,6000,0.9435
discovery,joint_wild_cluster_rademacher,4,0.75,0.5,3,effect_direction_reproduced_pass,4497,6000,0.7495
discovery,joint_wild_cluster_rademacher,4,0.75,0.5,4,target_contrast_positive_pass,4497,6000,0.7495
discovery,joint_wild_cluster_rademacher,4,0.75,0.5,5,minimum_effect_pass,4483,6000,0.7471666666666666
discovery,joint_wild_cluster_rademacher,4,0.75,0.5,6,cluster_uncertainty_pass,1965,6000,0.3275
discovery,joint_wild_cluster_rademacher,4,0.75,0.5,7,raw_statistical_threshold_pass,410,6000,0.06833333333333333
discovery,joint_wild_cluster_rademacher,4,0.75,0.5,8,multiplicity_adjusted_threshold_pass,410,6000,0.06833333333333333
discovery,joint_wild_cluster_rademacher,4,0.75,0.5,9,control_adjusted_contrast_pass,380,6000,0.06333333333333334
discovery,joint_wild_cluster_rademacher,4,0.75,0.5,10,control_specificity_pass,380,6000,0.06333333333333334
discovery,joint_wild_cluster_rademacher,4,0.75,1.0,1,support_available_pass,5981,6000,0.9968333333333333
discovery,joint_wild_cluster_rademacher,4,0.75,1.0,2,complement_admissible_pass,5695,6000,0.9491666666666667
discovery,joint_wild_cluster_rademacher,4,0.75,1.0,3,effect_direction_reproduced_pass,4516,6000,0.7526666666666667
discovery,joint_wild_cluster_rademacher,4,0.75,1.0,4,target_contrast_positive_pass,4516,6000,0.7526666666666667
discovery,joint_wild_cluster_rademacher,4,0.75,1.0,5,minimum_effect_pass,4500,6000,0.75
discovery,joint_wild_cluster_rademacher,4,0.75,1.0,6,cluster_uncertainty_pass,1984,6000,0.33066666666666666
discovery,joint_wild_cluster_rademacher,4,0.75,1.0,7,raw_statistical_threshold_pass,426,6000,0.071
discovery,joint_wild_cluster_rademacher,4,0.75,1.0,8,multiplicity_adjusted_threshold_pass,426,6000,0.071
discovery,joint_wild_cluster_rademacher,4,0.75,1.0,9,control_adjusted_contrast_pass,189,6000,0.0315
discovery,joint_wild_cluster_rademacher,4,0.75,1.0,10,control_specificity_pass,189,6000,0.0315
discovery,joint_wild_cluster_rademacher,4,1.0,0.0,1,support_available_pass,5990,6000,0.9983333333333333
discovery,joint_wild_cluster_rademacher,4,1.0,0.0,2,complement_admissible_pass,5629,6000,0.9381666666666667
discovery,joint_wild_cluster_rademacher,4,1.0,0.0,3,effect_direction_reproduced_pass,4493,6000,0.7488333333333334
discovery,joint_wild_cluster_rademacher,4,1.0,0.0,4,target_contrast_positive_pass,4493,6000,0.7488333333333334
discovery,joint_wild_cluster_rademacher,4,1.0,0.0,5,minimum_effect_pass,4490,6000,0.7483333333333333
discovery,joint_wild_cluster_rademacher,4,1.0,0.0,6,cluster_uncertainty_pass,2052,6000,0.342
discovery,joint_wild_cluster_rademacher,4,1.0,0.0,7,raw_statistical_threshold_pass,521,6000,0.08683333333333333
discovery,joint_wild_cluster_rademacher,4,1.0,0.0,8,multiplicity_adjusted_threshold_pass,521,6000,0.08683333333333333
discovery,joint_wild_cluster_rademacher,4,1.0,0.0,9,control_adjusted_contrast_pass,521,6000,0.08683333333333333
discovery,joint_wild_cluster_rademacher,4,1.0,0.0,10,control_specificity_pass,521,6000,0.08683333333333333
discovery,joint_wild_cluster_rademacher,4,1.0,0.25,1,support_available_pass,5988,6000,0.998
discovery,joint_wild_cluster_rademacher,4,1.0,0.25,2,complement_admissible_pass,5667,6000,0.9445
discovery,joint_wild_cluster_rademacher,4,1.0,0.25,3,effect_direction_reproduced_pass,4522,6000,0.7536666666666667
discovery,joint_wild_cluster_rademacher,4,1.0,0.25,4,target_contrast_positive_pass,4522,6000,0.7536666666666667
discovery,joint_wild_cluster_rademacher,4,1.0,0.25,5,minimum_effect_pass,4518,6000,0.753
discovery,joint_wild_cluster_rademacher,4,1.0,0.25,6,cluster_uncertainty_pass,2073,6000,0.3455
discovery,joint_wild_cluster_rademacher,4,1.0,0.25,7,raw_statistical_threshold_pass,481,6000,0.08016666666666666
discovery,joint_wild_cluster_rademacher,4,1.0,0.25,8,multiplicity_adjusted_threshold_pass,481,6000,0.08016666666666666
discovery,joint_wild_cluster_rademacher,4,1.0,0.25,9,control_adjusted_contrast_pass,479,6000,0.07983333333333334
discovery,joint_wild_cluster_rademacher,4,1.0,0.25,10,control_specificity_pass,479,6000,0.07983333333333334
discovery,joint_wild_cluster_rademacher,4,1.0,0.5,1,support_available_pass,5984,6000,0.9973333333333333
discovery,joint_wild_cluster_rademacher,4,1.0,0.5,2,complement_admissible_pass,5672,6000,0.9453333333333334
discovery,joint_wild_cluster_rademacher,4,1.0,0.5,3,effect_direction_reproduced_pass,4531,6000,0.7551666666666667
discovery,joint_wild_cluster_rademacher,4,1.0,0.5,4,target_contrast_positive_pass,4531,6000,0.7551666666666667
discovery,joint_wild_cluster_rademacher,4,1.0,0.5,5,minimum_effect_pass,4527,6000,0.7545
discovery,joint_wild_cluster_rademacher,4,1.0,0.5,6,cluster_uncertainty_pass,2077,6000,0.3461666666666667
discovery,joint_wild_cluster_rademacher,4,1.0,0.5,7,raw_statistical_threshold_pass,494,6000,0.08233333333333333
discovery,joint_wild_cluster_rademacher,4,1.0,0.5,8,multiplicity_adjusted_threshold_pass,494,6000,0.08233333333333333
discovery,joint_wild_cluster_rademacher,4,1.0,0.5,9,control_adjusted_contrast_pass,455,6000,0.07583333333333334
discovery,joint_wild_cluster_rademacher,4,1.0,0.5,10,control_specificity_pass,455,6000,0.07583333333333334
discovery,joint_wild_cluster_rademacher,4,1.0,1.0,1,support_available_pass,5988,6000,0.998
discovery,joint_wild_cluster_rademacher,4,1.0,1.0,2,complement_admissible_pass,5643,6000,0.9405
discovery,joint_wild_cluster_rademacher,4,1.0,1.0,3,effect_direction_reproduced_pass,4530,6000,0.755
discovery,joint_wild_cluster_rademacher,4,1.0,1.0,4,target_contrast_positive_pass,4530,6000,0.755
discovery,joint_wild_cluster_rademacher,4,1.0,1.0,5,minimum_effect_pass,4527,6000,0.7545
discovery,joint_wild_cluster_rademacher,4,1.0,1.0,6,cluster_uncertainty_pass,2071,6000,0.3451666666666667
discovery,joint_wild_cluster_rademacher,4,1.0,1.0,7,raw_statistical_threshold_pass,501,6000,0.0835
discovery,joint_wild_cluster_rademacher,4,1.0,1.0,8,multiplicity_adjusted_threshold_pass,501,6000,0.0835
discovery,joint_wild_cluster_rademacher,4,1.0,1.0,9,control_adjusted_contrast_pass,204,6000,0.034
discovery,joint_wild_cluster_rademacher,4,1.0,1.0,10,control_specificity_pass,204,6000,0.034
discovery,joint_wild_cluster_rademacher,4,1.5,0.0,1,support_available_pass,5987,6000,0.9978333333333333
discovery,joint_wild_cluster_rademacher,4,1.5,0.0,2,complement_admissible_pass,5651,6000,0.9418333333333333
discovery,joint_wild_cluster_rademacher,4,1.5,0.0,3,effect_direction_reproduced_pass,4523,6000,0.7538333333333334
discovery,joint_wild_cluster_rademacher,4,1.5,0.0,4,target_contrast_positive_pass,4523,6000,0.7538333333333334
discovery,joint_wild_cluster_rademacher,4,1.5,0.0,5,minimum_effect_pass,4523,6000,0.7538333333333334
discovery,joint_wild_cluster_rademacher,4,1.5,0.0,6,cluster_uncertainty_pass,2149,6000,0.3581666666666667
discovery,joint_wild_cluster_rademacher,4,1.5,0.0,7,raw_statistical_threshold_pass,578,6000,0.09633333333333334
discovery,joint_wild_cluster_rademacher,4,1.5,0.0,8,multiplicity_adjusted_threshold_pass,578,6000,0.09633333333333334
discovery,joint_wild_cluster_rademacher,4,1.5,0.0,9,control_adjusted_contrast_pass,578,6000,0.09633333333333334
discovery,joint_wild_cluster_rademacher,4,1.5,0.0,10,control_specificity_pass,578,6000,0.09633333333333334
discovery,joint_wild_cluster_rademacher,4,1.5,0.25,1,support_available_pass,5982,6000,0.997
discovery,joint_wild_cluster_rademacher,4,1.5,0.25,2,complement_admissible_pass,5670,6000,0.945
discovery,joint_wild_cluster_rademacher,4,1.5,0.25,3,effect_direction_reproduced_pass,4503,6000,0.7505
discovery,joint_wild_cluster_rademacher,4,1.5,0.25,4,target_contrast_positive_pass,4503,6000,0.7505
discovery,joint_wild_cluster_rademacher,4,1.5,0.25,5,minimum_effect_pass,4503,6000,0.7505
discovery,joint_wild_cluster_rademacher,4,1.5,0.25,6,cluster_uncertainty_pass,2129,6000,0.35483333333333333
discovery,joint_wild_cluster_rademacher,4,1.5,0.25,7,raw_statistical_threshold_pass,559,6000,0.09316666666666666
discovery,joint_wild_cluster_rademacher,4,1.5,0.25,8,multiplicity_adjusted_threshold_pass,559,6000,0.09316666666666666
discovery,joint_wild_cluster_rademacher,4,1.5,0.25,9,control_adjusted_contrast_pass,558,6000,0.093
discovery,joint_wild_cluster_rademacher,4,1.5,0.25,10,control_specificity_pass,558,6000,0.093
discovery,joint_wild_cluster_rademacher,4,1.5,0.5,1,support_available_pass,5984,6000,0.9973333333333333
discovery,joint_wild_cluster_rademacher,4,1.5,0.5,2,complement_admissible_pass,5662,6000,0.9436666666666667
discovery,joint_wild_cluster_rademacher,4,1.5,0.5,3,effect_direction_reproduced_pass,4495,6000,0.7491666666666666
discovery,joint_wild_cluster_rademacher,4,1.5,0.5,4,target_contrast_positive_pass,4495,6000,0.7491666666666666
discovery,joint_wild_cluster_rademacher,4,1.5,0.5,5,minimum_effect_pass,4495,6000,0.7491666666666666
discovery,joint_wild_cluster_rademacher,4,1.5,0.5,6,cluster_uncertainty_pass,2129,6000,0.35483333333333333
discovery,joint_wild_cluster_rademacher,4,1.5,0.5,7,raw_statistical_threshold_pass,560,6000,0.09333333333333334
discovery,joint_wild_cluster_rademacher,4,1.5,0.5,8,multiplicity_adjusted_threshold_pass,560,6000,0.09333333333333334
discovery,joint_wild_cluster_rademacher,4,1.5,0.5,9,control_adjusted_contrast_pass,522,6000,0.087
discovery,joint_wild_cluster_rademacher,4,1.5,0.5,10,control_specificity_pass,522,6000,0.087
discovery,joint_wild_cluster_rademacher,4,1.5,1.0,1,support_available_pass,5988,6000,0.998
discovery,joint_wild_cluster_rademacher,4,1.5,1.0,2,complement_admissible_pass,5615,6000,0.9358333333333333
discovery,joint_wild_cluster_rademacher,4,1.5,1.0,3,effect_direction_reproduced_pass,4469,6000,0.7448333333333333
discovery,joint_wild_cluster_rademacher,4,1.5,1.0,4,target_contrast_positive_pass,4469,6000,0.7448333333333333
discovery,joint_wild_cluster_rademacher,4,1.5,1.0,5,minimum_effect_pass,4469,6000,0.7448333333333333
discovery,joint_wild_cluster_rademacher,4,1.5,1.0,6,cluster_uncertainty_pass,2113,6000,0.3521666666666667
discovery,joint_wild_cluster_rademacher,4,1.5,1.0,7,raw_statistical_threshold_pass,594,6000,0.099
discovery,joint_wild_cluster_rademacher,4,1.5,1.0,8,multiplicity_adjusted_threshold_pass,594,6000,0.099
discovery,joint_wild_cluster_rademacher,4,1.5,1.0,9,control_adjusted_contrast_pass,210,6000,0.035
discovery,joint_wild_cluster_rademacher,4,1.5,1.0,10,control_specificity_pass,210,6000,0.035
discovery,joint_wild_cluster_rademacher,4,2.0,0.0,1,support_available_pass,5978,6000,0.9963333333333333
discovery,joint_wild_cluster_rademacher,4,2.0,0.0,2,complement_admissible_pass,5660,6000,0.9433333333333334
discovery,joint_wild_cluster_rademacher,4,2.0,0.0,3,effect_direction_reproduced_pass,4474,6000,0.7456666666666667
discovery,joint_wild_cluster_rademacher,4,2.0,0.0,4,target_contrast_positive_pass,4474,6000,0.7456666666666667
discovery,joint_wild_cluster_rademacher,4,2.0,0.0,5,minimum_effect_pass,4474,6000,0.7456666666666667
discovery,joint_wild_cluster_rademacher,4,2.0,0.0,6,cluster_uncertainty_pass,2170,6000,0.3616666666666667
discovery,joint_wild_cluster_rademacher,4,2.0,0.0,7,raw_statistical_threshold_pass,630,6000,0.105
discovery,joint_wild_cluster_rademacher,4,2.0,0.0,8,multiplicity_adjusted_threshold_pass,630,6000,0.105
discovery,joint_wild_cluster_rademacher,4,2.0,0.0,9,control_adjusted_contrast_pass,630,6000,0.105
discovery,joint_wild_cluster_rademacher,4,2.0,0.0,10,control_specificity_pass,630,6000,0.105
discovery,joint_wild_cluster_rademacher,4,2.0,0.25,1,support_available_pass,5984,6000,0.9973333333333333
discovery,joint_wild_cluster_rademacher,4,2.0,0.25,2,complement_admissible_pass,5662,6000,0.9436666666666667
discovery,joint_wild_cluster_rademacher,4,2.0,0.25,3,effect_direction_reproduced_pass,4548,6000,0.758
discovery,joint_wild_cluster_rademacher,4,2.0,0.25,4,target_contrast_positive_pass,4548,6000,0.758
discovery,joint_wild_cluster_rademacher,4,2.0,0.25,5,minimum_effect_pass,4548,6000,0.758
discovery,joint_wild_cluster_rademacher,4,2.0,0.25,6,cluster_uncertainty_pass,2157,6000,0.3595
discovery,joint_wild_cluster_rademacher,4,2.0,0.25,7,raw_statistical_threshold_pass,627,6000,0.1045
discovery,joint_wild_cluster_rademacher,4,2.0,0.25,8,multiplicity_adjusted_threshold_pass,627,6000,0.1045
discovery,joint_wild_cluster_rademacher,4,2.0,0.25,9,control_adjusted_contrast_pass,627,6000,0.1045
discovery,joint_wild_cluster_rademacher,4,2.0,0.25,10,control_specificity_pass,627,6000,0.1045
discovery,joint_wild_cluster_rademacher,4,2.0,0.5,1,support_available_pass,5983,6000,0.9971666666666666
discovery,joint_wild_cluster_rademacher,4,2.0,0.5,2,complement_admissible_pass,5668,6000,0.9446666666666667
discovery,joint_wild_cluster_rademacher,4,2.0,0.5,3,effect_direction_reproduced_pass,4470,6000,0.745
discovery,joint_wild_cluster_rademacher,4,2.0,0.5,4,target_contrast_positive_pass,4470,6000,0.745
discovery,joint_wild_cluster_rademacher,4,2.0,0.5,5,minimum_effect_pass,4470,6000,0.745
discovery,joint_wild_cluster_rademacher,4,2.0,0.5,6,cluster_uncertainty_pass,2192,6000,0.36533333333333334
discovery,joint_wild_cluster_rademacher,4,2.0,0.5,7,raw_statistical_threshold_pass,631,6000,0.10516666666666667
discovery,joint_wild_cluster_rademacher,4,2.0,0.5,8,multiplicity_adjusted_threshold_pass,631,6000,0.10516666666666667
discovery,joint_wild_cluster_rademacher,4,2.0,0.5,9,control_adjusted_contrast_pass,586,6000,0.09766666666666667
discovery,joint_wild_cluster_rademacher,4,2.0,0.5,10,control_specificity_pass,586,6000,0.09766666666666667
discovery,joint_wild_cluster_rademacher,4,2.0,1.0,1,support_available_pass,5985,6000,0.9975
discovery,joint_wild_cluster_rademacher,4,2.0,1.0,2,complement_admissible_pass,5648,6000,0.9413333333333334
discovery,joint_wild_cluster_rademacher,4,2.0,1.0,3,effect_direction_reproduced_pass,4523,6000,0.7538333333333334
discovery,joint_wild_cluster_rademacher,4,2.0,1.0,4,target_contrast_positive_pass,4523,6000,0.7538333333333334
discovery,joint_wild_cluster_rademacher,4,2.0,1.0,5,minimum_effect_pass,4523,6000,0.7538333333333334
discovery,joint_wild_cluster_rademacher,4,2.0,1.0,6,cluster_uncertainty_pass,2178,6000,0.363
discovery,joint_wild_cluster_rademacher,4,2.0,1.0,7,raw_statistical_threshold_pass,636,6000,0.106
discovery,joint_wild_cluster_rademacher,4,2.0,1.0,8,multiplicity_adjusted_threshold_pass,636,6000,0.106
discovery,joint_wild_cluster_rademacher,4,2.0,1.0,9,control_adjusted_contrast_pass,208,6000,0.034666666666666665
discovery,joint_wild_cluster_rademacher,4,2.0,1.0,10,control_specificity_pass,208,6000,0.034666666666666665
discovery,joint_wild_cluster_rademacher,5,0.0,0.0,1,support_available_pass,5999,6000,0.9998333333333334
discovery,joint_wild_cluster_rademacher,5,0.0,0.0,2,complement_admissible_pass,5867,6000,0.9778333333333333
discovery,joint_wild_cluster_rademacher,5,0.0,0.0,3,effect_direction_reproduced_pass,0,6000,0.0
discovery,joint_wild_cluster_rademacher,5,0.0,0.0,4,target_contrast_positive_pass,0,6000,0.0
discovery,joint_wild_cluster_rademacher,5,0.0,0.0,5,minimum_effect_pass,0,6000,0.0
discovery,joint_wild_cluster_rademacher,5,0.0,0.0,6,cluster_uncertainty_pass,0,6000,0.0
discovery,joint_wild_cluster_rademacher,5,0.0,0.0,7,raw_statistical_threshold_pass,0,6000,0.0
discovery,joint_wild_cluster_rademacher,5,0.0,0.0,8,multiplicity_adjusted_threshold_pass,0,6000,0.0
discovery,joint_wild_cluster_rademacher,5,0.0,0.0,9,control_adjusted_contrast_pass,0,6000,0.0
discovery,joint_wild_cluster_rademacher,5,0.0,0.0,10,control_specificity_pass,0,6000,0.0
discovery,joint_wild_cluster_rademacher,5,0.25,0.0,1,support_available_pass,5995,6000,0.9991666666666666
discovery,joint_wild_cluster_rademacher,5,0.25,0.0,2,complement_admissible_pass,5864,6000,0.9773333333333334
discovery,joint_wild_cluster_rademacher,5,0.25,0.0,3,effect_direction_reproduced_pass,4717,6000,0.7861666666666667
discovery,joint_wild_cluster_rademacher,5,0.25,0.0,4,target_contrast_positive_pass,4717,6000,0.7861666666666667
discovery,joint_wild_cluster_rademacher,5,0.25,0.0,5,minimum_effect_pass,3799,6000,0.6331666666666667
discovery,joint_wild_cluster_rademacher,5,0.25,0.0,6,cluster_uncertainty_pass,1115,6000,0.18583333333333332
discovery,joint_wild_cluster_rademacher,5,0.25,0.0,7,raw_statistical_threshold_pass,240,6000,0.04
discovery,joint_wild_cluster_rademacher,5,0.25,0.0,8,multiplicity_adjusted_threshold_pass,240,6000,0.04
discovery,joint_wild_cluster_rademacher,5,0.25,0.0,9,control_adjusted_contrast_pass,240,6000,0.04
discovery,joint_wild_cluster_rademacher,5,0.25,0.0,10,control_specificity_pass,240,6000,0.04
discovery,joint_wild_cluster_rademacher,5,0.25,0.25,1,support_available_pass,5995,6000,0.9991666666666666
discovery,joint_wild_cluster_rademacher,5,0.25,0.25,2,complement_admissible_pass,5893,6000,0.9821666666666666
discovery,joint_wild_cluster_rademacher,5,0.25,0.25,3,effect_direction_reproduced_pass,4821,6000,0.8035
discovery,joint_wild_cluster_rademacher,5,0.25,0.25,4,target_contrast_positive_pass,4821,6000,0.8035
discovery,joint_wild_cluster_rademacher,5,0.25,0.25,5,minimum_effect_pass,3901,6000,0.6501666666666667
discovery,joint_wild_cluster_rademacher,5,0.25,0.25,6,cluster_uncertainty_pass,1153,6000,0.19216666666666668
discovery,joint_wild_cluster_rademacher,5,0.25,0.25,7,raw_statistical_threshold_pass,279,6000,0.0465
discovery,joint_wild_cluster_rademacher,5,0.25,0.25,8,multiplicity_adjusted_threshold_pass,279,6000,0.0465
discovery,joint_wild_cluster_rademacher,5,0.25,0.25,9,control_adjusted_contrast_pass,276,6000,0.046
discovery,joint_wild_cluster_rademacher,5,0.25,0.25,10,control_specificity_pass,276,6000,0.046
discovery,joint_wild_cluster_rademacher,5,0.25,0.5,1,support_available_pass,5996,6000,0.9993333333333333
discovery,joint_wild_cluster_rademacher,5,0.25,0.5,2,complement_admissible_pass,5882,6000,0.9803333333333333
discovery,joint_wild_cluster_rademacher,5,0.25,0.5,3,effect_direction_reproduced_pass,4793,6000,0.7988333333333333
discovery,joint_wild_cluster_rademacher,5,0.25,0.5,4,target_contrast_positive_pass,4793,6000,0.7988333333333333
discovery,joint_wild_cluster_rademacher,5,0.25,0.5,5,minimum_effect_pass,3853,6000,0.6421666666666667
discovery,joint_wild_cluster_rademacher,5,0.25,0.5,6,cluster_uncertainty_pass,1121,6000,0.18683333333333332
discovery,joint_wild_cluster_rademacher,5,0.25,0.5,7,raw_statistical_threshold_pass,259,6000,0.043166666666666666
discovery,joint_wild_cluster_rademacher,5,0.25,0.5,8,multiplicity_adjusted_threshold_pass,259,6000,0.043166666666666666
discovery,joint_wild_cluster_rademacher,5,0.25,0.5,9,control_adjusted_contrast_pass,230,6000,0.03833333333333333
discovery,joint_wild_cluster_rademacher,5,0.25,0.5,10,control_specificity_pass,230,6000,0.03833333333333333
discovery,joint_wild_cluster_rademacher,5,0.25,1.0,1,support_available_pass,5995,6000,0.9991666666666666
discovery,joint_wild_cluster_rademacher,5,0.25,1.0,2,complement_admissible_pass,5888,6000,0.9813333333333333
discovery,joint_wild_cluster_rademacher,5,0.25,1.0,3,effect_direction_reproduced_pass,4780,6000,0.7966666666666666
discovery,joint_wild_cluster_rademacher,5,0.25,1.0,4,target_contrast_positive_pass,4780,6000,0.7966666666666666
discovery,joint_wild_cluster_rademacher,5,0.25,1.0,5,minimum_effect_pass,3805,6000,0.6341666666666667
discovery,joint_wild_cluster_rademacher,5,0.25,1.0,6,cluster_uncertainty_pass,1137,6000,0.1895
discovery,joint_wild_cluster_rademacher,5,0.25,1.0,7,raw_statistical_threshold_pass,239,6000,0.03983333333333333
discovery,joint_wild_cluster_rademacher,5,0.25,1.0,8,multiplicity_adjusted_threshold_pass,239,6000,0.03983333333333333
discovery,joint_wild_cluster_rademacher,5,0.25,1.0,9,control_adjusted_contrast_pass,120,6000,0.02
discovery,joint_wild_cluster_rademacher,5,0.25,1.0,10,control_specificity_pass,120,6000,0.02
discovery,joint_wild_cluster_rademacher,5,0.5,0.0,1,support_available_pass,5997,6000,0.9995
discovery,joint_wild_cluster_rademacher,5,0.5,0.0,2,complement_admissible_pass,5901,6000,0.9835
discovery,joint_wild_cluster_rademacher,5,0.5,0.0,3,effect_direction_reproduced_pass,5002,6000,0.8336666666666667
discovery,joint_wild_cluster_rademacher,5,0.5,0.0,4,target_contrast_positive_pass,5002,6000,0.8336666666666667
discovery,joint_wild_cluster_rademacher,5,0.5,0.0,5,minimum_effect_pass,4917,6000,0.8195
discovery,joint_wild_cluster_rademacher,5,0.5,0.0,6,cluster_uncertainty_pass,1909,6000,0.31816666666666665
discovery,joint_wild_cluster_rademacher,5,0.5,0.0,7,raw_statistical_threshold_pass,692,6000,0.11533333333333333
discovery,joint_wild_cluster_rademacher,5,0.5,0.0,8,multiplicity_adjusted_threshold_pass,692,6000,0.11533333333333333
discovery,joint_wild_cluster_rademacher,5,0.5,0.0,9,control_adjusted_contrast_pass,692,6000,0.11533333333333333
discovery,joint_wild_cluster_rademacher,5,0.5,0.0,10,control_specificity_pass,692,6000,0.11533333333333333
discovery,joint_wild_cluster_rademacher,5,0.5,0.25,1,support_available_pass,5997,6000,0.9995
discovery,joint_wild_cluster_rademacher,5,0.5,0.25,2,complement_admissible_pass,5885,6000,0.9808333333333333
discovery,joint_wild_cluster_rademacher,5,0.5,0.25,3,effect_direction_reproduced_pass,4954,6000,0.8256666666666667
discovery,joint_wild_cluster_rademacher,5,0.5,0.25,4,target_contrast_positive_pass,4954,6000,0.8256666666666667
discovery,joint_wild_cluster_rademacher,5,0.5,0.25,5,minimum_effect_pass,4861,6000,0.8101666666666667
discovery,joint_wild_cluster_rademacher,5,0.5,0.25,6,cluster_uncertainty_pass,1897,6000,0.31616666666666665
discovery,joint_wild_cluster_rademacher,5,0.5,0.25,7,raw_statistical_threshold_pass,715,6000,0.11916666666666667
discovery,joint_wild_cluster_rademacher,5,0.5,0.25,8,multiplicity_adjusted_threshold_pass,715,6000,0.11916666666666667
discovery,joint_wild_cluster_rademacher,5,0.5,0.25,9,control_adjusted_contrast_pass,706,6000,0.11766666666666667
discovery,joint_wild_cluster_rademacher,5,0.5,0.25,10,control_specificity_pass,706,6000,0.11766666666666667
discovery,joint_wild_cluster_rademacher,5,0.5,0.5,1,support_available_pass,5994,6000,0.999
discovery,joint_wild_cluster_rademacher,5,0.5,0.5,2,complement_admissible_pass,5903,6000,0.9838333333333333
discovery,joint_wild_cluster_rademacher,5,0.5,0.5,3,effect_direction_reproduced_pass,4898,6000,0.8163333333333334
discovery,joint_wild_cluster_rademacher,5,0.5,0.5,4,target_contrast_positive_pass,4898,6000,0.8163333333333334
discovery,joint_wild_cluster_rademacher,5,0.5,0.5,5,minimum_effect_pass,4803,6000,0.8005
discovery,joint_wild_cluster_rademacher,5,0.5,0.5,6,cluster_uncertainty_pass,1903,6000,0.31716666666666665
discovery,joint_wild_cluster_rademacher,5,0.5,0.5,7,raw_statistical_threshold_pass,701,6000,0.11683333333333333
discovery,joint_wild_cluster_rademacher,5,0.5,0.5,8,multiplicity_adjusted_threshold_pass,701,6000,0.11683333333333333
discovery,joint_wild_cluster_rademacher,5,0.5,0.5,9,control_adjusted_contrast_pass,640,6000,0.10666666666666667
discovery,joint_wild_cluster_rademacher,5,0.5,0.5,10,control_specificity_pass,640,6000,0.10666666666666667
discovery,joint_wild_cluster_rademacher,5,0.5,1.0,1,support_available_pass,5997,6000,0.9995
discovery,joint_wild_cluster_rademacher,5,0.5,1.0,2,complement_admissible_pass,5892,6000,0.982
discovery,joint_wild_cluster_rademacher,5,0.5,1.0,3,effect_direction_reproduced_pass,4908,6000,0.818
discovery,joint_wild_cluster_rademacher,5,0.5,1.0,4,target_contrast_positive_pass,4908,6000,0.818
discovery,joint_wild_cluster_rademacher,5,0.5,1.0,5,minimum_effect_pass,4801,6000,0.8001666666666667
discovery,joint_wild_cluster_rademacher,5,0.5,1.0,6,cluster_uncertainty_pass,1963,6000,0.32716666666666666
discovery,joint_wild_cluster_rademacher,5,0.5,1.0,7,raw_statistical_threshold_pass,692,6000,0.11533333333333333
discovery,joint_wild_cluster_rademacher,5,0.5,1.0,8,multiplicity_adjusted_threshold_pass,692,6000,0.11533333333333333
discovery,joint_wild_cluster_rademacher,5,0.5,1.0,9,control_adjusted_contrast_pass,310,6000,0.051666666666666666
discovery,joint_wild_cluster_rademacher,5,0.5,1.0,10,control_specificity_pass,310,6000,0.051666666666666666
discovery,joint_wild_cluster_rademacher,5,0.75,0.0,1,support_available_pass,5999,6000,0.9998333333333334
discovery,joint_wild_cluster_rademacher,5,0.75,0.0,2,complement_admissible_pass,5874,6000,0.979
discovery,joint_wild_cluster_rademacher,5,0.75,0.0,3,effect_direction_reproduced_pass,4956,6000,0.826
discovery,joint_wild_cluster_rademacher,5,0.75,0.0,4,target_contrast_positive_pass,4956,6000,0.826
discovery,joint_wild_cluster_rademacher,5,0.75,0.0,5,minimum_effect_pass,4947,6000,0.8245
discovery,joint_wild_cluster_rademacher,5,0.75,0.0,6,cluster_uncertainty_pass,2167,6000,0.3611666666666667
discovery,joint_wild_cluster_rademacher,5,0.75,0.0,7,raw_statistical_threshold_pass,933,6000,0.1555
discovery,joint_wild_cluster_rademacher,5,0.75,0.0,8,multiplicity_adjusted_threshold_pass,933,6000,0.1555
discovery,joint_wild_cluster_rademacher,5,0.75,0.0,9,control_adjusted_contrast_pass,933,6000,0.1555
discovery,joint_wild_cluster_rademacher,5,0.75,0.0,10,control_specificity_pass,933,6000,0.1555
discovery,joint_wild_cluster_rademacher,5,0.75,0.25,1,support_available_pass,5995,6000,0.9991666666666666
discovery,joint_wild_cluster_rademacher,5,0.75,0.25,2,complement_admissible_pass,5884,6000,0.9806666666666667
discovery,joint_wild_cluster_rademacher,5,0.75,0.25,3,effect_direction_reproduced_pass,4978,6000,0.8296666666666667
discovery,joint_wild_cluster_rademacher,5,0.75,0.25,4,target_contrast_positive_pass,4978,6000,0.8296666666666667
discovery,joint_wild_cluster_rademacher,5,0.75,0.25,5,minimum_effect_pass,4967,6000,0.8278333333333333
discovery,joint_wild_cluster_rademacher,5,0.75,0.25,6,cluster_uncertainty_pass,2187,6000,0.3645
discovery,joint_wild_cluster_rademacher,5,0.75,0.25,7,raw_statistical_threshold_pass,909,6000,0.1515
discovery,joint_wild_cluster_rademacher,5,0.75,0.25,8,multiplicity_adjusted_threshold_pass,909,6000,0.1515
discovery,joint_wild_cluster_rademacher,5,0.75,0.25,9,control_adjusted_contrast_pass,904,6000,0.15066666666666667
discovery,joint_wild_cluster_rademacher,5,0.75,0.25,10,control_specificity_pass,904,6000,0.15066666666666667
discovery,joint_wild_cluster_rademacher,5,0.75,0.5,1,support_available_pass,5999,6000,0.9998333333333334
discovery,joint_wild_cluster_rademacher,5,0.75,0.5,2,complement_admissible_pass,5894,6000,0.9823333333333333
discovery,joint_wild_cluster_rademacher,5,0.75,0.5,3,effect_direction_reproduced_pass,4981,6000,0.8301666666666667
discovery,joint_wild_cluster_rademacher,5,0.75,0.5,4,target_contrast_positive_pass,4981,6000,0.8301666666666667
discovery,joint_wild_cluster_rademacher,5,0.75,0.5,5,minimum_effect_pass,4968,6000,0.828
discovery,joint_wild_cluster_rademacher,5,0.75,0.5,6,cluster_uncertainty_pass,2200,6000,0.36666666666666664
discovery,joint_wild_cluster_rademacher,5,0.75,0.5,7,raw_statistical_threshold_pass,949,6000,0.15816666666666668
discovery,joint_wild_cluster_rademacher,5,0.75,0.5,8,multiplicity_adjusted_threshold_pass,949,6000,0.15816666666666668
discovery,joint_wild_cluster_rademacher,5,0.75,0.5,9,control_adjusted_contrast_pass,874,6000,0.14566666666666667
discovery,joint_wild_cluster_rademacher,5,0.75,0.5,10,control_specificity_pass,874,6000,0.14566666666666667
discovery,joint_wild_cluster_rademacher,5,0.75,1.0,1,support_available_pass,5996,6000,0.9993333333333333
discovery,joint_wild_cluster_rademacher,5,0.75,1.0,2,complement_admissible_pass,5881,6000,0.9801666666666666
discovery,joint_wild_cluster_rademacher,5,0.75,1.0,3,effect_direction_reproduced_pass,4935,6000,0.8225
discovery,joint_wild_cluster_rademacher,5,0.75,1.0,4,target_contrast_positive_pass,4935,6000,0.8225
discovery,joint_wild_cluster_rademacher,5,0.75,1.0,5,minimum_effect_pass,4918,6000,0.8196666666666667
discovery,joint_wild_cluster_rademacher,5,0.75,1.0,6,cluster_uncertainty_pass,2213,6000,0.36883333333333335
discovery,joint_wild_cluster_rademacher,5,0.75,1.0,7,raw_statistical_threshold_pass,982,6000,0.16366666666666665
discovery,joint_wild_cluster_rademacher,5,0.75,1.0,8,multiplicity_adjusted_threshold_pass,982,6000,0.16366666666666665
discovery,joint_wild_cluster_rademacher,5,0.75,1.0,9,control_adjusted_contrast_pass,421,6000,0.07016666666666667
discovery,joint_wild_cluster_rademacher,5,0.75,1.0,10,control_specificity_pass,421,6000,0.07016666666666667
discovery,joint_wild_cluster_rademacher,5,1.0,0.0,1,support_available_pass,5999,6000,0.9998333333333334
discovery,joint_wild_cluster_rademacher,5,1.0,0.0,2,complement_admissible_pass,5878,6000,0.9796666666666667
discovery,joint_wild_cluster_rademacher,5,1.0,0.0,3,effect_direction_reproduced_pass,4932,6000,0.822
discovery,joint_wild_cluster_rademacher,5,1.0,0.0,4,target_contrast_positive_pass,4932,6000,0.822
discovery,joint_wild_cluster_rademacher,5,1.0,0.0,5,minimum_effect_pass,4930,6000,0.8216666666666667
discovery,joint_wild_cluster_rademacher,5,1.0,0.0,6,cluster_uncertainty_pass,2273,6000,0.37883333333333336
discovery,joint_wild_cluster_rademacher,5,1.0,0.0,7,raw_statistical_threshold_pass,1116,6000,0.186
discovery,joint_wild_cluster_rademacher,5,1.0,0.0,8,multiplicity_adjusted_threshold_pass,1116,6000,0.186
discovery,joint_wild_cluster_rademacher,5,1.0,0.0,9,control_adjusted_contrast_pass,1116,6000,0.186
discovery,joint_wild_cluster_rademacher,5,1.0,0.0,10,control_specificity_pass,1116,6000,0.186
discovery,joint_wild_cluster_rademacher,5,1.0,0.25,1,support_available_pass,5999,6000,0.9998333333333334
discovery,joint_wild_cluster_rademacher,5,1.0,0.25,2,complement_admissible_pass,5903,6000,0.9838333333333333
discovery,joint_wild_cluster_rademacher,5,1.0,0.25,3,effect_direction_reproduced_pass,4964,6000,0.8273333333333334
discovery,joint_wild_cluster_rademacher,5,1.0,0.25,4,target_contrast_positive_pass,4964,6000,0.8273333333333334
discovery,joint_wild_cluster_rademacher,5,1.0,0.25,5,minimum_effect_pass,4962,6000,0.827
discovery,joint_wild_cluster_rademacher,5,1.0,0.25,6,cluster_uncertainty_pass,2273,6000,0.37883333333333336
discovery,joint_wild_cluster_rademacher,5,1.0,0.25,7,raw_statistical_threshold_pass,1051,6000,0.17516666666666666
discovery,joint_wild_cluster_rademacher,5,1.0,0.25,8,multiplicity_adjusted_threshold_pass,1051,6000,0.17516666666666666
discovery,joint_wild_cluster_rademacher,5,1.0,0.25,9,control_adjusted_contrast_pass,1047,6000,0.1745
discovery,joint_wild_cluster_rademacher,5,1.0,0.25,10,control_specificity_pass,1047,6000,0.1745
discovery,joint_wild_cluster_rademacher,5,1.0,0.5,1,support_available_pass,5997,6000,0.9995
discovery,joint_wild_cluster_rademacher,5,1.0,0.5,2,complement_admissible_pass,5885,6000,0.9808333333333333
discovery,joint_wild_cluster_rademacher,5,1.0,0.5,3,effect_direction_reproduced_pass,4964,6000,0.8273333333333334
discovery,joint_wild_cluster_rademacher,5,1.0,0.5,4,target_contrast_positive_pass,4964,6000,0.8273333333333334
discovery,joint_wild_cluster_rademacher,5,1.0,0.5,5,minimum_effect_pass,4961,6000,0.8268333333333333
discovery,joint_wild_cluster_rademacher,5,1.0,0.5,6,cluster_uncertainty_pass,2280,6000,0.38
discovery,joint_wild_cluster_rademacher,5,1.0,0.5,7,raw_statistical_threshold_pass,1096,6000,0.18266666666666667
discovery,joint_wild_cluster_rademacher,5,1.0,0.5,8,multiplicity_adjusted_threshold_pass,1096,6000,0.18266666666666667
discovery,joint_wild_cluster_rademacher,5,1.0,0.5,9,control_adjusted_contrast_pass,1014,6000,0.169
discovery,joint_wild_cluster_rademacher,5,1.0,0.5,10,control_specificity_pass,1014,6000,0.169
discovery,joint_wild_cluster_rademacher,5,1.0,1.0,1,support_available_pass,5997,6000,0.9995
discovery,joint_wild_cluster_rademacher,5,1.0,1.0,2,complement_admissible_pass,5884,6000,0.9806666666666667
discovery,joint_wild_cluster_rademacher,5,1.0,1.0,3,effect_direction_reproduced_pass,4983,6000,0.8305
discovery,joint_wild_cluster_rademacher,5,1.0,1.0,4,target_contrast_positive_pass,4983,6000,0.8305
discovery,joint_wild_cluster_rademacher,5,1.0,1.0,5,minimum_effect_pass,4981,6000,0.8301666666666667
discovery,joint_wild_cluster_rademacher,5,1.0,1.0,6,cluster_uncertainty_pass,2284,6000,0.38066666666666665
discovery,joint_wild_cluster_rademacher,5,1.0,1.0,7,raw_statistical_threshold_pass,1123,6000,0.18716666666666668
discovery,joint_wild_cluster_rademacher,5,1.0,1.0,8,multiplicity_adjusted_threshold_pass,1123,6000,0.18716666666666668
discovery,joint_wild_cluster_rademacher,5,1.0,1.0,9,control_adjusted_contrast_pass,419,6000,0.06983333333333333
discovery,joint_wild_cluster_rademacher,5,1.0,1.0,10,control_specificity_pass,419,6000,0.06983333333333333
discovery,joint_wild_cluster_rademacher,5,1.5,0.0,1,support_available_pass,5996,6000,0.9993333333333333
discovery,joint_wild_cluster_rademacher,5,1.5,0.0,2,complement_admissible_pass,5869,6000,0.9781666666666666
discovery,joint_wild_cluster_rademacher,5,1.5,0.0,3,effect_direction_reproduced_pass,4968,6000,0.828
discovery,joint_wild_cluster_rademacher,5,1.5,0.0,4,target_contrast_positive_pass,4968,6000,0.828
discovery,joint_wild_cluster_rademacher,5,1.5,0.0,5,minimum_effect_pass,4968,6000,0.828
discovery,joint_wild_cluster_rademacher,5,1.5,0.0,6,cluster_uncertainty_pass,2323,6000,0.38716666666666666
discovery,joint_wild_cluster_rademacher,5,1.5,0.0,7,raw_statistical_threshold_pass,1229,6000,0.20483333333333334
discovery,joint_wild_cluster_rademacher,5,1.5,0.0,8,multiplicity_adjusted_threshold_pass,1229,6000,0.20483333333333334
discovery,joint_wild_cluster_rademacher,5,1.5,0.0,9,control_adjusted_contrast_pass,1229,6000,0.20483333333333334
discovery,joint_wild_cluster_rademacher,5,1.5,0.0,10,control_specificity_pass,1229,6000,0.20483333333333334
discovery,joint_wild_cluster_rademacher,5,1.5,0.25,1,support_available_pass,5996,6000,0.9993333333333333
discovery,joint_wild_cluster_rademacher,5,1.5,0.25,2,complement_admissible_pass,5881,6000,0.9801666666666666
discovery,joint_wild_cluster_rademacher,5,1.5,0.25,3,effect_direction_reproduced_pass,4938,6000,0.823
discovery,joint_wild_cluster_rademacher,5,1.5,0.25,4,target_contrast_positive_pass,4938,6000,0.823
discovery,joint_wild_cluster_rademacher,5,1.5,0.25,5,minimum_effect_pass,4938,6000,0.823
discovery,joint_wild_cluster_rademacher,5,1.5,0.25,6,cluster_uncertainty_pass,2307,6000,0.3845
discovery,joint_wild_cluster_rademacher,5,1.5,0.25,7,raw_statistical_threshold_pass,1168,6000,0.19466666666666665
discovery,joint_wild_cluster_rademacher,5,1.5,0.25,8,multiplicity_adjusted_threshold_pass,1168,6000,0.19466666666666665
discovery,joint_wild_cluster_rademacher,5,1.5,0.25,9,control_adjusted_contrast_pass,1166,6000,0.19433333333333333
discovery,joint_wild_cluster_rademacher,5,1.5,0.25,10,control_specificity_pass,1166,6000,0.19433333333333333
discovery,joint_wild_cluster_rademacher,5,1.5,0.5,1,support_available_pass,5993,6000,0.9988333333333334
discovery,joint_wild_cluster_rademacher,5,1.5,0.5,2,complement_admissible_pass,5895,6000,0.9825
discovery,joint_wild_cluster_rademacher,5,1.5,0.5,3,effect_direction_reproduced_pass,4953,6000,0.8255
discovery,joint_wild_cluster_rademacher,5,1.5,0.5,4,target_contrast_positive_pass,4953,6000,0.8255
discovery,joint_wild_cluster_rademacher,5,1.5,0.5,5,minimum_effect_pass,4953,6000,0.8255
discovery,joint_wild_cluster_rademacher,5,1.5,0.5,6,cluster_uncertainty_pass,2313,6000,0.3855
discovery,joint_wild_cluster_rademacher,5,1.5,0.5,7,raw_statistical_threshold_pass,1227,6000,0.2045
discovery,joint_wild_cluster_rademacher,5,1.5,0.5,8,multiplicity_adjusted_threshold_pass,1227,6000,0.2045
discovery,joint_wild_cluster_rademacher,5,1.5,0.5,9,control_adjusted_contrast_pass,1154,6000,0.19233333333333333
discovery,joint_wild_cluster_rademacher,5,1.5,0.5,10,control_specificity_pass,1154,6000,0.19233333333333333
discovery,joint_wild_cluster_rademacher,5,1.5,1.0,1,support_available_pass,5997,6000,0.9995
discovery,joint_wild_cluster_rademacher,5,1.5,1.0,2,complement_admissible_pass,5877,6000,0.9795
discovery,joint_wild_cluster_rademacher,5,1.5,1.0,3,effect_direction_reproduced_pass,4948,6000,0.8246666666666667
discovery,joint_wild_cluster_rademacher,5,1.5,1.0,4,target_contrast_positive_pass,4948,6000,0.8246666666666667
discovery,joint_wild_cluster_rademacher,5,1.5,1.0,5,minimum_effect_pass,4948,6000,0.8246666666666667
discovery,joint_wild_cluster_rademacher,5,1.5,1.0,6,cluster_uncertainty_pass,2316,6000,0.386
discovery,joint_wild_cluster_rademacher,5,1.5,1.0,7,raw_statistical_threshold_pass,1219,6000,0.20316666666666666
discovery,joint_wild_cluster_rademacher,5,1.5,1.0,8,multiplicity_adjusted_threshold_pass,1219,6000,0.20316666666666666
discovery,joint_wild_cluster_rademacher,5,1.5,1.0,9,control_adjusted_contrast_pass,432,6000,0.072
discovery,joint_wild_cluster_rademacher,5,1.5,1.0,10,control_specificity_pass,432,6000,0.072
discovery,joint_wild_cluster_rademacher,5,2.0,0.0,1,support_available_pass,5993,6000,0.9988333333333334
discovery,joint_wild_cluster_rademacher,5,2.0,0.0,2,complement_admissible_pass,5882,6000,0.9803333333333333
discovery,joint_wild_cluster_rademacher,5,2.0,0.0,3,effect_direction_reproduced_pass,4976,6000,0.8293333333333334
discovery,joint_wild_cluster_rademacher,5,2.0,0.0,4,target_contrast_positive_pass,4976,6000,0.8293333333333334
discovery,joint_wild_cluster_rademacher,5,2.0,0.0,5,minimum_effect_pass,4976,6000,0.8293333333333334
discovery,joint_wild_cluster_rademacher,5,2.0,0.0,6,cluster_uncertainty_pass,2347,6000,0.39116666666666666
discovery,joint_wild_cluster_rademacher,5,2.0,0.0,7,raw_statistical_threshold_pass,1271,6000,0.21183333333333335
discovery,joint_wild_cluster_rademacher,5,2.0,0.0,8,multiplicity_adjusted_threshold_pass,1271,6000,0.21183333333333335
discovery,joint_wild_cluster_rademacher,5,2.0,0.0,9,control_adjusted_contrast_pass,1271,6000,0.21183333333333335
discovery,joint_wild_cluster_rademacher,5,2.0,0.0,10,control_specificity_pass,1271,6000,0.21183333333333335
discovery,joint_wild_cluster_rademacher,5,2.0,0.25,1,support_available_pass,5997,6000,0.9995
discovery,joint_wild_cluster_rademacher,5,2.0,0.25,2,complement_admissible_pass,5875,6000,0.9791666666666666
discovery,joint_wild_cluster_rademacher,5,2.0,0.25,3,effect_direction_reproduced_pass,4949,6000,0.8248333333333333
discovery,joint_wild_cluster_rademacher,5,2.0,0.25,4,target_contrast_positive_pass,4949,6000,0.8248333333333333
discovery,joint_wild_cluster_rademacher,5,2.0,0.25,5,minimum_effect_pass,4949,6000,0.8248333333333333
discovery,joint_wild_cluster_rademacher,5,2.0,0.25,6,cluster_uncertainty_pass,2330,6000,0.3883333333333333
discovery,joint_wild_cluster_rademacher,5,2.0,0.25,7,raw_statistical_threshold_pass,1267,6000,0.21116666666666667
discovery,joint_wild_cluster_rademacher,5,2.0,0.25,8,multiplicity_adjusted_threshold_pass,1267,6000,0.21116666666666667
discovery,joint_wild_cluster_rademacher,5,2.0,0.25,9,control_adjusted_contrast_pass,1267,6000,0.21116666666666667
discovery,joint_wild_cluster_rademacher,5,2.0,0.25,10,control_specificity_pass,1267,6000,0.21116666666666667
discovery,joint_wild_cluster_rademacher,5,2.0,0.5,1,support_available_pass,5994,6000,0.999
discovery,joint_wild_cluster_rademacher,5,2.0,0.5,2,complement_admissible_pass,5871,6000,0.9785
discovery,joint_wild_cluster_rademacher,5,2.0,0.5,3,effect_direction_reproduced_pass,4949,6000,0.8248333333333333
discovery,joint_wild_cluster_rademacher,5,2.0,0.5,4,target_contrast_positive_pass,4949,6000,0.8248333333333333
discovery,joint_wild_cluster_rademacher,5,2.0,0.5,5,minimum_effect_pass,4949,6000,0.8248333333333333
discovery,joint_wild_cluster_rademacher,5,2.0,0.5,6,cluster_uncertainty_pass,2362,6000,0.39366666666666666
discovery,joint_wild_cluster_rademacher,5,2.0,0.5,7,raw_statistical_threshold_pass,1271,6000,0.21183333333333335
discovery,joint_wild_cluster_rademacher,5,2.0,0.5,8,multiplicity_adjusted_threshold_pass,1271,6000,0.21183333333333335
discovery,joint_wild_cluster_rademacher,5,2.0,0.5,9,control_adjusted_contrast_pass,1212,6000,0.202
discovery,joint_wild_cluster_rademacher,5,2.0,0.5,10,control_specificity_pass,1212,6000,0.202
discovery,joint_wild_cluster_rademacher,5,2.0,1.0,1,support_available_pass,5997,6000,0.9995
discovery,joint_wild_cluster_rademacher,5,2.0,1.0,2,complement_admissible_pass,5869,6000,0.9781666666666666
discovery,joint_wild_cluster_rademacher,5,2.0,1.0,3,effect_direction_reproduced_pass,4958,6000,0.8263333333333334
discovery,joint_wild_cluster_rademacher,5,2.0,1.0,4,target_contrast_positive_pass,4958,6000,0.8263333333333334
discovery,joint_wild_cluster_rademacher,5,2.0,1.0,5,minimum_effect_pass,4958,6000,0.8263333333333334
discovery,joint_wild_cluster_rademacher,5,2.0,1.0,6,cluster_uncertainty_pass,2346,6000,0.391
discovery,joint_wild_cluster_rademacher,5,2.0,1.0,7,raw_statistical_threshold_pass,1290,6000,0.215
discovery,joint_wild_cluster_rademacher,5,2.0,1.0,8,multiplicity_adjusted_threshold_pass,1290,6000,0.215
discovery,joint_wild_cluster_rademacher,5,2.0,1.0,9,control_adjusted_contrast_pass,435,6000,0.0725
discovery,joint_wild_cluster_rademacher,5,2.0,1.0,10,control_specificity_pass,435,6000,0.0725
discovery,joint_wild_cluster_rademacher,6,0.0,0.0,1,support_available_pass,5999,6000,0.9998333333333334
discovery,joint_wild_cluster_rademacher,6,0.0,0.0,2,complement_admissible_pass,5959,6000,0.9931666666666666
discovery,joint_wild_cluster_rademacher,6,0.0,0.0,3,effect_direction_reproduced_pass,0,6000,0.0
discovery,joint_wild_cluster_rademacher,6,0.0,0.0,4,target_contrast_positive_pass,0,6000,0.0
discovery,joint_wild_cluster_rademacher,6,0.0,0.0,5,minimum_effect_pass,0,6000,0.0
discovery,joint_wild_cluster_rademacher,6,0.0,0.0,6,cluster_uncertainty_pass,0,6000,0.0
discovery,joint_wild_cluster_rademacher,6,0.0,0.0,7,raw_statistical_threshold_pass,0,6000,0.0
discovery,joint_wild_cluster_rademacher,6,0.0,0.0,8,multiplicity_adjusted_threshold_pass,0,6000,0.0
discovery,joint_wild_cluster_rademacher,6,0.0,0.0,9,control_adjusted_contrast_pass,0,6000,0.0
discovery,joint_wild_cluster_rademacher,6,0.0,0.0,10,control_specificity_pass,0,6000,0.0
discovery,joint_wild_cluster_rademacher,6,0.25,0.0,1,support_available_pass,5998,6000,0.9996666666666667
discovery,joint_wild_cluster_rademacher,6,0.25,0.0,2,complement_admissible_pass,5955,6000,0.9925
discovery,joint_wild_cluster_rademacher,6,0.25,0.0,3,effect_direction_reproduced_pass,5097,6000,0.8495
discovery,joint_wild_cluster_rademacher,6,0.25,0.0,4,target_contrast_positive_pass,5097,6000,0.8495
discovery,joint_wild_cluster_rademacher,6,0.25,0.0,5,minimum_effect_pass,4171,6000,0.6951666666666667
discovery,joint_wild_cluster_rademacher,6,0.25,0.0,6,cluster_uncertainty_pass,1307,6000,0.21783333333333332
discovery,joint_wild_cluster_rademacher,6,0.25,0.0,7,raw_statistical_threshold_pass,468,6000,0.078
discovery,joint_wild_cluster_rademacher,6,0.25,0.0,8,multiplicity_adjusted_threshold_pass,468,6000,0.078
discovery,joint_wild_cluster_rademacher,6,0.25,0.0,9,control_adjusted_contrast_pass,468,6000,0.078
discovery,joint_wild_cluster_rademacher,6,0.25,0.0,10,control_specificity_pass,468,6000,0.078
discovery,joint_wild_cluster_rademacher,6,0.25,0.25,1,support_available_pass,5998,6000,0.9996666666666667
discovery,joint_wild_cluster_rademacher,6,0.25,0.25,2,complement_admissible_pass,5971,6000,0.9951666666666666
discovery,joint_wild_cluster_rademacher,6,0.25,0.25,3,effect_direction_reproduced_pass,5130,6000,0.855
discovery,joint_wild_cluster_rademacher,6,0.25,0.25,4,target_contrast_positive_pass,5130,6000,0.855
discovery,joint_wild_cluster_rademacher,6,0.25,0.25,5,minimum_effect_pass,4196,6000,0.6993333333333334
discovery,joint_wild_cluster_rademacher,6,0.25,0.25,6,cluster_uncertainty_pass,1313,6000,0.21883333333333332
discovery,joint_wild_cluster_rademacher,6,0.25,0.25,7,raw_statistical_threshold_pass,496,6000,0.08266666666666667
discovery,joint_wild_cluster_rademacher,6,0.25,0.25,8,multiplicity_adjusted_threshold_pass,496,6000,0.08266666666666667
discovery,joint_wild_cluster_rademacher,6,0.25,0.25,9,control_adjusted_contrast_pass,490,6000,0.08166666666666667
discovery,joint_wild_cluster_rademacher,6,0.25,0.25,10,control_specificity_pass,490,6000,0.08166666666666667
discovery,joint_wild_cluster_rademacher,6,0.25,0.5,1,support_available_pass,6000,6000,1.0
discovery,joint_wild_cluster_rademacher,6,0.25,0.5,2,complement_admissible_pass,5963,6000,0.9938333333333333
discovery,joint_wild_cluster_rademacher,6,0.25,0.5,3,effect_direction_reproduced_pass,5128,6000,0.8546666666666667
discovery,joint_wild_cluster_rademacher,6,0.25,0.5,4,target_contrast_positive_pass,5128,6000,0.8546666666666667
discovery,joint_wild_cluster_rademacher,6,0.25,0.5,5,minimum_effect_pass,4199,6000,0.6998333333333333
discovery,joint_wild_cluster_rademacher,6,0.25,0.5,6,cluster_uncertainty_pass,1280,6000,0.21333333333333335
discovery,joint_wild_cluster_rademacher,6,0.25,0.5,7,raw_statistical_threshold_pass,470,6000,0.07833333333333334
discovery,joint_wild_cluster_rademacher,6,0.25,0.5,8,multiplicity_adjusted_threshold_pass,470,6000,0.07833333333333334
discovery,joint_wild_cluster_rademacher,6,0.25,0.5,9,control_adjusted_contrast_pass,412,6000,0.06866666666666667
discovery,joint_wild_cluster_rademacher,6,0.25,0.5,10,control_specificity_pass,412,6000,0.06866666666666667
discovery,joint_wild_cluster_rademacher,6,0.25,1.0,1,support_available_pass,6000,6000,1.0
discovery,joint_wild_cluster_rademacher,6,0.25,1.0,2,complement_admissible_pass,5963,6000,0.9938333333333333
discovery,joint_wild_cluster_rademacher,6,0.25,1.0,3,effect_direction_reproduced_pass,5141,6000,0.8568333333333333
discovery,joint_wild_cluster_rademacher,6,0.25,1.0,4,target_contrast_positive_pass,5141,6000,0.8568333333333333
discovery,joint_wild_cluster_rademacher,6,0.25,1.0,5,minimum_effect_pass,4210,6000,0.7016666666666667
discovery,joint_wild_cluster_rademacher,6,0.25,1.0,6,cluster_uncertainty_pass,1306,6000,0.21766666666666667
discovery,joint_wild_cluster_rademacher,6,0.25,1.0,7,raw_statistical_threshold_pass,457,6000,0.07616666666666666
discovery,joint_wild_cluster_rademacher,6,0.25,1.0,8,multiplicity_adjusted_threshold_pass,457,6000,0.07616666666666666
discovery,joint_wild_cluster_rademacher,6,0.25,1.0,9,control_adjusted_contrast_pass,217,6000,0.036166666666666666
discovery,joint_wild_cluster_rademacher,6,0.25,1.0,10,control_specificity_pass,217,6000,0.036166666666666666
discovery,joint_wild_cluster_rademacher,6,0.5,0.0,1,support_available_pass,6000,6000,1.0
discovery,joint_wild_cluster_rademacher,6,0.5,0.0,2,complement_admissible_pass,5969,6000,0.9948333333333333
discovery,joint_wild_cluster_rademacher,6,0.5,0.0,3,effect_direction_reproduced_pass,5279,6000,0.8798333333333334
discovery,joint_wild_cluster_rademacher,6,0.5,0.0,4,target_contrast_positive_pass,5279,6000,0.8798333333333334
discovery,joint_wild_cluster_rademacher,6,0.5,0.0,5,minimum_effect_pass,5218,6000,0.8696666666666667
discovery,joint_wild_cluster_rademacher,6,0.5,0.0,6,cluster_uncertainty_pass,2118,6000,0.353
discovery,joint_wild_cluster_rademacher,6,0.5,0.0,7,raw_statistical_threshold_pass,1078,6000,0.17966666666666667
discovery,joint_wild_cluster_rademacher,6,0.5,0.0,8,multiplicity_adjusted_threshold_pass,1078,6000,0.17966666666666667
discovery,joint_wild_cluster_rademacher,6,0.5,0.0,9,control_adjusted_contrast_pass,1078,6000,0.17966666666666667
discovery,joint_wild_cluster_rademacher,6,0.5,0.0,10,control_specificity_pass,1078,6000,0.17966666666666667
discovery,joint_wild_cluster_rademacher,6,0.5,0.25,1,support_available_pass,6000,6000,1.0
discovery,joint_wild_cluster_rademacher,6,0.5,0.25,2,complement_admissible_pass,5970,6000,0.995
discovery,joint_wild_cluster_rademacher,6,0.5,0.25,3,effect_direction_reproduced_pass,5263,6000,0.8771666666666667
discovery,joint_wild_cluster_rademacher,6,0.5,0.25,4,target_contrast_positive_pass,5263,6000,0.8771666666666667
discovery,joint_wild_cluster_rademacher,6,0.5,0.25,5,minimum_effect_pass,5186,6000,0.8643333333333333
discovery,joint_wild_cluster_rademacher,6,0.5,0.25,6,cluster_uncertainty_pass,2092,6000,0.3486666666666667
discovery,joint_wild_cluster_rademacher,6,0.5,0.25,7,raw_statistical_threshold_pass,1083,6000,0.1805
discovery,joint_wild_cluster_rademacher,6,0.5,0.25,8,multiplicity_adjusted_threshold_pass,1083,6000,0.1805
discovery,joint_wild_cluster_rademacher,6,0.5,0.25,9,control_adjusted_contrast_pass,1069,6000,0.17816666666666667
discovery,joint_wild_cluster_rademacher,6,0.5,0.25,10,control_specificity_pass,1069,6000,0.17816666666666667
discovery,joint_wild_cluster_rademacher,6,0.5,0.5,1,support_available_pass,5998,6000,0.9996666666666667
discovery,joint_wild_cluster_rademacher,6,0.5,0.5,2,complement_admissible_pass,5976,6000,0.996
discovery,joint_wild_cluster_rademacher,6,0.5,0.5,3,effect_direction_reproduced_pass,5203,6000,0.8671666666666666
discovery,joint_wild_cluster_rademacher,6,0.5,0.5,4,target_contrast_positive_pass,5203,6000,0.8671666666666666
discovery,joint_wild_cluster_rademacher,6,0.5,0.5,5,minimum_effect_pass,5128,6000,0.8546666666666667
discovery,joint_wild_cluster_rademacher,6,0.5,0.5,6,cluster_uncertainty_pass,2108,6000,0.35133333333333333
discovery,joint_wild_cluster_rademacher,6,0.5,0.5,7,raw_statistical_threshold_pass,1064,6000,0.17733333333333334
discovery,joint_wild_cluster_rademacher,6,0.5,0.5,8,multiplicity_adjusted_threshold_pass,1064,6000,0.17733333333333334
discovery,joint_wild_cluster_rademacher,6,0.5,0.5,9,control_adjusted_contrast_pass,955,6000,0.15916666666666668
discovery,joint_wild_cluster_rademacher,6,0.5,0.5,10,control_specificity_pass,955,6000,0.15916666666666668
discovery,joint_wild_cluster_rademacher,6,0.5,1.0,1,support_available_pass,6000,6000,1.0
discovery,joint_wild_cluster_rademacher,6,0.5,1.0,2,complement_admissible_pass,5971,6000,0.9951666666666666
discovery,joint_wild_cluster_rademacher,6,0.5,1.0,3,effect_direction_reproduced_pass,5236,6000,0.8726666666666667
discovery,joint_wild_cluster_rademacher,6,0.5,1.0,4,target_contrast_positive_pass,5236,6000,0.8726666666666667
discovery,joint_wild_cluster_rademacher,6,0.5,1.0,5,minimum_effect_pass,5171,6000,0.8618333333333333
discovery,joint_wild_cluster_rademacher,6,0.5,1.0,6,cluster_uncertainty_pass,2167,6000,0.3611666666666667
discovery,joint_wild_cluster_rademacher,6,0.5,1.0,7,raw_statistical_threshold_pass,1093,6000,0.18216666666666667
discovery,joint_wild_cluster_rademacher,6,0.5,1.0,8,multiplicity_adjusted_threshold_pass,1093,6000,0.18216666666666667
discovery,joint_wild_cluster_rademacher,6,0.5,1.0,9,control_adjusted_contrast_pass,444,6000,0.074
discovery,joint_wild_cluster_rademacher,6,0.5,1.0,10,control_specificity_pass,444,6000,0.074
discovery,joint_wild_cluster_rademacher,6,0.75,0.0,1,support_available_pass,6000,6000,1.0
discovery,joint_wild_cluster_rademacher,6,0.75,0.0,2,complement_admissible_pass,5951,6000,0.9918333333333333
discovery,joint_wild_cluster_rademacher,6,0.75,0.0,3,effect_direction_reproduced_pass,5225,6000,0.8708333333333333
discovery,joint_wild_cluster_rademacher,6,0.75,0.0,4,target_contrast_positive_pass,5225,6000,0.8708333333333333
discovery,joint_wild_cluster_rademacher,6,0.75,0.0,5,minimum_effect_pass,5217,6000,0.8695
discovery,joint_wild_cluster_rademacher,6,0.75,0.0,6,cluster_uncertainty_pass,2335,6000,0.38916666666666666
discovery,joint_wild_cluster_rademacher,6,0.75,0.0,7,raw_statistical_threshold_pass,1379,6000,0.22983333333333333
discovery,joint_wild_cluster_rademacher,6,0.75,0.0,8,multiplicity_adjusted_threshold_pass,1379,6000,0.22983333333333333
discovery,joint_wild_cluster_rademacher,6,0.75,0.0,9,control_adjusted_contrast_pass,1379,6000,0.22983333333333333
discovery,joint_wild_cluster_rademacher,6,0.75,0.0,10,control_specificity_pass,1379,6000,0.22983333333333333
discovery,joint_wild_cluster_rademacher,6,0.75,0.25,1,support_available_pass,6000,6000,1.0
discovery,joint_wild_cluster_rademacher,6,0.75,0.25,2,complement_admissible_pass,5964,6000,0.994
discovery,joint_wild_cluster_rademacher,6,0.75,0.25,3,effect_direction_reproduced_pass,5282,6000,0.8803333333333333
discovery,joint_wild_cluster_rademacher,6,0.75,0.25,4,target_contrast_positive_pass,5282,6000,0.8803333333333333
discovery,joint_wild_cluster_rademacher,6,0.75,0.25,5,minimum_effect_pass,5277,6000,0.8795
discovery,joint_wild_cluster_rademacher,6,0.75,0.25,6,cluster_uncertainty_pass,2337,6000,0.3895
discovery,joint_wild_cluster_rademacher,6,0.75,0.25,7,raw_statistical_threshold_pass,1370,6000,0.22833333333333333
discovery,joint_wild_cluster_rademacher,6,0.75,0.25,8,multiplicity_adjusted_threshold_pass,1370,6000,0.22833333333333333
discovery,joint_wild_cluster_rademacher,6,0.75,0.25,9,control_adjusted_contrast_pass,1364,6000,0.22733333333333333
discovery,joint_wild_cluster_rademacher,6,0.75,0.25,10,control_specificity_pass,1364,6000,0.22733333333333333
discovery,joint_wild_cluster_rademacher,6,0.75,0.5,1,support_available_pass,6000,6000,1.0
discovery,joint_wild_cluster_rademacher,6,0.75,0.5,2,complement_admissible_pass,5971,6000,0.9951666666666666
discovery,joint_wild_cluster_rademacher,6,0.75,0.5,3,effect_direction_reproduced_pass,5270,6000,0.8783333333333333
discovery,joint_wild_cluster_rademacher,6,0.75,0.5,4,target_contrast_positive_pass,5270,6000,0.8783333333333333
discovery,joint_wild_cluster_rademacher,6,0.75,0.5,5,minimum_effect_pass,5258,6000,0.8763333333333333
discovery,joint_wild_cluster_rademacher,6,0.75,0.5,6,cluster_uncertainty_pass,2350,6000,0.39166666666666666
discovery,joint_wild_cluster_rademacher,6,0.75,0.5,7,raw_statistical_threshold_pass,1386,6000,0.231
discovery,joint_wild_cluster_rademacher,6,0.75,0.5,8,multiplicity_adjusted_threshold_pass,1386,6000,0.231
discovery,joint_wild_cluster_rademacher,6,0.75,0.5,9,control_adjusted_contrast_pass,1257,6000,0.2095
discovery,joint_wild_cluster_rademacher,6,0.75,0.5,10,control_specificity_pass,1257,6000,0.2095
discovery,joint_wild_cluster_rademacher,6,0.75,1.0,1,support_available_pass,6000,6000,1.0
discovery,joint_wild_cluster_rademacher,6,0.75,1.0,2,complement_admissible_pass,5968,6000,0.9946666666666667
discovery,joint_wild_cluster_rademacher,6,0.75,1.0,3,effect_direction_reproduced_pass,5236,6000,0.8726666666666667
discovery,joint_wild_cluster_rademacher,6,0.75,1.0,4,target_contrast_positive_pass,5236,6000,0.8726666666666667
discovery,joint_wild_cluster_rademacher,6,0.75,1.0,5,minimum_effect_pass,5230,6000,0.8716666666666667
discovery,joint_wild_cluster_rademacher,6,0.75,1.0,6,cluster_uncertainty_pass,2354,6000,0.3923333333333333
discovery,joint_wild_cluster_rademacher,6,0.75,1.0,7,raw_statistical_threshold_pass,1396,6000,0.23266666666666666
discovery,joint_wild_cluster_rademacher,6,0.75,1.0,8,multiplicity_adjusted_threshold_pass,1396,6000,0.23266666666666666
discovery,joint_wild_cluster_rademacher,6,0.75,1.0,9,control_adjusted_contrast_pass,549,6000,0.0915
discovery,joint_wild_cluster_rademacher,6,0.75,1.0,10,control_specificity_pass,549,6000,0.0915
discovery,joint_wild_cluster_rademacher,6,1.0,0.0,1,support_available_pass,5999,6000,0.9998333333333334
discovery,joint_wild_cluster_rademacher,6,1.0,0.0,2,complement_admissible_pass,5965,6000,0.9941666666666666
discovery,joint_wild_cluster_rademacher,6,1.0,0.0,3,effect_direction_reproduced_pass,5269,6000,0.8781666666666667
discovery,joint_wild_cluster_rademacher,6,1.0,0.0,4,target_contrast_positive_pass,5269,6000,0.8781666666666667
discovery,joint_wild_cluster_rademacher,6,1.0,0.0,5,minimum_effect_pass,5269,6000,0.8781666666666667
discovery,joint_wild_cluster_rademacher,6,1.0,0.0,6,cluster_uncertainty_pass,2399,6000,0.3998333333333333
discovery,joint_wild_cluster_rademacher,6,1.0,0.0,7,raw_statistical_threshold_pass,1535,6000,0.25583333333333336
discovery,joint_wild_cluster_rademacher,6,1.0,0.0,8,multiplicity_adjusted_threshold_pass,1535,6000,0.25583333333333336
discovery,joint_wild_cluster_rademacher,6,1.0,0.0,9,control_adjusted_contrast_pass,1535,6000,0.25583333333333336
discovery,joint_wild_cluster_rademacher,6,1.0,0.0,10,control_specificity_pass,1535,6000,0.25583333333333336
discovery,joint_wild_cluster_rademacher,6,1.0,0.25,1,support_available_pass,5999,6000,0.9998333333333334
discovery,joint_wild_cluster_rademacher,6,1.0,0.25,2,complement_admissible_pass,5972,6000,0.9953333333333333
discovery,joint_wild_cluster_rademacher,6,1.0,0.25,3,effect_direction_reproduced_pass,5257,6000,0.8761666666666666
discovery,joint_wild_cluster_rademacher,6,1.0,0.25,4,target_contrast_positive_pass,5257,6000,0.8761666666666666
discovery,joint_wild_cluster_rademacher,6,1.0,0.25,5,minimum_effect_pass,5257,6000,0.8761666666666666
discovery,joint_wild_cluster_rademacher,6,1.0,0.25,6,cluster_uncertainty_pass,2447,6000,0.4078333333333333
discovery,joint_wild_cluster_rademacher,6,1.0,0.25,7,raw_statistical_threshold_pass,1527,6000,0.2545
discovery,joint_wild_cluster_rademacher,6,1.0,0.25,8,multiplicity_adjusted_threshold_pass,1527,6000,0.2545
discovery,joint_wild_cluster_rademacher,6,1.0,0.25,9,control_adjusted_contrast_pass,1522,6000,0.25366666666666665
discovery,joint_wild_cluster_rademacher,6,1.0,0.25,10,control_specificity_pass,1522,6000,0.25366666666666665
discovery,joint_wild_cluster_rademacher,6,1.0,0.5,1,support_available_pass,5999,6000,0.9998333333333334
discovery,joint_wild_cluster_rademacher,6,1.0,0.5,2,complement_admissible_pass,5961,6000,0.9935
discovery,joint_wild_cluster_rademacher,6,1.0,0.5,3,effect_direction_reproduced_pass,5263,6000,0.8771666666666667
discovery,joint_wild_cluster_rademacher,6,1.0,0.5,4,target_contrast_positive_pass,5263,6000,0.8771666666666667
discovery,joint_wild_cluster_rademacher,6,1.0,0.5,5,minimum_effect_pass,5263,6000,0.8771666666666667
discovery,joint_wild_cluster_rademacher,6,1.0,0.5,6,cluster_uncertainty_pass,2406,6000,0.401
discovery,joint_wild_cluster_rademacher,6,1.0,0.5,7,raw_statistical_threshold_pass,1557,6000,0.2595
discovery,joint_wild_cluster_rademacher,6,1.0,0.5,8,multiplicity_adjusted_threshold_pass,1557,6000,0.2595
discovery,joint_wild_cluster_rademacher,6,1.0,0.5,9,control_adjusted_contrast_pass,1452,6000,0.242
discovery,joint_wild_cluster_rademacher,6,1.0,0.5,10,control_specificity_pass,1452,6000,0.242
discovery,joint_wild_cluster_rademacher,6,1.0,1.0,1,support_available_pass,6000,6000,1.0
discovery,joint_wild_cluster_rademacher,6,1.0,1.0,2,complement_admissible_pass,5959,6000,0.9931666666666666
discovery,joint_wild_cluster_rademacher,6,1.0,1.0,3,effect_direction_reproduced_pass,5269,6000,0.8781666666666667
discovery,joint_wild_cluster_rademacher,6,1.0,1.0,4,target_contrast_positive_pass,5269,6000,0.8781666666666667
discovery,joint_wild_cluster_rademacher,6,1.0,1.0,5,minimum_effect_pass,5266,6000,0.8776666666666667
discovery,joint_wild_cluster_rademacher,6,1.0,1.0,6,cluster_uncertainty_pass,2400,6000,0.4
discovery,joint_wild_cluster_rademacher,6,1.0,1.0,7,raw_statistical_threshold_pass,1563,6000,0.2605
discovery,joint_wild_cluster_rademacher,6,1.0,1.0,8,multiplicity_adjusted_threshold_pass,1563,6000,0.2605
discovery,joint_wild_cluster_rademacher,6,1.0,1.0,9,control_adjusted_contrast_pass,558,6000,0.093
discovery,joint_wild_cluster_rademacher,6,1.0,1.0,10,control_specificity_pass,558,6000,0.093
discovery,joint_wild_cluster_rademacher,6,1.5,0.0,1,support_available_pass,6000,6000,1.0
discovery,joint_wild_cluster_rademacher,6,1.5,0.0,2,complement_admissible_pass,5972,6000,0.9953333333333333
discovery,joint_wild_cluster_rademacher,6,1.5,0.0,3,effect_direction_reproduced_pass,5270,6000,0.8783333333333333
discovery,joint_wild_cluster_rademacher,6,1.5,0.0,4,target_contrast_positive_pass,5270,6000,0.8783333333333333
discovery,joint_wild_cluster_rademacher,6,1.5,0.0,5,minimum_effect_pass,5270,6000,0.8783333333333333
discovery,joint_wild_cluster_rademacher,6,1.5,0.0,6,cluster_uncertainty_pass,2450,6000,0.4083333333333333
discovery,joint_wild_cluster_rademacher,6,1.5,0.0,7,raw_statistical_threshold_pass,1667,6000,0.2778333333333333
discovery,joint_wild_cluster_rademacher,6,1.5,0.0,8,multiplicity_adjusted_threshold_pass,1667,6000,0.2778333333333333
discovery,joint_wild_cluster_rademacher,6,1.5,0.0,9,control_adjusted_contrast_pass,1667,6000,0.2778333333333333
discovery,joint_wild_cluster_rademacher,6,1.5,0.0,10,control_specificity_pass,1667,6000,0.2778333333333333
discovery,joint_wild_cluster_rademacher,6,1.5,0.25,1,support_available_pass,5999,6000,0.9998333333333334
discovery,joint_wild_cluster_rademacher,6,1.5,0.25,2,complement_admissible_pass,5965,6000,0.9941666666666666
discovery,joint_wild_cluster_rademacher,6,1.5,0.25,3,effect_direction_reproduced_pass,5254,6000,0.8756666666666667
discovery,joint_wild_cluster_rademacher,6,1.5,0.25,4,target_contrast_positive_pass,5254,6000,0.8756666666666667
discovery,joint_wild_cluster_rademacher,6,1.5,0.25,5,minimum_effect_pass,5254,6000,0.8756666666666667
discovery,joint_wild_cluster_rademacher,6,1.5,0.25,6,cluster_uncertainty_pass,2420,6000,0.4033333333333333
discovery,joint_wild_cluster_rademacher,6,1.5,0.25,7,raw_statistical_threshold_pass,1644,6000,0.274
discovery,joint_wild_cluster_rademacher,6,1.5,0.25,8,multiplicity_adjusted_threshold_pass,1644,6000,0.274
discovery,joint_wild_cluster_rademacher,6,1.5,0.25,9,control_adjusted_contrast_pass,1642,6000,0.27366666666666667
discovery,joint_wild_cluster_rademacher,6,1.5,0.25,10,control_specificity_pass,1642,6000,0.27366666666666667
discovery,joint_wild_cluster_rademacher,6,1.5,0.5,1,support_available_pass,5999,6000,0.9998333333333334
discovery,joint_wild_cluster_rademacher,6,1.5,0.5,2,complement_admissible_pass,5974,6000,0.9956666666666667
discovery,joint_wild_cluster_rademacher,6,1.5,0.5,3,effect_direction_reproduced_pass,5252,6000,0.8753333333333333
discovery,joint_wild_cluster_rademacher,6,1.5,0.5,4,target_contrast_positive_pass,5252,6000,0.8753333333333333
discovery,joint_wild_cluster_rademacher,6,1.5,0.5,5,minimum_effect_pass,5252,6000,0.8753333333333333
discovery,joint_wild_cluster_rademacher,6,1.5,0.5,6,cluster_uncertainty_pass,2426,6000,0.4043333333333333
discovery,joint_wild_cluster_rademacher,6,1.5,0.5,7,raw_statistical_threshold_pass,1643,6000,0.2738333333333333
discovery,joint_wild_cluster_rademacher,6,1.5,0.5,8,multiplicity_adjusted_threshold_pass,1643,6000,0.2738333333333333
discovery,joint_wild_cluster_rademacher,6,1.5,0.5,9,control_adjusted_contrast_pass,1549,6000,0.25816666666666666
discovery,joint_wild_cluster_rademacher,6,1.5,0.5,10,control_specificity_pass,1549,6000,0.25816666666666666
discovery,joint_wild_cluster_rademacher,6,1.5,1.0,1,support_available_pass,6000,6000,1.0
discovery,joint_wild_cluster_rademacher,6,1.5,1.0,2,complement_admissible_pass,5962,6000,0.9936666666666667
discovery,joint_wild_cluster_rademacher,6,1.5,1.0,3,effect_direction_reproduced_pass,5209,6000,0.8681666666666666
discovery,joint_wild_cluster_rademacher,6,1.5,1.0,4,target_contrast_positive_pass,5209,6000,0.8681666666666666
discovery,joint_wild_cluster_rademacher,6,1.5,1.0,5,minimum_effect_pass,5209,6000,0.8681666666666666
discovery,joint_wild_cluster_rademacher,6,1.5,1.0,6,cluster_uncertainty_pass,2442,6000,0.407
discovery,joint_wild_cluster_rademacher,6,1.5,1.0,7,raw_statistical_threshold_pass,1646,6000,0.2743333333333333
discovery,joint_wild_cluster_rademacher,6,1.5,1.0,8,multiplicity_adjusted_threshold_pass,1646,6000,0.2743333333333333
discovery,joint_wild_cluster_rademacher,6,1.5,1.0,9,control_adjusted_contrast_pass,571,6000,0.09516666666666666
discovery,joint_wild_cluster_rademacher,6,1.5,1.0,10,control_specificity_pass,571,6000,0.09516666666666666
discovery,joint_wild_cluster_rademacher,6,2.0,0.0,1,support_available_pass,5997,6000,0.9995
discovery,joint_wild_cluster_rademacher,6,2.0,0.0,2,complement_admissible_pass,5956,6000,0.9926666666666667
discovery,joint_wild_cluster_rademacher,6,2.0,0.0,3,effect_direction_reproduced_pass,5272,6000,0.8786666666666667
discovery,joint_wild_cluster_rademacher,6,2.0,0.0,4,target_contrast_positive_pass,5272,6000,0.8786666666666667
discovery,joint_wild_cluster_rademacher,6,2.0,0.0,5,minimum_effect_pass,5272,6000,0.8786666666666667
discovery,joint_wild_cluster_rademacher,6,2.0,0.0,6,cluster_uncertainty_pass,2487,6000,0.4145
discovery,joint_wild_cluster_rademacher,6,2.0,0.0,7,raw_statistical_threshold_pass,1697,6000,0.2828333333333333
discovery,joint_wild_cluster_rademacher,6,2.0,0.0,8,multiplicity_adjusted_threshold_pass,1697,6000,0.2828333333333333
discovery,joint_wild_cluster_rademacher,6,2.0,0.0,9,control_adjusted_contrast_pass,1697,6000,0.2828333333333333
discovery,joint_wild_cluster_rademacher,6,2.0,0.0,10,control_specificity_pass,1697,6000,0.2828333333333333
discovery,joint_wild_cluster_rademacher,6,2.0,0.25,1,support_available_pass,6000,6000,1.0
discovery,joint_wild_cluster_rademacher,6,2.0,0.25,2,complement_admissible_pass,5969,6000,0.9948333333333333
discovery,joint_wild_cluster_rademacher,6,2.0,0.25,3,effect_direction_reproduced_pass,5283,6000,0.8805
discovery,joint_wild_cluster_rademacher,6,2.0,0.25,4,target_contrast_positive_pass,5283,6000,0.8805
discovery,joint_wild_cluster_rademacher,6,2.0,0.25,5,minimum_effect_pass,5283,6000,0.8805
discovery,joint_wild_cluster_rademacher,6,2.0,0.25,6,cluster_uncertainty_pass,2451,6000,0.4085
discovery,joint_wild_cluster_rademacher,6,2.0,0.25,7,raw_statistical_threshold_pass,1654,6000,0.27566666666666667
discovery,joint_wild_cluster_rademacher,6,2.0,0.25,8,multiplicity_adjusted_threshold_pass,1654,6000,0.27566666666666667
discovery,joint_wild_cluster_rademacher,6,2.0,0.25,9,control_adjusted_contrast_pass,1654,6000,0.27566666666666667
discovery,joint_wild_cluster_rademacher,6,2.0,0.25,10,control_specificity_pass,1654,6000,0.27566666666666667
discovery,joint_wild_cluster_rademacher,6,2.0,0.5,1,support_available_pass,6000,6000,1.0
discovery,joint_wild_cluster_rademacher,6,2.0,0.5,2,complement_admissible_pass,5967,6000,0.9945
discovery,joint_wild_cluster_rademacher,6,2.0,0.5,3,effect_direction_reproduced_pass,5266,6000,0.8776666666666667
discovery,joint_wild_cluster_rademacher,6,2.0,0.5,4,target_contrast_positive_pass,5266,6000,0.8776666666666667
discovery,joint_wild_cluster_rademacher,6,2.0,0.5,5,minimum_effect_pass,5266,6000,0.8776666666666667
discovery,joint_wild_cluster_rademacher,6,2.0,0.5,6,cluster_uncertainty_pass,2457,6000,0.4095
discovery,joint_wild_cluster_rademacher,6,2.0,0.5,7,raw_statistical_threshold_pass,1694,6000,0.2823333333333333
discovery,joint_wild_cluster_rademacher,6,2.0,0.5,8,multiplicity_adjusted_threshold_pass,1694,6000,0.2823333333333333
discovery,joint_wild_cluster_rademacher,6,2.0,0.5,9,control_adjusted_contrast_pass,1621,6000,0.27016666666666667
discovery,joint_wild_cluster_rademacher,6,2.0,0.5,10,control_specificity_pass,1621,6000,0.27016666666666667
discovery,joint_wild_cluster_rademacher,6,2.0,1.0,1,support_available_pass,5999,6000,0.9998333333333334
discovery,joint_wild_cluster_rademacher,6,2.0,1.0,2,complement_admissible_pass,5969,6000,0.9948333333333333
discovery,joint_wild_cluster_rademacher,6,2.0,1.0,3,effect_direction_reproduced_pass,5245,6000,0.8741666666666666
discovery,joint_wild_cluster_rademacher,6,2.0,1.0,4,target_contrast_positive_pass,5245,6000,0.8741666666666666
discovery,joint_wild_cluster_rademacher,6,2.0,1.0,5,minimum_effect_pass,5245,6000,0.8741666666666666
discovery,joint_wild_cluster_rademacher,6,2.0,1.0,6,cluster_uncertainty_pass,2464,6000,0.4106666666666667
discovery,joint_wild_cluster_rademacher,6,2.0,1.0,7,raw_statistical_threshold_pass,1703,6000,0.2838333333333333
discovery,joint_wild_cluster_rademacher,6,2.0,1.0,8,multiplicity_adjusted_threshold_pass,1703,6000,0.2838333333333333
discovery,joint_wild_cluster_rademacher,6,2.0,1.0,9,control_adjusted_contrast_pass,576,6000,0.096
discovery,joint_wild_cluster_rademacher,6,2.0,1.0,10,control_specificity_pass,576,6000,0.096
discovery,joint_wild_cluster_rademacher,8,0.0,0.0,1,support_available_pass,6000,6000,1.0
discovery,joint_wild_cluster_rademacher,8,0.0,0.0,2,complement_admissible_pass,5995,6000,0.9991666666666666
discovery,joint_wild_cluster_rademacher,8,0.0,0.0,3,effect_direction_reproduced_pass,0,6000,0.0
discovery,joint_wild_cluster_rademacher,8,0.0,0.0,4,target_contrast_positive_pass,0,6000,0.0
discovery,joint_wild_cluster_rademacher,8,0.0,0.0,5,minimum_effect_pass,0,6000,0.0
discovery,joint_wild_cluster_rademacher,8,0.0,0.0,6,cluster_uncertainty_pass,0,6000,0.0
discovery,joint_wild_cluster_rademacher,8,0.0,0.0,7,raw_statistical_threshold_pass,0,6000,0.0
discovery,joint_wild_cluster_rademacher,8,0.0,0.0,8,multiplicity_adjusted_threshold_pass,0,6000,0.0
discovery,joint_wild_cluster_rademacher,8,0.0,0.0,9,control_adjusted_contrast_pass,0,6000,0.0
discovery,joint_wild_cluster_rademacher,8,0.0,0.0,10,control_specificity_pass,0,6000,0.0
discovery,joint_wild_cluster_rademacher,8,0.25,0.0,1,support_available_pass,6000,6000,1.0
discovery,joint_wild_cluster_rademacher,8,0.25,0.0,2,complement_admissible_pass,5994,6000,0.999
discovery,joint_wild_cluster_rademacher,8,0.25,0.0,3,effect_direction_reproduced_pass,5520,6000,0.92
discovery,joint_wild_cluster_rademacher,8,0.25,0.0,4,target_contrast_positive_pass,5520,6000,0.92
discovery,joint_wild_cluster_rademacher,8,0.25,0.0,5,minimum_effect_pass,4705,6000,0.7841666666666667
discovery,joint_wild_cluster_rademacher,8,0.25,0.0,6,cluster_uncertainty_pass,1656,6000,0.276
discovery,joint_wild_cluster_rademacher,8,0.25,0.0,7,raw_statistical_threshold_pass,912,6000,0.152
discovery,joint_wild_cluster_rademacher,8,0.25,0.0,8,multiplicity_adjusted_threshold_pass,912,6000,0.152
discovery,joint_wild_cluster_rademacher,8,0.25,0.0,9,control_adjusted_contrast_pass,912,6000,0.152
discovery,joint_wild_cluster_rademacher,8,0.25,0.0,10,control_specificity_pass,912,6000,0.152
discovery,joint_wild_cluster_rademacher,8,0.25,0.25,1,support_available_pass,6000,6000,1.0
discovery,joint_wild_cluster_rademacher,8,0.25,0.25,2,complement_admissible_pass,5998,6000,0.9996666666666667
discovery,joint_wild_cluster_rademacher,8,0.25,0.25,3,effect_direction_reproduced_pass,5533,6000,0.9221666666666667
discovery,joint_wild_cluster_rademacher,8,0.25,0.25,4,target_contrast_positive_pass,5533,6000,0.9221666666666667
discovery,joint_wild_cluster_rademacher,8,0.25,0.25,5,minimum_effect_pass,4677,6000,0.7795
discovery,joint_wild_cluster_rademacher,8,0.25,0.25,6,cluster_uncertainty_pass,1695,6000,0.2825
discovery,joint_wild_cluster_rademacher,8,0.25,0.25,7,raw_statistical_threshold_pass,958,6000,0.15966666666666668
discovery,joint_wild_cluster_rademacher,8,0.25,0.25,8,multiplicity_adjusted_threshold_pass,958,6000,0.15966666666666668
discovery,joint_wild_cluster_rademacher,8,0.25,0.25,9,control_adjusted_contrast_pass,944,6000,0.15733333333333333
discovery,joint_wild_cluster_rademacher,8,0.25,0.25,10,control_specificity_pass,944,6000,0.15733333333333333
discovery,joint_wild_cluster_rademacher,8,0.25,0.5,1,support_available_pass,6000,6000,1.0
discovery,joint_wild_cluster_rademacher,8,0.25,0.5,2,complement_admissible_pass,5996,6000,0.9993333333333333
discovery,joint_wild_cluster_rademacher,8,0.25,0.5,3,effect_direction_reproduced_pass,5515,6000,0.9191666666666667
discovery,joint_wild_cluster_rademacher,8,0.25,0.5,4,target_contrast_positive_pass,5515,6000,0.9191666666666667
discovery,joint_wild_cluster_rademacher,8,0.25,0.5,5,minimum_effect_pass,4687,6000,0.7811666666666667
discovery,joint_wild_cluster_rademacher,8,0.25,0.5,6,cluster_uncertainty_pass,1675,6000,0.2791666666666667
discovery,joint_wild_cluster_rademacher,8,0.25,0.5,7,raw_statistical_threshold_pass,942,6000,0.157
discovery,joint_wild_cluster_rademacher,8,0.25,0.5,8,multiplicity_adjusted_threshold_pass,942,6000,0.157
discovery,joint_wild_cluster_rademacher,8,0.25,0.5,9,control_adjusted_contrast_pass,804,6000,0.134
discovery,joint_wild_cluster_rademacher,8,0.25,0.5,10,control_specificity_pass,804,6000,0.134
discovery,joint_wild_cluster_rademacher,8,0.25,1.0,1,support_available_pass,6000,6000,1.0
discovery,joint_wild_cluster_rademacher,8,0.25,1.0,2,complement_admissible_pass,5998,6000,0.9996666666666667
discovery,joint_wild_cluster_rademacher,8,0.25,1.0,3,effect_direction_reproduced_pass,5544,6000,0.924
discovery,joint_wild_cluster_rademacher,8,0.25,1.0,4,target_contrast_positive_pass,5544,6000,0.924
discovery,joint_wild_cluster_rademacher,8,0.25,1.0,5,minimum_effect_pass,4703,6000,0.7838333333333334
discovery,joint_wild_cluster_rademacher,8,0.25,1.0,6,cluster_uncertainty_pass,1676,6000,0.2793333333333333
discovery,joint_wild_cluster_rademacher,8,0.25,1.0,7,raw_statistical_threshold_pass,901,6000,0.15016666666666667
discovery,joint_wild_cluster_rademacher,8,0.25,1.0,8,multiplicity_adjusted_threshold_pass,901,6000,0.15016666666666667
discovery,joint_wild_cluster_rademacher,8,0.25,1.0,9,control_adjusted_contrast_pass,372,6000,0.062
discovery,joint_wild_cluster_rademacher,8,0.25,1.0,10,control_specificity_pass,372,6000,0.062
discovery,joint_wild_cluster_rademacher,8,0.5,0.0,1,support_available_pass,6000,6000,1.0
discovery,joint_wild_cluster_rademacher,8,0.5,0.0,2,complement_admissible_pass,5997,6000,0.9995
discovery,joint_wild_cluster_rademacher,8,0.5,0.0,3,effect_direction_reproduced_pass,5625,6000,0.9375
discovery,joint_wild_cluster_rademacher,8,0.5,0.0,4,target_contrast_positive_pass,5625,6000,0.9375
discovery,joint_wild_cluster_rademacher,8,0.5,0.0,5,minimum_effect_pass,5591,6000,0.9318333333333333
discovery,joint_wild_cluster_rademacher,8,0.5,0.0,6,cluster_uncertainty_pass,2410,6000,0.40166666666666667
discovery,joint_wild_cluster_rademacher,8,0.5,0.0,7,raw_statistical_threshold_pass,1649,6000,0.2748333333333333
discovery,joint_wild_cluster_rademacher,8,0.5,0.0,8,multiplicity_adjusted_threshold_pass,1649,6000,0.2748333333333333
discovery,joint_wild_cluster_rademacher,8,0.5,0.0,9,control_adjusted_contrast_pass,1649,6000,0.2748333333333333
discovery,joint_wild_cluster_rademacher,8,0.5,0.0,10,control_specificity_pass,1649,6000,0.2748333333333333
discovery,joint_wild_cluster_rademacher,8,0.5,0.25,1,support_available_pass,6000,6000,1.0
discovery,joint_wild_cluster_rademacher,8,0.5,0.25,2,complement_admissible_pass,5997,6000,0.9995
discovery,joint_wild_cluster_rademacher,8,0.5,0.25,3,effect_direction_reproduced_pass,5601,6000,0.9335
discovery,joint_wild_cluster_rademacher,8,0.5,0.25,4,target_contrast_positive_pass,5601,6000,0.9335
discovery,joint_wild_cluster_rademacher,8,0.5,0.25,5,minimum_effect_pass,5571,6000,0.9285
discovery,joint_wild_cluster_rademacher,8,0.5,0.25,6,cluster_uncertainty_pass,2430,6000,0.405
discovery,joint_wild_cluster_rademacher,8,0.5,0.25,7,raw_statistical_threshold_pass,1655,6000,0.2758333333333333
discovery,joint_wild_cluster_rademacher,8,0.5,0.25,8,multiplicity_adjusted_threshold_pass,1655,6000,0.2758333333333333
discovery,joint_wild_cluster_rademacher,8,0.5,0.25,9,control_adjusted_contrast_pass,1642,6000,0.27366666666666667
discovery,joint_wild_cluster_rademacher,8,0.5,0.25,10,control_specificity_pass,1642,6000,0.27366666666666667
discovery,joint_wild_cluster_rademacher,8,0.5,0.5,1,support_available_pass,6000,6000,1.0
discovery,joint_wild_cluster_rademacher,8,0.5,0.5,2,complement_admissible_pass,5996,6000,0.9993333333333333
discovery,joint_wild_cluster_rademacher,8,0.5,0.5,3,effect_direction_reproduced_pass,5536,6000,0.9226666666666666
discovery,joint_wild_cluster_rademacher,8,0.5,0.5,4,target_contrast_positive_pass,5536,6000,0.9226666666666666
discovery,joint_wild_cluster_rademacher,8,0.5,0.5,5,minimum_effect_pass,5500,6000,0.9166666666666666
discovery,joint_wild_cluster_rademacher,8,0.5,0.5,6,cluster_uncertainty_pass,2417,6000,0.4028333333333333
discovery,joint_wild_cluster_rademacher,8,0.5,0.5,7,raw_statistical_threshold_pass,1643,6000,0.2738333333333333
discovery,joint_wild_cluster_rademacher,8,0.5,0.5,8,multiplicity_adjusted_threshold_pass,1643,6000,0.2738333333333333
discovery,joint_wild_cluster_rademacher,8,0.5,0.5,9,control_adjusted_contrast_pass,1466,6000,0.24433333333333335
discovery,joint_wild_cluster_rademacher,8,0.5,0.5,10,control_specificity_pass,1466,6000,0.24433333333333335
discovery,joint_wild_cluster_rademacher,8,0.5,1.0,1,support_available_pass,6000,6000,1.0
discovery,joint_wild_cluster_rademacher,8,0.5,1.0,2,complement_admissible_pass,5999,6000,0.9998333333333334
discovery,joint_wild_cluster_rademacher,8,0.5,1.0,3,effect_direction_reproduced_pass,5602,6000,0.9336666666666666
discovery,joint_wild_cluster_rademacher,8,0.5,1.0,4,target_contrast_positive_pass,5602,6000,0.9336666666666666
discovery,joint_wild_cluster_rademacher,8,0.5,1.0,5,minimum_effect_pass,5567,6000,0.9278333333333333
discovery,joint_wild_cluster_rademacher,8,0.5,1.0,6,cluster_uncertainty_pass,2462,6000,0.4103333333333333
discovery,joint_wild_cluster_rademacher,8,0.5,1.0,7,raw_statistical_threshold_pass,1686,6000,0.281
discovery,joint_wild_cluster_rademacher,8,0.5,1.0,8,multiplicity_adjusted_threshold_pass,1686,6000,0.281
discovery,joint_wild_cluster_rademacher,8,0.5,1.0,9,control_adjusted_contrast_pass,595,6000,0.09916666666666667
discovery,joint_wild_cluster_rademacher,8,0.5,1.0,10,control_specificity_pass,595,6000,0.09916666666666667
discovery,joint_wild_cluster_rademacher,8,0.75,0.0,1,support_available_pass,6000,6000,1.0
discovery,joint_wild_cluster_rademacher,8,0.75,0.0,2,complement_admissible_pass,5990,6000,0.9983333333333333
discovery,joint_wild_cluster_rademacher,8,0.75,0.0,3,effect_direction_reproduced_pass,5559,6000,0.9265
discovery,joint_wild_cluster_rademacher,8,0.75,0.0,4,target_contrast_positive_pass,5559,6000,0.9265
discovery,joint_wild_cluster_rademacher,8,0.75,0.0,5,minimum_effect_pass,5555,6000,0.9258333333333333
discovery,joint_wild_cluster_rademacher,8,0.75,0.0,6,cluster_uncertainty_pass,2560,6000,0.4266666666666667
discovery,joint_wild_cluster_rademacher,8,0.75,0.0,7,raw_statistical_threshold_pass,1895,6000,0.31583333333333335
discovery,joint_wild_cluster_rademacher,8,0.75,0.0,8,multiplicity_adjusted_threshold_pass,1895,6000,0.31583333333333335
discovery,joint_wild_cluster_rademacher,8,0.75,0.0,9,control_adjusted_contrast_pass,1895,6000,0.31583333333333335
discovery,joint_wild_cluster_rademacher,8,0.75,0.0,10,control_specificity_pass,1895,6000,0.31583333333333335
discovery,joint_wild_cluster_rademacher,8,0.75,0.25,1,support_available_pass,6000,6000,1.0
discovery,joint_wild_cluster_rademacher,8,0.75,0.25,2,complement_admissible_pass,5995,6000,0.9991666666666666
discovery,joint_wild_cluster_rademacher,8,0.75,0.25,3,effect_direction_reproduced_pass,5620,6000,0.9366666666666666
discovery,joint_wild_cluster_rademacher,8,0.75,0.25,4,target_contrast_positive_pass,5620,6000,0.9366666666666666
discovery,joint_wild_cluster_rademacher,8,0.75,0.25,5,minimum_effect_pass,5617,6000,0.9361666666666667
discovery,joint_wild_cluster_rademacher,8,0.75,0.25,6,cluster_uncertainty_pass,2585,6000,0.43083333333333335
discovery,joint_wild_cluster_rademacher,8,0.75,0.25,7,raw_statistical_threshold_pass,1898,6000,0.31633333333333336
discovery,joint_wild_cluster_rademacher,8,0.75,0.25,8,multiplicity_adjusted_threshold_pass,1898,6000,0.31633333333333336
discovery,joint_wild_cluster_rademacher,8,0.75,0.25,9,control_adjusted_contrast_pass,1890,6000,0.315
discovery,joint_wild_cluster_rademacher,8,0.75,0.25,10,control_specificity_pass,1890,6000,0.315
discovery,joint_wild_cluster_rademacher,8,0.75,0.5,1,support_available_pass,6000,6000,1.0
discovery,joint_wild_cluster_rademacher,8,0.75,0.5,2,complement_admissible_pass,5999,6000,0.9998333333333334
discovery,joint_wild_cluster_rademacher,8,0.75,0.5,3,effect_direction_reproduced_pass,5603,6000,0.9338333333333333
discovery,joint_wild_cluster_rademacher,8,0.75,0.5,4,target_contrast_positive_pass,5603,6000,0.9338333333333333
discovery,joint_wild_cluster_rademacher,8,0.75,0.5,5,minimum_effect_pass,5600,6000,0.9333333333333333
discovery,joint_wild_cluster_rademacher,8,0.75,0.5,6,cluster_uncertainty_pass,2581,6000,0.43016666666666664
discovery,joint_wild_cluster_rademacher,8,0.75,0.5,7,raw_statistical_threshold_pass,1879,6000,0.31316666666666665
discovery,joint_wild_cluster_rademacher,8,0.75,0.5,8,multiplicity_adjusted_threshold_pass,1879,6000,0.31316666666666665
discovery,joint_wild_cluster_rademacher,8,0.75,0.5,9,control_adjusted_contrast_pass,1704,6000,0.284
discovery,joint_wild_cluster_rademacher,8,0.75,0.5,10,control_specificity_pass,1704,6000,0.284
discovery,joint_wild_cluster_rademacher,8,0.75,1.0,1,support_available_pass,6000,6000,1.0
discovery,joint_wild_cluster_rademacher,8,0.75,1.0,2,complement_admissible_pass,5998,6000,0.9996666666666667
discovery,joint_wild_cluster_rademacher,8,0.75,1.0,3,effect_direction_reproduced_pass,5562,6000,0.927
discovery,joint_wild_cluster_rademacher,8,0.75,1.0,4,target_contrast_positive_pass,5562,6000,0.927
discovery,joint_wild_cluster_rademacher,8,0.75,1.0,5,minimum_effect_pass,5561,6000,0.9268333333333333
discovery,joint_wild_cluster_rademacher,8,0.75,1.0,6,cluster_uncertainty_pass,2581,6000,0.43016666666666664
discovery,joint_wild_cluster_rademacher,8,0.75,1.0,7,raw_statistical_threshold_pass,1927,6000,0.32116666666666666
discovery,joint_wild_cluster_rademacher,8,0.75,1.0,8,multiplicity_adjusted_threshold_pass,1927,6000,0.32116666666666666
discovery,joint_wild_cluster_rademacher,8,0.75,1.0,9,control_adjusted_contrast_pass,663,6000,0.1105
discovery,joint_wild_cluster_rademacher,8,0.75,1.0,10,control_specificity_pass,663,6000,0.1105
discovery,joint_wild_cluster_rademacher,8,1.0,0.0,1,support_available_pass,6000,6000,1.0
discovery,joint_wild_cluster_rademacher,8,1.0,0.0,2,complement_admissible_pass,5995,6000,0.9991666666666666
discovery,joint_wild_cluster_rademacher,8,1.0,0.0,3,effect_direction_reproduced_pass,5586,6000,0.931
discovery,joint_wild_cluster_rademacher,8,1.0,0.0,4,target_contrast_positive_pass,5586,6000,0.931
discovery,joint_wild_cluster_rademacher,8,1.0,0.0,5,minimum_effect_pass,5586,6000,0.931
discovery,joint_wild_cluster_rademacher,8,1.0,0.0,6,cluster_uncertainty_pass,2604,6000,0.434
discovery,joint_wild_cluster_rademacher,8,1.0,0.0,7,raw_statistical_threshold_pass,1997,6000,0.3328333333333333
discovery,joint_wild_cluster_rademacher,8,1.0,0.0,8,multiplicity_adjusted_threshold_pass,1997,6000,0.3328333333333333
discovery,joint_wild_cluster_rademacher,8,1.0,0.0,9,control_adjusted_contrast_pass,1997,6000,0.3328333333333333
discovery,joint_wild_cluster_rademacher,8,1.0,0.0,10,control_specificity_pass,1997,6000,0.3328333333333333
discovery,joint_wild_cluster_rademacher,8,1.0,0.25,1,support_available_pass,6000,6000,1.0
discovery,joint_wild_cluster_rademacher,8,1.0,0.25,2,complement_admissible_pass,5997,6000,0.9995
discovery,joint_wild_cluster_rademacher,8,1.0,0.25,3,effect_direction_reproduced_pass,5610,6000,0.935
discovery,joint_wild_cluster_rademacher,8,1.0,0.25,4,target_contrast_positive_pass,5610,6000,0.935
discovery,joint_wild_cluster_rademacher,8,1.0,0.25,5,minimum_effect_pass,5609,6000,0.9348333333333333
discovery,joint_wild_cluster_rademacher,8,1.0,0.25,6,cluster_uncertainty_pass,2627,6000,0.43783333333333335
discovery,joint_wild_cluster_rademacher,8,1.0,0.25,7,raw_statistical_threshold_pass,1989,6000,0.3315
discovery,joint_wild_cluster_rademacher,8,1.0,0.25,8,multiplicity_adjusted_threshold_pass,1989,6000,0.3315
discovery,joint_wild_cluster_rademacher,8,1.0,0.25,9,control_adjusted_contrast_pass,1984,6000,0.33066666666666666
discovery,joint_wild_cluster_rademacher,8,1.0,0.25,10,control_specificity_pass,1984,6000,0.33066666666666666
discovery,joint_wild_cluster_rademacher,8,1.0,0.5,1,support_available_pass,6000,6000,1.0
discovery,joint_wild_cluster_rademacher,8,1.0,0.5,2,complement_admissible_pass,5996,6000,0.9993333333333333
discovery,joint_wild_cluster_rademacher,8,1.0,0.5,3,effect_direction_reproduced_pass,5619,6000,0.9365
discovery,joint_wild_cluster_rademacher,8,1.0,0.5,4,target_contrast_positive_pass,5619,6000,0.9365
discovery,joint_wild_cluster_rademacher,8,1.0,0.5,5,minimum_effect_pass,5618,6000,0.9363333333333334
discovery,joint_wild_cluster_rademacher,8,1.0,0.5,6,cluster_uncertainty_pass,2625,6000,0.4375
discovery,joint_wild_cluster_rademacher,8,1.0,0.5,7,raw_statistical_threshold_pass,2001,6000,0.3335
discovery,joint_wild_cluster_rademacher,8,1.0,0.5,8,multiplicity_adjusted_threshold_pass,2001,6000,0.3335
discovery,joint_wild_cluster_rademacher,8,1.0,0.5,9,control_adjusted_contrast_pass,1894,6000,0.31566666666666665
discovery,joint_wild_cluster_rademacher,8,1.0,0.5,10,control_specificity_pass,1894,6000,0.31566666666666665
discovery,joint_wild_cluster_rademacher,8,1.0,1.0,1,support_available_pass,6000,6000,1.0
discovery,joint_wild_cluster_rademacher,8,1.0,1.0,2,complement_admissible_pass,5996,6000,0.9993333333333333
discovery,joint_wild_cluster_rademacher,8,1.0,1.0,3,effect_direction_reproduced_pass,5599,6000,0.9331666666666667
discovery,joint_wild_cluster_rademacher,8,1.0,1.0,4,target_contrast_positive_pass,5599,6000,0.9331666666666667
discovery,joint_wild_cluster_rademacher,8,1.0,1.0,5,minimum_effect_pass,5598,6000,0.933
discovery,joint_wild_cluster_rademacher,8,1.0,1.0,6,cluster_uncertainty_pass,2606,6000,0.43433333333333335
discovery,joint_wild_cluster_rademacher,8,1.0,1.0,7,raw_statistical_threshold_pass,2021,6000,0.3368333333333333
discovery,joint_wild_cluster_rademacher,8,1.0,1.0,8,multiplicity_adjusted_threshold_pass,2021,6000,0.3368333333333333
discovery,joint_wild_cluster_rademacher,8,1.0,1.0,9,control_adjusted_contrast_pass,638,6000,0.10633333333333334
discovery,joint_wild_cluster_rademacher,8,1.0,1.0,10,control_specificity_pass,638,6000,0.10633333333333334
discovery,joint_wild_cluster_rademacher,8,1.5,0.0,1,support_available_pass,6000,6000,1.0
discovery,joint_wild_cluster_rademacher,8,1.5,0.0,2,complement_admissible_pass,5995,6000,0.9991666666666666
discovery,joint_wild_cluster_rademacher,8,1.5,0.0,3,effect_direction_reproduced_pass,5608,6000,0.9346666666666666
discovery,joint_wild_cluster_rademacher,8,1.5,0.0,4,target_contrast_positive_pass,5608,6000,0.9346666666666666
discovery,joint_wild_cluster_rademacher,8,1.5,0.0,5,minimum_effect_pass,5608,6000,0.9346666666666666
discovery,joint_wild_cluster_rademacher,8,1.5,0.0,6,cluster_uncertainty_pass,2616,6000,0.436
discovery,joint_wild_cluster_rademacher,8,1.5,0.0,7,raw_statistical_threshold_pass,2069,6000,0.3448333333333333
discovery,joint_wild_cluster_rademacher,8,1.5,0.0,8,multiplicity_adjusted_threshold_pass,2069,6000,0.3448333333333333
discovery,joint_wild_cluster_rademacher,8,1.5,0.0,9,control_adjusted_contrast_pass,2069,6000,0.3448333333333333
discovery,joint_wild_cluster_rademacher,8,1.5,0.0,10,control_specificity_pass,2069,6000,0.3448333333333333
discovery,joint_wild_cluster_rademacher,8,1.5,0.25,1,support_available_pass,6000,6000,1.0
discovery,joint_wild_cluster_rademacher,8,1.5,0.25,2,complement_admissible_pass,5996,6000,0.9993333333333333
discovery,joint_wild_cluster_rademacher,8,1.5,0.25,3,effect_direction_reproduced_pass,5611,6000,0.9351666666666667
discovery,joint_wild_cluster_rademacher,8,1.5,0.25,4,target_contrast_positive_pass,5611,6000,0.9351666666666667
discovery,joint_wild_cluster_rademacher,8,1.5,0.25,5,minimum_effect_pass,5611,6000,0.9351666666666667
discovery,joint_wild_cluster_rademacher,8,1.5,0.25,6,cluster_uncertainty_pass,2622,6000,0.437
discovery,joint_wild_cluster_rademacher,8,1.5,0.25,7,raw_statistical_threshold_pass,2036,6000,0.3393333333333333
discovery,joint_wild_cluster_rademacher,8,1.5,0.25,8,multiplicity_adjusted_threshold_pass,2036,6000,0.3393333333333333
discovery,joint_wild_cluster_rademacher,8,1.5,0.25,9,control_adjusted_contrast_pass,2035,6000,0.33916666666666667
discovery,joint_wild_cluster_rademacher,8,1.5,0.25,10,control_specificity_pass,2035,6000,0.33916666666666667
discovery,joint_wild_cluster_rademacher,8,1.5,0.5,1,support_available_pass,6000,6000,1.0
discovery,joint_wild_cluster_rademacher,8,1.5,0.5,2,complement_admissible_pass,5998,6000,0.9996666666666667
discovery,joint_wild_cluster_rademacher,8,1.5,0.5,3,effect_direction_reproduced_pass,5591,6000,0.9318333333333333
discovery,joint_wild_cluster_rademacher,8,1.5,0.5,4,target_contrast_positive_pass,5591,6000,0.9318333333333333
discovery,joint_wild_cluster_rademacher,8,1.5,0.5,5,minimum_effect_pass,5591,6000,0.9318333333333333
discovery,joint_wild_cluster_rademacher,8,1.5,0.5,6,cluster_uncertainty_pass,2613,6000,0.4355
discovery,joint_wild_cluster_rademacher,8,1.5,0.5,7,raw_statistical_threshold_pass,2034,6000,0.339
discovery,joint_wild_cluster_rademacher,8,1.5,0.5,8,multiplicity_adjusted_threshold_pass,2034,6000,0.339
discovery,joint_wild_cluster_rademacher,8,1.5,0.5,9,control_adjusted_contrast_pass,1937,6000,0.32283333333333336
discovery,joint_wild_cluster_rademacher,8,1.5,0.5,10,control_specificity_pass,1937,6000,0.32283333333333336
discovery,joint_wild_cluster_rademacher,8,1.5,1.0,1,support_available_pass,6000,6000,1.0
discovery,joint_wild_cluster_rademacher,8,1.5,1.0,2,complement_admissible_pass,5992,6000,0.9986666666666667
discovery,joint_wild_cluster_rademacher,8,1.5,1.0,3,effect_direction_reproduced_pass,5574,6000,0.929
discovery,joint_wild_cluster_rademacher,8,1.5,1.0,4,target_contrast_positive_pass,5574,6000,0.929
discovery,joint_wild_cluster_rademacher,8,1.5,1.0,5,minimum_effect_pass,5574,6000,0.929
discovery,joint_wild_cluster_rademacher,8,1.5,1.0,6,cluster_uncertainty_pass,2619,6000,0.4365
discovery,joint_wild_cluster_rademacher,8,1.5,1.0,7,raw_statistical_threshold_pass,2022,6000,0.337
discovery,joint_wild_cluster_rademacher,8,1.5,1.0,8,multiplicity_adjusted_threshold_pass,2022,6000,0.337
discovery,joint_wild_cluster_rademacher,8,1.5,1.0,9,control_adjusted_contrast_pass,658,6000,0.10966666666666666
discovery,joint_wild_cluster_rademacher,8,1.5,1.0,10,control_specificity_pass,658,6000,0.10966666666666666
discovery,joint_wild_cluster_rademacher,8,2.0,0.0,1,support_available_pass,6000,6000,1.0
discovery,joint_wild_cluster_rademacher,8,2.0,0.0,2,complement_admissible_pass,5995,6000,0.9991666666666666
discovery,joint_wild_cluster_rademacher,8,2.0,0.0,3,effect_direction_reproduced_pass,5592,6000,0.932
discovery,joint_wild_cluster_rademacher,8,2.0,0.0,4,target_contrast_positive_pass,5592,6000,0.932
discovery,joint_wild_cluster_rademacher,8,2.0,0.0,5,minimum_effect_pass,5592,6000,0.932
discovery,joint_wild_cluster_rademacher,8,2.0,0.0,6,cluster_uncertainty_pass,2649,6000,0.4415
discovery,joint_wild_cluster_rademacher,8,2.0,0.0,7,raw_statistical_threshold_pass,2049,6000,0.3415
discovery,joint_wild_cluster_rademacher,8,2.0,0.0,8,multiplicity_adjusted_threshold_pass,2049,6000,0.3415
discovery,joint_wild_cluster_rademacher,8,2.0,0.0,9,control_adjusted_contrast_pass,2049,6000,0.3415
discovery,joint_wild_cluster_rademacher,8,2.0,0.0,10,control_specificity_pass,2049,6000,0.3415
discovery,joint_wild_cluster_rademacher,8,2.0,0.25,1,support_available_pass,6000,6000,1.0
discovery,joint_wild_cluster_rademacher,8,2.0,0.25,2,complement_admissible_pass,5996,6000,0.9993333333333333
discovery,joint_wild_cluster_rademacher,8,2.0,0.25,3,effect_direction_reproduced_pass,5622,6000,0.937
discovery,joint_wild_cluster_rademacher,8,2.0,0.25,4,target_contrast_positive_pass,5622,6000,0.937
discovery,joint_wild_cluster_rademacher,8,2.0,0.25,5,minimum_effect_pass,5622,6000,0.937
discovery,joint_wild_cluster_rademacher,8,2.0,0.25,6,cluster_uncertainty_pass,2630,6000,0.43833333333333335
discovery,joint_wild_cluster_rademacher,8,2.0,0.25,7,raw_statistical_threshold_pass,2032,6000,0.33866666666666667
discovery,joint_wild_cluster_rademacher,8,2.0,0.25,8,multiplicity_adjusted_threshold_pass,2032,6000,0.33866666666666667
discovery,joint_wild_cluster_rademacher,8,2.0,0.25,9,control_adjusted_contrast_pass,2032,6000,0.33866666666666667
discovery,joint_wild_cluster_rademacher,8,2.0,0.25,10,control_specificity_pass,2032,6000,0.33866666666666667
discovery,joint_wild_cluster_rademacher,8,2.0,0.5,1,support_available_pass,6000,6000,1.0
discovery,joint_wild_cluster_rademacher,8,2.0,0.5,2,complement_admissible_pass,5998,6000,0.9996666666666667
discovery,joint_wild_cluster_rademacher,8,2.0,0.5,3,effect_direction_reproduced_pass,5594,6000,0.9323333333333333
discovery,joint_wild_cluster_rademacher,8,2.0,0.5,4,target_contrast_positive_pass,5594,6000,0.9323333333333333
discovery,joint_wild_cluster_rademacher,8,2.0,0.5,5,minimum_effect_pass,5594,6000,0.9323333333333333
discovery,joint_wild_cluster_rademacher,8,2.0,0.5,6,cluster_uncertainty_pass,2629,6000,0.43816666666666665
discovery,joint_wild_cluster_rademacher,8,2.0,0.5,7,raw_statistical_threshold_pass,2053,6000,0.3421666666666667
discovery,joint_wild_cluster_rademacher,8,2.0,0.5,8,multiplicity_adjusted_threshold_pass,2053,6000,0.3421666666666667
discovery,joint_wild_cluster_rademacher,8,2.0,0.5,9,control_adjusted_contrast_pass,1989,6000,0.3315
discovery,joint_wild_cluster_rademacher,8,2.0,0.5,10,control_specificity_pass,1989,6000,0.3315
discovery,joint_wild_cluster_rademacher,8,2.0,1.0,1,support_available_pass,6000,6000,1.0
discovery,joint_wild_cluster_rademacher,8,2.0,1.0,2,complement_admissible_pass,5996,6000,0.9993333333333333
discovery,joint_wild_cluster_rademacher,8,2.0,1.0,3,effect_direction_reproduced_pass,5592,6000,0.932
discovery,joint_wild_cluster_rademacher,8,2.0,1.0,4,target_contrast_positive_pass,5592,6000,0.932
discovery,joint_wild_cluster_rademacher,8,2.0,1.0,5,minimum_effect_pass,5592,6000,0.932
discovery,joint_wild_cluster_rademacher,8,2.0,1.0,6,cluster_uncertainty_pass,2628,6000,0.438
discovery,joint_wild_cluster_rademacher,8,2.0,1.0,7,raw_statistical_threshold_pass,2045,6000,0.3408333333333333
discovery,joint_wild_cluster_rademacher,8,2.0,1.0,8,multiplicity_adjusted_threshold_pass,2045,6000,0.3408333333333333
discovery,joint_wild_cluster_rademacher,8,2.0,1.0,9,control_adjusted_contrast_pass,620,6000,0.10333333333333333
discovery,joint_wild_cluster_rademacher,8,2.0,1.0,10,control_specificity_pass,620,6000,0.10333333333333333
discovery,joint_wild_cluster_rademacher,10,0.0,0.0,1,support_available_pass,6000,6000,1.0
discovery,joint_wild_cluster_rademacher,10,0.0,0.0,2,complement_admissible_pass,6000,6000,1.0
discovery,joint_wild_cluster_rademacher,10,0.0,0.0,3,effect_direction_reproduced_pass,0,6000,0.0
discovery,joint_wild_cluster_rademacher,10,0.0,0.0,4,target_contrast_positive_pass,0,6000,0.0
discovery,joint_wild_cluster_rademacher,10,0.0,0.0,5,minimum_effect_pass,0,6000,0.0
discovery,joint_wild_cluster_rademacher,10,0.0,0.0,6,cluster_uncertainty_pass,0,6000,0.0
discovery,joint_wild_cluster_rademacher,10,0.0,0.0,7,raw_statistical_threshold_pass,0,6000,0.0
discovery,joint_wild_cluster_rademacher,10,0.0,0.0,8,multiplicity_adjusted_threshold_pass,0,6000,0.0
discovery,joint_wild_cluster_rademacher,10,0.0,0.0,9,control_adjusted_contrast_pass,0,6000,0.0
discovery,joint_wild_cluster_rademacher,10,0.0,0.0,10,control_specificity_pass,0,6000,0.0
discovery,joint_wild_cluster_rademacher,10,0.25,0.0,1,support_available_pass,6000,6000,1.0
discovery,joint_wild_cluster_rademacher,10,0.25,0.0,2,complement_admissible_pass,5999,6000,0.9998333333333334
discovery,joint_wild_cluster_rademacher,10,0.25,0.0,3,effect_direction_reproduced_pass,5750,6000,0.9583333333333334
discovery,joint_wild_cluster_rademacher,10,0.25,0.0,4,target_contrast_positive_pass,5750,6000,0.9583333333333334
discovery,joint_wild_cluster_rademacher,10,0.25,0.0,5,minimum_effect_pass,4997,6000,0.8328333333333333
discovery,joint_wild_cluster_rademacher,10,0.25,0.0,6,cluster_uncertainty_pass,1985,6000,0.3308333333333333
discovery,joint_wild_cluster_rademacher,10,0.25,0.0,7,raw_statistical_threshold_pass,1296,6000,0.216
discovery,joint_wild_cluster_rademacher,10,0.25,0.0,8,multiplicity_adjusted_threshold_pass,1296,6000,0.216
discovery,joint_wild_cluster_rademacher,10,0.25,0.0,9,control_adjusted_contrast_pass,1296,6000,0.216
discovery,joint_wild_cluster_rademacher,10,0.25,0.0,10,control_specificity_pass,1296,6000,0.216
discovery,joint_wild_cluster_rademacher,10,0.25,0.25,1,support_available_pass,6000,6000,1.0
discovery,joint_wild_cluster_rademacher,10,0.25,0.25,2,complement_admissible_pass,6000,6000,1.0
discovery,joint_wild_cluster_rademacher,10,0.25,0.25,3,effect_direction_reproduced_pass,5754,6000,0.959
discovery,joint_wild_cluster_rademacher,10,0.25,0.25,4,target_contrast_positive_pass,5754,6000,0.959
discovery,joint_wild_cluster_rademacher,10,0.25,0.25,5,minimum_effect_pass,4996,6000,0.8326666666666667
discovery,joint_wild_cluster_rademacher,10,0.25,0.25,6,cluster_uncertainty_pass,2004,6000,0.334
discovery,joint_wild_cluster_rademacher,10,0.25,0.25,7,raw_statistical_threshold_pass,1327,6000,0.22116666666666668
discovery,joint_wild_cluster_rademacher,10,0.25,0.25,8,multiplicity_adjusted_threshold_pass,1327,6000,0.22116666666666668
discovery,joint_wild_cluster_rademacher,10,0.25,0.25,9,control_adjusted_contrast_pass,1310,6000,0.21833333333333332
discovery,joint_wild_cluster_rademacher,10,0.25,0.25,10,control_specificity_pass,1310,6000,0.21833333333333332
discovery,joint_wild_cluster_rademacher,10,0.25,0.5,1,support_available_pass,6000,6000,1.0
discovery,joint_wild_cluster_rademacher,10,0.25,0.5,2,complement_admissible_pass,6000,6000,1.0
discovery,joint_wild_cluster_rademacher,10,0.25,0.5,3,effect_direction_reproduced_pass,5740,6000,0.9566666666666667
discovery,joint_wild_cluster_rademacher,10,0.25,0.5,4,target_contrast_positive_pass,5740,6000,0.9566666666666667
discovery,joint_wild_cluster_rademacher,10,0.25,0.5,5,minimum_effect_pass,4998,6000,0.833
discovery,joint_wild_cluster_rademacher,10,0.25,0.5,6,cluster_uncertainty_pass,2008,6000,0.33466666666666667
discovery,joint_wild_cluster_rademacher,10,0.25,0.5,7,raw_statistical_threshold_pass,1281,6000,0.2135
discovery,joint_wild_cluster_rademacher,10,0.25,0.5,8,multiplicity_adjusted_threshold_pass,1281,6000,0.2135
discovery,joint_wild_cluster_rademacher,10,0.25,0.5,9,control_adjusted_contrast_pass,1070,6000,0.17833333333333334
discovery,joint_wild_cluster_rademacher,10,0.25,0.5,10,control_specificity_pass,1070,6000,0.17833333333333334
discovery,joint_wild_cluster_rademacher,10,0.25,1.0,1,support_available_pass,6000,6000,1.0
discovery,joint_wild_cluster_rademacher,10,0.25,1.0,2,complement_admissible_pass,6000,6000,1.0
discovery,joint_wild_cluster_rademacher,10,0.25,1.0,3,effect_direction_reproduced_pass,5748,6000,0.958
discovery,joint_wild_cluster_rademacher,10,0.25,1.0,4,target_contrast_positive_pass,5748,6000,0.958
discovery,joint_wild_cluster_rademacher,10,0.25,1.0,5,minimum_effect_pass,5050,6000,0.8416666666666667
discovery,joint_wild_cluster_rademacher,10,0.25,1.0,6,cluster_uncertainty_pass,2015,6000,0.3358333333333333
discovery,joint_wild_cluster_rademacher,10,0.25,1.0,7,raw_statistical_threshold_pass,1289,6000,0.21483333333333332
discovery,joint_wild_cluster_rademacher,10,0.25,1.0,8,multiplicity_adjusted_threshold_pass,1289,6000,0.21483333333333332
discovery,joint_wild_cluster_rademacher,10,0.25,1.0,9,control_adjusted_contrast_pass,459,6000,0.0765
discovery,joint_wild_cluster_rademacher,10,0.25,1.0,10,control_specificity_pass,459,6000,0.0765
discovery,joint_wild_cluster_rademacher,10,0.5,0.0,1,support_available_pass,6000,6000,1.0
discovery,joint_wild_cluster_rademacher,10,0.5,0.0,2,complement_admissible_pass,5999,6000,0.9998333333333334
discovery,joint_wild_cluster_rademacher,10,0.5,0.0,3,effect_direction_reproduced_pass,5793,6000,0.9655
discovery,joint_wild_cluster_rademacher,10,0.5,0.0,4,target_contrast_positive_pass,5793,6000,0.9655
discovery,joint_wild_cluster_rademacher,10,0.5,0.0,5,minimum_effect_pass,5777,6000,0.9628333333333333
discovery,joint_wild_cluster_rademacher,10,0.5,0.0,6,cluster_uncertainty_pass,2632,6000,0.43866666666666665
discovery,joint_wild_cluster_rademacher,10,0.5,0.0,7,raw_statistical_threshold_pass,1972,6000,0.32866666666666666
discovery,joint_wild_cluster_rademacher,10,0.5,0.0,8,multiplicity_adjusted_threshold_pass,1972,6000,0.32866666666666666
discovery,joint_wild_cluster_rademacher,10,0.5,0.0,9,control_adjusted_contrast_pass,1972,6000,0.32866666666666666
discovery,joint_wild_cluster_rademacher,10,0.5,0.0,10,control_specificity_pass,1972,6000,0.32866666666666666
discovery,joint_wild_cluster_rademacher,10,0.5,0.25,1,support_available_pass,6000,6000,1.0
discovery,joint_wild_cluster_rademacher,10,0.5,0.25,2,complement_admissible_pass,6000,6000,1.0
discovery,joint_wild_cluster_rademacher,10,0.5,0.25,3,effect_direction_reproduced_pass,5757,6000,0.9595
discovery,joint_wild_cluster_rademacher,10,0.5,0.25,4,target_contrast_positive_pass,5757,6000,0.9595
discovery,joint_wild_cluster_rademacher,10,0.5,0.25,5,minimum_effect_pass,5737,6000,0.9561666666666667
discovery,joint_wild_cluster_rademacher,10,0.5,0.25,6,cluster_uncertainty_pass,2640,6000,0.44
discovery,joint_wild_cluster_rademacher,10,0.5,0.25,7,raw_statistical_threshold_pass,1965,6000,0.3275
discovery,joint_wild_cluster_rademacher,10,0.5,0.25,8,multiplicity_adjusted_threshold_pass,1965,6000,0.3275
discovery,joint_wild_cluster_rademacher,10,0.5,0.25,9,control_adjusted_contrast_pass,1947,6000,0.3245
discovery,joint_wild_cluster_rademacher,10,0.5,0.25,10,control_specificity_pass,1947,6000,0.3245
discovery,joint_wild_cluster_rademacher,10,0.5,0.5,1,support_available_pass,6000,6000,1.0
discovery,joint_wild_cluster_rademacher,10,0.5,0.5,2,complement_admissible_pass,5999,6000,0.9998333333333334
discovery,joint_wild_cluster_rademacher,10,0.5,0.5,3,effect_direction_reproduced_pass,5744,6000,0.9573333333333334
discovery,joint_wild_cluster_rademacher,10,0.5,0.5,4,target_contrast_positive_pass,5744,6000,0.9573333333333334
discovery,joint_wild_cluster_rademacher,10,0.5,0.5,5,minimum_effect_pass,5721,6000,0.9535
discovery,joint_wild_cluster_rademacher,10,0.5,0.5,6,cluster_uncertainty_pass,2601,6000,0.4335
discovery,joint_wild_cluster_rademacher,10,0.5,0.5,7,raw_statistical_threshold_pass,1966,6000,0.32766666666666666
discovery,joint_wild_cluster_rademacher,10,0.5,0.5,8,multiplicity_adjusted_threshold_pass,1966,6000,0.32766666666666666
discovery,joint_wild_cluster_rademacher,10,0.5,0.5,9,control_adjusted_contrast_pass,1764,6000,0.294
discovery,joint_wild_cluster_rademacher,10,0.5,0.5,10,control_specificity_pass,1764,6000,0.294
discovery,joint_wild_cluster_rademacher,10,0.5,1.0,1,support_available_pass,6000,6000,1.0
discovery,joint_wild_cluster_rademacher,10,0.5,1.0,2,complement_admissible_pass,6000,6000,1.0
discovery,joint_wild_cluster_rademacher,10,0.5,1.0,3,effect_direction_reproduced_pass,5796,6000,0.966
discovery,joint_wild_cluster_rademacher,10,0.5,1.0,4,target_contrast_positive_pass,5796,6000,0.966
discovery,joint_wild_cluster_rademacher,10,0.5,1.0,5,minimum_effect_pass,5775,6000,0.9625
discovery,joint_wild_cluster_rademacher,10,0.5,1.0,6,cluster_uncertainty_pass,2660,6000,0.44333333333333336
discovery,joint_wild_cluster_rademacher,10,0.5,1.0,7,raw_statistical_threshold_pass,2015,6000,0.3358333333333333
discovery,joint_wild_cluster_rademacher,10,0.5,1.0,8,multiplicity_adjusted_threshold_pass,2015,6000,0.3358333333333333
discovery,joint_wild_cluster_rademacher,10,0.5,1.0,9,control_adjusted_contrast_pass,640,6000,0.10666666666666667
discovery,joint_wild_cluster_rademacher,10,0.5,1.0,10,control_specificity_pass,640,6000,0.10666666666666667
discovery,joint_wild_cluster_rademacher,10,0.75,0.0,1,support_available_pass,6000,6000,1.0
discovery,joint_wild_cluster_rademacher,10,0.75,0.0,2,complement_admissible_pass,5998,6000,0.9996666666666667
discovery,joint_wild_cluster_rademacher,10,0.75,0.0,3,effect_direction_reproduced_pass,5765,6000,0.9608333333333333
discovery,joint_wild_cluster_rademacher,10,0.75,0.0,4,target_contrast_positive_pass,5765,6000,0.9608333333333333
discovery,joint_wild_cluster_rademacher,10,0.75,0.0,5,minimum_effect_pass,5764,6000,0.9606666666666667
discovery,joint_wild_cluster_rademacher,10,0.75,0.0,6,cluster_uncertainty_pass,2712,6000,0.452
discovery,joint_wild_cluster_rademacher,10,0.75,0.0,7,raw_statistical_threshold_pass,2157,6000,0.3595
discovery,joint_wild_cluster_rademacher,10,0.75,0.0,8,multiplicity_adjusted_threshold_pass,2157,6000,0.3595
discovery,joint_wild_cluster_rademacher,10,0.75,0.0,9,control_adjusted_contrast_pass,2157,6000,0.3595
discovery,joint_wild_cluster_rademacher,10,0.75,0.0,10,control_specificity_pass,2157,6000,0.3595
discovery,joint_wild_cluster_rademacher,10,0.75,0.25,1,support_available_pass,6000,6000,1.0
discovery,joint_wild_cluster_rademacher,10,0.75,0.25,2,complement_admissible_pass,6000,6000,1.0
discovery,joint_wild_cluster_rademacher,10,0.75,0.25,3,effect_direction_reproduced_pass,5788,6000,0.9646666666666667
discovery,joint_wild_cluster_rademacher,10,0.75,0.25,4,target_contrast_positive_pass,5788,6000,0.9646666666666667
discovery,joint_wild_cluster_rademacher,10,0.75,0.25,5,minimum_effect_pass,5788,6000,0.9646666666666667
discovery,joint_wild_cluster_rademacher,10,0.75,0.25,6,cluster_uncertainty_pass,2723,6000,0.4538333333333333
discovery,joint_wild_cluster_rademacher,10,0.75,0.25,7,raw_statistical_threshold_pass,2148,6000,0.358
discovery,joint_wild_cluster_rademacher,10,0.75,0.25,8,multiplicity_adjusted_threshold_pass,2148,6000,0.358
discovery,joint_wild_cluster_rademacher,10,0.75,0.25,9,control_adjusted_contrast_pass,2143,6000,0.3571666666666667
discovery,joint_wild_cluster_rademacher,10,0.75,0.25,10,control_specificity_pass,2143,6000,0.3571666666666667
discovery,joint_wild_cluster_rademacher,10,0.75,0.5,1,support_available_pass,6000,6000,1.0
discovery,joint_wild_cluster_rademacher,10,0.75,0.5,2,complement_admissible_pass,6000,6000,1.0
discovery,joint_wild_cluster_rademacher,10,0.75,0.5,3,effect_direction_reproduced_pass,5777,6000,0.9628333333333333
discovery,joint_wild_cluster_rademacher,10,0.75,0.5,4,target_contrast_positive_pass,5777,6000,0.9628333333333333
discovery,joint_wild_cluster_rademacher,10,0.75,0.5,5,minimum_effect_pass,5774,6000,0.9623333333333334
discovery,joint_wild_cluster_rademacher,10,0.75,0.5,6,cluster_uncertainty_pass,2718,6000,0.453
discovery,joint_wild_cluster_rademacher,10,0.75,0.5,7,raw_statistical_threshold_pass,2144,6000,0.35733333333333334
discovery,joint_wild_cluster_rademacher,10,0.75,0.5,8,multiplicity_adjusted_threshold_pass,2144,6000,0.35733333333333334
discovery,joint_wild_cluster_rademacher,10,0.75,0.5,9,control_adjusted_contrast_pass,1979,6000,0.3298333333333333
discovery,joint_wild_cluster_rademacher,10,0.75,0.5,10,control_specificity_pass,1979,6000,0.3298333333333333
discovery,joint_wild_cluster_rademacher,10,0.75,1.0,1,support_available_pass,6000,6000,1.0
discovery,joint_wild_cluster_rademacher,10,0.75,1.0,2,complement_admissible_pass,6000,6000,1.0
discovery,joint_wild_cluster_rademacher,10,0.75,1.0,3,effect_direction_reproduced_pass,5751,6000,0.9585
discovery,joint_wild_cluster_rademacher,10,0.75,1.0,4,target_contrast_positive_pass,5751,6000,0.9585
discovery,joint_wild_cluster_rademacher,10,0.75,1.0,5,minimum_effect_pass,5749,6000,0.9581666666666667
discovery,joint_wild_cluster_rademacher,10,0.75,1.0,6,cluster_uncertainty_pass,2716,6000,0.45266666666666666
discovery,joint_wild_cluster_rademacher,10,0.75,1.0,7,raw_statistical_threshold_pass,2180,6000,0.36333333333333334
discovery,joint_wild_cluster_rademacher,10,0.75,1.0,8,multiplicity_adjusted_threshold_pass,2180,6000,0.36333333333333334
discovery,joint_wild_cluster_rademacher,10,0.75,1.0,9,control_adjusted_contrast_pass,671,6000,0.11183333333333334
discovery,joint_wild_cluster_rademacher,10,0.75,1.0,10,control_specificity_pass,671,6000,0.11183333333333334
discovery,joint_wild_cluster_rademacher,10,1.0,0.0,1,support_available_pass,6000,6000,1.0
discovery,joint_wild_cluster_rademacher,10,1.0,0.0,2,complement_admissible_pass,6000,6000,1.0
discovery,joint_wild_cluster_rademacher,10,1.0,0.0,3,effect_direction_reproduced_pass,5777,6000,0.9628333333333333
discovery,joint_wild_cluster_rademacher,10,1.0,0.0,4,target_contrast_positive_pass,5777,6000,0.9628333333333333
discovery,joint_wild_cluster_rademacher,10,1.0,0.0,5,minimum_effect_pass,5777,6000,0.9628333333333333
discovery,joint_wild_cluster_rademacher,10,1.0,0.0,6,cluster_uncertainty_pass,2730,6000,0.455
discovery,joint_wild_cluster_rademacher,10,1.0,0.0,7,raw_statistical_threshold_pass,2187,6000,0.3645
discovery,joint_wild_cluster_rademacher,10,1.0,0.0,8,multiplicity_adjusted_threshold_pass,2187,6000,0.3645
discovery,joint_wild_cluster_rademacher,10,1.0,0.0,9,control_adjusted_contrast_pass,2187,6000,0.3645
discovery,joint_wild_cluster_rademacher,10,1.0,0.0,10,control_specificity_pass,2187,6000,0.3645
discovery,joint_wild_cluster_rademacher,10,1.0,0.25,1,support_available_pass,6000,6000,1.0
discovery,joint_wild_cluster_rademacher,10,1.0,0.25,2,complement_admissible_pass,6000,6000,1.0
discovery,joint_wild_cluster_rademacher,10,1.0,0.25,3,effect_direction_reproduced_pass,5790,6000,0.965
discovery,joint_wild_cluster_rademacher,10,1.0,0.25,4,target_contrast_positive_pass,5790,6000,0.965
discovery,joint_wild_cluster_rademacher,10,1.0,0.25,5,minimum_effect_pass,5790,6000,0.965
discovery,joint_wild_cluster_rademacher,10,1.0,0.25,6,cluster_uncertainty_pass,2753,6000,0.4588333333333333
discovery,joint_wild_cluster_rademacher,10,1.0,0.25,7,raw_statistical_threshold_pass,2201,6000,0.36683333333333334
discovery,joint_wild_cluster_rademacher,10,1.0,0.25,8,multiplicity_adjusted_threshold_pass,2201,6000,0.36683333333333334
discovery,joint_wild_cluster_rademacher,10,1.0,0.25,9,control_adjusted_contrast_pass,2199,6000,0.3665
discovery,joint_wild_cluster_rademacher,10,1.0,0.25,10,control_specificity_pass,2199,6000,0.3665
discovery,joint_wild_cluster_rademacher,10,1.0,0.5,1,support_available_pass,6000,6000,1.0
discovery,joint_wild_cluster_rademacher,10,1.0,0.5,2,complement_admissible_pass,6000,6000,1.0
discovery,joint_wild_cluster_rademacher,10,1.0,0.5,3,effect_direction_reproduced_pass,5776,6000,0.9626666666666667
discovery,joint_wild_cluster_rademacher,10,1.0,0.5,4,target_contrast_positive_pass,5776,6000,0.9626666666666667
discovery,joint_wild_cluster_rademacher,10,1.0,0.5,5,minimum_effect_pass,5776,6000,0.9626666666666667
discovery,joint_wild_cluster_rademacher,10,1.0,0.5,6,cluster_uncertainty_pass,2758,6000,0.45966666666666667
discovery,joint_wild_cluster_rademacher,10,1.0,0.5,7,raw_statistical_threshold_pass,2187,6000,0.3645
discovery,joint_wild_cluster_rademacher,10,1.0,0.5,8,multiplicity_adjusted_threshold_pass,2187,6000,0.3645
discovery,joint_wild_cluster_rademacher,10,1.0,0.5,9,control_adjusted_contrast_pass,2076,6000,0.346
discovery,joint_wild_cluster_rademacher,10,1.0,0.5,10,control_specificity_pass,2076,6000,0.346
discovery,joint_wild_cluster_rademacher,10,1.0,1.0,1,support_available_pass,6000,6000,1.0
discovery,joint_wild_cluster_rademacher,10,1.0,1.0,2,complement_admissible_pass,5999,6000,0.9998333333333334
discovery,joint_wild_cluster_rademacher,10,1.0,1.0,3,effect_direction_reproduced_pass,5791,6000,0.9651666666666666
discovery,joint_wild_cluster_rademacher,10,1.0,1.0,4,target_contrast_positive_pass,5791,6000,0.9651666666666666
discovery,joint_wild_cluster_rademacher,10,1.0,1.0,5,minimum_effect_pass,5791,6000,0.9651666666666666
discovery,joint_wild_cluster_rademacher,10,1.0,1.0,6,cluster_uncertainty_pass,2744,6000,0.4573333333333333
discovery,joint_wild_cluster_rademacher,10,1.0,1.0,7,raw_statistical_threshold_pass,2202,6000,0.367
discovery,joint_wild_cluster_rademacher,10,1.0,1.0,8,multiplicity_adjusted_threshold_pass,2202,6000,0.367
discovery,joint_wild_cluster_rademacher,10,1.0,1.0,9,control_adjusted_contrast_pass,640,6000,0.10666666666666667
discovery,joint_wild_cluster_rademacher,10,1.0,1.0,10,control_specificity_pass,640,6000,0.10666666666666667
discovery,joint_wild_cluster_rademacher,10,1.5,0.0,1,support_available_pass,6000,6000,1.0
discovery,joint_wild_cluster_rademacher,10,1.5,0.0,2,complement_admissible_pass,5999,6000,0.9998333333333334
discovery,joint_wild_cluster_rademacher,10,1.5,0.0,3,effect_direction_reproduced_pass,5782,6000,0.9636666666666667
discovery,joint_wild_cluster_rademacher,10,1.5,0.0,4,target_contrast_positive_pass,5782,6000,0.9636666666666667
discovery,joint_wild_cluster_rademacher,10,1.5,0.0,5,minimum_effect_pass,5782,6000,0.9636666666666667
discovery,joint_wild_cluster_rademacher,10,1.5,0.0,6,cluster_uncertainty_pass,2739,6000,0.4565
discovery,joint_wild_cluster_rademacher,10,1.5,0.0,7,raw_statistical_threshold_pass,2230,6000,0.37166666666666665
discovery,joint_wild_cluster_rademacher,10,1.5,0.0,8,multiplicity_adjusted_threshold_pass,2230,6000,0.37166666666666665
discovery,joint_wild_cluster_rademacher,10,1.5,0.0,9,control_adjusted_contrast_pass,2230,6000,0.37166666666666665
discovery,joint_wild_cluster_rademacher,10,1.5,0.0,10,control_specificity_pass,2230,6000,0.37166666666666665
discovery,joint_wild_cluster_rademacher,10,1.5,0.25,1,support_available_pass,6000,6000,1.0
discovery,joint_wild_cluster_rademacher,10,1.5,0.25,2,complement_admissible_pass,6000,6000,1.0
discovery,joint_wild_cluster_rademacher,10,1.5,0.25,3,effect_direction_reproduced_pass,5791,6000,0.9651666666666666
discovery,joint_wild_cluster_rademacher,10,1.5,0.25,4,target_contrast_positive_pass,5791,6000,0.9651666666666666
discovery,joint_wild_cluster_rademacher,10,1.5,0.25,5,minimum_effect_pass,5791,6000,0.9651666666666666
discovery,joint_wild_cluster_rademacher,10,1.5,0.25,6,cluster_uncertainty_pass,2763,6000,0.4605
discovery,joint_wild_cluster_rademacher,10,1.5,0.25,7,raw_statistical_threshold_pass,2203,6000,0.36716666666666664
discovery,joint_wild_cluster_rademacher,10,1.5,0.25,8,multiplicity_adjusted_threshold_pass,2203,6000,0.36716666666666664
discovery,joint_wild_cluster_rademacher,10,1.5,0.25,9,control_adjusted_contrast_pass,2203,6000,0.36716666666666664
discovery,joint_wild_cluster_rademacher,10,1.5,0.25,10,control_specificity_pass,2203,6000,0.36716666666666664
discovery,joint_wild_cluster_rademacher,10,1.5,0.5,1,support_available_pass,6000,6000,1.0
discovery,joint_wild_cluster_rademacher,10,1.5,0.5,2,complement_admissible_pass,6000,6000,1.0
discovery,joint_wild_cluster_rademacher,10,1.5,0.5,3,effect_direction_reproduced_pass,5761,6000,0.9601666666666666
discovery,joint_wild_cluster_rademacher,10,1.5,0.5,4,target_contrast_positive_pass,5761,6000,0.9601666666666666
discovery,joint_wild_cluster_rademacher,10,1.5,0.5,5,minimum_effect_pass,5761,6000,0.9601666666666666
discovery,joint_wild_cluster_rademacher,10,1.5,0.5,6,cluster_uncertainty_pass,2743,6000,0.45716666666666667
discovery,joint_wild_cluster_rademacher,10,1.5,0.5,7,raw_statistical_threshold_pass,2197,6000,0.36616666666666664
discovery,joint_wild_cluster_rademacher,10,1.5,0.5,8,multiplicity_adjusted_threshold_pass,2197,6000,0.36616666666666664
discovery,joint_wild_cluster_rademacher,10,1.5,0.5,9,control_adjusted_contrast_pass,2134,6000,0.3556666666666667
discovery,joint_wild_cluster_rademacher,10,1.5,0.5,10,control_specificity_pass,2134,6000,0.3556666666666667
discovery,joint_wild_cluster_rademacher,10,1.5,1.0,1,support_available_pass,6000,6000,1.0
discovery,joint_wild_cluster_rademacher,10,1.5,1.0,2,complement_admissible_pass,5998,6000,0.9996666666666667
discovery,joint_wild_cluster_rademacher,10,1.5,1.0,3,effect_direction_reproduced_pass,5769,6000,0.9615
discovery,joint_wild_cluster_rademacher,10,1.5,1.0,4,target_contrast_positive_pass,5769,6000,0.9615
discovery,joint_wild_cluster_rademacher,10,1.5,1.0,5,minimum_effect_pass,5769,6000,0.9615
discovery,joint_wild_cluster_rademacher,10,1.5,1.0,6,cluster_uncertainty_pass,2734,6000,0.45566666666666666
discovery,joint_wild_cluster_rademacher,10,1.5,1.0,7,raw_statistical_threshold_pass,2191,6000,0.36516666666666664
discovery,joint_wild_cluster_rademacher,10,1.5,1.0,8,multiplicity_adjusted_threshold_pass,2191,6000,0.36516666666666664
discovery,joint_wild_cluster_rademacher,10,1.5,1.0,9,control_adjusted_contrast_pass,679,6000,0.11316666666666667
discovery,joint_wild_cluster_rademacher,10,1.5,1.0,10,control_specificity_pass,679,6000,0.11316666666666667
discovery,joint_wild_cluster_rademacher,10,2.0,0.0,1,support_available_pass,6000,6000,1.0
discovery,joint_wild_cluster_rademacher,10,2.0,0.0,2,complement_admissible_pass,6000,6000,1.0
discovery,joint_wild_cluster_rademacher,10,2.0,0.0,3,effect_direction_reproduced_pass,5774,6000,0.9623333333333334
discovery,joint_wild_cluster_rademacher,10,2.0,0.0,4,target_contrast_positive_pass,5774,6000,0.9623333333333334
discovery,joint_wild_cluster_rademacher,10,2.0,0.0,5,minimum_effect_pass,5774,6000,0.9623333333333334
discovery,joint_wild_cluster_rademacher,10,2.0,0.0,6,cluster_uncertainty_pass,2783,6000,0.4638333333333333
discovery,joint_wild_cluster_rademacher,10,2.0,0.0,7,raw_statistical_threshold_pass,2222,6000,0.37033333333333335
discovery,joint_wild_cluster_rademacher,10,2.0,0.0,8,multiplicity_adjusted_threshold_pass,2222,6000,0.37033333333333335
discovery,joint_wild_cluster_rademacher,10,2.0,0.0,9,control_adjusted_contrast_pass,2222,6000,0.37033333333333335
discovery,joint_wild_cluster_rademacher,10,2.0,0.0,10,control_specificity_pass,2222,6000,0.37033333333333335
discovery,joint_wild_cluster_rademacher,10,2.0,0.25,1,support_available_pass,6000,6000,1.0
discovery,joint_wild_cluster_rademacher,10,2.0,0.25,2,complement_admissible_pass,6000,6000,1.0
discovery,joint_wild_cluster_rademacher,10,2.0,0.25,3,effect_direction_reproduced_pass,5781,6000,0.9635
discovery,joint_wild_cluster_rademacher,10,2.0,0.25,4,target_contrast_positive_pass,5781,6000,0.9635
discovery,joint_wild_cluster_rademacher,10,2.0,0.25,5,minimum_effect_pass,5781,6000,0.9635
discovery,joint_wild_cluster_rademacher,10,2.0,0.25,6,cluster_uncertainty_pass,2750,6000,0.4583333333333333
discovery,joint_wild_cluster_rademacher,10,2.0,0.25,7,raw_statistical_threshold_pass,2214,6000,0.369
discovery,joint_wild_cluster_rademacher,10,2.0,0.25,8,multiplicity_adjusted_threshold_pass,2214,6000,0.369
discovery,joint_wild_cluster_rademacher,10,2.0,0.25,9,control_adjusted_contrast_pass,2214,6000,0.369
discovery,joint_wild_cluster_rademacher,10,2.0,0.25,10,control_specificity_pass,2214,6000,0.369
discovery,joint_wild_cluster_rademacher,10,2.0,0.5,1,support_available_pass,6000,6000,1.0
discovery,joint_wild_cluster_rademacher,10,2.0,0.5,2,complement_admissible_pass,6000,6000,1.0
discovery,joint_wild_cluster_rademacher,10,2.0,0.5,3,effect_direction_reproduced_pass,5778,6000,0.963
discovery,joint_wild_cluster_rademacher,10,2.0,0.5,4,target_contrast_positive_pass,5778,6000,0.963
discovery,joint_wild_cluster_rademacher,10,2.0,0.5,5,minimum_effect_pass,5778,6000,0.963
discovery,joint_wild_cluster_rademacher,10,2.0,0.5,6,cluster_uncertainty_pass,2755,6000,0.45916666666666667
discovery,joint_wild_cluster_rademacher,10,2.0,0.5,7,raw_statistical_threshold_pass,2230,6000,0.37166666666666665
discovery,joint_wild_cluster_rademacher,10,2.0,0.5,8,multiplicity_adjusted_threshold_pass,2230,6000,0.37166666666666665
discovery,joint_wild_cluster_rademacher,10,2.0,0.5,9,control_adjusted_contrast_pass,2185,6000,0.3641666666666667
discovery,joint_wild_cluster_rademacher,10,2.0,0.5,10,control_specificity_pass,2185,6000,0.3641666666666667
discovery,joint_wild_cluster_rademacher,10,2.0,1.0,1,support_available_pass,6000,6000,1.0
discovery,joint_wild_cluster_rademacher,10,2.0,1.0,2,complement_admissible_pass,6000,6000,1.0
discovery,joint_wild_cluster_rademacher,10,2.0,1.0,3,effect_direction_reproduced_pass,5752,6000,0.9586666666666667
discovery,joint_wild_cluster_rademacher,10,2.0,1.0,4,target_contrast_positive_pass,5752,6000,0.9586666666666667
discovery,joint_wild_cluster_rademacher,10,2.0,1.0,5,minimum_effect_pass,5752,6000,0.9586666666666667
discovery,joint_wild_cluster_rademacher,10,2.0,1.0,6,cluster_uncertainty_pass,2759,6000,0.4598333333333333
discovery,joint_wild_cluster_rademacher,10,2.0,1.0,7,raw_statistical_threshold_pass,2231,6000,0.37183333333333335
discovery,joint_wild_cluster_rademacher,10,2.0,1.0,8,multiplicity_adjusted_threshold_pass,2231,6000,0.37183333333333335
discovery,joint_wild_cluster_rademacher,10,2.0,1.0,9,control_adjusted_contrast_pass,629,6000,0.10483333333333333
discovery,joint_wild_cluster_rademacher,10,2.0,1.0,10,control_specificity_pass,629,6000,0.10483333333333333
discovery,joint_wild_cluster_rademacher,12,0.0,0.0,1,support_available_pass,6000,6000,1.0
discovery,joint_wild_cluster_rademacher,12,0.0,0.0,2,complement_admissible_pass,6000,6000,1.0
discovery,joint_wild_cluster_rademacher,12,0.0,0.0,3,effect_direction_reproduced_pass,0,6000,0.0
discovery,joint_wild_cluster_rademacher,12,0.0,0.0,4,target_contrast_positive_pass,0,6000,0.0
discovery,joint_wild_cluster_rademacher,12,0.0,0.0,5,minimum_effect_pass,0,6000,0.0
discovery,joint_wild_cluster_rademacher,12,0.0,0.0,6,cluster_uncertainty_pass,0,6000,0.0
discovery,joint_wild_cluster_rademacher,12,0.0,0.0,7,raw_statistical_threshold_pass,0,6000,0.0
discovery,joint_wild_cluster_rademacher,12,0.0,0.0,8,multiplicity_adjusted_threshold_pass,0,6000,0.0
discovery,joint_wild_cluster_rademacher,12,0.0,0.0,9,control_adjusted_contrast_pass,0,6000,0.0
discovery,joint_wild_cluster_rademacher,12,0.0,0.0,10,control_specificity_pass,0,6000,0.0
discovery,joint_wild_cluster_rademacher,12,0.25,0.0,1,support_available_pass,6000,6000,1.0
discovery,joint_wild_cluster_rademacher,12,0.25,0.0,2,complement_admissible_pass,6000,6000,1.0
discovery,joint_wild_cluster_rademacher,12,0.25,0.0,3,effect_direction_reproduced_pass,5863,6000,0.9771666666666666
discovery,joint_wild_cluster_rademacher,12,0.25,0.0,4,target_contrast_positive_pass,5863,6000,0.9771666666666666
discovery,joint_wild_cluster_rademacher,12,0.25,0.0,5,minimum_effect_pass,5198,6000,0.8663333333333333
discovery,joint_wild_cluster_rademacher,12,0.25,0.0,6,cluster_uncertainty_pass,2182,6000,0.3636666666666667
discovery,joint_wild_cluster_rademacher,12,0.25,0.0,7,raw_statistical_threshold_pass,1592,6000,0.2653333333333333
discovery,joint_wild_cluster_rademacher,12,0.25,0.0,8,multiplicity_adjusted_threshold_pass,1592,6000,0.2653333333333333
discovery,joint_wild_cluster_rademacher,12,0.25,0.0,9,control_adjusted_contrast_pass,1592,6000,0.2653333333333333
discovery,joint_wild_cluster_rademacher,12,0.25,0.0,10,control_specificity_pass,1592,6000,0.2653333333333333
discovery,joint_wild_cluster_rademacher,12,0.25,0.25,1,support_available_pass,6000,6000,1.0
discovery,joint_wild_cluster_rademacher,12,0.25,0.25,2,complement_admissible_pass,6000,6000,1.0
discovery,joint_wild_cluster_rademacher,12,0.25,0.25,3,effect_direction_reproduced_pass,5856,6000,0.976
discovery,joint_wild_cluster_rademacher,12,0.25,0.25,4,target_contrast_positive_pass,5856,6000,0.976
discovery,joint_wild_cluster_rademacher,12,0.25,0.25,5,minimum_effect_pass,5214,6000,0.869
discovery,joint_wild_cluster_rademacher,12,0.25,0.25,6,cluster_uncertainty_pass,2196,6000,0.366
discovery,joint_wild_cluster_rademacher,12,0.25,0.25,7,raw_statistical_threshold_pass,1627,6000,0.27116666666666667
discovery,joint_wild_cluster_rademacher,12,0.25,0.25,8,multiplicity_adjusted_threshold_pass,1627,6000,0.27116666666666667
discovery,joint_wild_cluster_rademacher,12,0.25,0.25,9,control_adjusted_contrast_pass,1602,6000,0.267
discovery,joint_wild_cluster_rademacher,12,0.25,0.25,10,control_specificity_pass,1602,6000,0.267
discovery,joint_wild_cluster_rademacher,12,0.25,0.5,1,support_available_pass,6000,6000,1.0
discovery,joint_wild_cluster_rademacher,12,0.25,0.5,2,complement_admissible_pass,6000,6000,1.0
discovery,joint_wild_cluster_rademacher,12,0.25,0.5,3,effect_direction_reproduced_pass,5842,6000,0.9736666666666667
discovery,joint_wild_cluster_rademacher,12,0.25,0.5,4,target_contrast_positive_pass,5842,6000,0.9736666666666667
discovery,joint_wild_cluster_rademacher,12,0.25,0.5,5,minimum_effect_pass,5196,6000,0.866
discovery,joint_wild_cluster_rademacher,12,0.25,0.5,6,cluster_uncertainty_pass,2192,6000,0.36533333333333334
discovery,joint_wild_cluster_rademacher,12,0.25,0.5,7,raw_statistical_threshold_pass,1574,6000,0.2623333333333333
discovery,joint_wild_cluster_rademacher,12,0.25,0.5,8,multiplicity_adjusted_threshold_pass,1574,6000,0.2623333333333333
discovery,joint_wild_cluster_rademacher,12,0.25,0.5,9,control_adjusted_contrast_pass,1302,6000,0.217
discovery,joint_wild_cluster_rademacher,12,0.25,0.5,10,control_specificity_pass,1302,6000,0.217
discovery,joint_wild_cluster_rademacher,12,0.25,1.0,1,support_available_pass,6000,6000,1.0
discovery,joint_wild_cluster_rademacher,12,0.25,1.0,2,complement_admissible_pass,6000,6000,1.0
discovery,joint_wild_cluster_rademacher,12,0.25,1.0,3,effect_direction_reproduced_pass,5853,6000,0.9755
discovery,joint_wild_cluster_rademacher,12,0.25,1.0,4,target_contrast_positive_pass,5853,6000,0.9755
discovery,joint_wild_cluster_rademacher,12,0.25,1.0,5,minimum_effect_pass,5250,6000,0.875
discovery,joint_wild_cluster_rademacher,12,0.25,1.0,6,cluster_uncertainty_pass,2220,6000,0.37
discovery,joint_wild_cluster_rademacher,12,0.25,1.0,7,raw_statistical_threshold_pass,1601,6000,0.2668333333333333
discovery,joint_wild_cluster_rademacher,12,0.25,1.0,8,multiplicity_adjusted_threshold_pass,1601,6000,0.2668333333333333
discovery,joint_wild_cluster_rademacher,12,0.25,1.0,9,control_adjusted_contrast_pass,510,6000,0.085
discovery,joint_wild_cluster_rademacher,12,0.25,1.0,10,control_specificity_pass,510,6000,0.085
discovery,joint_wild_cluster_rademacher,12,0.5,0.0,1,support_available_pass,6000,6000,1.0
discovery,joint_wild_cluster_rademacher,12,0.5,0.0,2,complement_admissible_pass,6000,6000,1.0
discovery,joint_wild_cluster_rademacher,12,0.5,0.0,3,effect_direction_reproduced_pass,5889,6000,0.9815
discovery,joint_wild_cluster_rademacher,12,0.5,0.0,4,target_contrast_positive_pass,5889,6000,0.9815
discovery,joint_wild_cluster_rademacher,12,0.5,0.0,5,minimum_effect_pass,5882,6000,0.9803333333333333
discovery,joint_wild_cluster_rademacher,12,0.5,0.0,6,cluster_uncertainty_pass,2758,6000,0.45966666666666667
discovery,joint_wild_cluster_rademacher,12,0.5,0.0,7,raw_statistical_threshold_pass,2218,6000,0.36966666666666664
discovery,joint_wild_cluster_rademacher,12,0.5,0.0,8,multiplicity_adjusted_threshold_pass,2218,6000,0.36966666666666664
discovery,joint_wild_cluster_rademacher,12,0.5,0.0,9,control_adjusted_contrast_pass,2218,6000,0.36966666666666664
discovery,joint_wild_cluster_rademacher,12,0.5,0.0,10,control_specificity_pass,2218,6000,0.36966666666666664
discovery,joint_wild_cluster_rademacher,12,0.5,0.25,1,support_available_pass,6000,6000,1.0
discovery,joint_wild_cluster_rademacher,12,0.5,0.25,2,complement_admissible_pass,6000,6000,1.0
discovery,joint_wild_cluster_rademacher,12,0.5,0.25,3,effect_direction_reproduced_pass,5858,6000,0.9763333333333334
discovery,joint_wild_cluster_rademacher,12,0.5,0.25,4,target_contrast_positive_pass,5858,6000,0.9763333333333334
discovery,joint_wild_cluster_rademacher,12,0.5,0.25,5,minimum_effect_pass,5851,6000,0.9751666666666666
discovery,joint_wild_cluster_rademacher,12,0.5,0.25,6,cluster_uncertainty_pass,2768,6000,0.4613333333333333
discovery,joint_wild_cluster_rademacher,12,0.5,0.25,7,raw_statistical_threshold_pass,2193,6000,0.3655
discovery,joint_wild_cluster_rademacher,12,0.5,0.25,8,multiplicity_adjusted_threshold_pass,2193,6000,0.3655
discovery,joint_wild_cluster_rademacher,12,0.5,0.25,9,control_adjusted_contrast_pass,2178,6000,0.363
discovery,joint_wild_cluster_rademacher,12,0.5,0.25,10,control_specificity_pass,2178,6000,0.363
discovery,joint_wild_cluster_rademacher,12,0.5,0.5,1,support_available_pass,6000,6000,1.0
discovery,joint_wild_cluster_rademacher,12,0.5,0.5,2,complement_admissible_pass,6000,6000,1.0
discovery,joint_wild_cluster_rademacher,12,0.5,0.5,3,effect_direction_reproduced_pass,5849,6000,0.9748333333333333
discovery,joint_wild_cluster_rademacher,12,0.5,0.5,4,target_contrast_positive_pass,5849,6000,0.9748333333333333
discovery,joint_wild_cluster_rademacher,12,0.5,0.5,5,minimum_effect_pass,5838,6000,0.973
discovery,joint_wild_cluster_rademacher,12,0.5,0.5,6,cluster_uncertainty_pass,2737,6000,0.45616666666666666
discovery,joint_wild_cluster_rademacher,12,0.5,0.5,7,raw_statistical_threshold_pass,2187,6000,0.3645
discovery,joint_wild_cluster_rademacher,12,0.5,0.5,8,multiplicity_adjusted_threshold_pass,2187,6000,0.3645
discovery,joint_wild_cluster_rademacher,12,0.5,0.5,9,control_adjusted_contrast_pass,1987,6000,0.33116666666666666
discovery,joint_wild_cluster_rademacher,12,0.5,0.5,10,control_specificity_pass,1987,6000,0.33116666666666666
discovery,joint_wild_cluster_rademacher,12,0.5,1.0,1,support_available_pass,6000,6000,1.0
discovery,joint_wild_cluster_rademacher,12,0.5,1.0,2,complement_admissible_pass,6000,6000,1.0
discovery,joint_wild_cluster_rademacher,12,0.5,1.0,3,effect_direction_reproduced_pass,5882,6000,0.9803333333333333
discovery,joint_wild_cluster_rademacher,12,0.5,1.0,4,target_contrast_positive_pass,5882,6000,0.9803333333333333
discovery,joint_wild_cluster_rademacher,12,0.5,1.0,5,minimum_effect_pass,5870,6000,0.9783333333333334
discovery,joint_wild_cluster_rademacher,12,0.5,1.0,6,cluster_uncertainty_pass,2772,6000,0.462
discovery,joint_wild_cluster_rademacher,12,0.5,1.0,7,raw_statistical_threshold_pass,2239,6000,0.37316666666666665
discovery,joint_wild_cluster_rademacher,12,0.5,1.0,8,multiplicity_adjusted_threshold_pass,2239,6000,0.37316666666666665
discovery,joint_wild_cluster_rademacher,12,0.5,1.0,9,control_adjusted_contrast_pass,647,6000,0.10783333333333334
discovery,joint_wild_cluster_rademacher,12,0.5,1.0,10,control_specificity_pass,647,6000,0.10783333333333334
discovery,joint_wild_cluster_rademacher,12,0.75,0.0,1,support_available_pass,6000,6000,1.0
discovery,joint_wild_cluster_rademacher,12,0.75,0.0,2,complement_admissible_pass,6000,6000,1.0
discovery,joint_wild_cluster_rademacher,12,0.75,0.0,3,effect_direction_reproduced_pass,5869,6000,0.9781666666666666
discovery,joint_wild_cluster_rademacher,12,0.75,0.0,4,target_contrast_positive_pass,5869,6000,0.9781666666666666
discovery,joint_wild_cluster_rademacher,12,0.75,0.0,5,minimum_effect_pass,5868,6000,0.978
discovery,joint_wild_cluster_rademacher,12,0.75,0.0,6,cluster_uncertainty_pass,2815,6000,0.4691666666666667
discovery,joint_wild_cluster_rademacher,12,0.75,0.0,7,raw_statistical_threshold_pass,2308,6000,0.38466666666666666
discovery,joint_wild_cluster_rademacher,12,0.75,0.0,8,multiplicity_adjusted_threshold_pass,2308,6000,0.38466666666666666
discovery,joint_wild_cluster_rademacher,12,0.75,0.0,9,control_adjusted_contrast_pass,2308,6000,0.38466666666666666
discovery,joint_wild_cluster_rademacher,12,0.75,0.0,10,control_specificity_pass,2308,6000,0.38466666666666666
discovery,joint_wild_cluster_rademacher,12,0.75,0.25,1,support_available_pass,6000,6000,1.0
discovery,joint_wild_cluster_rademacher,12,0.75,0.25,2,complement_admissible_pass,6000,6000,1.0
discovery,joint_wild_cluster_rademacher,12,0.75,0.25,3,effect_direction_reproduced_pass,5868,6000,0.978
discovery,joint_wild_cluster_rademacher,12,0.75,0.25,4,target_contrast_positive_pass,5868,6000,0.978
discovery,joint_wild_cluster_rademacher,12,0.75,0.25,5,minimum_effect_pass,5868,6000,0.978
discovery,joint_wild_cluster_rademacher,12,0.75,0.25,6,cluster_uncertainty_pass,2825,6000,0.4708333333333333
discovery,joint_wild_cluster_rademacher,12,0.75,0.25,7,raw_statistical_threshold_pass,2301,6000,0.3835
discovery,joint_wild_cluster_rademacher,12,0.75,0.25,8,multiplicity_adjusted_threshold_pass,2301,6000,0.3835
discovery,joint_wild_cluster_rademacher,12,0.75,0.25,9,control_adjusted_contrast_pass,2299,6000,0.38316666666666666
discovery,joint_wild_cluster_rademacher,12,0.75,0.25,10,control_specificity_pass,2299,6000,0.38316666666666666
discovery,joint_wild_cluster_rademacher,12,0.75,0.5,1,support_available_pass,6000,6000,1.0
discovery,joint_wild_cluster_rademacher,12,0.75,0.5,2,complement_admissible_pass,6000,6000,1.0
discovery,joint_wild_cluster_rademacher,12,0.75,0.5,3,effect_direction_reproduced_pass,5873,6000,0.9788333333333333
discovery,joint_wild_cluster_rademacher,12,0.75,0.5,4,target_contrast_positive_pass,5873,6000,0.9788333333333333
discovery,joint_wild_cluster_rademacher,12,0.75,0.5,5,minimum_effect_pass,5872,6000,0.9786666666666667
discovery,joint_wild_cluster_rademacher,12,0.75,0.5,6,cluster_uncertainty_pass,2827,6000,0.4711666666666667
discovery,joint_wild_cluster_rademacher,12,0.75,0.5,7,raw_statistical_threshold_pass,2295,6000,0.3825
discovery,joint_wild_cluster_rademacher,12,0.75,0.5,8,multiplicity_adjusted_threshold_pass,2295,6000,0.3825
discovery,joint_wild_cluster_rademacher,12,0.75,0.5,9,control_adjusted_contrast_pass,2149,6000,0.3581666666666667
discovery,joint_wild_cluster_rademacher,12,0.75,0.5,10,control_specificity_pass,2149,6000,0.3581666666666667
discovery,joint_wild_cluster_rademacher,12,0.75,1.0,1,support_available_pass,6000,6000,1.0
discovery,joint_wild_cluster_rademacher,12,0.75,1.0,2,complement_admissible_pass,6000,6000,1.0
discovery,joint_wild_cluster_rademacher,12,0.75,1.0,3,effect_direction_reproduced_pass,5853,6000,0.9755
discovery,joint_wild_cluster_rademacher,12,0.75,1.0,4,target_contrast_positive_pass,5853,6000,0.9755
discovery,joint_wild_cluster_rademacher,12,0.75,1.0,5,minimum_effect_pass,5853,6000,0.9755
discovery,joint_wild_cluster_rademacher,12,0.75,1.0,6,cluster_uncertainty_pass,2807,6000,0.4678333333333333
discovery,joint_wild_cluster_rademacher,12,0.75,1.0,7,raw_statistical_threshold_pass,2354,6000,0.3923333333333333
discovery,joint_wild_cluster_rademacher,12,0.75,1.0,8,multiplicity_adjusted_threshold_pass,2354,6000,0.3923333333333333
discovery,joint_wild_cluster_rademacher,12,0.75,1.0,9,control_adjusted_contrast_pass,678,6000,0.113
discovery,joint_wild_cluster_rademacher,12,0.75,1.0,10,control_specificity_pass,678,6000,0.113
discovery,joint_wild_cluster_rademacher,12,1.0,0.0,1,support_available_pass,6000,6000,1.0
discovery,joint_wild_cluster_rademacher,12,1.0,0.0,2,complement_admissible_pass,6000,6000,1.0
discovery,joint_wild_cluster_rademacher,12,1.0,0.0,3,effect_direction_reproduced_pass,5868,6000,0.978
discovery,joint_wild_cluster_rademacher,12,1.0,0.0,4,target_contrast_positive_pass,5868,6000,0.978
discovery,joint_wild_cluster_rademacher,12,1.0,0.0,5,minimum_effect_pass,5868,6000,0.978
discovery,joint_wild_cluster_rademacher,12,1.0,0.0,6,cluster_uncertainty_pass,2816,6000,0.4693333333333333
discovery,joint_wild_cluster_rademacher,12,1.0,0.0,7,raw_statistical_threshold_pass,2324,6000,0.3873333333333333
discovery,joint_wild_cluster_rademacher,12,1.0,0.0,8,multiplicity_adjusted_threshold_pass,2324,6000,0.3873333333333333
discovery,joint_wild_cluster_rademacher,12,1.0,0.0,9,control_adjusted_contrast_pass,2324,6000,0.3873333333333333
discovery,joint_wild_cluster_rademacher,12,1.0,0.0,10,control_specificity_pass,2324,6000,0.3873333333333333
discovery,joint_wild_cluster_rademacher,12,1.0,0.25,1,support_available_pass,6000,6000,1.0
discovery,joint_wild_cluster_rademacher,12,1.0,0.25,2,complement_admissible_pass,6000,6000,1.0
discovery,joint_wild_cluster_rademacher,12,1.0,0.25,3,effect_direction_reproduced_pass,5885,6000,0.9808333333333333
discovery,joint_wild_cluster_rademacher,12,1.0,0.25,4,target_contrast_positive_pass,5885,6000,0.9808333333333333
discovery,joint_wild_cluster_rademacher,12,1.0,0.25,5,minimum_effect_pass,5885,6000,0.9808333333333333
discovery,joint_wild_cluster_rademacher,12,1.0,0.25,6,cluster_uncertainty_pass,2846,6000,0.47433333333333333
discovery,joint_wild_cluster_rademacher,12,1.0,0.25,7,raw_statistical_threshold_pass,2338,6000,0.38966666666666666
discovery,joint_wild_cluster_rademacher,12,1.0,0.25,8,multiplicity_adjusted_threshold_pass,2338,6000,0.38966666666666666
discovery,joint_wild_cluster_rademacher,12,1.0,0.25,9,control_adjusted_contrast_pass,2338,6000,0.38966666666666666
discovery,joint_wild_cluster_rademacher,12,1.0,0.25,10,control_specificity_pass,2338,6000,0.38966666666666666
discovery,joint_wild_cluster_rademacher,12,1.0,0.5,1,support_available_pass,6000,6000,1.0
discovery,joint_wild_cluster_rademacher,12,1.0,0.5,2,complement_admissible_pass,6000,6000,1.0
discovery,joint_wild_cluster_rademacher,12,1.0,0.5,3,effect_direction_reproduced_pass,5879,6000,0.9798333333333333
discovery,joint_wild_cluster_rademacher,12,1.0,0.5,4,target_contrast_positive_pass,5879,6000,0.9798333333333333
discovery,joint_wild_cluster_rademacher,12,1.0,0.5,5,minimum_effect_pass,5879,6000,0.9798333333333333
discovery,joint_wild_cluster_rademacher,12,1.0,0.5,6,cluster_uncertainty_pass,2837,6000,0.4728333333333333
discovery,joint_wild_cluster_rademacher,12,1.0,0.5,7,raw_statistical_threshold_pass,2338,6000,0.38966666666666666
discovery,joint_wild_cluster_rademacher,12,1.0,0.5,8,multiplicity_adjusted_threshold_pass,2338,6000,0.38966666666666666
discovery,joint_wild_cluster_rademacher,12,1.0,0.5,9,control_adjusted_contrast_pass,2258,6000,0.37633333333333335
discovery,joint_wild_cluster_rademacher,12,1.0,0.5,10,control_specificity_pass,2258,6000,0.37633333333333335
discovery,joint_wild_cluster_rademacher,12,1.0,1.0,1,support_available_pass,6000,6000,1.0
discovery,joint_wild_cluster_rademacher,12,1.0,1.0,2,complement_admissible_pass,6000,6000,1.0
discovery,joint_wild_cluster_rademacher,12,1.0,1.0,3,effect_direction_reproduced_pass,5886,6000,0.981
discovery,joint_wild_cluster_rademacher,12,1.0,1.0,4,target_contrast_positive_pass,5886,6000,0.981
discovery,joint_wild_cluster_rademacher,12,1.0,1.0,5,minimum_effect_pass,5886,6000,0.981
discovery,joint_wild_cluster_rademacher,12,1.0,1.0,6,cluster_uncertainty_pass,2833,6000,0.4721666666666667
discovery,joint_wild_cluster_rademacher,12,1.0,1.0,7,raw_statistical_threshold_pass,2344,6000,0.39066666666666666
discovery,joint_wild_cluster_rademacher,12,1.0,1.0,8,multiplicity_adjusted_threshold_pass,2344,6000,0.39066666666666666
discovery,joint_wild_cluster_rademacher,12,1.0,1.0,9,control_adjusted_contrast_pass,655,6000,0.10916666666666666
discovery,joint_wild_cluster_rademacher,12,1.0,1.0,10,control_specificity_pass,655,6000,0.10916666666666666
discovery,joint_wild_cluster_rademacher,12,1.5,0.0,1,support_available_pass,6000,6000,1.0
discovery,joint_wild_cluster_rademacher,12,1.5,0.0,2,complement_admissible_pass,6000,6000,1.0
discovery,joint_wild_cluster_rademacher,12,1.5,0.0,3,effect_direction_reproduced_pass,5886,6000,0.981
discovery,joint_wild_cluster_rademacher,12,1.5,0.0,4,target_contrast_positive_pass,5886,6000,0.981
discovery,joint_wild_cluster_rademacher,12,1.5,0.0,5,minimum_effect_pass,5886,6000,0.981
discovery,joint_wild_cluster_rademacher,12,1.5,0.0,6,cluster_uncertainty_pass,2840,6000,0.47333333333333333
discovery,joint_wild_cluster_rademacher,12,1.5,0.0,7,raw_statistical_threshold_pass,2354,6000,0.3923333333333333
discovery,joint_wild_cluster_rademacher,12,1.5,0.0,8,multiplicity_adjusted_threshold_pass,2354,6000,0.3923333333333333
discovery,joint_wild_cluster_rademacher,12,1.5,0.0,9,control_adjusted_contrast_pass,2354,6000,0.3923333333333333
discovery,joint_wild_cluster_rademacher,12,1.5,0.0,10,control_specificity_pass,2354,6000,0.3923333333333333
discovery,joint_wild_cluster_rademacher,12,1.5,0.25,1,support_available_pass,6000,6000,1.0
discovery,joint_wild_cluster_rademacher,12,1.5,0.25,2,complement_admissible_pass,6000,6000,1.0
discovery,joint_wild_cluster_rademacher,12,1.5,0.25,3,effect_direction_reproduced_pass,5888,6000,0.9813333333333333
discovery,joint_wild_cluster_rademacher,12,1.5,0.25,4,target_contrast_positive_pass,5888,6000,0.9813333333333333
discovery,joint_wild_cluster_rademacher,12,1.5,0.25,5,minimum_effect_pass,5888,6000,0.9813333333333333
discovery,joint_wild_cluster_rademacher,12,1.5,0.25,6,cluster_uncertainty_pass,2852,6000,0.47533333333333333
discovery,joint_wild_cluster_rademacher,12,1.5,0.25,7,raw_statistical_threshold_pass,2350,6000,0.39166666666666666
discovery,joint_wild_cluster_rademacher,12,1.5,0.25,8,multiplicity_adjusted_threshold_pass,2350,6000,0.39166666666666666
discovery,joint_wild_cluster_rademacher,12,1.5,0.25,9,control_adjusted_contrast_pass,2350,6000,0.39166666666666666
discovery,joint_wild_cluster_rademacher,12,1.5,0.25,10,control_specificity_pass,2350,6000,0.39166666666666666
discovery,joint_wild_cluster_rademacher,12,1.5,0.5,1,support_available_pass,6000,6000,1.0
discovery,joint_wild_cluster_rademacher,12,1.5,0.5,2,complement_admissible_pass,6000,6000,1.0
discovery,joint_wild_cluster_rademacher,12,1.5,0.5,3,effect_direction_reproduced_pass,5859,6000,0.9765
discovery,joint_wild_cluster_rademacher,12,1.5,0.5,4,target_contrast_positive_pass,5859,6000,0.9765
discovery,joint_wild_cluster_rademacher,12,1.5,0.5,5,minimum_effect_pass,5859,6000,0.9765
discovery,joint_wild_cluster_rademacher,12,1.5,0.5,6,cluster_uncertainty_pass,2829,6000,0.4715
discovery,joint_wild_cluster_rademacher,12,1.5,0.5,7,raw_statistical_threshold_pass,2326,6000,0.38766666666666666
discovery,joint_wild_cluster_rademacher,12,1.5,0.5,8,multiplicity_adjusted_threshold_pass,2326,6000,0.38766666666666666
discovery,joint_wild_cluster_rademacher,12,1.5,0.5,9,control_adjusted_contrast_pass,2277,6000,0.3795
discovery,joint_wild_cluster_rademacher,12,1.5,0.5,10,control_specificity_pass,2277,6000,0.3795
discovery,joint_wild_cluster_rademacher,12,1.5,1.0,1,support_available_pass,6000,6000,1.0
discovery,joint_wild_cluster_rademacher,12,1.5,1.0,2,complement_admissible_pass,5999,6000,0.9998333333333334
discovery,joint_wild_cluster_rademacher,12,1.5,1.0,3,effect_direction_reproduced_pass,5883,6000,0.9805
discovery,joint_wild_cluster_rademacher,12,1.5,1.0,4,target_contrast_positive_pass,5883,6000,0.9805
discovery,joint_wild_cluster_rademacher,12,1.5,1.0,5,minimum_effect_pass,5883,6000,0.9805
discovery,joint_wild_cluster_rademacher,12,1.5,1.0,6,cluster_uncertainty_pass,2820,6000,0.47
discovery,joint_wild_cluster_rademacher,12,1.5,1.0,7,raw_statistical_threshold_pass,2316,6000,0.386
discovery,joint_wild_cluster_rademacher,12,1.5,1.0,8,multiplicity_adjusted_threshold_pass,2316,6000,0.386
discovery,joint_wild_cluster_rademacher,12,1.5,1.0,9,control_adjusted_contrast_pass,711,6000,0.1185
discovery,joint_wild_cluster_rademacher,12,1.5,1.0,10,control_specificity_pass,711,6000,0.1185
discovery,joint_wild_cluster_rademacher,12,2.0,0.0,1,support_available_pass,6000,6000,1.0
discovery,joint_wild_cluster_rademacher,12,2.0,0.0,2,complement_admissible_pass,6000,6000,1.0
discovery,joint_wild_cluster_rademacher,12,2.0,0.0,3,effect_direction_reproduced_pass,5860,6000,0.9766666666666667
discovery,joint_wild_cluster_rademacher,12,2.0,0.0,4,target_contrast_positive_pass,5860,6000,0.9766666666666667
discovery,joint_wild_cluster_rademacher,12,2.0,0.0,5,minimum_effect_pass,5860,6000,0.9766666666666667
discovery,joint_wild_cluster_rademacher,12,2.0,0.0,6,cluster_uncertainty_pass,2854,6000,0.4756666666666667
discovery,joint_wild_cluster_rademacher,12,2.0,0.0,7,raw_statistical_threshold_pass,2355,6000,0.3925
discovery,joint_wild_cluster_rademacher,12,2.0,0.0,8,multiplicity_adjusted_threshold_pass,2355,6000,0.3925
discovery,joint_wild_cluster_rademacher,12,2.0,0.0,9,control_adjusted_contrast_pass,2355,6000,0.3925
discovery,joint_wild_cluster_rademacher,12,2.0,0.0,10,control_specificity_pass,2355,6000,0.3925
discovery,joint_wild_cluster_rademacher,12,2.0,0.25,1,support_available_pass,6000,6000,1.0
discovery,joint_wild_cluster_rademacher,12,2.0,0.25,2,complement_admissible_pass,6000,6000,1.0
discovery,joint_wild_cluster_rademacher,12,2.0,0.25,3,effect_direction_reproduced_pass,5886,6000,0.981
discovery,joint_wild_cluster_rademacher,12,2.0,0.25,4,target_contrast_positive_pass,5886,6000,0.981
discovery,joint_wild_cluster_rademacher,12,2.0,0.25,5,minimum_effect_pass,5886,6000,0.981
discovery,joint_wild_cluster_rademacher,12,2.0,0.25,6,cluster_uncertainty_pass,2833,6000,0.4721666666666667
discovery,joint_wild_cluster_rademacher,12,2.0,0.25,7,raw_statistical_threshold_pass,2350,6000,0.39166666666666666
discovery,joint_wild_cluster_rademacher,12,2.0,0.25,8,multiplicity_adjusted_threshold_pass,2350,6000,0.39166666666666666
discovery,joint_wild_cluster_rademacher,12,2.0,0.25,9,control_adjusted_contrast_pass,2350,6000,0.39166666666666666
discovery,joint_wild_cluster_rademacher,12,2.0,0.25,10,control_specificity_pass,2350,6000,0.39166666666666666
discovery,joint_wild_cluster_rademacher,12,2.0,0.5,1,support_available_pass,6000,6000,1.0
discovery,joint_wild_cluster_rademacher,12,2.0,0.5,2,complement_admissible_pass,6000,6000,1.0
discovery,joint_wild_cluster_rademacher,12,2.0,0.5,3,effect_direction_reproduced_pass,5884,6000,0.9806666666666667
discovery,joint_wild_cluster_rademacher,12,2.0,0.5,4,target_contrast_positive_pass,5884,6000,0.9806666666666667
discovery,joint_wild_cluster_rademacher,12,2.0,0.5,5,minimum_effect_pass,5884,6000,0.9806666666666667
discovery,joint_wild_cluster_rademacher,12,2.0,0.5,6,cluster_uncertainty_pass,2834,6000,0.4723333333333333
discovery,joint_wild_cluster_rademacher,12,2.0,0.5,7,raw_statistical_threshold_pass,2362,6000,0.39366666666666666
discovery,joint_wild_cluster_rademacher,12,2.0,0.5,8,multiplicity_adjusted_threshold_pass,2362,6000,0.39366666666666666
discovery,joint_wild_cluster_rademacher,12,2.0,0.5,9,control_adjusted_contrast_pass,2330,6000,0.3883333333333333
discovery,joint_wild_cluster_rademacher,12,2.0,0.5,10,control_specificity_pass,2330,6000,0.3883333333333333
discovery,joint_wild_cluster_rademacher,12,2.0,1.0,1,support_available_pass,6000,6000,1.0
discovery,joint_wild_cluster_rademacher,12,2.0,1.0,2,complement_admissible_pass,6000,6000,1.0
discovery,joint_wild_cluster_rademacher,12,2.0,1.0,3,effect_direction_reproduced_pass,5859,6000,0.9765
discovery,joint_wild_cluster_rademacher,12,2.0,1.0,4,target_contrast_positive_pass,5859,6000,0.9765
discovery,joint_wild_cluster_rademacher,12,2.0,1.0,5,minimum_effect_pass,5859,6000,0.9765
discovery,joint_wild_cluster_rademacher,12,2.0,1.0,6,cluster_uncertainty_pass,2843,6000,0.47383333333333333
discovery,joint_wild_cluster_rademacher,12,2.0,1.0,7,raw_statistical_threshold_pass,2381,6000,0.3968333333333333
discovery,joint_wild_cluster_rademacher,12,2.0,1.0,8,multiplicity_adjusted_threshold_pass,2381,6000,0.3968333333333333
discovery,joint_wild_cluster_rademacher,12,2.0,1.0,9,control_adjusted_contrast_pass,610,6000,0.10166666666666667
discovery,joint_wild_cluster_rademacher,12,2.0,1.0,10,control_specificity_pass,610,6000,0.10166666666666667
