candidate_test_id,record_id,failure_predicate,support_id,support_definition,resampling_selected,resampling_selection_status,permutation_p,permutation_count,permutation_method,point_estimate,independent_cluster_count,loo_successful_count,loo_min,loo_max,direction_consistency,bootstrap_requested,bootstrap_successful_count,bootstrap_ci_low,bootstrap_ci_high,bootstrap_positive_share,resampling_unit,uncertainty_method
06c0fda33bace5cfdfb99901,C_vs_Cp2__stability_core_3,relation_separation_attenuation,c683c10822cc59ae7587,seam_relative:seam_relative_region=far,True,selected_by_outcome_blind_record_predicate_top_k,0.9833887043189369,300,within_object_class_support_label_permutation,-0.3924305765327549,4,3,-0.3856142006992338,-0.3786114530842777,0.0,300,202,-0.39538946202306247,-0.36236335254269597,0.0,object_cluster,leave-one-object-out sensitivity plus object-cluster bootstrap
64b09890e2a29ff04e6eb7fa,C_vs_Cp2__stability_core_3,local_criterion_breach,c683c10822cc59ae7587,seam_relative:seam_relative_region=far,True,selected_by_outcome_blind_record_predicate_top_k,1.0,300,within_object_class_support_label_permutation,-0.1111111111111111,4,3,-0.1111111111111111,-0.1111111111111111,0.0,300,210,-0.1111111111111111,-0.1111111111111111,0.0,object_cluster,leave-one-object-out sensitivity plus object-cluster bootstrap
1d262dd4f90cdaf15175b799,C_vs_Cp2__stability_core_3,log_loss_attenuation,c683c10822cc59ae7587,seam_relative:seam_relative_region=far,True,selected_by_outcome_blind_record_predicate_top_k,0.9900332225913622,300,within_object_class_support_label_permutation,-0.5113315071525992,4,3,-0.5078317919247638,-0.5036966134042535,0.0,300,211,-0.5131548771921274,-0.4845998091698259,0.0,object_cluster,leave-one-object-out sensitivity plus object-cluster bootstrap
bfa569fbae807b7f50c3389f,C_vs_Cp2__stability_core_3,measurement_missingness_concentration,c683c10822cc59ae7587,seam_relative:seam_relative_region=far,True,selected_by_outcome_blind_record_predicate_top_k,1.0,300,within_object_class_support_label_permutation,0.0,4,3,0.0,0.0,0.0,300,200,0.0,0.0,0.0,object_cluster,leave-one-object-out sensitivity plus object-cluster bootstrap
6245ba057e644b9e27fe98d6,C_vs_Cp2__stability_core_3,relation_separation_attenuation,8eb760d133ac749e3327,scale_band:scale_band=early,True,selected_by_outcome_blind_record_predicate_top_k,0.38870431893687707,300,within_object_class_support_label_permutation,0.24715191611961074,4,3,0.2114183241225971,0.21280201640885688,1.0,300,208,0.13514225492228293,0.24715191611961074,1.0,object_cluster,leave-one-object-out sensitivity plus object-cluster bootstrap
89d199489af5e86742dc88ef,C_vs_Cp2__stability_core_3,local_criterion_breach,8eb760d133ac749e3327,scale_band:scale_band=early,True,selected_by_outcome_blind_record_predicate_top_k,0.7674418604651163,300,within_object_class_support_label_permutation,0.05555555555555555,4,3,0.047619047619047616,0.047619047619047616,1.0,300,224,0.015151515151515152,0.05555555555555555,1.0,object_cluster,leave-one-object-out sensitivity plus object-cluster bootstrap
85ad313e081399b07fff0685,C_vs_Cp2__stability_core_3,log_loss_attenuation,8eb760d133ac749e3327,scale_band:scale_band=early,True,selected_by_outcome_blind_record_predicate_top_k,0.25249169435215946,300,within_object_class_support_label_permutation,0.41998124971081957,4,3,0.38914454796753584,0.38969165476604,1.0,300,205,0.2801159552412572,0.4199812497108196,1.0,object_cluster,leave-one-object-out sensitivity plus object-cluster bootstrap
8cfbe626a3b78e4cba08e9b6,C_vs_Cp2__stability_core_3,measurement_missingness_concentration,8eb760d133ac749e3327,scale_band:scale_band=early,True,selected_by_outcome_blind_record_predicate_top_k,1.0,300,within_object_class_support_label_permutation,0.0,4,3,0.0,0.0,0.0,300,202,0.0,0.0,0.0,object_cluster,leave-one-object-out sensitivity plus object-cluster bootstrap
34c6880702c5dd13dd33da34,C_vs_Cp2__stability_core_3,relation_separation_attenuation,4487ed03ba052140cc42,transition:transition=5→6,True,selected_by_outcome_blind_record_predicate_top_k,0.6810631229235881,300,within_object_class_support_label_permutation,0.18255470187477452,4,3,0.14980983430037298,0.15669984612398224,1.0,300,179,0.043392139787346795,0.18774169495719129,1.0,object_cluster,leave-one-object-out sensitivity plus object-cluster bootstrap
af2e41062f7643f364dd51c1,C_vs_Cp2__stability_core_3,local_criterion_breach,4487ed03ba052140cc42,transition:transition=5→6,True,selected_by_outcome_blind_record_predicate_top_k,0.760797342192691,300,within_object_class_support_label_permutation,0.05555555555555555,4,3,0.047619047619047616,0.047619047619047616,1.0,300,188,0.033333333333333326,0.05555555555555555,1.0,object_cluster,leave-one-object-out sensitivity plus object-cluster bootstrap
761407daebd848e2300fbc1f,C_vs_Cp2__stability_core_3,log_loss_attenuation,4487ed03ba052140cc42,transition:transition=5→6,True,selected_by_outcome_blind_record_predicate_top_k,0.7109634551495017,300,within_object_class_support_label_permutation,0.111620346893896,4,3,0.06270586897541969,0.06653246503743387,1.0,300,205,-0.019406543616708072,0.11450014632198355,0.6146341463414634,object_cluster,leave-one-object-out sensitivity plus object-cluster bootstrap
38702f2def043562e2949ae6,C_vs_Cp2__stability_core_3,measurement_missingness_concentration,4487ed03ba052140cc42,transition:transition=5→6,True,selected_by_outcome_blind_record_predicate_top_k,1.0,300,within_object_class_support_label_permutation,0.0,4,3,0.0,0.0,0.0,300,194,0.0,0.0,0.0,object_cluster,leave-one-object-out sensitivity plus object-cluster bootstrap
82f3bc20372b459866578f99,C_vs_Cp2__stability_core_3,relation_separation_attenuation,72b9f48eeec38e892701,cohort:cohort=after,True,selected_by_outcome_blind_record_predicate_top_k,0.6843853820598007,300,within_object_class_support_label_permutation,-0.11445998092900733,4,4,-0.13375997656307115,-0.0015190472515848041,0.0,300,300,-0.16748528904697702,0.0006655317255098714,0.12666666666666668,object_cluster,leave-one-object-out sensitivity plus object-cluster bootstrap
540cade0dbf15bf53df8c371,C_vs_Cp2__stability_core_3,local_criterion_breach,72b9f48eeec38e892701,cohort:cohort=after,True,selected_by_outcome_blind_record_predicate_top_k,1.0,300,within_object_class_support_label_permutation,-0.05263157894736842,4,4,-0.0625,0.0,0.0,300,300,-0.07692307692307693,0.0,0.0,object_cluster,leave-one-object-out sensitivity plus object-cluster bootstrap
fbacbc8729ded362c6ef76ff,C_vs_Cp2__stability_core_3,log_loss_attenuation,72b9f48eeec38e892701,cohort:cohort=after,True,selected_by_outcome_blind_record_predicate_top_k,0.7043189368770764,300,within_object_class_support_label_permutation,-0.19752791071645856,4,4,-0.23310814836504098,-0.0009997787062679953,0.0,300,300,-0.28090727126921666,0.0026604117424110715,0.13,object_cluster,leave-one-object-out sensitivity plus object-cluster bootstrap
e12f3d8394a6469ea7651287,C_vs_Cp2__stability_core_3,measurement_missingness_concentration,72b9f48eeec38e892701,cohort:cohort=after,True,selected_by_outcome_blind_record_predicate_top_k,1.0,300,within_object_class_support_label_permutation,0.0,4,4,0.0,0.0,0.0,300,300,0.0,0.0,0.0,object_cluster,leave-one-object-out sensitivity plus object-cluster bootstrap
1df88a2ddb2adab8bddabbb4,C_vs_Cp2__stability_core_3,relation_separation_attenuation,8d0858b65a564a46e221,seam_relative:seam_relative_region=far AND route_or_path:dominant_family=shape,True,selected_by_outcome_blind_record_predicate_top_k,0.26245847176079734,300,within_object_class_support_label_permutation,-0.29818295903277536,4,3,-0.29308548615115837,-0.28574796430164195,0.0,300,200,-0.30130551192664545,-0.2509326712333845,0.0,object_cluster,leave-one-object-out sensitivity plus object-cluster bootstrap
6ded6de904ee08c3357f7909,C_vs_Cp2__stability_core_3,local_criterion_breach,8d0858b65a564a46e221,seam_relative:seam_relative_region=far AND route_or_path:dominant_family=shape,True,selected_by_outcome_blind_record_predicate_top_k,1.0,300,within_object_class_support_label_permutation,-0.08333333333333333,4,3,-0.08333333333333333,-0.08333333333333333,0.0,300,204,-0.08333333333333333,-0.08333333333333333,0.0,object_cluster,leave-one-object-out sensitivity plus object-cluster bootstrap
d50cc016a1c2257f7654dc88,C_vs_Cp2__stability_core_3,log_loss_attenuation,8d0858b65a564a46e221,seam_relative:seam_relative_region=far AND route_or_path:dominant_family=shape,True,selected_by_outcome_blind_record_predicate_top_k,0.2857142857142857,300,within_object_class_support_label_permutation,-0.385274529839161,4,3,-0.3826535464948888,-0.3783490861454655,0.0,300,207,-0.3871806598839355,-0.36887488670257473,0.0,object_cluster,leave-one-object-out sensitivity plus object-cluster bootstrap
6bdae914bffaf63864644210,C_vs_Cp2__stability_core_3,measurement_missingness_concentration,8d0858b65a564a46e221,seam_relative:seam_relative_region=far AND route_or_path:dominant_family=shape,True,selected_by_outcome_blind_record_predicate_top_k,1.0,300,within_object_class_support_label_permutation,0.0,4,3,0.0,0.0,0.0,300,196,0.0,0.0,0.0,object_cluster,leave-one-object-out sensitivity plus object-cluster bootstrap
696de0cc4978feb9c81d7394,C_vs_Cp2__stability_core_3,relation_separation_attenuation,6ab5b53c0446ed47f245,scale_band:scale_band=late AND route_or_path:dominant_family=shape,True,selected_by_outcome_blind_record_predicate_top_k,1.0,0,support_indicator_constant_within_all_object_class_strata,-0.322014274345355,4,2,-0.3109640290759236,-0.3109640290759236,0.0,300,127,-0.322014274345355,-0.2548944657109535,0.0,object_cluster,leave-one-object-out sensitivity plus object-cluster bootstrap
7d346c692e9ea7d3d480bec8,C_vs_Cp2__stability_core_3,local_criterion_breach,6ab5b53c0446ed47f245,scale_band:scale_band=late AND route_or_path:dominant_family=shape,True,selected_by_outcome_blind_record_predicate_top_k,1.0,0,support_indicator_constant_within_all_object_class_strata,-0.08333333333333333,4,2,-0.08333333333333333,-0.08333333333333333,0.0,300,107,-0.08333333333333333,-0.08333333333333333,0.0,object_cluster,leave-one-object-out sensitivity plus object-cluster bootstrap
b2cd54889ac330eec22921d4,C_vs_Cp2__stability_core_3,log_loss_attenuation,6ab5b53c0446ed47f245,scale_band:scale_band=late AND route_or_path:dominant_family=shape,True,selected_by_outcome_blind_record_predicate_top_k,1.0,0,support_indicator_constant_within_all_object_class_strata,-0.39878960309494077,4,2,-0.39281104306580267,-0.39281104306580267,0.0,300,122,-0.39878960309494077,-0.36250444289388084,0.0,object_cluster,leave-one-object-out sensitivity plus object-cluster bootstrap
8c6d0dc16f7ef56da9062a5f,C_vs_Cp2__stability_core_3,measurement_missingness_concentration,6ab5b53c0446ed47f245,scale_band:scale_band=late AND route_or_path:dominant_family=shape,True,selected_by_outcome_blind_record_predicate_top_k,1.0,0,support_indicator_constant_within_all_object_class_strata,0.0,4,2,0.0,0.0,0.0,300,129,0.0,0.0,0.0,object_cluster,leave-one-object-out sensitivity plus object-cluster bootstrap
082ead935800bb1ddfe43095,C_vs_Cp2__stability_core_3,relation_separation_attenuation,114bd7932e0008f8ef79,scale_band:scale_band=early AND seam_relative:seam_relative_region=near,True,selected_by_outcome_blind_record_predicate_top_k,0.17275747508305647,300,within_object_class_support_label_permutation,0.3547707160916263,4,3,0.3307154072760428,0.33232741315803616,1.0,300,199,0.2447084153630813,0.3547707160916263,1.0,object_cluster,leave-one-object-out sensitivity plus object-cluster bootstrap
cff8c78e38c45982046f47f5,C_vs_Cp2__stability_core_3,local_criterion_breach,114bd7932e0008f8ef79,scale_band:scale_band=early AND seam_relative:seam_relative_region=near,True,selected_by_outcome_blind_record_predicate_top_k,0.6810631229235881,300,within_object_class_support_label_permutation,0.0736842105263158,4,3,0.06666666666666668,0.06666666666666668,1.0,300,200,0.04000000000000001,0.0736842105263158,1.0,object_cluster,leave-one-object-out sensitivity plus object-cluster bootstrap
04e2240adccc69731beac56e,C_vs_Cp2__stability_core_3,log_loss_attenuation,114bd7932e0008f8ef79,scale_band:scale_band=early AND seam_relative:seam_relative_region=near,True,selected_by_outcome_blind_record_predicate_top_k,0.15946843853820597,300,within_object_class_support_label_permutation,0.5452818304041558,4,3,0.5219179263588762,0.5229415997338727,1.0,300,204,0.47319153695063404,0.5452818304041558,1.0,object_cluster,leave-one-object-out sensitivity plus object-cluster bootstrap
91a88f48727655f85f9a6b02,C_vs_Cp2__stability_core_3,measurement_missingness_concentration,114bd7932e0008f8ef79,scale_band:scale_band=early AND seam_relative:seam_relative_region=near,True,selected_by_outcome_blind_record_predicate_top_k,1.0,300,within_object_class_support_label_permutation,0.0,4,3,0.0,0.0,0.0,300,189,0.0,0.0,0.0,object_cluster,leave-one-object-out sensitivity plus object-cluster bootstrap
a71a8bd70c20de5370a08708,C_vs_Cp2__stability_core_3,relation_separation_attenuation,5930a3b7db7497d921fc,cohort:cohort=after AND route_or_path:dominant_family=shape,True,selected_by_outcome_blind_record_predicate_top_k,0.49169435215946844,300,within_object_class_support_label_permutation,-0.16742572147125434,4,4,-0.19630143623059393,-0.0015190472515848041,0.0,300,282,-0.22609486522978506,0.0006655317255098714,0.13120567375886524,object_cluster,leave-one-object-out sensitivity plus object-cluster bootstrap
d7dcef39dad499e550af3eca,C_vs_Cp2__stability_core_3,local_criterion_breach,5930a3b7db7497d921fc,cohort:cohort=after AND route_or_path:dominant_family=shape,True,selected_by_outcome_blind_record_predicate_top_k,1.0,300,within_object_class_support_label_permutation,-0.047619047619047616,4,4,-0.05555555555555555,0.0,0.0,300,282,-0.06666666666666667,0.0,0.0,object_cluster,leave-one-object-out sensitivity plus object-cluster bootstrap
5ac987f68b11a68b88f6954a,C_vs_Cp2__stability_core_3,log_loss_attenuation,5930a3b7db7497d921fc,cohort:cohort=after AND route_or_path:dominant_family=shape,True,selected_by_outcome_blind_record_predicate_top_k,0.6212624584717608,300,within_object_class_support_label_permutation,-0.2188808658387891,4,4,-0.2559139842221501,-0.0009997787062679953,0.0,300,289,-0.30193466706012734,0.00022028477662500157,0.11764705882352941,object_cluster,leave-one-object-out sensitivity plus object-cluster bootstrap
c4169317394353493332287d,C_vs_Cp2__stability_core_3,measurement_missingness_concentration,5930a3b7db7497d921fc,cohort:cohort=after AND route_or_path:dominant_family=shape,True,selected_by_outcome_blind_record_predicate_top_k,1.0,300,within_object_class_support_label_permutation,0.0,4,4,0.0,0.0,0.0,300,285,0.0,0.0,0.0,object_cluster,leave-one-object-out sensitivity plus object-cluster bootstrap
4850ea740a4c0578a831bb0b,C_vs_Cp2__geometry_scores_only,relation_separation_attenuation,c683c10822cc59ae7587,seam_relative:seam_relative_region=far,True,selected_by_outcome_blind_record_predicate_top_k,0.9534883720930233,300,within_object_class_support_label_permutation,-0.48380689810288635,4,3,-0.5569705364023874,-0.4771909444443493,0.0,300,202,-0.773201606971246,-0.43917396131664166,0.0,object_cluster,leave-one-object-out sensitivity plus object-cluster bootstrap
3b68d58239d4f6b65c310df4,C_vs_Cp2__geometry_scores_only,local_criterion_breach,c683c10822cc59ae7587,seam_relative:seam_relative_region=far,True,selected_by_outcome_blind_record_predicate_top_k,1.0,300,within_object_class_support_label_permutation,-0.4583333333333333,4,3,-0.5208333333333333,-0.46969696969696967,0.0,300,212,-0.6924679487179487,-0.43333333333333335,0.0,object_cluster,leave-one-object-out sensitivity plus object-cluster bootstrap
6f0a2928d48c361291afc11c,C_vs_Cp2__geometry_scores_only,log_loss_attenuation,c683c10822cc59ae7587,seam_relative:seam_relative_region=far,True,selected_by_outcome_blind_record_predicate_top_k,0.9700996677740864,300,within_object_class_support_label_permutation,-0.3934544742715585,4,3,-0.44619433130543673,-0.3924606525663937,0.0,300,196,-0.6178736378784505,-0.3641723703228249,0.0,object_cluster,leave-one-object-out sensitivity plus object-cluster bootstrap
d447ffb883949ba77c840f88,C_vs_Cp2__geometry_scores_only,measurement_missingness_concentration,c683c10822cc59ae7587,seam_relative:seam_relative_region=far,True,selected_by_outcome_blind_record_predicate_top_k,1.0,300,within_object_class_support_label_permutation,0.0,4,3,0.0,0.0,0.0,300,206,0.0,0.0,0.0,object_cluster,leave-one-object-out sensitivity plus object-cluster bootstrap
e421bd5b398d1f2d47d106d4,C_vs_Cp2__geometry_scores_only,relation_separation_attenuation,8eb760d133ac749e3327,scale_band:scale_band=early,True,selected_by_outcome_blind_record_predicate_top_k,0.0033222591362126247,300,within_object_class_support_label_permutation,0.7647240853084731,4,3,0.7568627242915118,0.847553346420789,1.0,300,199,0.7163369844225261,1.0909592869209572,1.0,object_cluster,leave-one-object-out sensitivity plus object-cluster bootstrap
0b21570033e11cb5cbfbabc0,C_vs_Cp2__geometry_scores_only,local_criterion_breach,8eb760d133ac749e3327,scale_band:scale_band=early,True,selected_by_outcome_blind_record_predicate_top_k,0.0033222591362126247,300,within_object_class_support_label_permutation,0.6666666666666666,4,3,0.6666666666666666,0.75,1.0,300,202,0.625,1.0,1.0,object_cluster,leave-one-object-out sensitivity plus object-cluster bootstrap
b44e8c9eef72e76ae9599365,C_vs_Cp2__geometry_scores_only,log_loss_attenuation,8eb760d133ac749e3327,scale_band:scale_band=early,True,selected_by_outcome_blind_record_predicate_top_k,0.0033222591362126247,300,within_object_class_support_label_permutation,0.6065090903942728,4,3,0.6024078810626546,0.6689806332071491,1.0,300,210,0.5715954795980078,0.853958963368938,1.0,object_cluster,leave-one-object-out sensitivity plus object-cluster bootstrap
1060775dc90c0f074ad19b80,C_vs_Cp2__geometry_scores_only,measurement_missingness_concentration,8eb760d133ac749e3327,scale_band:scale_band=early,True,selected_by_outcome_blind_record_predicate_top_k,1.0,300,within_object_class_support_label_permutation,0.0,4,3,0.0,0.0,0.0,300,210,0.0,0.0,0.0,object_cluster,leave-one-object-out sensitivity plus object-cluster bootstrap
21213eb8135a8f50f4c17a25,C_vs_Cp2__geometry_scores_only,relation_separation_attenuation,4487ed03ba052140cc42,transition:transition=5→6,True,selected_by_outcome_blind_record_predicate_top_k,1.0,300,within_object_class_support_label_permutation,-0.3609854568956389,4,3,-0.4768860802220771,-0.43882810744676115,0.0,300,199,-0.8683331824365709,-0.33227334744975867,0.0,object_cluster,leave-one-object-out sensitivity plus object-cluster bootstrap
70ee982130e74249630e47a7,C_vs_Cp2__geometry_scores_only,local_criterion_breach,4487ed03ba052140cc42,transition:transition=5→6,True,selected_by_outcome_blind_record_predicate_top_k,1.0,300,within_object_class_support_label_permutation,-0.29166666666666663,4,3,-0.38095238095238093,-0.38095238095238093,0.0,300,176,-0.7840909090909092,-0.29166666666666663,0.0,object_cluster,leave-one-object-out sensitivity plus object-cluster bootstrap
728d31d3bb1add0207cc6bdc,C_vs_Cp2__geometry_scores_only,log_loss_attenuation,4487ed03ba052140cc42,transition:transition=5→6,True,selected_by_outcome_blind_record_predicate_top_k,1.0,300,within_object_class_support_label_permutation,-0.27442242818527873,4,3,-0.36076551719250854,-0.34054873055145923,0.0,300,180,-0.5038177898856395,-0.2591654679543867,0.0,object_cluster,leave-one-object-out sensitivity plus object-cluster bootstrap
06ae362e37a0aab8b312b888,C_vs_Cp2__geometry_scores_only,measurement_missingness_concentration,4487ed03ba052140cc42,transition:transition=5→6,True,selected_by_outcome_blind_record_predicate_top_k,1.0,300,within_object_class_support_label_permutation,0.0,4,3,0.0,0.0,0.0,300,186,0.0,0.0,0.0,object_cluster,leave-one-object-out sensitivity plus object-cluster bootstrap
493bea1c9ecfb8e8e06dd336,C_vs_Cp2__geometry_scores_only,relation_separation_attenuation,72b9f48eeec38e892701,cohort:cohort=after,True,selected_by_outcome_blind_record_predicate_top_k,0.6644518272425249,300,within_object_class_support_label_permutation,-0.031839412782981746,4,4,-0.03195040562719087,0.0,0.0,300,300,-0.032734038589867454,1.1102230246251565e-16,0.14666666666666667,object_cluster,leave-one-object-out sensitivity plus object-cluster bootstrap
a9621c51600a3e15b8ca8381,C_vs_Cp2__geometry_scores_only,local_criterion_breach,72b9f48eeec38e892701,cohort:cohort=after,True,selected_by_outcome_blind_record_predicate_top_k,0.6976744186046512,300,within_object_class_support_label_permutation,-0.03157894736842104,4,4,-0.03125,0.0,0.0,300,300,-0.03157894736842104,0.0,0.0,object_cluster,leave-one-object-out sensitivity plus object-cluster bootstrap
e5f1b427b947a437618dc2ac,C_vs_Cp2__geometry_scores_only,log_loss_attenuation,72b9f48eeec38e892701,cohort:cohort=after,True,selected_by_outcome_blind_record_predicate_top_k,0.5681063122923588,300,within_object_class_support_label_permutation,-0.027208499228310368,4,4,-0.027172799267874637,0.0,0.0,300,300,-0.027709158239394016,1.3877787807814457e-17,0.08333333333333333,object_cluster,leave-one-object-out sensitivity plus object-cluster bootstrap
0468cf21e2390d79e5094c9a,C_vs_Cp2__geometry_scores_only,measurement_missingness_concentration,72b9f48eeec38e892701,cohort:cohort=after,True,selected_by_outcome_blind_record_predicate_top_k,1.0,300,within_object_class_support_label_permutation,0.0,4,4,0.0,0.0,0.0,300,300,0.0,0.0,0.0,object_cluster,leave-one-object-out sensitivity plus object-cluster bootstrap
46913b6b468615cc51f572ce,C_vs_Cp2__geometry_scores_only,relation_separation_attenuation,8d0858b65a564a46e221,seam_relative:seam_relative_region=far AND route_or_path:dominant_family=shape,True,selected_by_outcome_blind_record_predicate_top_k,0.6677740863787376,300,within_object_class_support_label_permutation,-0.3907829910284355,4,3,-0.4636847047622755,-0.3810077451342089,0.0,300,210,-0.5902818706318297,-0.344733563381288,0.0,object_cluster,leave-one-object-out sensitivity plus object-cluster bootstrap
cba4ba2ba78612dd885992ab,C_vs_Cp2__geometry_scores_only,local_criterion_breach,8d0858b65a564a46e221,seam_relative:seam_relative_region=far AND route_or_path:dominant_family=shape,True,selected_by_outcome_blind_record_predicate_top_k,1.0,300,within_object_class_support_label_permutation,-0.375,4,3,-0.4375,-0.38636363636363635,0.0,300,201,-0.5961538461538461,-0.35,0.0,object_cluster,leave-one-object-out sensitivity plus object-cluster bootstrap
5097f9c96a6492a7426a949a,C_vs_Cp2__geometry_scores_only,log_loss_attenuation,8d0858b65a564a46e221,seam_relative:seam_relative_region=far AND route_or_path:dominant_family=shape,True,selected_by_outcome_blind_record_predicate_top_k,0.6644518272425249,300,within_object_class_support_label_permutation,-0.3166265568231038,4,3,-0.3692213010414668,-0.3138661698233459,0.0,300,206,-0.47144940280329684,-0.2865517427734877,0.0,object_cluster,leave-one-object-out sensitivity plus object-cluster bootstrap
4989287cde46ee7282b73c08,C_vs_Cp2__geometry_scores_only,measurement_missingness_concentration,8d0858b65a564a46e221,seam_relative:seam_relative_region=far AND route_or_path:dominant_family=shape,True,selected_by_outcome_blind_record_predicate_top_k,1.0,300,within_object_class_support_label_permutation,0.0,4,3,0.0,0.0,0.0,300,201,0.0,0.0,0.0,object_cluster,leave-one-object-out sensitivity plus object-cluster bootstrap
f31dd2b9a8b96e5ed057b6c0,C_vs_Cp2__geometry_scores_only,relation_separation_attenuation,6ab5b53c0446ed47f245,scale_band:scale_band=late AND route_or_path:dominant_family=shape,True,selected_by_outcome_blind_record_predicate_top_k,1.0,0,support_indicator_constant_within_all_object_class_strata,-0.40792991123580213,4,2,-0.477973804935081,-0.477973804935081,0.0,300,132,-0.8211108191269614,-0.40792991123580213,0.0,object_cluster,leave-one-object-out sensitivity plus object-cluster bootstrap
66144e50e2199965f82f2a17,C_vs_Cp2__geometry_scores_only,local_criterion_breach,6ab5b53c0446ed47f245,scale_band:scale_band=late AND route_or_path:dominant_family=shape,True,selected_by_outcome_blind_record_predicate_top_k,1.0,0,support_indicator_constant_within_all_object_class_strata,-0.35,4,2,-0.41666666666666663,-0.41666666666666663,0.0,300,126,-0.75,-0.35,0.0,object_cluster,leave-one-object-out sensitivity plus object-cluster bootstrap
14f970078502752be25c8f13,C_vs_Cp2__geometry_scores_only,log_loss_attenuation,6ab5b53c0446ed47f245,scale_band:scale_band=late AND route_or_path:dominant_family=shape,True,selected_by_outcome_blind_record_predicate_top_k,1.0,0,support_indicator_constant_within_all_object_class_strata,-0.3198456730716044,4,2,-0.3719038979152173,-0.3719038979152173,0.0,300,138,-0.6282314716288693,-0.3198456730716044,0.0,object_cluster,leave-one-object-out sensitivity plus object-cluster bootstrap
484eff17388a96a81c9c8098,C_vs_Cp2__geometry_scores_only,measurement_missingness_concentration,6ab5b53c0446ed47f245,scale_band:scale_band=late AND route_or_path:dominant_family=shape,True,selected_by_outcome_blind_record_predicate_top_k,1.0,0,support_indicator_constant_within_all_object_class_strata,0.0,4,2,0.0,0.0,0.0,300,150,0.0,0.0,0.0,object_cluster,leave-one-object-out sensitivity plus object-cluster bootstrap
381a83b9568879c21e7e074c,C_vs_Cp2__geometry_scores_only,relation_separation_attenuation,114bd7932e0008f8ef79,scale_band:scale_band=early AND seam_relative:seam_relative_region=near,True,selected_by_outcome_blind_record_predicate_top_k,0.0033222591362126247,300,within_object_class_support_label_permutation,0.5790234780551029,4,3,0.5370641431569443,0.6044564711975013,1.0,300,201,0.5201214152094978,0.9618568120034815,1.0,object_cluster,leave-one-object-out sensitivity plus object-cluster bootstrap
385627278ab2f0de3861a4df,C_vs_Cp2__geometry_scores_only,local_criterion_breach,114bd7932e0008f8ef79,scale_band:scale_band=early AND seam_relative:seam_relative_region=near,True,selected_by_outcome_blind_record_predicate_top_k,0.006644518272425249,300,within_object_class_support_label_permutation,0.4967611336032388,4,3,0.4666666666666667,0.5222222222222221,1.0,300,208,0.44509090909090915,0.7027878787878754,1.0,object_cluster,leave-one-object-out sensitivity plus object-cluster bootstrap
430339ce881b7ed1c88f95d3,C_vs_Cp2__geometry_scores_only,log_loss_attenuation,114bd7932e0008f8ef79,scale_band:scale_band=early AND seam_relative:seam_relative_region=near,True,selected_by_outcome_blind_record_predicate_top_k,0.0033222591362126247,300,within_object_class_support_label_permutation,0.467541245627326,4,3,0.4378901312809832,0.48599498619406767,1.0,300,192,0.42503613042208743,0.5847618795873597,1.0,object_cluster,leave-one-object-out sensitivity plus object-cluster bootstrap
198cc27ecbccb6457553b5e7,C_vs_Cp2__geometry_scores_only,measurement_missingness_concentration,114bd7932e0008f8ef79,scale_band:scale_band=early AND seam_relative:seam_relative_region=near,True,selected_by_outcome_blind_record_predicate_top_k,1.0,300,within_object_class_support_label_permutation,0.0,4,3,0.0,0.0,0.0,300,211,0.0,0.0,0.0,object_cluster,leave-one-object-out sensitivity plus object-cluster bootstrap
0b4adc4417922e609823d9ed,C_vs_Cp2__geometry_scores_only,relation_separation_attenuation,5930a3b7db7497d921fc,cohort:cohort=after AND route_or_path:dominant_family=shape,True,selected_by_outcome_blind_record_predicate_top_k,0.7009966777408638,300,within_object_class_support_label_permutation,-0.24274371835679864,4,4,-0.31825205771244536,0.0,0.0,300,285,-0.43447132058557536,1.1102230246251565e-16,0.17192982456140352,object_cluster,leave-one-object-out sensitivity plus object-cluster bootstrap
b1a0b9db8bdee7c98cfce273,C_vs_Cp2__geometry_scores_only,local_criterion_breach,5930a3b7db7497d921fc,cohort:cohort=after AND route_or_path:dominant_family=shape,True,selected_by_outcome_blind_record_predicate_top_k,1.0,300,within_object_class_support_label_permutation,-0.23963133640552994,4,4,-0.30952380952380953,0.0,0.0,300,286,-0.4222222222222222,0.0,0.0,object_cluster,leave-one-object-out sensitivity plus object-cluster bootstrap
d18d8ba2506d2b0346de1ab7,C_vs_Cp2__geometry_scores_only,log_loss_attenuation,5930a3b7db7497d921fc,cohort:cohort=after AND route_or_path:dominant_family=shape,True,selected_by_outcome_blind_record_predicate_top_k,0.6976744186046512,300,within_object_class_support_label_permutation,-0.19691305785261842,4,4,-0.2550216432953647,0.0,0.0,300,287,-0.3451726554033385,1.3877787807814457e-17,0.07665505226480836,object_cluster,leave-one-object-out sensitivity plus object-cluster bootstrap
d166e3f28f5dcf80f3e1c27c,C_vs_Cp2__geometry_scores_only,measurement_missingness_concentration,5930a3b7db7497d921fc,cohort:cohort=after AND route_or_path:dominant_family=shape,True,selected_by_outcome_blind_record_predicate_top_k,1.0,300,within_object_class_support_label_permutation,0.0,4,4,0.0,0.0,0.0,300,287,0.0,0.0,0.0,object_cluster,leave-one-object-out sensitivity plus object-cluster bootstrap
b4f28868038d13e55e31e6ee,C_vs_Cp2__no_window,relation_separation_attenuation,c683c10822cc59ae7587,seam_relative:seam_relative_region=far,True,selected_by_outcome_blind_record_predicate_top_k,0.9933554817275747,300,within_object_class_support_label_permutation,-0.5965828059007152,4,3,-0.5920583795996167,-0.5816034383967412,0.0,300,198,-0.602374601342475,-0.556213513299417,0.0,object_cluster,leave-one-object-out sensitivity plus object-cluster bootstrap
1687acfab8ace519b5bae3ff,C_vs_Cp2__no_window,local_criterion_breach,c683c10822cc59ae7587,seam_relative:seam_relative_region=far,True,selected_by_outcome_blind_record_predicate_top_k,1.0,300,within_object_class_support_label_permutation,-0.2777777777777778,4,3,-0.2777777777777778,-0.2777777777777778,0.0,300,202,-0.2777777777777778,-0.2777777777777778,0.0,object_cluster,leave-one-object-out sensitivity plus object-cluster bootstrap
85d30eb1f3d41717c0186b8f,C_vs_Cp2__no_window,log_loss_attenuation,c683c10822cc59ae7587,seam_relative:seam_relative_region=far,True,selected_by_outcome_blind_record_predicate_top_k,0.9700996677740864,300,within_object_class_support_label_permutation,-0.7603095995480394,4,3,-0.7576896694213657,-0.7523829683933204,0.0,300,201,-0.7632514374484252,-0.7420940462645875,0.0,object_cluster,leave-one-object-out sensitivity plus object-cluster bootstrap
ac61d252522f0d2bec9df9c6,C_vs_Cp2__no_window,measurement_missingness_concentration,c683c10822cc59ae7587,seam_relative:seam_relative_region=far,True,selected_by_outcome_blind_record_predicate_top_k,1.0,300,within_object_class_support_label_permutation,0.0,4,3,0.0,0.0,0.0,300,209,0.0,0.0,0.0,object_cluster,leave-one-object-out sensitivity plus object-cluster bootstrap
442e3e5bd623624d6c783207,C_vs_Cp2__no_window,relation_separation_attenuation,8eb760d133ac749e3327,scale_band:scale_band=early,True,selected_by_outcome_blind_record_predicate_top_k,0.006644518272425249,300,within_object_class_support_label_permutation,0.698670239746497,4,3,0.6707283977397742,0.6824370383975789,1.0,300,200,0.6033220426587014,0.7066373126445071,1.0,object_cluster,leave-one-object-out sensitivity plus object-cluster bootstrap
81b46a34e2cbcbcc6718b6d6,C_vs_Cp2__no_window,local_criterion_breach,8eb760d133ac749e3327,scale_band:scale_band=early,True,selected_by_outcome_blind_record_predicate_top_k,0.016611295681063124,300,within_object_class_support_label_permutation,0.4166666666666667,4,3,0.4166666666666667,0.4166666666666667,1.0,300,201,0.4166666666666667,0.4166666666666667,1.0,object_cluster,leave-one-object-out sensitivity plus object-cluster bootstrap
a0f7aa77ce31a40442a17d67,C_vs_Cp2__no_window,log_loss_attenuation,8eb760d133ac749e3327,scale_band:scale_band=early,True,selected_by_outcome_blind_record_predicate_top_k,0.0033222591362126247,300,within_object_class_support_label_permutation,1.0131533919623896,4,3,0.9967439806863571,1.0026765870919572,1.0,300,198,0.9533275285540334,1.0171915077613474,1.0,object_cluster,leave-one-object-out sensitivity plus object-cluster bootstrap
336d491469447570cf6c0fc9,C_vs_Cp2__no_window,measurement_missingness_concentration,8eb760d133ac749e3327,scale_band:scale_band=early,True,selected_by_outcome_blind_record_predicate_top_k,1.0,300,within_object_class_support_label_permutation,0.0,4,3,0.0,0.0,0.0,300,208,0.0,0.0,0.0,object_cluster,leave-one-object-out sensitivity plus object-cluster bootstrap
828b44d2b1ade3cb9d1a1067,C_vs_Cp2__no_window,relation_separation_attenuation,4487ed03ba052140cc42,transition:transition=5→6,True,selected_by_outcome_blind_record_predicate_top_k,0.9933554817275747,300,within_object_class_support_label_permutation,-0.03065276697417496,4,3,-0.10936437831879964,-0.09945144516281323,0.0,300,181,-0.2407351890270938,-0.022955024258865864,0.0,object_cluster,leave-one-object-out sensitivity plus object-cluster bootstrap
e441872072fac87bdcca301d,C_vs_Cp2__no_window,local_criterion_breach,4487ed03ba052140cc42,transition:transition=5→6,True,selected_by_outcome_blind_record_predicate_top_k,1.0,300,within_object_class_support_label_permutation,-0.1388888888888889,4,3,-0.17857142857142858,-0.17857142857142858,0.0,300,183,-0.3409090909090909,-0.1388888888888889,0.0,object_cluster,leave-one-object-out sensitivity plus object-cluster bootstrap
1e478d9590752d6c25bd9734,C_vs_Cp2__no_window,log_loss_attenuation,4487ed03ba052140cc42,transition:transition=5→6,True,selected_by_outcome_blind_record_predicate_top_k,1.0,300,within_object_class_support_label_permutation,-0.21419588423888158,4,3,-0.3176061562430765,-0.3125713343494805,0.0,300,176,-0.49852365688241373,-0.2102852090353644,0.0,object_cluster,leave-one-object-out sensitivity plus object-cluster bootstrap
9ca9669db563343351a86db2,C_vs_Cp2__no_window,measurement_missingness_concentration,4487ed03ba052140cc42,transition:transition=5→6,True,selected_by_outcome_blind_record_predicate_top_k,1.0,300,within_object_class_support_label_permutation,0.0,4,3,0.0,0.0,0.0,300,192,0.0,0.0,0.0,object_cluster,leave-one-object-out sensitivity plus object-cluster bootstrap
b89047cf2f31c9e1213f2b75,C_vs_Cp2__no_window,relation_separation_attenuation,72b9f48eeec38e892701,cohort:cohort=after,True,selected_by_outcome_blind_record_predicate_top_k,0.521594684385382,300,within_object_class_support_label_permutation,-0.05774956926533814,4,4,-0.05663691174455243,0.0007329602838599403,0.25,300,300,-0.05798209575616238,0.0008659980055113481,0.27666666666666667,object_cluster,leave-one-object-out sensitivity plus object-cluster bootstrap
5032c1572281bc6d4ce41660,C_vs_Cp2__no_window,local_criterion_breach,72b9f48eeec38e892701,cohort:cohort=after,True,selected_by_outcome_blind_record_predicate_top_k,0.6810631229235881,300,within_object_class_support_label_permutation,-0.005263157894736831,4,4,0.0,0.0,0.0,300,300,-0.005263157894736831,0.03246753246753245,0.24333333333333335,object_cluster,leave-one-object-out sensitivity plus object-cluster bootstrap
945fa31d5d14c84331bfbda4,C_vs_Cp2__no_window,log_loss_attenuation,72b9f48eeec38e892701,cohort:cohort=after,True,selected_by_outcome_blind_record_predicate_top_k,0.46179401993355484,300,within_object_class_support_label_permutation,-0.06841636518406713,4,4,-0.0663410332599424,0.00037283872033483725,0.25,300,300,-0.06853069401007544,0.00042677168057750695,0.32666666666666666,object_cluster,leave-one-object-out sensitivity plus object-cluster bootstrap
19af3a090592197cda123114,C_vs_Cp2__no_window,measurement_missingness_concentration,72b9f48eeec38e892701,cohort:cohort=after,True,selected_by_outcome_blind_record_predicate_top_k,1.0,300,within_object_class_support_label_permutation,0.0,4,4,0.0,0.0,0.0,300,300,0.0,0.0,0.0,object_cluster,leave-one-object-out sensitivity plus object-cluster bootstrap
fa1a40cd117ab1c414fd354e,C_vs_Cp2__no_window,relation_separation_attenuation,8d0858b65a564a46e221,seam_relative:seam_relative_region=far AND route_or_path:dominant_family=shape,True,selected_by_outcome_blind_record_predicate_top_k,0.07308970099667775,300,within_object_class_support_label_permutation,-0.4949647755723919,4,3,-0.4990925360667039,-0.4884887801189965,0.0,300,204,-0.5021935628178031,-0.48743158798703173,0.0,object_cluster,leave-one-object-out sensitivity plus object-cluster bootstrap
3a1e7237a2c287351a8b7fed,C_vs_Cp2__no_window,local_criterion_breach,8d0858b65a564a46e221,seam_relative:seam_relative_region=far AND route_or_path:dominant_family=shape,True,selected_by_outcome_blind_record_predicate_top_k,1.0,300,within_object_class_support_label_permutation,-0.20833333333333334,4,3,-0.20833333333333334,-0.20833333333333334,0.0,300,196,-0.20833333333333334,-0.20833333333333334,0.0,object_cluster,leave-one-object-out sensitivity plus object-cluster bootstrap
12a864377c791f4c58296872,C_vs_Cp2__no_window,log_loss_attenuation,8d0858b65a564a46e221,seam_relative:seam_relative_region=far AND route_or_path:dominant_family=shape,True,selected_by_outcome_blind_record_predicate_top_k,0.06312292358803986,300,within_object_class_support_label_permutation,-0.596143062599913,4,3,-0.5982411731037253,-0.592858287071307,0.0,300,211,-0.60286381304383,-0.5924222724774917,0.0,object_cluster,leave-one-object-out sensitivity plus object-cluster bootstrap
62830c4a7a362f871840fa68,C_vs_Cp2__no_window,measurement_missingness_concentration,8d0858b65a564a46e221,seam_relative:seam_relative_region=far AND route_or_path:dominant_family=shape,True,selected_by_outcome_blind_record_predicate_top_k,1.0,300,within_object_class_support_label_permutation,0.0,4,3,0.0,0.0,0.0,300,214,0.0,0.0,0.0,object_cluster,leave-one-object-out sensitivity plus object-cluster bootstrap
71f20b6ad6f7638a16b42b6d,C_vs_Cp2__no_window,relation_separation_attenuation,6ab5b53c0446ed47f245,scale_band:scale_band=late AND route_or_path:dominant_family=shape,True,selected_by_outcome_blind_record_predicate_top_k,1.0,0,support_indicator_constant_within_all_object_class_strata,-0.514571945990125,4,2,-0.5154358981505782,-0.5134527774318153,0.0,300,116,-0.5158639626608077,-0.5132799293194422,0.0,object_cluster,leave-one-object-out sensitivity plus object-cluster bootstrap
b0841a77fe70f1dc598650f5,C_vs_Cp2__no_window,local_criterion_breach,6ab5b53c0446ed47f245,scale_band:scale_band=late AND route_or_path:dominant_family=shape,True,selected_by_outcome_blind_record_predicate_top_k,1.0,0,support_indicator_constant_within_all_object_class_strata,-0.20833333333333334,4,2,-0.20833333333333334,-0.20833333333333334,0.0,300,129,-0.20833333333333334,-0.20833333333333334,0.0,object_cluster,leave-one-object-out sensitivity plus object-cluster bootstrap
f37ac829aaaab1d36da9dabe,C_vs_Cp2__no_window,log_loss_attenuation,6ab5b53c0446ed47f245,scale_band:scale_band=late AND route_or_path:dominant_family=shape,True,selected_by_outcome_blind_record_predicate_top_k,1.0,0,support_indicator_constant_within_all_object_class_strata,-0.6060890919185462,4,2,-0.6065322277084716,-0.6055148718261516,0.0,300,119,-0.6064679344343461,-0.6054264388577767,0.0,object_cluster,leave-one-object-out sensitivity plus object-cluster bootstrap
e08f6f13388d97a909659015,C_vs_Cp2__no_window,measurement_missingness_concentration,6ab5b53c0446ed47f245,scale_band:scale_band=late AND route_or_path:dominant_family=shape,True,selected_by_outcome_blind_record_predicate_top_k,1.0,0,support_indicator_constant_within_all_object_class_strata,0.0,4,2,0.0,0.0,0.0,300,135,0.0,0.0,0.0,object_cluster,leave-one-object-out sensitivity plus object-cluster bootstrap
1895f3a26999e77ddb06682a,C_vs_Cp2__no_window,relation_separation_attenuation,114bd7932e0008f8ef79,scale_band:scale_band=early AND seam_relative:seam_relative_region=near,True,selected_by_outcome_blind_record_predicate_top_k,0.0033222591362126247,300,within_object_class_support_label_permutation,0.8240949830415584,4,3,0.7988735637095256,0.8080057027142926,1.0,300,205,0.7237564801345948,0.8316953075316886,1.0,object_cluster,leave-one-object-out sensitivity plus object-cluster bootstrap
9a1b8537bb0aac4dd2f70530,C_vs_Cp2__no_window,local_criterion_breach,114bd7932e0008f8ef79,scale_band:scale_band=early AND seam_relative:seam_relative_region=near,True,selected_by_outcome_blind_record_predicate_top_k,0.0033222591362126247,300,within_object_class_support_label_permutation,0.5,4,3,0.5,0.5,1.0,300,209,0.5,0.5,1.0,object_cluster,leave-one-object-out sensitivity plus object-cluster bootstrap
abf87c205565392f1e00275c,C_vs_Cp2__no_window,log_loss_attenuation,114bd7932e0008f8ef79,scale_band:scale_band=early AND seam_relative:seam_relative_region=near,True,selected_by_outcome_blind_record_predicate_top_k,0.0033222591362126247,300,within_object_class_support_label_permutation,1.209437390265377,4,3,1.1946041201397117,1.1992400614850638,1.0,300,206,1.1520926500592776,1.2132972159523072,1.0,object_cluster,leave-one-object-out sensitivity plus object-cluster bootstrap
6136e3689914916938e57bbd,C_vs_Cp2__no_window,measurement_missingness_concentration,114bd7932e0008f8ef79,scale_band:scale_band=early AND seam_relative:seam_relative_region=near,True,selected_by_outcome_blind_record_predicate_top_k,1.0,300,within_object_class_support_label_permutation,0.0,4,3,0.0,0.0,0.0,300,222,0.0,0.0,0.0,object_cluster,leave-one-object-out sensitivity plus object-cluster bootstrap
3162313225352078a8a663a9,C_vs_Cp2__no_window,relation_separation_attenuation,5930a3b7db7497d921fc,cohort:cohort=after AND route_or_path:dominant_family=shape,True,selected_by_outcome_blind_record_predicate_top_k,0.3754152823920266,300,within_object_class_support_label_permutation,-0.2807239447769818,4,4,-0.3293323089424296,0.0007329602838599403,0.25,300,283,-0.3960619245065844,0.0008932762113824655,0.3710247349823322,object_cluster,leave-one-object-out sensitivity plus object-cluster bootstrap
9cbaa2c776e409367dd612dc,C_vs_Cp2__no_window,local_criterion_breach,5930a3b7db7497d921fc,cohort:cohort=after AND route_or_path:dominant_family=shape,True,selected_by_outcome_blind_record_predicate_top_k,1.0,300,within_object_class_support_label_permutation,-0.11904761904761904,4,4,-0.1388888888888889,0.0,0.0,300,280,-0.16666666666666666,0.0,0.0,object_cluster,leave-one-object-out sensitivity plus object-cluster bootstrap
9bd7ba2975e1b21da1d39cea,C_vs_Cp2__no_window,log_loss_attenuation,5930a3b7db7497d921fc,cohort:cohort=after AND route_or_path:dominant_family=shape,True,selected_by_outcome_blind_record_predicate_top_k,0.31893687707641194,300,within_object_class_support_label_permutation,-0.33958752112882323,4,4,-0.3971100076708831,0.00037283872033483725,0.25,300,277,-0.4769688093331305,0.0004434545725826347,0.33212996389891697,object_cluster,leave-one-object-out sensitivity plus object-cluster bootstrap
bea79f7862a0210c96c3e7a9,C_vs_Cp2__no_window,measurement_missingness_concentration,5930a3b7db7497d921fc,cohort:cohort=after AND route_or_path:dominant_family=shape,True,selected_by_outcome_blind_record_predicate_top_k,1.0,300,within_object_class_support_label_permutation,0.0,4,4,0.0,0.0,0.0,300,287,0.0,0.0,0.0,object_cluster,leave-one-object-out sensitivity plus object-cluster bootstrap
5e79192badaa0781bf644a75,C_vs_Cp2__stability_plus_geometry,relation_separation_attenuation,c683c10822cc59ae7587,seam_relative:seam_relative_region=far,True,selected_by_outcome_blind_record_predicate_top_k,0.9966777408637874,300,within_object_class_support_label_permutation,-0.38538298966526485,4,3,-0.4058222065437713,-0.381160389359112,0.0,300,200,-0.46641259230802634,-0.3712158053022544,0.0,object_cluster,leave-one-object-out sensitivity plus object-cluster bootstrap
b0f217e2e31ee227265c8fc8,C_vs_Cp2__stability_plus_geometry,local_criterion_breach,c683c10822cc59ae7587,seam_relative:seam_relative_region=far,True,selected_by_outcome_blind_record_predicate_top_k,1.0,300,within_object_class_support_label_permutation,-0.05555555555555555,4,3,-0.05555555555555555,-0.05555555555555555,0.0,300,205,-0.05555555555555555,-0.05555555555555555,0.0,object_cluster,leave-one-object-out sensitivity plus object-cluster bootstrap
e177ad57e61d3a3d5af7e187,C_vs_Cp2__stability_plus_geometry,log_loss_attenuation,c683c10822cc59ae7587,seam_relative:seam_relative_region=far,True,selected_by_outcome_blind_record_predicate_top_k,0.9700996677740864,300,within_object_class_support_label_permutation,-0.3358001205073461,4,3,-0.34704485914002164,-0.3337902578387577,0.0,300,205,-0.3774820166634642,-0.32824079033387515,0.0,object_cluster,leave-one-object-out sensitivity plus object-cluster bootstrap
d3fe867a50d4bbb50cb1d3ea,C_vs_Cp2__stability_plus_geometry,measurement_missingness_concentration,c683c10822cc59ae7587,seam_relative:seam_relative_region=far,True,selected_by_outcome_blind_record_predicate_top_k,1.0,300,within_object_class_support_label_permutation,0.0,4,3,0.0,0.0,0.0,300,197,0.0,0.0,0.0,object_cluster,leave-one-object-out sensitivity plus object-cluster bootstrap
ed16260c01a870751321b640,C_vs_Cp2__stability_plus_geometry,relation_separation_attenuation,8eb760d133ac749e3327,scale_band:scale_band=early,True,selected_by_outcome_blind_record_predicate_top_k,0.013289036544850499,300,within_object_class_support_label_permutation,0.4606253437028822,4,3,0.44573363055545556,0.4757188999498705,1.0,300,210,0.4438781322820524,0.5098839657971621,1.0,object_cluster,leave-one-object-out sensitivity plus object-cluster bootstrap
21caf0336c7e4b69e6fbe625,C_vs_Cp2__stability_plus_geometry,local_criterion_breach,8eb760d133ac749e3327,scale_band:scale_band=early,True,selected_by_outcome_blind_record_predicate_top_k,0.45514950166112955,300,within_object_class_support_label_permutation,0.08333333333333333,4,3,0.08333333333333333,0.08333333333333333,1.0,300,199,0.08333333333333333,0.08333333333333333,1.0,object_cluster,leave-one-object-out sensitivity plus object-cluster bootstrap
ea8c43d078e2bdc7f9263924,C_vs_Cp2__stability_plus_geometry,log_loss_attenuation,8eb760d133ac749e3327,scale_band:scale_band=early,True,selected_by_outcome_blind_record_predicate_top_k,0.0033222591362126247,300,within_object_class_support_label_permutation,0.43082662124645865,4,3,0.4223360981961785,0.4386876951472701,1.0,300,199,0.4217578038050301,0.4682986538565599,1.0,object_cluster,leave-one-object-out sensitivity plus object-cluster bootstrap
91810edf8b9a14c6a5940f93,C_vs_Cp2__stability_plus_geometry,measurement_missingness_concentration,8eb760d133ac749e3327,scale_band:scale_band=early,True,selected_by_outcome_blind_record_predicate_top_k,1.0,300,within_object_class_support_label_permutation,0.0,4,3,0.0,0.0,0.0,300,200,0.0,0.0,0.0,object_cluster,leave-one-object-out sensitivity plus object-cluster bootstrap
439f0b49a126a13489504141,C_vs_Cp2__stability_plus_geometry,relation_separation_attenuation,4487ed03ba052140cc42,transition:transition=5→6,True,selected_by_outcome_blind_record_predicate_top_k,0.9933554817275747,300,within_object_class_support_label_permutation,-0.09284911785556837,4,3,-0.15365391183058863,-0.14002858248805317,0.0,300,195,-0.36978353245527606,-0.08257977527476235,0.0,object_cluster,leave-one-object-out sensitivity plus object-cluster bootstrap
e3c88ea34d7b626bc6ca3573,C_vs_Cp2__stability_plus_geometry,local_criterion_breach,4487ed03ba052140cc42,transition:transition=5→6,True,selected_by_outcome_blind_record_predicate_top_k,1.0,300,within_object_class_support_label_permutation,-0.027777777777777776,4,3,-0.03571428571428571,-0.03571428571428571,0.0,300,192,-0.05,-0.027777777777777776,0.0,object_cluster,leave-one-object-out sensitivity plus object-cluster bootstrap
ce980d66009b6423cdc65ae9,C_vs_Cp2__stability_plus_geometry,log_loss_attenuation,4487ed03ba052140cc42,transition:transition=5→6,True,selected_by_outcome_blind_record_predicate_top_k,0.9966777408637874,300,within_object_class_support_label_permutation,-0.10512171482570437,4,3,-0.1554363454808647,-0.14846717561635114,0.0,300,178,-0.34506169260035824,-0.09986867068091147,0.0,object_cluster,leave-one-object-out sensitivity plus object-cluster bootstrap
22b9791ab5c8f079661d3960,C_vs_Cp2__stability_plus_geometry,measurement_missingness_concentration,4487ed03ba052140cc42,transition:transition=5→6,True,selected_by_outcome_blind_record_predicate_top_k,1.0,300,within_object_class_support_label_permutation,0.0,4,3,0.0,0.0,0.0,300,189,0.0,0.0,0.0,object_cluster,leave-one-object-out sensitivity plus object-cluster bootstrap
c0a88ab1a6d0bef3319ae843,C_vs_Cp2__stability_plus_geometry,relation_separation_attenuation,72b9f48eeec38e892701,cohort:cohort=after,True,selected_by_outcome_blind_record_predicate_top_k,0.46511627906976744,300,within_object_class_support_label_permutation,-0.05391099813224165,4,4,-0.059321855172425386,0.0002586337281805795,0.25,300,300,-0.06279171928593552,0.0002732649559763489,0.30666666666666664,object_cluster,leave-one-object-out sensitivity plus object-cluster bootstrap
8d3df0c6c15bd8db39d824cf,C_vs_Cp2__stability_plus_geometry,local_criterion_breach,72b9f48eeec38e892701,cohort:cohort=after,True,selected_by_outcome_blind_record_predicate_top_k,1.0,300,within_object_class_support_label_permutation,-0.02631578947368421,4,4,-0.03125,0.0,0.0,300,300,-0.045454545454545456,0.0,0.0,object_cluster,leave-one-object-out sensitivity plus object-cluster bootstrap
54f86a24b2dba0ad7b4dde02,C_vs_Cp2__stability_plus_geometry,log_loss_attenuation,72b9f48eeec38e892701,cohort:cohort=after,True,selected_by_outcome_blind_record_predicate_top_k,0.4750830564784053,300,within_object_class_support_label_permutation,-0.07256533403922921,4,4,-0.08286164413423942,0.0001304644454042346,0.25,300,300,-0.10240538387920614,0.0001378644079962632,0.36,object_cluster,leave-one-object-out sensitivity plus object-cluster bootstrap
17203fff6b53672c0251de64,C_vs_Cp2__stability_plus_geometry,measurement_missingness_concentration,72b9f48eeec38e892701,cohort:cohort=after,True,selected_by_outcome_blind_record_predicate_top_k,1.0,300,within_object_class_support_label_permutation,0.0,4,4,0.0,0.0,0.0,300,300,0.0,0.0,0.0,object_cluster,leave-one-object-out sensitivity plus object-cluster bootstrap
e84fd944572aa89d0908d01a,C_vs_Cp2__stability_plus_geometry,relation_separation_attenuation,8d0858b65a564a46e221,seam_relative:seam_relative_region=far AND route_or_path:dominant_family=shape,True,selected_by_outcome_blind_record_predicate_top_k,0.7408637873754153,300,within_object_class_support_label_permutation,-0.2989047829367617,4,3,-0.31955278118411645,-0.2940259355023743,0.0,300,199,-0.35005231867210185,-0.284314695752955,0.0,object_cluster,leave-one-object-out sensitivity plus object-cluster bootstrap
5c9aa9bf2fac07b561851608,C_vs_Cp2__stability_plus_geometry,local_criterion_breach,8d0858b65a564a46e221,seam_relative:seam_relative_region=far AND route_or_path:dominant_family=shape,True,selected_by_outcome_blind_record_predicate_top_k,1.0,300,within_object_class_support_label_permutation,-0.041666666666666664,4,3,-0.041666666666666664,-0.041666666666666664,0.0,300,204,-0.041666666666666664,-0.041666666666666664,0.0,object_cluster,leave-one-object-out sensitivity plus object-cluster bootstrap
c933c40da0a44098f0e0ddd9,C_vs_Cp2__stability_plus_geometry,log_loss_attenuation,8d0858b65a564a46e221,seam_relative:seam_relative_region=far AND route_or_path:dominant_family=shape,True,selected_by_outcome_blind_record_predicate_top_k,0.6378737541528239,300,within_object_class_support_label_permutation,-0.2572833457693159,4,3,-0.2686364013478233,-0.25493220776737263,0.0,300,211,-0.3026955680833454,-0.24950421492602026,0.0,object_cluster,leave-one-object-out sensitivity plus object-cluster bootstrap
28d65dac643c0abdae48a94d,C_vs_Cp2__stability_plus_geometry,measurement_missingness_concentration,8d0858b65a564a46e221,seam_relative:seam_relative_region=far AND route_or_path:dominant_family=shape,True,selected_by_outcome_blind_record_predicate_top_k,1.0,300,within_object_class_support_label_permutation,0.0,4,3,0.0,0.0,0.0,300,203,0.0,0.0,0.0,object_cluster,leave-one-object-out sensitivity plus object-cluster bootstrap
ef2577c3cbd59341265ad4ea,C_vs_Cp2__stability_plus_geometry,relation_separation_attenuation,6ab5b53c0446ed47f245,scale_band:scale_band=late AND route_or_path:dominant_family=shape,True,selected_by_outcome_blind_record_predicate_top_k,1.0,0,support_indicator_constant_within_all_object_class_strata,-0.3097521717334457,4,2,-0.3287039919952732,-0.3287039919952732,0.0,300,127,-0.4213485792004309,-0.3097521717334457,0.0,object_cluster,leave-one-object-out sensitivity plus object-cluster bootstrap
88be766a0dc7f0bfd2ddbeb6,C_vs_Cp2__stability_plus_geometry,local_criterion_breach,6ab5b53c0446ed47f245,scale_band:scale_band=late AND route_or_path:dominant_family=shape,True,selected_by_outcome_blind_record_predicate_top_k,1.0,0,support_indicator_constant_within_all_object_class_strata,-0.041666666666666664,4,2,-0.041666666666666664,-0.041666666666666664,0.0,300,133,-0.041666666666666664,-0.041666666666666664,0.0,object_cluster,leave-one-object-out sensitivity plus object-cluster bootstrap
33fb1a5ccd8aa9d940fdfbdc,C_vs_Cp2__stability_plus_geometry,log_loss_attenuation,6ab5b53c0446ed47f245,scale_band:scale_band=late AND route_or_path:dominant_family=shape,True,selected_by_outcome_blind_record_predicate_top_k,1.0,0,support_indicator_constant_within_all_object_class_strata,-0.262461456856092,4,2,-0.2730084987836397,-0.2730084987836397,0.0,300,128,-0.32464470507225524,-0.262461456856092,0.0,object_cluster,leave-one-object-out sensitivity plus object-cluster bootstrap
7330618dbf65eb8314866bd4,C_vs_Cp2__stability_plus_geometry,measurement_missingness_concentration,6ab5b53c0446ed47f245,scale_band:scale_band=late AND route_or_path:dominant_family=shape,True,selected_by_outcome_blind_record_predicate_top_k,1.0,0,support_indicator_constant_within_all_object_class_strata,0.0,4,2,0.0,0.0,0.0,300,131,0.0,0.0,0.0,object_cluster,leave-one-object-out sensitivity plus object-cluster bootstrap
5664a919a73350d749e027dc,C_vs_Cp2__stability_plus_geometry,relation_separation_attenuation,114bd7932e0008f8ef79,scale_band:scale_band=early AND seam_relative:seam_relative_region=near,True,selected_by_outcome_blind_record_predicate_top_k,0.0033222591362126247,300,within_object_class_support_label_permutation,0.5214657539450481,4,3,0.5028195469466459,0.5281294554026414,1.0,300,223,0.48548356282127636,0.5990020316837028,1.0,object_cluster,leave-one-object-out sensitivity plus object-cluster bootstrap
e3d43ddb3505b13467a14b77,C_vs_Cp2__stability_plus_geometry,local_criterion_breach,114bd7932e0008f8ef79,scale_band:scale_band=early AND seam_relative:seam_relative_region=near,True,selected_by_outcome_blind_record_predicate_top_k,0.4219269102990033,300,within_object_class_support_label_permutation,0.1,4,3,0.1,0.1,1.0,300,199,0.1,0.1,1.0,object_cluster,leave-one-object-out sensitivity plus object-cluster bootstrap
b1cbe2768025a36a9305d0d8,C_vs_Cp2__stability_plus_geometry,log_loss_attenuation,114bd7932e0008f8ef79,scale_band:scale_band=early AND seam_relative:seam_relative_region=near,True,selected_by_outcome_blind_record_predicate_top_k,0.0033222591362126247,300,within_object_class_support_label_permutation,0.5005649017085503,4,3,0.4900372133050156,0.5042062245218849,1.0,300,194,0.48481486438121435,0.5145642976871848,1.0,object_cluster,leave-one-object-out sensitivity plus object-cluster bootstrap
c5bd14e13902884553af2647,C_vs_Cp2__stability_plus_geometry,measurement_missingness_concentration,114bd7932e0008f8ef79,scale_band:scale_band=early AND seam_relative:seam_relative_region=near,True,selected_by_outcome_blind_record_predicate_top_k,1.0,300,within_object_class_support_label_permutation,0.0,4,3,0.0,0.0,0.0,300,202,0.0,0.0,0.0,object_cluster,leave-one-object-out sensitivity plus object-cluster bootstrap
deb80677965b439775df8ba5,C_vs_Cp2__stability_plus_geometry,relation_separation_attenuation,5930a3b7db7497d921fc,cohort:cohort=after AND route_or_path:dominant_family=shape,True,selected_by_outcome_blind_record_predicate_top_k,0.4950166112956811,300,within_object_class_support_label_permutation,-0.17395033388819459,4,4,-0.21302852042541165,0.0002586337281805795,0.25,300,284,-0.27017109298369213,0.0002732649559763489,0.27816901408450706,object_cluster,leave-one-object-out sensitivity plus object-cluster bootstrap
af0c685670aa5fbe63e16f4e,C_vs_Cp2__stability_plus_geometry,local_criterion_breach,5930a3b7db7497d921fc,cohort:cohort=after AND route_or_path:dominant_family=shape,True,selected_by_outcome_blind_record_predicate_top_k,1.0,300,within_object_class_support_label_permutation,-0.023809523809523808,4,4,-0.027777777777777776,0.0,0.0,300,287,-0.03333333333333333,0.0,0.0,object_cluster,leave-one-object-out sensitivity plus object-cluster bootstrap
c5214681f65652fe4cddadb3,C_vs_Cp2__stability_plus_geometry,log_loss_attenuation,5930a3b7db7497d921fc,cohort:cohort=after AND route_or_path:dominant_family=shape,True,selected_by_outcome_blind_record_predicate_top_k,0.5348837209302325,300,within_object_class_support_label_permutation,-0.14896078180125313,4,4,-0.17932781496006095,0.0001304644454042346,0.25,300,290,-0.22326952403539124,0.00015636431447631216,0.3103448275862069,object_cluster,leave-one-object-out sensitivity plus object-cluster bootstrap
c8d82de670e07038e7781c92,C_vs_Cp2__stability_plus_geometry,measurement_missingness_concentration,5930a3b7db7497d921fc,cohort:cohort=after AND route_or_path:dominant_family=shape,True,selected_by_outcome_blind_record_predicate_top_k,1.0,300,within_object_class_support_label_permutation,0.0,4,4,0.0,0.0,0.0,300,282,0.0,0.0,0.0,object_cluster,leave-one-object-out sensitivity plus object-cluster bootstrap
c6f12428792d9c14545d73ad,C_vs_Cp2__strict_numeric_all,relation_separation_attenuation,c683c10822cc59ae7587,seam_relative:seam_relative_region=far,True,selected_by_outcome_blind_record_predicate_top_k,0.9867109634551495,300,within_object_class_support_label_permutation,-0.7037331786219391,4,3,-0.7023204163477321,-0.6950729442598658,0.0,300,202,-0.707629271058023,-0.6857475144106548,0.0,object_cluster,leave-one-object-out sensitivity plus object-cluster bootstrap
3264c6b3ca420e465a2b41a5,C_vs_Cp2__strict_numeric_all,local_criterion_breach,c683c10822cc59ae7587,seam_relative:seam_relative_region=far,True,selected_by_outcome_blind_record_predicate_top_k,1.0,300,within_object_class_support_label_permutation,-0.3888888888888889,4,3,-0.3888888888888889,-0.3888888888888889,0.0,300,193,-0.3888888888888889,-0.3888888888888889,0.0,object_cluster,leave-one-object-out sensitivity plus object-cluster bootstrap
9a0bdfede2d340721920d326,C_vs_Cp2__strict_numeric_all,log_loss_attenuation,c683c10822cc59ae7587,seam_relative:seam_relative_region=far,True,selected_by_outcome_blind_record_predicate_top_k,0.9767441860465116,300,within_object_class_support_label_permutation,-1.1140738812303141,4,3,-1.1132965011466798,-1.1096287039918549,0.0,300,212,-1.1160472767258216,-1.097379196184025,0.0,object_cluster,leave-one-object-out sensitivity plus object-cluster bootstrap
ac317570570d8c9d70166c26,C_vs_Cp2__strict_numeric_all,measurement_missingness_concentration,c683c10822cc59ae7587,seam_relative:seam_relative_region=far,True,selected_by_outcome_blind_record_predicate_top_k,1.0,300,within_object_class_support_label_permutation,0.0,4,3,0.0,0.0,0.0,300,210,0.0,0.0,0.0,object_cluster,leave-one-object-out sensitivity plus object-cluster bootstrap
ea3f62e406a35f767c6b8bc5,C_vs_Cp2__strict_numeric_all,relation_separation_attenuation,8eb760d133ac749e3327,scale_band:scale_band=early,True,selected_by_outcome_blind_record_predicate_top_k,0.07641196013289037,300,within_object_class_support_label_permutation,0.6352421785474818,4,3,0.596892611915957,0.6049517331671234,1.0,300,205,0.4593845504190209,0.6406007666678135,1.0,object_cluster,leave-one-object-out sensitivity plus object-cluster bootstrap
8292828a12ff63f989069e1c,C_vs_Cp2__strict_numeric_all,local_criterion_breach,8eb760d133ac749e3327,scale_band:scale_band=early,True,selected_by_outcome_blind_record_predicate_top_k,0.11960132890365449,300,within_object_class_support_label_permutation,0.36111111111111116,4,3,0.34523809523809523,0.34523809523809523,1.0,300,209,0.28030303030303033,0.36111111111111116,1.0,object_cluster,leave-one-object-out sensitivity plus object-cluster bootstrap
c39e6bb062b36538538be9d1,C_vs_Cp2__strict_numeric_all,log_loss_attenuation,8eb760d133ac749e3327,scale_band:scale_band=early,True,selected_by_outcome_blind_record_predicate_top_k,0.029900332225913623,300,within_object_class_support_label_permutation,1.199816998330936,4,3,1.1618956147254944,1.1659707264072903,1.0,300,213,1.020245719011823,1.2025289351159487,1.0,object_cluster,leave-one-object-out sensitivity plus object-cluster bootstrap
55a355f19f3b7a267715c58f,C_vs_Cp2__strict_numeric_all,measurement_missingness_concentration,8eb760d133ac749e3327,scale_band:scale_band=early,True,selected_by_outcome_blind_record_predicate_top_k,1.0,300,within_object_class_support_label_permutation,0.0,4,3,0.0,0.0,0.0,300,210,0.0,0.0,0.0,object_cluster,leave-one-object-out sensitivity plus object-cluster bootstrap
5677d65612f576bf2ffb535d,C_vs_Cp2__strict_numeric_all,relation_separation_attenuation,4487ed03ba052140cc42,transition:transition=5→6,True,selected_by_outcome_blind_record_predicate_top_k,0.9501661129568106,300,within_object_class_support_label_permutation,0.1041534759203614,4,3,0.02877043570809723,0.03650044570243749,1.0,300,196,-0.2577675328088381,0.11015790069092915,0.6479591836734694,object_cluster,leave-one-object-out sensitivity plus object-cluster bootstrap
3f1918adba33a29718162d70,C_vs_Cp2__strict_numeric_all,local_criterion_breach,4487ed03ba052140cc42,transition:transition=5→6,True,selected_by_outcome_blind_record_predicate_top_k,0.9933554817275747,300,within_object_class_support_label_permutation,0.027777777777777762,4,3,-0.011904761904761918,-0.011904761904761918,0.0,300,187,-0.08333333333333334,0.027777777777777762,0.6737967914438503,object_cluster,leave-one-object-out sensitivity plus object-cluster bootstrap
d835277f34346a40fd6dd9b6,C_vs_Cp2__strict_numeric_all,log_loss_attenuation,4487ed03ba052140cc42,transition:transition=5→6,True,selected_by_outcome_blind_record_predicate_top_k,0.9833887043189369,300,within_object_class_support_label_permutation,-0.06721993844450547,4,3,-0.1951930044896265,-0.1912786074614381,0.0,300,191,-0.5646242891326541,-0.06417892498840327,0.0,object_cluster,leave-one-object-out sensitivity plus object-cluster bootstrap
6f20a732afba4bc939d4719d,C_vs_Cp2__strict_numeric_all,measurement_missingness_concentration,4487ed03ba052140cc42,transition:transition=5→6,True,selected_by_outcome_blind_record_predicate_top_k,1.0,300,within_object_class_support_label_permutation,0.0,4,3,0.0,0.0,0.0,300,182,0.0,0.0,0.0,object_cluster,leave-one-object-out sensitivity plus object-cluster bootstrap
db30f85cdccb9d9dcbeab79a,C_vs_Cp2__strict_numeric_all,relation_separation_attenuation,72b9f48eeec38e892701,cohort:cohort=after,True,selected_by_outcome_blind_record_predicate_top_k,0.584717607973422,300,within_object_class_support_label_permutation,-0.10842809349154581,4,4,-0.11753863873351222,0.0006449098182051971,0.25,300,300,-0.1211247644671416,0.0007102562216158015,0.31666666666666665,object_cluster,leave-one-object-out sensitivity plus object-cluster bootstrap
671a097a6e7fe6604c5f2afb,C_vs_Cp2__strict_numeric_all,local_criterion_breach,72b9f48eeec38e892701,cohort:cohort=after,True,selected_by_outcome_blind_record_predicate_top_k,0.8704318936877077,300,within_object_class_support_label_permutation,-0.05789473684210525,4,4,-0.0625,0.0,0.0,300,300,-0.06410256410256412,0.0,0.0,object_cluster,leave-one-object-out sensitivity plus object-cluster bootstrap
2b6a53f3fa9fd2893984ae5f,C_vs_Cp2__strict_numeric_all,log_loss_attenuation,72b9f48eeec38e892701,cohort:cohort=after,True,selected_by_outcome_blind_record_predicate_top_k,0.5813953488372093,300,within_object_class_support_label_permutation,-0.23688815897021365,4,4,-0.2668602032316042,0.00032749586602827743,0.25,300,300,-0.29887011228702054,0.00039693264646724,0.35333333333333333,object_cluster,leave-one-object-out sensitivity plus object-cluster bootstrap
6562b39105ca5af9f0e0cb85,C_vs_Cp2__strict_numeric_all,measurement_missingness_concentration,72b9f48eeec38e892701,cohort:cohort=after,True,selected_by_outcome_blind_record_predicate_top_k,1.0,300,within_object_class_support_label_permutation,0.0,4,4,0.0,0.0,0.0,300,300,0.0,0.0,0.0,object_cluster,leave-one-object-out sensitivity plus object-cluster bootstrap
0c1a7f15747faf928498f56b,C_vs_Cp2__strict_numeric_all,relation_separation_attenuation,8d0858b65a564a46e221,seam_relative:seam_relative_region=far AND route_or_path:dominant_family=shape,True,selected_by_outcome_blind_record_predicate_top_k,0.15614617940199335,300,within_object_class_support_label_permutation,-0.550132021264786,4,3,-0.5527757788573324,-0.5454544936000537,0.0,300,205,-0.5583437729229124,-0.5440996157726208,0.0,object_cluster,leave-one-object-out sensitivity plus object-cluster bootstrap
269713a37a67ba79686c96dc,C_vs_Cp2__strict_numeric_all,local_criterion_breach,8d0858b65a564a46e221,seam_relative:seam_relative_region=far AND route_or_path:dominant_family=shape,True,selected_by_outcome_blind_record_predicate_top_k,1.0,300,within_object_class_support_label_permutation,-0.2916666666666667,4,3,-0.2916666666666667,-0.2916666666666667,0.0,300,202,-0.2916666666666667,-0.2916666666666667,0.0,object_cluster,leave-one-object-out sensitivity plus object-cluster bootstrap
eb839d7131ff432a3232ea28,C_vs_Cp2__strict_numeric_all,log_loss_attenuation,8d0858b65a564a46e221,seam_relative:seam_relative_region=far AND route_or_path:dominant_family=shape,True,selected_by_outcome_blind_record_predicate_top_k,0.2059800664451827,300,within_object_class_support_label_permutation,-0.8472198139019678,4,3,-0.8485614857061289,-0.8448561693617936,0.0,300,200,-0.8513843054125448,-0.8446789515006585,0.0,object_cluster,leave-one-object-out sensitivity plus object-cluster bootstrap
2f2f692842ef8c6c7759461f,C_vs_Cp2__strict_numeric_all,measurement_missingness_concentration,8d0858b65a564a46e221,seam_relative:seam_relative_region=far AND route_or_path:dominant_family=shape,True,selected_by_outcome_blind_record_predicate_top_k,1.0,300,within_object_class_support_label_permutation,0.0,4,3,0.0,0.0,0.0,300,197,0.0,0.0,0.0,object_cluster,leave-one-object-out sensitivity plus object-cluster bootstrap
1f419ae71e08ee133d742624,C_vs_Cp2__strict_numeric_all,relation_separation_attenuation,6ab5b53c0446ed47f245,scale_band:scale_band=late AND route_or_path:dominant_family=shape,True,selected_by_outcome_blind_record_predicate_top_k,1.0,0,support_indicator_constant_within_all_object_class_strata,-0.5645279525059519,4,2,-0.5648745865915428,-0.5633017753006277,0.0,300,123,-0.5655464398285569,-0.5620828936951356,0.0,object_cluster,leave-one-object-out sensitivity plus object-cluster bootstrap
633afbcfcc6578cf7297ee53,C_vs_Cp2__strict_numeric_all,local_criterion_breach,6ab5b53c0446ed47f245,scale_band:scale_band=late AND route_or_path:dominant_family=shape,True,selected_by_outcome_blind_record_predicate_top_k,1.0,0,support_indicator_constant_within_all_object_class_strata,-0.2916666666666667,4,2,-0.2916666666666667,-0.2916666666666667,0.0,300,143,-0.2916666666666667,-0.2916666666666667,0.0,object_cluster,leave-one-object-out sensitivity plus object-cluster bootstrap
bf535d46b50737be4cd04350,C_vs_Cp2__strict_numeric_all,log_loss_attenuation,6ab5b53c0446ed47f245,scale_band:scale_band=late AND route_or_path:dominant_family=shape,True,selected_by_outcome_blind_record_predicate_top_k,1.0,0,support_indicator_constant_within_all_object_class_strata,-0.8544961488732652,4,2,-0.8546780625443922,-0.8538762208400903,0.0,300,111,-0.8550152421063552,-0.8532803332653075,0.0,object_cluster,leave-one-object-out sensitivity plus object-cluster bootstrap
d45e4a7b491666ae4d1103d3,C_vs_Cp2__strict_numeric_all,measurement_missingness_concentration,6ab5b53c0446ed47f245,scale_band:scale_band=late AND route_or_path:dominant_family=shape,True,selected_by_outcome_blind_record_predicate_top_k,1.0,0,support_indicator_constant_within_all_object_class_strata,0.0,4,2,0.0,0.0,0.0,300,139,0.0,0.0,0.0,object_cluster,leave-one-object-out sensitivity plus object-cluster bootstrap
d8f6ea73b30a1dc858090fcd,C_vs_Cp2__strict_numeric_all,relation_separation_attenuation,114bd7932e0008f8ef79,scale_band:scale_band=early AND seam_relative:seam_relative_region=near,True,selected_by_outcome_blind_record_predicate_top_k,0.0033222591362126247,300,within_object_class_support_label_permutation,0.7950973021017317,4,3,0.7623560042736941,0.7696000043855689,1.0,300,197,0.6551067145836229,0.8011866368324444,1.0,object_cluster,leave-one-object-out sensitivity plus object-cluster bootstrap
b87b2e214a86f26e4e27bb57,C_vs_Cp2__strict_numeric_all,local_criterion_breach,114bd7932e0008f8ef79,scale_band:scale_band=early AND seam_relative:seam_relative_region=near,True,selected_by_outcome_blind_record_predicate_top_k,0.026578073089700997,300,within_object_class_support_label_permutation,0.4473684210526316,4,3,0.43333333333333335,0.43333333333333335,1.0,300,228,0.38,0.4473684210526316,1.0,object_cluster,leave-one-object-out sensitivity plus object-cluster bootstrap
44b07edf5d817a3974ffc138,C_vs_Cp2__strict_numeric_all,log_loss_attenuation,114bd7932e0008f8ef79,scale_band:scale_band=early AND seam_relative:seam_relative_region=near,True,selected_by_outcome_blind_record_predicate_top_k,0.016611295681063124,300,within_object_class_support_label_permutation,1.4727644615182374,4,3,1.4398224778521709,1.4435016112650487,1.0,300,198,1.3233609965243935,1.4758603525380218,1.0,object_cluster,leave-one-object-out sensitivity plus object-cluster bootstrap
fa25f6f0c9237b3b303b7b30,C_vs_Cp2__strict_numeric_all,measurement_missingness_concentration,114bd7932e0008f8ef79,scale_band:scale_band=early AND seam_relative:seam_relative_region=near,True,selected_by_outcome_blind_record_predicate_top_k,1.0,300,within_object_class_support_label_permutation,0.0,4,3,0.0,0.0,0.0,300,211,0.0,0.0,0.0,object_cluster,leave-one-object-out sensitivity plus object-cluster bootstrap
e38ff9c73b5ee3b831732666,C_vs_Cp2__strict_numeric_all,relation_separation_attenuation,5930a3b7db7497d921fc,cohort:cohort=after AND route_or_path:dominant_family=shape,True,selected_by_outcome_blind_record_predicate_top_k,0.33554817275747506,300,within_object_class_support_label_permutation,-0.3122872128950174,4,4,-0.365536517576721,0.0006449098182051971,0.25,300,283,-0.43907742916255166,0.0007797521132944293,0.4028268551236749,object_cluster,leave-one-object-out sensitivity plus object-cluster bootstrap
96d6de1f7e905856a395dd1a,C_vs_Cp2__strict_numeric_all,local_criterion_breach,5930a3b7db7497d921fc,cohort:cohort=after AND route_or_path:dominant_family=shape,True,selected_by_outcome_blind_record_predicate_top_k,1.0,300,within_object_class_support_label_permutation,-0.16666666666666666,4,4,-0.19444444444444445,0.0,0.0,300,284,-0.23333333333333334,0.0,0.0,object_cluster,leave-one-object-out sensitivity plus object-cluster bootstrap
6fd497f16535aa62b4799ff7,C_vs_Cp2__strict_numeric_all,log_loss_attenuation,5930a3b7db7497d921fc,cohort:cohort=after AND route_or_path:dominant_family=shape,True,selected_by_outcome_blind_record_predicate_top_k,0.3488372093023256,300,within_object_class_support_label_permutation,-0.48307940862078014,4,4,-0.5642021047410897,0.00032749586602827743,0.25,300,280,-0.6772642816888463,0.00038914284255461146,0.3107142857142857,object_cluster,leave-one-object-out sensitivity plus object-cluster bootstrap
eeca02f8a64f14c05a2aa0bc,C_vs_Cp2__strict_numeric_all,measurement_missingness_concentration,5930a3b7db7497d921fc,cohort:cohort=after AND route_or_path:dominant_family=shape,True,selected_by_outcome_blind_record_predicate_top_k,1.0,300,within_object_class_support_label_permutation,0.0,4,4,0.0,0.0,0.0,300,282,0.0,0.0,0.0,object_cluster,leave-one-object-out sensitivity plus object-cluster bootstrap
62ace3fb8a4d70d54b15ccb6,C_vs_Cp2__path_shares_only,relation_separation_attenuation,c683c10822cc59ae7587,seam_relative:seam_relative_region=far,True,selected_by_outcome_blind_record_predicate_top_k,0.9867109634551495,300,within_object_class_support_label_permutation,-0.2683395697579464,4,3,-0.26621716423525665,-0.26457009594826075,0.0,300,204,-0.26904593491352813,-0.2548000499764919,0.0,object_cluster,leave-one-object-out sensitivity plus object-cluster bootstrap
e53bc552723685450e2c631e,C_vs_Cp2__path_shares_only,local_criterion_breach,c683c10822cc59ae7587,seam_relative:seam_relative_region=far,True,selected_by_outcome_blind_record_predicate_top_k,1.0,300,within_object_class_support_label_permutation,-0.1111111111111111,4,3,-0.1111111111111111,-0.1111111111111111,0.0,300,191,-0.1111111111111111,-0.1111111111111111,0.0,object_cluster,leave-one-object-out sensitivity plus object-cluster bootstrap
06e970c9552a4b8057bb9ad3,C_vs_Cp2__path_shares_only,log_loss_attenuation,c683c10822cc59ae7587,seam_relative:seam_relative_region=far,True,selected_by_outcome_blind_record_predicate_top_k,0.9700996677740864,300,within_object_class_support_label_permutation,-0.23716458652786723,4,3,-0.23607612276245488,-0.23522587905295983,0.0,300,211,-0.23753002533649228,-0.2312046542166633,0.0,object_cluster,leave-one-object-out sensitivity plus object-cluster bootstrap
627a928edc1d51ac1d36a99d,C_vs_Cp2__path_shares_only,measurement_missingness_concentration,c683c10822cc59ae7587,seam_relative:seam_relative_region=far,True,selected_by_outcome_blind_record_predicate_top_k,1.0,300,within_object_class_support_label_permutation,0.0,4,3,0.0,0.0,0.0,300,198,0.0,0.0,0.0,object_cluster,leave-one-object-out sensitivity plus object-cluster bootstrap
0dd8de416352ee675fca9386,C_vs_Cp2__path_shares_only,relation_separation_attenuation,8eb760d133ac749e3327,scale_band:scale_band=early,True,selected_by_outcome_blind_record_predicate_top_k,0.3222591362126246,300,within_object_class_support_label_permutation,0.18758011353845216,4,3,0.16911482139233025,0.16949835384684697,1.0,300,210,0.13493454300366814,0.18758011353845216,1.0,object_cluster,leave-one-object-out sensitivity plus object-cluster bootstrap
0e6ae564b1500f9b3fced6e1,C_vs_Cp2__path_shares_only,local_criterion_breach,8eb760d133ac749e3327,scale_band:scale_band=early,True,selected_by_outcome_blind_record_predicate_top_k,0.7840531561461794,300,within_object_class_support_label_permutation,0.05555555555555555,4,3,0.047619047619047616,0.047619047619047616,1.0,300,198,0.015151515151515152,0.05555555555555555,1.0,object_cluster,leave-one-object-out sensitivity plus object-cluster bootstrap
b19cc1430e2f40f3f7b1b0c5,C_vs_Cp2__path_shares_only,log_loss_attenuation,8eb760d133ac749e3327,scale_band:scale_band=early,True,selected_by_outcome_blind_record_predicate_top_k,0.3023255813953488,300,within_object_class_support_label_permutation,0.20032472401595414,4,3,0.1876215235728364,0.18782299073490627,1.0,300,190,0.1366103106357756,0.2003247240159542,1.0,object_cluster,leave-one-object-out sensitivity plus object-cluster bootstrap
fde94abb10b9a476b4f813c6,C_vs_Cp2__path_shares_only,measurement_missingness_concentration,8eb760d133ac749e3327,scale_band:scale_band=early,True,selected_by_outcome_blind_record_predicate_top_k,1.0,300,within_object_class_support_label_permutation,0.0,4,3,0.0,0.0,0.0,300,209,0.0,0.0,0.0,object_cluster,leave-one-object-out sensitivity plus object-cluster bootstrap
57baea566590ac581833e95b,C_vs_Cp2__path_shares_only,relation_separation_attenuation,4487ed03ba052140cc42,transition:transition=5→6,True,selected_by_outcome_blind_record_predicate_top_k,0.7043189368770764,300,within_object_class_support_label_permutation,0.09575087377407421,4,3,0.07170780247636732,0.07388684377592392,1.0,300,197,-0.018791252260926594,0.09739975230316533,0.9390862944162437,object_cluster,leave-one-object-out sensitivity plus object-cluster bootstrap
e99cad978d4f9b8f2d8a9801,C_vs_Cp2__path_shares_only,local_criterion_breach,4487ed03ba052140cc42,transition:transition=5→6,True,selected_by_outcome_blind_record_predicate_top_k,0.760797342192691,300,within_object_class_support_label_permutation,0.05555555555555555,4,3,0.047619047619047616,0.047619047619047616,1.0,300,189,0.033333333333333326,0.05555555555555555,1.0,object_cluster,leave-one-object-out sensitivity plus object-cluster bootstrap
efe42e70c4a46ed8ea7b1af2,C_vs_Cp2__path_shares_only,log_loss_attenuation,4487ed03ba052140cc42,transition:transition=5→6,True,selected_by_outcome_blind_record_predicate_top_k,0.6976744186046512,300,within_object_class_support_label_permutation,0.044554759737592056,4,3,0.021228885276044163,0.02234885494769548,1.0,300,173,-0.019106823334309908,0.045402174055611755,0.6473988439306358,object_cluster,leave-one-object-out sensitivity plus object-cluster bootstrap
bc99be12a2ad3ed44675c70a,C_vs_Cp2__path_shares_only,measurement_missingness_concentration,4487ed03ba052140cc42,transition:transition=5→6,True,selected_by_outcome_blind_record_predicate_top_k,1.0,300,within_object_class_support_label_permutation,0.0,4,3,0.0,0.0,0.0,300,192,0.0,0.0,0.0,object_cluster,leave-one-object-out sensitivity plus object-cluster bootstrap
f97b15e196b283031f9eb08e,C_vs_Cp2__path_shares_only,relation_separation_attenuation,72b9f48eeec38e892701,cohort:cohort=after,True,selected_by_outcome_blind_record_predicate_top_k,0.6312292358803987,300,within_object_class_support_label_permutation,-0.08529454267919123,4,4,-0.0989325419803434,-0.0003605206985607401,0.0,300,300,-0.12857545957805216,-0.00023132341995324435,0.02666666666666667,object_cluster,leave-one-object-out sensitivity plus object-cluster bootstrap
4de108f019ee0ba440b1ada9,C_vs_Cp2__path_shares_only,local_criterion_breach,72b9f48eeec38e892701,cohort:cohort=after,True,selected_by_outcome_blind_record_predicate_top_k,1.0,300,within_object_class_support_label_permutation,-0.05263157894736842,4,4,-0.0625,0.0,0.0,300,300,-0.07692307692307693,0.0,0.0,object_cluster,leave-one-object-out sensitivity plus object-cluster bootstrap
dfb07f9a721e7aa801814fb2,C_vs_Cp2__path_shares_only,log_loss_attenuation,72b9f48eeec38e892701,cohort:cohort=after,True,selected_by_outcome_blind_record_predicate_top_k,0.6943521594684385,300,within_object_class_support_label_permutation,-0.08887035571445656,4,4,-0.10422534184797225,-0.00018680918201468763,0.0,300,300,-0.14322234850800145,-0.00012016458576727049,0.02666666666666667,object_cluster,leave-one-object-out sensitivity plus object-cluster bootstrap
c102e1dc0abe452bff37632d,C_vs_Cp2__path_shares_only,measurement_missingness_concentration,72b9f48eeec38e892701,cohort:cohort=after,True,selected_by_outcome_blind_record_predicate_top_k,1.0,300,within_object_class_support_label_permutation,0.0,4,4,0.0,0.0,0.0,300,300,0.0,0.0,0.0,object_cluster,leave-one-object-out sensitivity plus object-cluster bootstrap
9f229fad52eac0612b3dab97,C_vs_Cp2__path_shares_only,relation_separation_attenuation,8d0858b65a564a46e221,seam_relative:seam_relative_region=far AND route_or_path:dominant_family=shape,True,selected_by_outcome_blind_record_predicate_top_k,0.0664451827242525,300,within_object_class_support_label_permutation,-0.20809653251643312,4,3,-0.20744881214391309,-0.2055509313309115,0.0,300,205,-0.20892551712917307,-0.19964163605312535,0.0,object_cluster,leave-one-object-out sensitivity plus object-cluster bootstrap
55eb022ecb05903b2023bdbb,C_vs_Cp2__path_shares_only,local_criterion_breach,8d0858b65a564a46e221,seam_relative:seam_relative_region=far AND route_or_path:dominant_family=shape,True,selected_by_outcome_blind_record_predicate_top_k,1.0,300,within_object_class_support_label_permutation,-0.08333333333333333,4,3,-0.08333333333333333,-0.08333333333333333,0.0,300,195,-0.08333333333333333,-0.08333333333333333,0.0,object_cluster,leave-one-object-out sensitivity plus object-cluster bootstrap
503aa28f90706542b1bbff6e,C_vs_Cp2__path_shares_only,log_loss_attenuation,8d0858b65a564a46e221,seam_relative:seam_relative_region=far AND route_or_path:dominant_family=shape,True,selected_by_outcome_blind_record_predicate_top_k,0.026578073089700997,300,within_object_class_support_label_permutation,-0.18139770508092803,4,3,-0.18106800905193365,-0.18008998305615243,0.0,300,202,-0.18182561522951524,-0.17896591786600138,0.0,object_cluster,leave-one-object-out sensitivity plus object-cluster bootstrap
109a07491fc3268b46893719,C_vs_Cp2__path_shares_only,measurement_missingness_concentration,8d0858b65a564a46e221,seam_relative:seam_relative_region=far AND route_or_path:dominant_family=shape,True,selected_by_outcome_blind_record_predicate_top_k,1.0,300,within_object_class_support_label_permutation,0.0,4,3,0.0,0.0,0.0,300,189,0.0,0.0,0.0,object_cluster,leave-one-object-out sensitivity plus object-cluster bootstrap
4a0c064b7b59e117b2d918c9,C_vs_Cp2__path_shares_only,relation_separation_attenuation,6ab5b53c0446ed47f245,scale_band:scale_band=late AND route_or_path:dominant_family=shape,True,selected_by_outcome_blind_record_predicate_top_k,1.0,0,support_indicator_constant_within_all_object_class_strata,-0.2132157365814693,4,2,-0.21158542816392933,-0.21158542816392933,0.0,300,133,-0.2132157365814693,-0.2028207887904373,0.0,object_cluster,leave-one-object-out sensitivity plus object-cluster bootstrap
5f120b5eb4d7cf4baaa77bd4,C_vs_Cp2__path_shares_only,local_criterion_breach,6ab5b53c0446ed47f245,scale_band:scale_band=late AND route_or_path:dominant_family=shape,True,selected_by_outcome_blind_record_predicate_top_k,1.0,0,support_indicator_constant_within_all_object_class_strata,-0.08333333333333333,4,2,-0.08333333333333333,-0.08333333333333333,0.0,300,141,-0.08333333333333333,-0.08333333333333333,0.0,object_cluster,leave-one-object-out sensitivity plus object-cluster bootstrap
589004e0e6fba364c1db40c6,C_vs_Cp2__path_shares_only,log_loss_attenuation,6ab5b53c0446ed47f245,scale_band:scale_band=late AND route_or_path:dominant_family=shape,True,selected_by_outcome_blind_record_predicate_top_k,1.0,0,support_indicator_constant_within_all_object_class_strata,-0.18403539577250203,4,2,-0.1831993400995512,-0.1831993400995512,0.0,300,122,-0.18403539577250203,-0.1787067050349866,0.0,object_cluster,leave-one-object-out sensitivity plus object-cluster bootstrap
e4dda2b840649dca82ade9c1,C_vs_Cp2__path_shares_only,measurement_missingness_concentration,6ab5b53c0446ed47f245,scale_band:scale_band=late AND route_or_path:dominant_family=shape,True,selected_by_outcome_blind_record_predicate_top_k,1.0,0,support_indicator_constant_within_all_object_class_strata,0.0,4,2,0.0,0.0,0.0,300,140,0.0,0.0,0.0,object_cluster,leave-one-object-out sensitivity plus object-cluster bootstrap
fb3c453b77f2fc8ac9ce667e,C_vs_Cp2__path_shares_only,relation_separation_attenuation,114bd7932e0008f8ef79,scale_band:scale_band=early AND seam_relative:seam_relative_region=near,True,selected_by_outcome_blind_record_predicate_top_k,0.16943521594684385,300,within_object_class_support_label_permutation,0.24648743982619759,4,3,0.2309772666107216,0.2311619173397127,1.0,300,208,0.17364932742843298,0.2464874398261977,1.0,object_cluster,leave-one-object-out sensitivity plus object-cluster bootstrap
a302d429038385e7055b410a,C_vs_Cp2__path_shares_only,local_criterion_breach,114bd7932e0008f8ef79,scale_band:scale_band=early AND seam_relative:seam_relative_region=near,True,selected_by_outcome_blind_record_predicate_top_k,0.6677740863787376,300,within_object_class_support_label_permutation,0.0736842105263158,4,3,0.06666666666666668,0.06666666666666668,1.0,300,193,0.04000000000000001,0.0736842105263158,1.0,object_cluster,leave-one-object-out sensitivity plus object-cluster bootstrap
43bdaa4fcc9ad78dce7d3eea,C_vs_Cp2__path_shares_only,log_loss_attenuation,114bd7932e0008f8ef79,scale_band:scale_band=early AND seam_relative:seam_relative_region=near,True,selected_by_outcome_blind_record_predicate_top_k,0.16611295681063123,300,within_object_class_support_label_permutation,0.2541785437025989,4,3,0.24337151575750182,0.2434584670239468,1.0,300,205,0.2031164105083683,0.2541785437025989,1.0,object_cluster,leave-one-object-out sensitivity plus object-cluster bootstrap
40711854b835bb642ccf3cac,C_vs_Cp2__path_shares_only,measurement_missingness_concentration,114bd7932e0008f8ef79,scale_band:scale_band=early AND seam_relative:seam_relative_region=near,True,selected_by_outcome_blind_record_predicate_top_k,1.0,300,within_object_class_support_label_permutation,0.0,4,3,0.0,0.0,0.0,300,189,0.0,0.0,0.0,object_cluster,leave-one-object-out sensitivity plus object-cluster bootstrap
35581702a6b98989f85f0d67,C_vs_Cp2__path_shares_only,relation_separation_attenuation,5930a3b7db7497d921fc,cohort:cohort=after AND route_or_path:dominant_family=shape,True,selected_by_outcome_blind_record_predicate_top_k,0.6910299003322259,300,within_object_class_support_label_permutation,-0.11848432446756929,4,4,-0.13766060806541358,-0.0003605206985607401,0.0,300,283,-0.16377890404601925,-0.00023132341995324435,0.04240282685512368,object_cluster,leave-one-object-out sensitivity plus object-cluster bootstrap
7502116a36e00559a457d49f,C_vs_Cp2__path_shares_only,local_criterion_breach,5930a3b7db7497d921fc,cohort:cohort=after AND route_or_path:dominant_family=shape,True,selected_by_outcome_blind_record_predicate_top_k,1.0,300,within_object_class_support_label_permutation,-0.047619047619047616,4,4,-0.05555555555555555,0.0,0.0,300,286,-0.06666666666666667,0.0,0.0,object_cluster,leave-one-object-out sensitivity plus object-cluster bootstrap
3d009f07fee5c11ff511d214,C_vs_Cp2__path_shares_only,log_loss_attenuation,5930a3b7db7497d921fc,cohort:cohort=after AND route_or_path:dominant_family=shape,True,selected_by_outcome_blind_record_predicate_top_k,0.6511627906976745,300,within_object_class_support_label_permutation,-0.10343964504038154,4,4,-0.1203878232726594,-0.00018680918201468763,0.0,300,284,-0.1437394543096911,-0.00012016458576726702,0.028169014084507043,object_cluster,leave-one-object-out sensitivity plus object-cluster bootstrap
15c502632ad52e725082c7c8,C_vs_Cp2__path_shares_only,measurement_missingness_concentration,5930a3b7db7497d921fc,cohort:cohort=after AND route_or_path:dominant_family=shape,True,selected_by_outcome_blind_record_predicate_top_k,1.0,300,within_object_class_support_label_permutation,0.0,4,4,0.0,0.0,0.0,300,286,0.0,0.0,0.0,object_cluster,leave-one-object-out sensitivity plus object-cluster bootstrap
6b545f9389c16e2cbca3fda6,C_vs_Cp3__stability_core_3,relation_separation_attenuation,8eb760d133ac749e3327,scale_band:scale_band=early,True,selected_by_outcome_blind_record_predicate_top_k,0.2757475083056478,300,within_object_class_support_label_permutation,0.23516109307424182,4,3,0.1946454344486216,0.2093586028070824,1.0,300,201,0.13361889504703606,0.24215347881524407,1.0,object_cluster,leave-one-object-out sensitivity plus object-cluster bootstrap
a0f7a94ac182768f4db44a24,C_vs_Cp3__stability_core_3,local_criterion_breach,8eb760d133ac749e3327,scale_band:scale_band=early,True,selected_by_outcome_blind_record_predicate_top_k,0.8039867109634552,300,within_object_class_support_label_permutation,0.05555555555555555,4,3,0.047619047619047616,0.047619047619047616,1.0,300,199,0.015151515151515152,0.05555555555555555,1.0,object_cluster,leave-one-object-out sensitivity plus object-cluster bootstrap
69372172d44b3d2cba0a0b95,C_vs_Cp3__stability_core_3,log_loss_attenuation,8eb760d133ac749e3327,scale_band:scale_band=early,True,selected_by_outcome_blind_record_predicate_top_k,0.26245847176079734,300,within_object_class_support_label_permutation,0.3703596208547332,4,3,0.33934921049124617,0.3473850238349094,1.0,300,186,0.2900253388466011,0.37419359326350665,1.0,object_cluster,leave-one-object-out sensitivity plus object-cluster bootstrap
9bc6bf0514a9a4a7a83acfa3,C_vs_Cp3__stability_core_3,measurement_missingness_concentration,8eb760d133ac749e3327,scale_band:scale_band=early,True,selected_by_outcome_blind_record_predicate_top_k,1.0,300,within_object_class_support_label_permutation,0.0,4,3,0.0,0.0,0.0,300,195,0.0,0.0,0.0,object_cluster,leave-one-object-out sensitivity plus object-cluster bootstrap
207881f50ef9fc09279b3886,C_vs_Cp3__stability_core_3,relation_separation_attenuation,c683c10822cc59ae7587,seam_relative:seam_relative_region=far,True,selected_by_outcome_blind_record_predicate_top_k,0.9966777408637874,300,within_object_class_support_label_permutation,-0.3425470985421156,4,3,-0.33936208934925205,-0.32783481843842865,0.0,300,185,-0.34748150736021616,-0.30875889271566037,0.0,object_cluster,leave-one-object-out sensitivity plus object-cluster bootstrap
a8ae838967856d744060aa72,C_vs_Cp3__stability_core_3,local_criterion_breach,c683c10822cc59ae7587,seam_relative:seam_relative_region=far,True,selected_by_outcome_blind_record_predicate_top_k,1.0,300,within_object_class_support_label_permutation,-0.1111111111111111,4,3,-0.1111111111111111,-0.1111111111111111,0.0,300,198,-0.1111111111111111,-0.1111111111111111,0.0,object_cluster,leave-one-object-out sensitivity plus object-cluster bootstrap
cd637d22fa64ea84b8d496ce,C_vs_Cp3__stability_core_3,log_loss_attenuation,c683c10822cc59ae7587,seam_relative:seam_relative_region=far,True,selected_by_outcome_blind_record_predicate_top_k,0.9800664451827242,300,within_object_class_support_label_permutation,-0.43125562439663245,4,3,-0.4296309358491877,-0.4233831444847286,0.0,300,192,-0.43394652613984963,-0.4094151783918276,0.0,object_cluster,leave-one-object-out sensitivity plus object-cluster bootstrap
f990e5116fbf2f1541039f48,C_vs_Cp3__stability_core_3,measurement_missingness_concentration,c683c10822cc59ae7587,seam_relative:seam_relative_region=far,True,selected_by_outcome_blind_record_predicate_top_k,1.0,300,within_object_class_support_label_permutation,0.0,4,3,0.0,0.0,0.0,300,184,0.0,0.0,0.0,object_cluster,leave-one-object-out sensitivity plus object-cluster bootstrap
d3a61c0f2a603f637d8c0c48,C_vs_Cp3__stability_core_3,relation_separation_attenuation,fac3537948f2f8e9cd9d,scale_band:scale_band=middle,True,selected_by_outcome_blind_record_predicate_top_k,0.6644518272425249,300,within_object_class_support_label_permutation,0.17208501827174716,4,3,0.13796134012884076,0.15529673724254534,1.0,300,190,0.04259690940413696,0.18912905663486912,1.0,object_cluster,leave-one-object-out sensitivity plus object-cluster bootstrap
15018c711c984b11bb669b36,C_vs_Cp3__stability_core_3,local_criterion_breach,fac3537948f2f8e9cd9d,scale_band:scale_band=middle,True,selected_by_outcome_blind_record_predicate_top_k,0.760797342192691,300,within_object_class_support_label_permutation,0.05555555555555555,4,3,0.047619047619047616,0.047619047619047616,1.0,300,185,0.015151515151515152,0.05555555555555555,1.0,object_cluster,leave-one-object-out sensitivity plus object-cluster bootstrap
606e7e5d9d0ee3b2dff1e302,C_vs_Cp3__stability_core_3,log_loss_attenuation,fac3537948f2f8e9cd9d,scale_band:scale_band=middle,True,selected_by_outcome_blind_record_predicate_top_k,0.7043189368770764,300,within_object_class_support_label_permutation,0.0962809266738753,4,3,0.05170970386979018,0.06106984390747214,1.0,300,190,-0.10677529158884691,0.10549391930111085,0.6631578947368421,object_cluster,leave-one-object-out sensitivity plus object-cluster bootstrap
1436385e2eb50ea0797c12ed,C_vs_Cp3__stability_core_3,measurement_missingness_concentration,fac3537948f2f8e9cd9d,scale_band:scale_band=middle,True,selected_by_outcome_blind_record_predicate_top_k,1.0,300,within_object_class_support_label_permutation,0.0,4,3,0.0,0.0,0.0,300,200,0.0,0.0,0.0,object_cluster,leave-one-object-out sensitivity plus object-cluster bootstrap
0f31a9ccffce89fa26819ac3,C_vs_Cp3__stability_core_3,relation_separation_attenuation,4487ed03ba052140cc42,transition:transition=5→6,True,selected_by_outcome_blind_record_predicate_top_k,0.707641196013289,300,within_object_class_support_label_permutation,0.17208501827174716,4,3,0.13796134012884076,0.15529673724254534,1.0,300,179,0.04259690940413696,0.18912905663486912,1.0,object_cluster,leave-one-object-out sensitivity plus object-cluster bootstrap
49a0df478eee9844ff1184de,C_vs_Cp3__stability_core_3,local_criterion_breach,4487ed03ba052140cc42,transition:transition=5→6,True,selected_by_outcome_blind_record_predicate_top_k,0.7906976744186046,300,within_object_class_support_label_permutation,0.05555555555555555,4,3,0.047619047619047616,0.047619047619047616,1.0,300,177,0.015151515151515152,0.05555555555555555,1.0,object_cluster,leave-one-object-out sensitivity plus object-cluster bootstrap
21edbbd779f9781ad4cb4a83,C_vs_Cp3__stability_core_3,log_loss_attenuation,4487ed03ba052140cc42,transition:transition=5→6,True,selected_by_outcome_blind_record_predicate_top_k,0.707641196013289,300,within_object_class_support_label_permutation,0.0962809266738753,4,3,0.05170970386979018,0.06106984390747214,1.0,300,195,-0.10677529158884691,0.10549391930111085,0.6153846153846154,object_cluster,leave-one-object-out sensitivity plus object-cluster bootstrap
7a4a58041510e7917a42f3f4,C_vs_Cp3__stability_core_3,measurement_missingness_concentration,4487ed03ba052140cc42,transition:transition=5→6,True,selected_by_outcome_blind_record_predicate_top_k,1.0,300,within_object_class_support_label_permutation,0.0,4,3,0.0,0.0,0.0,300,182,0.0,0.0,0.0,object_cluster,leave-one-object-out sensitivity plus object-cluster bootstrap
ff783e1ca4ee09b527a33833,C_vs_Cp3__stability_core_3,relation_separation_attenuation,72b9f48eeec38e892701,cohort:cohort=after,True,selected_by_outcome_blind_record_predicate_top_k,0.6744186046511628,300,within_object_class_support_label_permutation,-0.10687740680773217,4,4,-0.12276453551194688,-0.0011380432898872028,0.0,300,290,-0.1412661175423816,-0.0011380432898870918,0.0,object_cluster,leave-one-object-out sensitivity plus object-cluster bootstrap
c5697e858a59e8384987e821,C_vs_Cp3__stability_core_3,local_criterion_breach,72b9f48eeec38e892701,cohort:cohort=after,True,selected_by_outcome_blind_record_predicate_top_k,1.0,300,within_object_class_support_label_permutation,-0.05263157894736842,4,4,-0.0625,0.0,0.0,300,295,-0.07692307692307693,0.0,0.0,object_cluster,leave-one-object-out sensitivity plus object-cluster bootstrap
3e1ef082e5cc21a514bac4b1,C_vs_Cp3__stability_core_3,log_loss_attenuation,72b9f48eeec38e892701,cohort:cohort=after,True,selected_by_outcome_blind_record_predicate_top_k,0.6578073089700996,300,within_object_class_support_label_permutation,-0.1698942234280075,4,4,-0.1992335691763761,-0.0007961556315458501,0.0,300,297,-0.23937108136699942,-0.0007961556315458501,0.0,object_cluster,leave-one-object-out sensitivity plus object-cluster bootstrap
8cf5f1168d2c318a65ffc368,C_vs_Cp3__stability_core_3,measurement_missingness_concentration,72b9f48eeec38e892701,cohort:cohort=after,True,selected_by_outcome_blind_record_predicate_top_k,1.0,300,within_object_class_support_label_permutation,0.0,4,4,0.0,0.0,0.0,300,293,0.0,0.0,0.0,object_cluster,leave-one-object-out sensitivity plus object-cluster bootstrap
8476d4f38fcad6d74249ff5c,C_vs_Cp3__stability_core_3,relation_separation_attenuation,6b0045c0b5d5cdcc487d,cohort:cohort=before,True,selected_by_outcome_blind_record_predicate_top_k,0.4318936877076412,300,within_object_class_support_label_permutation,-0.04058455361041213,4,4,-0.040623150946728304,-0.00010811965783197319,0.0,300,292,-0.04061144129077909,-0.00010811965783164013,0.0,object_cluster,leave-one-object-out sensitivity plus object-cluster bootstrap
d09f010df741b6d3bfc0b0c2,C_vs_Cp3__stability_core_3,local_criterion_breach,6b0045c0b5d5cdcc487d,cohort:cohort=before,True,selected_by_outcome_blind_record_predicate_top_k,1.0,300,within_object_class_support_label_permutation,-0.05263157894736842,4,4,-0.0625,0.0,0.0,300,293,-0.09090909090909091,0.0,0.0,object_cluster,leave-one-object-out sensitivity plus object-cluster bootstrap
b7288e97c7b3dbb1f6b6dd25,C_vs_Cp3__stability_core_3,log_loss_attenuation,6b0045c0b5d5cdcc487d,cohort:cohort=before,True,selected_by_outcome_blind_record_predicate_top_k,0.3953488372093023,300,within_object_class_support_label_permutation,-0.12900903108476683,4,4,-0.14859856741250851,-0.00020783543342106636,0.0,300,293,-0.17337951498427068,-0.00020783543342106636,0.0,object_cluster,leave-one-object-out sensitivity plus object-cluster bootstrap
9fd4503e8e846914d80b1b3a,C_vs_Cp3__stability_core_3,measurement_missingness_concentration,6b0045c0b5d5cdcc487d,cohort:cohort=before,True,selected_by_outcome_blind_record_predicate_top_k,1.0,300,within_object_class_support_label_permutation,0.0,4,4,0.0,0.0,0.0,300,294,0.0,0.0,0.0,object_cluster,leave-one-object-out sensitivity plus object-cluster bootstrap
5881491674437e24e4f982b4,C_vs_Cp3__stability_core_3,relation_separation_attenuation,6951c09dfc251bd9f7db,transition:transition=5→6 AND scale_band:scale_band=middle,True,selected_by_outcome_blind_record_predicate_top_k,0.6744186046511628,300,within_object_class_support_label_permutation,0.17208501827174716,4,3,0.13796134012884076,0.15529673724254534,1.0,300,188,0.060727487930415984,0.18912905663486912,1.0,object_cluster,leave-one-object-out sensitivity plus object-cluster bootstrap
375e0c3b777983f0c0789cf6,C_vs_Cp3__stability_core_3,local_criterion_breach,6951c09dfc251bd9f7db,transition:transition=5→6 AND scale_band:scale_band=middle,True,selected_by_outcome_blind_record_predicate_top_k,0.7275747508305648,300,within_object_class_support_label_permutation,0.05555555555555555,4,3,0.047619047619047616,0.047619047619047616,1.0,300,182,0.015151515151515152,0.05555555555555555,1.0,object_cluster,leave-one-object-out sensitivity plus object-cluster bootstrap
f9cc549f6569aee9369e7462,C_vs_Cp3__stability_core_3,log_loss_attenuation,6951c09dfc251bd9f7db,transition:transition=5→6 AND scale_band:scale_band=middle,True,selected_by_outcome_blind_record_predicate_top_k,0.7308970099667774,300,within_object_class_support_label_permutation,0.0962809266738753,4,3,0.05170970386979018,0.06106984390747214,1.0,300,188,-0.018893491801077467,0.10549391930111085,0.7340425531914894,object_cluster,leave-one-object-out sensitivity plus object-cluster bootstrap
5f30fc53b29c024246136630,C_vs_Cp3__stability_core_3,measurement_missingness_concentration,6951c09dfc251bd9f7db,transition:transition=5→6 AND scale_band:scale_band=middle,True,selected_by_outcome_blind_record_predicate_top_k,1.0,300,within_object_class_support_label_permutation,0.0,4,3,0.0,0.0,0.0,300,189,0.0,0.0,0.0,object_cluster,leave-one-object-out sensitivity plus object-cluster bootstrap
c86425fc5d9c1074229aebe3,C_vs_Cp3__stability_core_3,relation_separation_attenuation,114bd7932e0008f8ef79,scale_band:scale_band=early AND seam_relative:seam_relative_region=near,True,selected_by_outcome_blind_record_predicate_top_k,0.19269102990033224,300,within_object_class_support_label_permutation,0.2647303924005304,4,3,0.2414220682861864,0.24202323002378168,1.0,300,210,0.1676429842853029,0.2671867180128723,1.0,object_cluster,leave-one-object-out sensitivity plus object-cluster bootstrap
1dbab0de4fd451f317735ed4,C_vs_Cp3__stability_core_3,local_criterion_breach,114bd7932e0008f8ef79,scale_band:scale_band=early AND seam_relative:seam_relative_region=near,True,selected_by_outcome_blind_record_predicate_top_k,0.6478405315614618,300,within_object_class_support_label_permutation,0.0736842105263158,4,3,0.06666666666666668,0.06666666666666668,1.0,300,196,0.04000000000000001,0.0736842105263158,1.0,object_cluster,leave-one-object-out sensitivity plus object-cluster bootstrap
1a8ea37618052971ef6cd5a7,C_vs_Cp3__stability_core_3,log_loss_attenuation,114bd7932e0008f8ef79,scale_band:scale_band=early AND seam_relative:seam_relative_region=near,True,selected_by_outcome_blind_record_predicate_top_k,0.2026578073089701,300,within_object_class_support_label_permutation,0.44232590225012947,4,3,0.42183041010563815,0.4220655653320059,1.0,300,207,0.3805031336258814,0.4436011958285185,1.0,object_cluster,leave-one-object-out sensitivity plus object-cluster bootstrap
34ef6ce9f7811b9f0f8c98e1,C_vs_Cp3__stability_core_3,measurement_missingness_concentration,114bd7932e0008f8ef79,scale_band:scale_band=early AND seam_relative:seam_relative_region=near,True,selected_by_outcome_blind_record_predicate_top_k,1.0,300,within_object_class_support_label_permutation,0.0,4,3,0.0,0.0,0.0,300,207,0.0,0.0,0.0,object_cluster,leave-one-object-out sensitivity plus object-cluster bootstrap
4fbea9490e76a6ca65e06dd3,C_vs_Cp3__no_window,relation_separation_attenuation,8eb760d133ac749e3327,scale_band:scale_band=early,True,selected_by_outcome_blind_record_predicate_top_k,0.5548172757475083,300,within_object_class_support_label_permutation,0.6054424286962945,4,3,0.514593127333741,0.5208876604676755,1.0,300,177,0.3573217650407125,0.608676821734779,1.0,object_cluster,leave-one-object-out sensitivity plus object-cluster bootstrap
04f2a98433c604e79674a066,C_vs_Cp3__no_window,local_criterion_breach,8eb760d133ac749e3327,scale_band:scale_band=early,True,selected_by_outcome_blind_record_predicate_top_k,1.0,300,within_object_class_support_label_permutation,0.33333333333333337,4,3,0.2857142857142857,0.2857142857142857,1.0,300,204,0.2,0.33333333333333337,1.0,object_cluster,leave-one-object-out sensitivity plus object-cluster bootstrap
5f3f0b8ac63023f63f72aa81,C_vs_Cp3__no_window,log_loss_attenuation,8eb760d133ac749e3327,scale_band:scale_band=early,True,selected_by_outcome_blind_record_predicate_top_k,0.06312292358803986,300,within_object_class_support_label_permutation,1.5907369547812484,4,3,1.4512014756974116,1.4544360473827584,1.0,300,202,1.2032600740723396,1.5923932392039422,1.0,object_cluster,leave-one-object-out sensitivity plus object-cluster bootstrap
982ff893db8db9f836ef910b,C_vs_Cp3__no_window,measurement_missingness_concentration,8eb760d133ac749e3327,scale_band:scale_band=early,True,selected_by_outcome_blind_record_predicate_top_k,1.0,300,within_object_class_support_label_permutation,0.0,4,3,0.0,0.0,0.0,300,194,0.0,0.0,0.0,object_cluster,leave-one-object-out sensitivity plus object-cluster bootstrap
da5c47826b1a78bec62936a2,C_vs_Cp3__no_window,relation_separation_attenuation,c683c10822cc59ae7587,seam_relative:seam_relative_region=far,True,selected_by_outcome_blind_record_predicate_top_k,0.7408637873754153,300,within_object_class_support_label_permutation,-0.7490658003330433,4,3,-0.688349418661842,-0.6814408928913889,0.0,300,185,-0.7527251399309752,-0.5449503648486768,0.0,object_cluster,leave-one-object-out sensitivity plus object-cluster bootstrap
a5a72653c2ef3a3ef02d97fd,C_vs_Cp3__no_window,local_criterion_breach,c683c10822cc59ae7587,seam_relative:seam_relative_region=far,True,selected_by_outcome_blind_record_predicate_top_k,1.0,300,within_object_class_support_label_permutation,-0.4,4,3,-0.36363636363636365,-0.36363636363636365,0.0,300,172,-0.4,-0.2857142857142857,0.0,object_cluster,leave-one-object-out sensitivity plus object-cluster bootstrap
7489b8f8d514da37f5a88326,C_vs_Cp3__no_window,log_loss_attenuation,c683c10822cc59ae7587,seam_relative:seam_relative_region=far,True,selected_by_outcome_blind_record_predicate_top_k,0.9634551495016611,300,within_object_class_support_label_permutation,-1.7364536069045045,4,3,-1.655038227827658,-1.6515266272126758,0.0,300,182,-1.7383147754294783,-1.1790618835422744,0.0,object_cluster,leave-one-object-out sensitivity plus object-cluster bootstrap
44c7196a33760f4376af5b97,C_vs_Cp3__no_window,measurement_missingness_concentration,c683c10822cc59ae7587,seam_relative:seam_relative_region=far,True,selected_by_outcome_blind_record_predicate_top_k,1.0,300,within_object_class_support_label_permutation,0.0,4,3,0.0,0.0,0.0,300,184,0.0,0.0,0.0,object_cluster,leave-one-object-out sensitivity plus object-cluster bootstrap
73dbd7e9c61771a61dc8ce72,C_vs_Cp3__no_window,relation_separation_attenuation,fac3537948f2f8e9cd9d,scale_band:scale_band=middle,True,selected_by_outcome_blind_record_predicate_top_k,0.5581395348837209,300,within_object_class_support_label_permutation,0.600246301629487,4,3,0.5142979537808914,0.5157759584737694,1.0,300,180,0.16899531784849875,0.6021498818974306,1.0,object_cluster,leave-one-object-out sensitivity plus object-cluster bootstrap
112694cdf4dd4efe5c0001f6,C_vs_Cp3__no_window,local_criterion_breach,fac3537948f2f8e9cd9d,scale_band:scale_band=middle,True,selected_by_outcome_blind_record_predicate_top_k,1.0,300,within_object_class_support_label_permutation,0.33333333333333337,4,3,0.2857142857142857,0.2857142857142857,1.0,300,185,0.2,0.33333333333333337,1.0,object_cluster,leave-one-object-out sensitivity plus object-cluster bootstrap
0815b0a38c51063c94a818ce,C_vs_Cp3__no_window,log_loss_attenuation,fac3537948f2f8e9cd9d,scale_band:scale_band=middle,True,selected_by_outcome_blind_record_predicate_top_k,0.9235880398671097,300,within_object_class_support_label_permutation,0.7485170593565224,4,3,0.5515089640642447,0.5522843278891195,1.0,300,201,0.19696879162605274,0.7494869308736626,0.9601990049751243,object_cluster,leave-one-object-out sensitivity plus object-cluster bootstrap
9cb1b9b095e52bc1eb2bd003,C_vs_Cp3__no_window,measurement_missingness_concentration,fac3537948f2f8e9cd9d,scale_band:scale_band=middle,True,selected_by_outcome_blind_record_predicate_top_k,1.0,300,within_object_class_support_label_permutation,0.0,4,3,0.0,0.0,0.0,300,182,0.0,0.0,0.0,object_cluster,leave-one-object-out sensitivity plus object-cluster bootstrap
12f3f5f6ef1098d2ee8ba3ca,C_vs_Cp3__no_window,relation_separation_attenuation,4487ed03ba052140cc42,transition:transition=5→6,True,selected_by_outcome_blind_record_predicate_top_k,0.49169435215946844,300,within_object_class_support_label_permutation,0.600246301629487,4,3,0.5142979537808914,0.5157759584737694,1.0,300,178,0.1689953178484987,0.6021498818974306,1.0,object_cluster,leave-one-object-out sensitivity plus object-cluster bootstrap
d7ae4bade892494b21c99ea4,C_vs_Cp3__no_window,local_criterion_breach,4487ed03ba052140cc42,transition:transition=5→6,True,selected_by_outcome_blind_record_predicate_top_k,1.0,300,within_object_class_support_label_permutation,0.33333333333333337,4,3,0.2857142857142857,0.2857142857142857,1.0,300,184,0.2,0.33333333333333337,1.0,object_cluster,leave-one-object-out sensitivity plus object-cluster bootstrap
8c100fdb6532199582053b1d,C_vs_Cp3__no_window,log_loss_attenuation,4487ed03ba052140cc42,transition:transition=5→6,True,selected_by_outcome_blind_record_predicate_top_k,0.946843853820598,300,within_object_class_support_label_permutation,0.7485170593565224,4,3,0.5515089640642447,0.5522843278891195,1.0,300,173,-0.2510876758194487,0.7494869308736626,0.9421965317919075,object_cluster,leave-one-object-out sensitivity plus object-cluster bootstrap
0cc872f94d57dd05a1b1dfcd,C_vs_Cp3__no_window,measurement_missingness_concentration,4487ed03ba052140cc42,transition:transition=5→6,True,selected_by_outcome_blind_record_predicate_top_k,1.0,300,within_object_class_support_label_permutation,0.0,4,3,0.0,0.0,0.0,300,178,0.0,0.0,0.0,object_cluster,leave-one-object-out sensitivity plus object-cluster bootstrap
2d80ed9e28f2a03d051bb696,C_vs_Cp3__no_window,relation_separation_attenuation,72b9f48eeec38e892701,cohort:cohort=after,True,selected_by_outcome_blind_record_predicate_top_k,0.584717607973422,300,within_object_class_support_label_permutation,-0.10359200773668692,4,4,-0.09984157860719456,-0.0010058332899602895,0.0,300,298,-0.10382541355695757,-0.0008207677295044402,0.0,object_cluster,leave-one-object-out sensitivity plus object-cluster bootstrap
d525ec93926771f0114a9923,C_vs_Cp3__no_window,local_criterion_breach,72b9f48eeec38e892701,cohort:cohort=after,True,selected_by_outcome_blind_record_predicate_top_k,1.0,300,within_object_class_support_label_permutation,-0.06315789473684208,4,4,-0.0625,0.0,0.0,300,297,-0.06315789473684208,0.0,0.0,object_cluster,leave-one-object-out sensitivity plus object-cluster bootstrap
30c65ec85052ed3bf3a19763,C_vs_Cp3__no_window,log_loss_attenuation,72b9f48eeec38e892701,cohort:cohort=after,True,selected_by_outcome_blind_record_predicate_top_k,0.4750830564784053,300,within_object_class_support_label_permutation,-0.20996399357433404,4,4,-0.2048551792315333,-0.000572441005358474,0.0,300,296,-0.2100327616190121,-0.0004503963423771254,0.006756756756756757,object_cluster,leave-one-object-out sensitivity plus object-cluster bootstrap
6d5ebeda390f0f43ca49d93d,C_vs_Cp3__no_window,measurement_missingness_concentration,72b9f48eeec38e892701,cohort:cohort=after,True,selected_by_outcome_blind_record_predicate_top_k,1.0,300,within_object_class_support_label_permutation,0.0,4,4,0.0,0.0,0.0,300,290,0.0,0.0,0.0,object_cluster,leave-one-object-out sensitivity plus object-cluster bootstrap
7a85abf7b0b53bd75e117a51,C_vs_Cp3__no_window,relation_separation_attenuation,6b0045c0b5d5cdcc487d,cohort:cohort=before,True,selected_by_outcome_blind_record_predicate_top_k,0.4053156146179402,300,within_object_class_support_label_permutation,-0.0937074633662876,4,4,-0.08651455454530704,-0.008319966837682213,0.0,300,296,-0.09503310115532204,-0.0035666501213017926,0.05067567567567568,object_cluster,leave-one-object-out sensitivity plus object-cluster bootstrap
e7e6d30966ff6b5b43f44c87,C_vs_Cp3__no_window,local_criterion_breach,6b0045c0b5d5cdcc487d,cohort:cohort=before,True,selected_by_outcome_blind_record_predicate_top_k,1.0,300,within_object_class_support_label_permutation,-0.06315789473684208,4,4,-0.0625,0.0,0.0,300,295,-0.06315789473684208,0.0,0.0,object_cluster,leave-one-object-out sensitivity plus object-cluster bootstrap
7a99346f5b13e7254106945f,C_vs_Cp3__no_window,log_loss_attenuation,6b0045c0b5d5cdcc487d,cohort:cohort=before,True,selected_by_outcome_blind_record_predicate_top_k,0.29900332225913623,300,within_object_class_support_label_permutation,-0.0895794040083181,4,4,-0.05538633269103577,-0.004304260389252718,0.0,300,292,-0.09026957124192142,0.040939972459236085,0.2328767123287671,object_cluster,leave-one-object-out sensitivity plus object-cluster bootstrap
aab671e7fa35c8ca691851a8,C_vs_Cp3__no_window,measurement_missingness_concentration,6b0045c0b5d5cdcc487d,cohort:cohort=before,True,selected_by_outcome_blind_record_predicate_top_k,1.0,300,within_object_class_support_label_permutation,0.0,4,4,0.0,0.0,0.0,300,294,0.0,0.0,0.0,object_cluster,leave-one-object-out sensitivity plus object-cluster bootstrap
fd7c17b99b681b6667a25ffd,C_vs_Cp3__no_window,relation_separation_attenuation,6951c09dfc251bd9f7db,transition:transition=5→6 AND scale_band:scale_band=middle,True,selected_by_outcome_blind_record_predicate_top_k,0.5116279069767442,300,within_object_class_support_label_permutation,0.600246301629487,4,3,0.5142979537808914,0.5157759584737694,1.0,300,192,0.3596787944964094,0.6021498818974306,1.0,object_cluster,leave-one-object-out sensitivity plus object-cluster bootstrap
08f437da61a43da7c4f9ae7d,C_vs_Cp3__no_window,local_criterion_breach,6951c09dfc251bd9f7db,transition:transition=5→6 AND scale_band:scale_band=middle,True,selected_by_outcome_blind_record_predicate_top_k,1.0,300,within_object_class_support_label_permutation,0.33333333333333337,4,3,0.2857142857142857,0.2857142857142857,1.0,300,170,0.2,0.33333333333333337,1.0,object_cluster,leave-one-object-out sensitivity plus object-cluster bootstrap
346e32e5253c564ee1160351,C_vs_Cp3__no_window,log_loss_attenuation,6951c09dfc251bd9f7db,transition:transition=5→6 AND scale_band:scale_band=middle,True,selected_by_outcome_blind_record_predicate_top_k,0.9401993355481728,300,within_object_class_support_label_permutation,0.7485170593565224,4,3,0.5515089640642447,0.5522843278891195,1.0,300,197,-0.2510876758194487,0.7494869308736625,0.934010152284264,object_cluster,leave-one-object-out sensitivity plus object-cluster bootstrap
d2ed92237308caad569939cb,C_vs_Cp3__no_window,measurement_missingness_concentration,6951c09dfc251bd9f7db,transition:transition=5→6 AND scale_band:scale_band=middle,True,selected_by_outcome_blind_record_predicate_top_k,1.0,300,within_object_class_support_label_permutation,0.0,4,3,0.0,0.0,0.0,300,183,0.0,0.0,0.0,object_cluster,leave-one-object-out sensitivity plus object-cluster bootstrap
4fed3ad9ead569c3c8f68a57,C_vs_Cp3__no_window,relation_separation_attenuation,114bd7932e0008f8ef79,scale_band:scale_band=early AND seam_relative:seam_relative_region=near,True,selected_by_outcome_blind_record_predicate_top_k,0.0033222591362126247,300,within_object_class_support_label_permutation,0.6598778159816858,4,3,0.5688999834755439,0.5771411574741456,1.0,300,212,0.42232288246245336,0.6645652785119069,1.0,object_cluster,leave-one-object-out sensitivity plus object-cluster bootstrap
38754b1aa232c54ce1a8e499,C_vs_Cp3__no_window,local_criterion_breach,114bd7932e0008f8ef79,scale_band:scale_band=early AND seam_relative:seam_relative_region=near,True,selected_by_outcome_blind_record_predicate_top_k,1.0,300,within_object_class_support_label_permutation,0.3157894736842105,4,3,0.26666666666666666,0.26666666666666666,1.0,300,189,0.08000000000000002,0.3157894736842105,0.9841269841269841,object_cluster,leave-one-object-out sensitivity plus object-cluster bootstrap
994f61d46ca5e5ade662b8c3,C_vs_Cp3__no_window,log_loss_attenuation,114bd7932e0008f8ef79,scale_band:scale_band=early AND seam_relative:seam_relative_region=near,True,selected_by_outcome_blind_record_predicate_top_k,0.006644518272425249,300,within_object_class_support_label_permutation,1.919742521712151,4,3,1.7888491174664143,1.7930668874893012,1.0,300,206,1.3078475073451505,1.922136583919157,1.0,object_cluster,leave-one-object-out sensitivity plus object-cluster bootstrap
e1224ed8d753b7ef7878c614,C_vs_Cp3__no_window,measurement_missingness_concentration,114bd7932e0008f8ef79,scale_band:scale_band=early AND seam_relative:seam_relative_region=near,True,selected_by_outcome_blind_record_predicate_top_k,1.0,300,within_object_class_support_label_permutation,0.0,4,3,0.0,0.0,0.0,300,197,0.0,0.0,0.0,object_cluster,leave-one-object-out sensitivity plus object-cluster bootstrap
87d204c980ea1787151089d7,C_vs_Cp3__stability_plus_geometry,relation_separation_attenuation,8eb760d133ac749e3327,scale_band:scale_band=early,True,selected_by_outcome_blind_record_predicate_top_k,0.7043189368770764,300,within_object_class_support_label_permutation,0.4215716311484445,4,3,0.3387221908261035,0.3421965809820526,1.0,300,202,0.19430326550379495,0.4243595340255291,1.0,object_cluster,leave-one-object-out sensitivity plus object-cluster bootstrap
b1b1d25fecc5afa9ce1fbf91,C_vs_Cp3__stability_plus_geometry,local_criterion_breach,8eb760d133ac749e3327,scale_band:scale_band=early,True,selected_by_outcome_blind_record_predicate_top_k,1.0,300,within_object_class_support_label_permutation,0.25,4,3,0.2023809523809524,0.2023809523809524,1.0,300,190,0.1166666666666667,0.25,1.0,object_cluster,leave-one-object-out sensitivity plus object-cluster bootstrap
e3254c6e453b39e66ade57c3,C_vs_Cp3__stability_plus_geometry,log_loss_attenuation,8eb760d133ac749e3327,scale_band:scale_band=early,True,selected_by_outcome_blind_record_predicate_top_k,0.5714285714285714,300,within_object_class_support_label_permutation,0.739148632583684,4,3,0.6150689993564189,0.6168871014664278,1.0,300,181,0.11311945138205926,0.7406070114497303,1.0,object_cluster,leave-one-object-out sensitivity plus object-cluster bootstrap
0959df3707be2bf35efa36ef,C_vs_Cp3__stability_plus_geometry,measurement_missingness_concentration,8eb760d133ac749e3327,scale_band:scale_band=early,True,selected_by_outcome_blind_record_predicate_top_k,1.0,300,within_object_class_support_label_permutation,0.0,4,3,0.0,0.0,0.0,300,183,0.0,0.0,0.0,object_cluster,leave-one-object-out sensitivity plus object-cluster bootstrap
43abd5d661f0a40b7244a9b6,C_vs_Cp3__stability_plus_geometry,relation_separation_attenuation,c683c10822cc59ae7587,seam_relative:seam_relative_region=far,True,selected_by_outcome_blind_record_predicate_top_k,0.7508305647840532,300,within_object_class_support_label_permutation,-0.6214924264306055,4,3,-0.565352141506192,-0.562115490220025,0.0,300,187,-0.623680624418143,-0.4403625352662964,0.0,object_cluster,leave-one-object-out sensitivity plus object-cluster bootstrap
d5c0eec6f42fc067289fab12,C_vs_Cp3__stability_plus_geometry,local_criterion_breach,c683c10822cc59ae7587,seam_relative:seam_relative_region=far,True,selected_by_outcome_blind_record_predicate_top_k,0.7342192691029901,300,within_object_class_support_label_permutation,-0.34444444444444444,4,3,-0.30808080808080807,-0.30808080808080807,0.0,300,196,-0.34444444444444444,-0.09829059829059827,0.0,object_cluster,leave-one-object-out sensitivity plus object-cluster bootstrap
aa3bc2baeaa8a4f36bbb5df0,C_vs_Cp3__stability_plus_geometry,log_loss_attenuation,c683c10822cc59ae7587,seam_relative:seam_relative_region=far,True,selected_by_outcome_blind_record_predicate_top_k,0.8504983388704319,300,within_object_class_support_label_permutation,-1.185715633972725,4,3,-1.1237998901054413,-1.1221033506288247,0.0,300,190,-1.1868627779494718,-0.7628466039656924,0.0,object_cluster,leave-one-object-out sensitivity plus object-cluster bootstrap
2d405b978b7fd137c671a0a8,C_vs_Cp3__stability_plus_geometry,measurement_missingness_concentration,c683c10822cc59ae7587,seam_relative:seam_relative_region=far,True,selected_by_outcome_blind_record_predicate_top_k,1.0,300,within_object_class_support_label_permutation,0.0,4,3,0.0,0.0,0.0,300,189,0.0,0.0,0.0,object_cluster,leave-one-object-out sensitivity plus object-cluster bootstrap
6cef6ece505f4b32349feca1,C_vs_Cp3__stability_plus_geometry,relation_separation_attenuation,fac3537948f2f8e9cd9d,scale_band:scale_band=middle,True,selected_by_outcome_blind_record_predicate_top_k,0.22259136212624583,300,within_object_class_support_label_permutation,0.6257776952413352,4,3,0.5548868795490927,0.5575908749029233,1.0,300,180,0.27374525334373784,0.6277952033163015,1.0,object_cluster,leave-one-object-out sensitivity plus object-cluster bootstrap
8b0ee7f4c0d9ea7432baaac5,C_vs_Cp3__stability_plus_geometry,local_criterion_breach,fac3537948f2f8e9cd9d,scale_band:scale_band=middle,True,selected_by_outcome_blind_record_predicate_top_k,0.46179401993355484,300,within_object_class_support_label_permutation,0.3611111111111111,4,3,0.3214285714285714,0.3214285714285714,1.0,300,183,0.25,0.3611111111111111,1.0,object_cluster,leave-one-object-out sensitivity plus object-cluster bootstrap
784c5af66f1f53081c7df5b2,C_vs_Cp3__stability_plus_geometry,log_loss_attenuation,fac3537948f2f8e9cd9d,scale_band:scale_band=middle,True,selected_by_outcome_blind_record_predicate_top_k,0.3920265780730897,300,within_object_class_support_label_permutation,0.9080146256581179,4,3,0.7946268825299228,0.7960462896155754,1.0,300,187,0.5925958538239565,0.9090743094998083,1.0,object_cluster,leave-one-object-out sensitivity plus object-cluster bootstrap
862e11afa0d2a2ae9a69ee95,C_vs_Cp3__stability_plus_geometry,measurement_missingness_concentration,fac3537948f2f8e9cd9d,scale_band:scale_band=middle,True,selected_by_outcome_blind_record_predicate_top_k,1.0,300,within_object_class_support_label_permutation,0.0,4,3,0.0,0.0,0.0,300,181,0.0,0.0,0.0,object_cluster,leave-one-object-out sensitivity plus object-cluster bootstrap
25821057154b9995225af055,C_vs_Cp3__stability_plus_geometry,relation_separation_attenuation,4487ed03ba052140cc42,transition:transition=5→6,True,selected_by_outcome_blind_record_predicate_top_k,0.2425249169435216,300,within_object_class_support_label_permutation,0.6257776952413352,4,3,0.5548868795490927,0.5575908749029233,1.0,300,177,0.4312230837588424,0.6277952033163015,1.0,object_cluster,leave-one-object-out sensitivity plus object-cluster bootstrap
93c14f54b793cba7a439c474,C_vs_Cp3__stability_plus_geometry,local_criterion_breach,4487ed03ba052140cc42,transition:transition=5→6,True,selected_by_outcome_blind_record_predicate_top_k,0.4983388704318937,300,within_object_class_support_label_permutation,0.3611111111111111,4,3,0.3214285714285714,0.3214285714285714,1.0,300,181,0.15909090909090912,0.3611111111111111,1.0,object_cluster,leave-one-object-out sensitivity plus object-cluster bootstrap
f3997bb83a61955bb3106723,C_vs_Cp3__stability_plus_geometry,log_loss_attenuation,4487ed03ba052140cc42,transition:transition=5→6,True,selected_by_outcome_blind_record_predicate_top_k,0.3521594684385382,300,within_object_class_support_label_permutation,0.9080146256581179,4,3,0.7946268825299228,0.7960462896155754,1.0,300,178,0.3354201473999594,0.9090743094998083,1.0,object_cluster,leave-one-object-out sensitivity plus object-cluster bootstrap
6a57a2004f96b842fc64cbe8,C_vs_Cp3__stability_plus_geometry,measurement_missingness_concentration,4487ed03ba052140cc42,transition:transition=5→6,True,selected_by_outcome_blind_record_predicate_top_k,1.0,300,within_object_class_support_label_permutation,0.0,4,3,0.0,0.0,0.0,300,182,0.0,0.0,0.0,object_cluster,leave-one-object-out sensitivity plus object-cluster bootstrap
3af91d92cf2290e8dc39b6ea,C_vs_Cp3__stability_plus_geometry,relation_separation_attenuation,72b9f48eeec38e892701,cohort:cohort=after,True,selected_by_outcome_blind_record_predicate_top_k,0.6910299003322259,300,within_object_class_support_label_permutation,-0.07982160353652235,4,4,-0.07424055159125126,0.0005030151924316772,0.25,300,297,-0.07982624255659765,0.0005030151924316772,0.3468013468013468,object_cluster,leave-one-object-out sensitivity plus object-cluster bootstrap
09a56acfdfdbed2650dc5158,C_vs_Cp3__stability_plus_geometry,local_criterion_breach,72b9f48eeec38e892701,cohort:cohort=after,True,selected_by_outcome_blind_record_predicate_top_k,0.8438538205980066,300,within_object_class_support_label_permutation,-0.03684210526315787,4,4,-0.03125,0.0,0.0,300,293,-0.03684210526315787,0.0,0.03754266211604096,object_cluster,leave-one-object-out sensitivity plus object-cluster bootstrap
290f775ddcf637ab47a2e50a,C_vs_Cp3__stability_plus_geometry,log_loss_attenuation,72b9f48eeec38e892701,cohort:cohort=after,True,selected_by_outcome_blind_record_predicate_top_k,0.6478405315614618,300,within_object_class_support_label_permutation,-0.26872489479877787,4,4,-0.2938268790487324,0.0002714815415982702,0.25,300,291,-0.3096261693116106,0.0002714815415982702,0.32989690721649484,object_cluster,leave-one-object-out sensitivity plus object-cluster bootstrap
fe3e25579ee6aced2629ee2a,C_vs_Cp3__stability_plus_geometry,measurement_missingness_concentration,72b9f48eeec38e892701,cohort:cohort=after,True,selected_by_outcome_blind_record_predicate_top_k,1.0,300,within_object_class_support_label_permutation,0.0,4,4,0.0,0.0,0.0,300,293,0.0,0.0,0.0,object_cluster,leave-one-object-out sensitivity plus object-cluster bootstrap
a60369d3c2e5bb266d895e45,C_vs_Cp3__stability_plus_geometry,relation_separation_attenuation,6b0045c0b5d5cdcc487d,cohort:cohort=before,True,selected_by_outcome_blind_record_predicate_top_k,0.27906976744186046,300,within_object_class_support_label_permutation,-0.052161333032388346,4,4,-0.039800773681037405,-0.00027705227565044677,0.0,300,291,-0.052161333032388346,0.057178676177224025,0.054982817869415807,object_cluster,leave-one-object-out sensitivity plus object-cluster bootstrap
2e636f3654d08002d2394796,C_vs_Cp3__stability_plus_geometry,local_criterion_breach,6b0045c0b5d5cdcc487d,cohort:cohort=before,True,selected_by_outcome_blind_record_predicate_top_k,0.8272425249169435,300,within_object_class_support_label_permutation,-0.03684210526315787,4,4,-0.03125,0.0,0.0,300,295,-0.03684210526315787,0.01948051948051943,0.05423728813559322,object_cluster,leave-one-object-out sensitivity plus object-cluster bootstrap
521ca5dde684cceee931e81d,C_vs_Cp3__stability_plus_geometry,log_loss_attenuation,6b0045c0b5d5cdcc487d,cohort:cohort=before,True,selected_by_outcome_blind_record_predicate_top_k,0.2956810631229236,300,within_object_class_support_label_permutation,-0.11581610403461229,4,4,-0.1045626390258505,-0.00016363755768038224,0.0,300,293,-0.11581610403461229,0.019202419772119672,0.05460750853242321,object_cluster,leave-one-object-out sensitivity plus object-cluster bootstrap
96797d0446deacaecba75a5b,C_vs_Cp3__stability_plus_geometry,measurement_missingness_concentration,6b0045c0b5d5cdcc487d,cohort:cohort=before,True,selected_by_outcome_blind_record_predicate_top_k,1.0,300,within_object_class_support_label_permutation,0.0,4,4,0.0,0.0,0.0,300,291,0.0,0.0,0.0,object_cluster,leave-one-object-out sensitivity plus object-cluster bootstrap
da255585836995bab04fe4d9,C_vs_Cp3__stability_plus_geometry,relation_separation_attenuation,6951c09dfc251bd9f7db,transition:transition=5→6 AND scale_band:scale_band=middle,True,selected_by_outcome_blind_record_predicate_top_k,0.23255813953488372,300,within_object_class_support_label_permutation,0.6257776952413352,4,3,0.5548868795490927,0.5575908749029233,1.0,300,197,0.2737452533437378,0.6277952033163015,1.0,object_cluster,leave-one-object-out sensitivity plus object-cluster bootstrap
e6fa7467f75e7ec023aed312,C_vs_Cp3__stability_plus_geometry,local_criterion_breach,6951c09dfc251bd9f7db,transition:transition=5→6 AND scale_band:scale_band=middle,True,selected_by_outcome_blind_record_predicate_top_k,0.49169435215946844,300,within_object_class_support_label_permutation,0.3611111111111111,4,3,0.3214285714285714,0.3214285714285714,1.0,300,192,0.25,0.3611111111111111,1.0,object_cluster,leave-one-object-out sensitivity plus object-cluster bootstrap
6032c28b3c8e48236b467187,C_vs_Cp3__stability_plus_geometry,log_loss_attenuation,6951c09dfc251bd9f7db,transition:transition=5→6 AND scale_band:scale_band=middle,True,selected_by_outcome_blind_record_predicate_top_k,0.3787375415282392,300,within_object_class_support_label_permutation,0.9080146256581179,4,3,0.7946268825299228,0.7960462896155754,1.0,300,185,0.33542014739995923,0.9090743094998083,1.0,object_cluster,leave-one-object-out sensitivity plus object-cluster bootstrap
979db1ecf0dcd7f94ac30438,C_vs_Cp3__stability_plus_geometry,measurement_missingness_concentration,6951c09dfc251bd9f7db,transition:transition=5→6 AND scale_band:scale_band=middle,True,selected_by_outcome_blind_record_predicate_top_k,1.0,300,within_object_class_support_label_permutation,0.0,4,3,0.0,0.0,0.0,300,188,0.0,0.0,0.0,object_cluster,leave-one-object-out sensitivity plus object-cluster bootstrap
7602842a93ab2c2051197d31,C_vs_Cp3__stability_plus_geometry,relation_separation_attenuation,114bd7932e0008f8ef79,scale_band:scale_band=early AND seam_relative:seam_relative_region=near,True,selected_by_outcome_blind_record_predicate_top_k,0.2591362126245847,300,within_object_class_support_label_permutation,0.5902180824257521,4,3,0.5172487670052659,0.5216434139205168,1.0,300,206,0.2517728283142987,0.5940057300628494,1.0,object_cluster,leave-one-object-out sensitivity plus object-cluster bootstrap
581e32bd2e256366d1b6afde,C_vs_Cp3__stability_plus_geometry,local_criterion_breach,114bd7932e0008f8ef79,scale_band:scale_band=early AND seam_relative:seam_relative_region=near,True,selected_by_outcome_blind_record_predicate_top_k,0.584717607973422,300,within_object_class_support_label_permutation,0.34210526315789475,4,3,0.3,0.3,1.0,300,199,0.2185454545454546,0.34210526315789475,1.0,object_cluster,leave-one-object-out sensitivity plus object-cluster bootstrap
28cdee5927e5fbe33fe3b6c6,C_vs_Cp3__stability_plus_geometry,log_loss_attenuation,114bd7932e0008f8ef79,scale_band:scale_band=early AND seam_relative:seam_relative_region=near,True,selected_by_outcome_blind_record_predicate_top_k,0.23920265780730898,300,within_object_class_support_label_permutation,1.002474566379072,4,3,0.8929100345531167,0.8952013882692057,1.0,300,205,0.48469901011140737,1.0044478490162887,1.0,object_cluster,leave-one-object-out sensitivity plus object-cluster bootstrap
284fe04347eee30283dad24a,C_vs_Cp3__stability_plus_geometry,measurement_missingness_concentration,114bd7932e0008f8ef79,scale_band:scale_band=early AND seam_relative:seam_relative_region=near,True,selected_by_outcome_blind_record_predicate_top_k,1.0,300,within_object_class_support_label_permutation,0.0,4,3,0.0,0.0,0.0,300,200,0.0,0.0,0.0,object_cluster,leave-one-object-out sensitivity plus object-cluster bootstrap
293826bbbb3b46291ecd011a,C_vs_Cp3__strict_numeric_all,relation_separation_attenuation,8eb760d133ac749e3327,scale_band:scale_band=early,True,selected_by_outcome_blind_record_predicate_top_k,0.3554817275747508,300,within_object_class_support_label_permutation,0.5611094745547176,4,3,0.48725417194689047,0.49200190565246144,1.0,300,188,0.20310985444860996,0.5633683099261784,1.0,object_cluster,leave-one-object-out sensitivity plus object-cluster bootstrap
0a8027aa47db62dc7b0983a3,C_vs_Cp3__strict_numeric_all,local_criterion_breach,8eb760d133ac749e3327,scale_band:scale_band=early,True,selected_by_outcome_blind_record_predicate_top_k,0.7408637873754153,300,within_object_class_support_label_permutation,0.2777777777777778,4,3,0.2380952380952381,0.2380952380952381,1.0,300,200,0.0757575757575758,0.2777777777777778,1.0,object_cluster,leave-one-object-out sensitivity plus object-cluster bootstrap
340faf9a65febdc1c2a4046b,C_vs_Cp3__strict_numeric_all,log_loss_attenuation,8eb760d133ac749e3327,scale_band:scale_band=early,True,selected_by_outcome_blind_record_predicate_top_k,0.09634551495016612,300,within_object_class_support_label_permutation,1.5860324401640935,4,3,1.4769479948062394,1.4793682872181195,1.0,300,191,1.2829481861015264,1.5871807982995199,1.0,object_cluster,leave-one-object-out sensitivity plus object-cluster bootstrap
19b517c322303f64c57bb64c,C_vs_Cp3__strict_numeric_all,measurement_missingness_concentration,8eb760d133ac749e3327,scale_band:scale_band=early,True,selected_by_outcome_blind_record_predicate_top_k,1.0,300,within_object_class_support_label_permutation,0.0,4,3,0.0,0.0,0.0,300,196,0.0,0.0,0.0,object_cluster,leave-one-object-out sensitivity plus object-cluster bootstrap
91e2bb90d806d36ed6d016a9,C_vs_Cp3__strict_numeric_all,relation_separation_attenuation,c683c10822cc59ae7587,seam_relative:seam_relative_region=far,True,selected_by_outcome_blind_record_predicate_top_k,0.893687707641196,300,within_object_class_support_label_permutation,-0.74874493752335,4,3,-0.7118962891275266,-0.7068218525827598,0.0,300,194,-0.7511746212009957,-0.5772896467003814,0.0,object_cluster,leave-one-object-out sensitivity plus object-cluster bootstrap
a8542e236c931e00a753e949,C_vs_Cp3__strict_numeric_all,local_criterion_breach,c683c10822cc59ae7587,seam_relative:seam_relative_region=far,True,selected_by_outcome_blind_record_predicate_top_k,0.9534883720930233,300,within_object_class_support_label_permutation,-0.37777777777777777,4,3,-0.3535353535353535,-0.3535353535353535,0.0,300,178,-0.37777777777777777,-0.21367521367521364,0.0,object_cluster,leave-one-object-out sensitivity plus object-cluster bootstrap
91ee856ecdf4499af012c875,C_vs_Cp3__strict_numeric_all,log_loss_attenuation,c683c10822cc59ae7587,seam_relative:seam_relative_region=far,True,selected_by_outcome_blind_record_predicate_top_k,0.9933554817275747,300,within_object_class_support_label_permutation,-1.851097802005682,4,3,-1.8235823123021337,-1.821010325285833,0.0,300,190,-1.8523281935750326,-1.7597915227572665,0.0,object_cluster,leave-one-object-out sensitivity plus object-cluster bootstrap
927fcbca90fba9f1f506e599,C_vs_Cp3__strict_numeric_all,measurement_missingness_concentration,c683c10822cc59ae7587,seam_relative:seam_relative_region=far,True,selected_by_outcome_blind_record_predicate_top_k,1.0,300,within_object_class_support_label_permutation,0.0,4,3,0.0,0.0,0.0,300,208,0.0,0.0,0.0,object_cluster,leave-one-object-out sensitivity plus object-cluster bootstrap
b94b3f48ab91002a9e2a3992,C_vs_Cp3__strict_numeric_all,relation_separation_attenuation,fac3537948f2f8e9cd9d,scale_band:scale_band=middle,True,selected_by_outcome_blind_record_predicate_top_k,0.6677740863787376,300,within_object_class_support_label_permutation,0.4644475164566161,4,3,0.3885022875877041,0.3899954120582524,1.0,300,177,0.217980668939312,0.46630226417550025,1.0,object_cluster,leave-one-object-out sensitivity plus object-cluster bootstrap
e0ce5d85974f14729ba42acb,C_vs_Cp3__strict_numeric_all,local_criterion_breach,fac3537948f2f8e9cd9d,scale_band:scale_band=middle,True,selected_by_outcome_blind_record_predicate_top_k,0.7574750830564784,300,within_object_class_support_label_permutation,0.2777777777777778,4,3,0.2380952380952381,0.2380952380952381,1.0,300,194,0.16666666666666669,0.2777777777777778,1.0,object_cluster,leave-one-object-out sensitivity plus object-cluster bootstrap
db430862445b0ead1469b1e3,C_vs_Cp3__strict_numeric_all,log_loss_attenuation,fac3537948f2f8e9cd9d,scale_band:scale_band=middle,True,selected_by_outcome_blind_record_predicate_top_k,0.8903654485049833,300,within_object_class_support_label_permutation,0.47015793785275883,4,3,0.2838189809910284,0.284588837828893,1.0,300,185,-0.47660152532690736,0.4711111764210697,0.6162162162162163,object_cluster,leave-one-object-out sensitivity plus object-cluster bootstrap
be579c4e3714f305cb1966fa,C_vs_Cp3__strict_numeric_all,measurement_missingness_concentration,fac3537948f2f8e9cd9d,scale_band:scale_band=middle,True,selected_by_outcome_blind_record_predicate_top_k,1.0,300,within_object_class_support_label_permutation,0.0,4,3,0.0,0.0,0.0,300,189,0.0,0.0,0.0,object_cluster,leave-one-object-out sensitivity plus object-cluster bootstrap
3f1509dab0474a57916114ab,C_vs_Cp3__strict_numeric_all,relation_separation_attenuation,4487ed03ba052140cc42,transition:transition=5→6,True,selected_by_outcome_blind_record_predicate_top_k,0.6445182724252492,300,within_object_class_support_label_permutation,0.4644475164566161,4,3,0.3885022875877041,0.3899954120582524,1.0,300,187,0.25227704644219096,0.46630226417550025,1.0,object_cluster,leave-one-object-out sensitivity plus object-cluster bootstrap
cb6f0dde47505e63ab27f275,C_vs_Cp3__strict_numeric_all,local_criterion_breach,4487ed03ba052140cc42,transition:transition=5→6,True,selected_by_outcome_blind_record_predicate_top_k,0.760797342192691,300,within_object_class_support_label_permutation,0.2777777777777778,4,3,0.2380952380952381,0.2380952380952381,1.0,300,189,0.16666666666666669,0.2777777777777778,1.0,object_cluster,leave-one-object-out sensitivity plus object-cluster bootstrap
0c4c7eb2a1ca199dabfaca78,C_vs_Cp3__strict_numeric_all,log_loss_attenuation,4487ed03ba052140cc42,transition:transition=5→6,True,selected_by_outcome_blind_record_predicate_top_k,0.8870431893687708,300,within_object_class_support_label_permutation,0.47015793785275883,4,3,0.2838189809910284,0.284588837828893,1.0,300,183,-0.051442091279866986,0.4711111764210697,0.644808743169399,object_cluster,leave-one-object-out sensitivity plus object-cluster bootstrap
7953ddb85544a97e117d48fb,C_vs_Cp3__strict_numeric_all,measurement_missingness_concentration,4487ed03ba052140cc42,transition:transition=5→6,True,selected_by_outcome_blind_record_predicate_top_k,1.0,300,within_object_class_support_label_permutation,0.0,4,3,0.0,0.0,0.0,300,192,0.0,0.0,0.0,object_cluster,leave-one-object-out sensitivity plus object-cluster bootstrap
592a08a7a9fdbd4585f2918c,C_vs_Cp3__strict_numeric_all,relation_separation_attenuation,72b9f48eeec38e892701,cohort:cohort=after,True,selected_by_outcome_blind_record_predicate_top_k,0.6312292358803987,300,within_object_class_support_label_permutation,-0.10453804221609952,4,4,-0.1054392685383867,-0.00028958031050274613,0.0,300,292,-0.10478115103428415,-0.0002496095453760061,0.0,object_cluster,leave-one-object-out sensitivity plus object-cluster bootstrap
22539ae10c0790e4b236219f,C_vs_Cp3__strict_numeric_all,local_criterion_breach,72b9f48eeec38e892701,cohort:cohort=after,True,selected_by_outcome_blind_record_predicate_top_k,0.7475083056478405,300,within_object_class_support_label_permutation,-0.010526315789473661,4,4,0.0,0.0,0.0,300,296,-0.010526315789473661,0.0649350649350649,0.27364864864864863,object_cluster,leave-one-object-out sensitivity plus object-cluster bootstrap
c9109042cf900f44b064bb75,C_vs_Cp3__strict_numeric_all,log_loss_attenuation,72b9f48eeec38e892701,cohort:cohort=after,True,selected_by_outcome_blind_record_predicate_top_k,0.5980066445182725,300,within_object_class_support_label_permutation,-0.37220220804942905,4,4,-0.4122921669776829,-0.0001746425219923478,0.0,300,291,-0.4462128237931938,-0.00014378174454010052,0.0,object_cluster,leave-one-object-out sensitivity plus object-cluster bootstrap
15afd12de93ca15dafafde26,C_vs_Cp3__strict_numeric_all,measurement_missingness_concentration,72b9f48eeec38e892701,cohort:cohort=after,True,selected_by_outcome_blind_record_predicate_top_k,1.0,300,within_object_class_support_label_permutation,0.0,4,4,0.0,0.0,0.0,300,297,0.0,0.0,0.0,object_cluster,leave-one-object-out sensitivity plus object-cluster bootstrap
07bdea7d1e94f93c734793b2,C_vs_Cp3__strict_numeric_all,relation_separation_attenuation,6b0045c0b5d5cdcc487d,cohort:cohort=before,True,selected_by_outcome_blind_record_predicate_top_k,0.34219269102990035,300,within_object_class_support_label_permutation,-0.009085675388476266,4,4,-0.00577189543155654,0.015536950239948999,0.75,300,293,-0.009795777530960836,0.10336844825789038,0.2832764505119454,object_cluster,leave-one-object-out sensitivity plus object-cluster bootstrap
5d516b637f462b19adf72ba7,C_vs_Cp3__strict_numeric_all,local_criterion_breach,6b0045c0b5d5cdcc487d,cohort:cohort=before,True,selected_by_outcome_blind_record_predicate_top_k,0.6910299003322259,300,within_object_class_support_label_permutation,-0.010526315789473661,4,4,0.0,0.0,0.0,300,292,-0.010526315789473661,0.0649350649350649,0.2363013698630137,object_cluster,leave-one-object-out sensitivity plus object-cluster bootstrap
0fe503eaa6ed550b243f7fde,C_vs_Cp3__strict_numeric_all,log_loss_attenuation,6b0045c0b5d5cdcc487d,cohort:cohort=before,True,selected_by_outcome_blind_record_predicate_top_k,0.3953488372093023,300,within_object_class_support_label_permutation,-0.11219991755782077,4,4,-0.09016910873956596,-0.002960484742246146,0.0,300,296,-0.11257615839789459,0.0937717181383535,0.08108108108108109,object_cluster,leave-one-object-out sensitivity plus object-cluster bootstrap
c3f21b166cba09ed0b1d7d63,C_vs_Cp3__strict_numeric_all,measurement_missingness_concentration,6b0045c0b5d5cdcc487d,cohort:cohort=before,True,selected_by_outcome_blind_record_predicate_top_k,1.0,300,within_object_class_support_label_permutation,0.0,4,4,0.0,0.0,0.0,300,292,0.0,0.0,0.0,object_cluster,leave-one-object-out sensitivity plus object-cluster bootstrap
cf1d3d27a1350fc485428ed6,C_vs_Cp3__strict_numeric_all,relation_separation_attenuation,6951c09dfc251bd9f7db,transition:transition=5→6 AND scale_band:scale_band=middle,True,selected_by_outcome_blind_record_predicate_top_k,0.6445182724252492,300,within_object_class_support_label_permutation,0.4644475164566161,4,3,0.3885022875877041,0.3899954120582524,1.0,300,186,0.12412991438359541,0.46630226417550025,1.0,object_cluster,leave-one-object-out sensitivity plus object-cluster bootstrap
f95229962c69abc3e6b07d20,C_vs_Cp3__strict_numeric_all,local_criterion_breach,6951c09dfc251bd9f7db,transition:transition=5→6 AND scale_band:scale_band=middle,True,selected_by_outcome_blind_record_predicate_top_k,0.7873754152823921,300,within_object_class_support_label_permutation,0.2777777777777778,4,3,0.2380952380952381,0.2380952380952381,1.0,300,193,0.0757575757575758,0.2777777777777778,1.0,object_cluster,leave-one-object-out sensitivity plus object-cluster bootstrap
088415c427db5e056278671f,C_vs_Cp3__strict_numeric_all,log_loss_attenuation,6951c09dfc251bd9f7db,transition:transition=5→6 AND scale_band:scale_band=middle,True,selected_by_outcome_blind_record_predicate_top_k,0.8837209302325582,300,within_object_class_support_label_permutation,0.47015793785275883,4,3,0.2838189809910284,0.284588837828893,1.0,300,192,-0.05144209127986708,0.4711111764210697,0.6458333333333334,object_cluster,leave-one-object-out sensitivity plus object-cluster bootstrap
b5eb2719513ea69385b190af,C_vs_Cp3__strict_numeric_all,measurement_missingness_concentration,6951c09dfc251bd9f7db,transition:transition=5→6 AND scale_band:scale_band=middle,True,selected_by_outcome_blind_record_predicate_top_k,1.0,300,within_object_class_support_label_permutation,0.0,4,3,0.0,0.0,0.0,300,195,0.0,0.0,0.0,object_cluster,leave-one-object-out sensitivity plus object-cluster bootstrap
483d5885fd404830ce27d78f,C_vs_Cp3__strict_numeric_all,relation_separation_attenuation,114bd7932e0008f8ef79,scale_band:scale_band=early AND seam_relative:seam_relative_region=near,True,selected_by_outcome_blind_record_predicate_top_k,0.0033222591362126247,300,within_object_class_support_label_permutation,0.7361910909577157,4,3,0.6694307976928855,0.6753180574719716,1.0,300,188,0.43982426594659746,0.7395805450565569,1.0,object_cluster,leave-one-object-out sensitivity plus object-cluster bootstrap
975a12fe567bafcef5393a8b,C_vs_Cp3__strict_numeric_all,local_criterion_breach,114bd7932e0008f8ef79,scale_band:scale_band=early AND seam_relative:seam_relative_region=near,True,selected_by_outcome_blind_record_predicate_top_k,0.3289036544850498,300,within_object_class_support_label_permutation,0.368421052631579,4,3,0.33333333333333337,0.33333333333333337,1.0,300,215,0.2,0.368421052631579,1.0,object_cluster,leave-one-object-out sensitivity plus object-cluster bootstrap
4666eab80e658c10c2e03773,C_vs_Cp3__strict_numeric_all,log_loss_attenuation,114bd7932e0008f8ef79,scale_band:scale_band=early AND seam_relative:seam_relative_region=near,True,selected_by_outcome_blind_record_predicate_top_k,0.023255813953488372,300,within_object_class_support_label_permutation,1.998466962900915,4,3,1.9012735327816508,1.9042707077585415,1.0,300,203,1.544365955505771,2.000189577561874,1.0,object_cluster,leave-one-object-out sensitivity plus object-cluster bootstrap
76eb41c64f3dfc0f1bc4d967,C_vs_Cp3__strict_numeric_all,measurement_missingness_concentration,114bd7932e0008f8ef79,scale_band:scale_band=early AND seam_relative:seam_relative_region=near,True,selected_by_outcome_blind_record_predicate_top_k,1.0,300,within_object_class_support_label_permutation,0.0,4,3,0.0,0.0,0.0,300,205,0.0,0.0,0.0,object_cluster,leave-one-object-out sensitivity plus object-cluster bootstrap
72ea1028c53bb62a8fb355ca,C_vs_Cp3__geometry_scores_only,relation_separation_attenuation,8eb760d133ac749e3327,scale_band:scale_band=early,True,selected_by_outcome_blind_record_predicate_top_k,1.0,300,within_object_class_support_label_permutation,0.46897892059241447,4,3,0.3832701373252252,0.4050235232870778,1.0,300,186,0.2556039684520238,0.48803438708432995,1.0,object_cluster,leave-one-object-out sensitivity plus object-cluster bootstrap
fdff4f5649a315091100fca9,C_vs_Cp3__geometry_scores_only,local_criterion_breach,8eb760d133ac749e3327,scale_band:scale_band=early,True,selected_by_outcome_blind_record_predicate_top_k,1.0,300,within_object_class_support_label_permutation,0.33333333333333337,4,3,0.2857142857142857,0.2857142857142857,1.0,300,188,0.2,0.33333333333333337,1.0,object_cluster,leave-one-object-out sensitivity plus object-cluster bootstrap
c7bb703a3930eb4a7b9b0754,C_vs_Cp3__geometry_scores_only,log_loss_attenuation,8eb760d133ac749e3327,scale_band:scale_band=early,True,selected_by_outcome_blind_record_predicate_top_k,1.0,300,within_object_class_support_label_permutation,1.2863430949290933,4,3,1.0179328256478508,1.030478061113128,1.0,300,180,-0.04372984943887692,1.2972534054637996,0.9166666666666666,object_cluster,leave-one-object-out sensitivity plus object-cluster bootstrap
d10b3aec4edc47fefb2bd92f,C_vs_Cp3__geometry_scores_only,measurement_missingness_concentration,8eb760d133ac749e3327,scale_band:scale_band=early,True,selected_by_outcome_blind_record_predicate_top_k,1.0,300,within_object_class_support_label_permutation,0.0,4,3,0.0,0.0,0.0,300,183,0.0,0.0,0.0,object_cluster,leave-one-object-out sensitivity plus object-cluster bootstrap
87558a481641fed80be020cf,C_vs_Cp3__geometry_scores_only,relation_separation_attenuation,c683c10822cc59ae7587,seam_relative:seam_relative_region=far,True,selected_by_outcome_blind_record_predicate_top_k,0.3754152823920266,300,within_object_class_support_label_permutation,-0.6517990396567657,4,3,-0.5998401521741111,-0.582228237244099,0.0,300,196,-0.6652904957599647,-0.4595894159187103,0.0,object_cluster,leave-one-object-out sensitivity plus object-cluster bootstrap
56c7cbbcdfbf0b3243e51e50,C_vs_Cp3__geometry_scores_only,local_criterion_breach,c683c10822cc59ae7587,seam_relative:seam_relative_region=far,True,selected_by_outcome_blind_record_predicate_top_k,1.0,300,within_object_class_support_label_permutation,-0.4,4,3,-0.36363636363636365,-0.36363636363636365,0.0,300,177,-0.4,-0.2593406593406608,0.0,object_cluster,leave-one-object-out sensitivity plus object-cluster bootstrap
4431520a717fc527541300a0,C_vs_Cp3__geometry_scores_only,log_loss_attenuation,c683c10822cc59ae7587,seam_relative:seam_relative_region=far,True,selected_by_outcome_blind_record_predicate_top_k,0.07308970099667775,300,within_object_class_support_label_permutation,-1.8683920537762526,4,3,-1.6713945552162117,-1.660927235522069,0.0,300,182,-1.8763623972127963,-0.5428805026446789,0.0,object_cluster,leave-one-object-out sensitivity plus object-cluster bootstrap
bb41112e8a64561af89f7dd2,C_vs_Cp3__geometry_scores_only,measurement_missingness_concentration,c683c10822cc59ae7587,seam_relative:seam_relative_region=far,True,selected_by_outcome_blind_record_predicate_top_k,1.0,300,within_object_class_support_label_permutation,0.0,4,3,0.0,0.0,0.0,300,195,0.0,0.0,0.0,object_cluster,leave-one-object-out sensitivity plus object-cluster bootstrap
e65e82972a3d2597612d2f8e,C_vs_Cp3__geometry_scores_only,relation_separation_attenuation,fac3537948f2f8e9cd9d,scale_band:scale_band=middle,True,selected_by_outcome_blind_record_predicate_top_k,0.0033222591362126247,300,within_object_class_support_label_permutation,0.613683918189107,4,3,0.5285390648107418,0.5310669540783233,1.0,300,183,0.19481664071460025,0.613683918189107,1.0,object_cluster,leave-one-object-out sensitivity plus object-cluster bootstrap
5f1899d68de1eb5ff734f403,C_vs_Cp3__geometry_scores_only,local_criterion_breach,fac3537948f2f8e9cd9d,scale_band:scale_band=middle,True,selected_by_outcome_blind_record_predicate_top_k,1.0,300,within_object_class_support_label_permutation,0.33333333333333337,4,3,0.2857142857142857,0.2857142857142857,1.0,300,185,0.2,0.33333333333333337,1.0,object_cluster,leave-one-object-out sensitivity plus object-cluster bootstrap
3ce5ae77abc7f554ee646fec,C_vs_Cp3__geometry_scores_only,log_loss_attenuation,fac3537948f2f8e9cd9d,scale_band:scale_band=middle,True,selected_by_outcome_blind_record_predicate_top_k,0.0033222591362126247,300,within_object_class_support_label_permutation,2.0557483252142683,4,3,1.8369074134630343,1.8390765023728939,1.0,300,195,0.9520881073377956,2.056282489193557,1.0,object_cluster,leave-one-object-out sensitivity plus object-cluster bootstrap
4e7259df70471516ebeb8915,C_vs_Cp3__geometry_scores_only,measurement_missingness_concentration,fac3537948f2f8e9cd9d,scale_band:scale_band=middle,True,selected_by_outcome_blind_record_predicate_top_k,1.0,300,within_object_class_support_label_permutation,0.0,4,3,0.0,0.0,0.0,300,169,0.0,0.0,0.0,object_cluster,leave-one-object-out sensitivity plus object-cluster bootstrap
d9fb552319900c26366fbf0d,C_vs_Cp3__geometry_scores_only,relation_separation_attenuation,4487ed03ba052140cc42,transition:transition=5→6,True,selected_by_outcome_blind_record_predicate_top_k,0.0033222591362126247,300,within_object_class_support_label_permutation,0.613683918189107,4,3,0.5285390648107418,0.5310669540783233,1.0,300,187,0.3815481710263195,0.613683918189107,1.0,object_cluster,leave-one-object-out sensitivity plus object-cluster bootstrap
8aab9893a304bc302cced4ba,C_vs_Cp3__geometry_scores_only,local_criterion_breach,4487ed03ba052140cc42,transition:transition=5→6,True,selected_by_outcome_blind_record_predicate_top_k,1.0,300,within_object_class_support_label_permutation,0.33333333333333337,4,3,0.2857142857142857,0.2857142857142857,1.0,300,184,0.2,0.33333333333333337,1.0,object_cluster,leave-one-object-out sensitivity plus object-cluster bootstrap
f548e36d671c1e3c95e19e5a,C_vs_Cp3__geometry_scores_only,log_loss_attenuation,4487ed03ba052140cc42,transition:transition=5→6,True,selected_by_outcome_blind_record_predicate_top_k,0.0033222591362126247,300,within_object_class_support_label_permutation,2.0557483252142683,4,3,1.8369074134630343,1.8390765023728939,1.0,300,174,0.9520881073377951,2.056282489193557,1.0,object_cluster,leave-one-object-out sensitivity plus object-cluster bootstrap
721bcd13081f974c6980f94a,C_vs_Cp3__geometry_scores_only,measurement_missingness_concentration,4487ed03ba052140cc42,transition:transition=5→6,True,selected_by_outcome_blind_record_predicate_top_k,1.0,300,within_object_class_support_label_permutation,0.0,4,3,0.0,0.0,0.0,300,190,0.0,0.0,0.0,object_cluster,leave-one-object-out sensitivity plus object-cluster bootstrap
03d5d89ea38ff23d92331db9,C_vs_Cp3__geometry_scores_only,relation_separation_attenuation,72b9f48eeec38e892701,cohort:cohort=after,True,selected_by_outcome_blind_record_predicate_top_k,0.6578073089700996,300,within_object_class_support_label_permutation,-0.10256805841088096,4,4,-0.10238489596184083,0.0,0.0,300,294,-0.10435720500673412,0.0,0.0,object_cluster,leave-one-object-out sensitivity plus object-cluster bootstrap
95953ac1739915a60c9f3a6f,C_vs_Cp3__geometry_scores_only,local_criterion_breach,72b9f48eeec38e892701,cohort:cohort=after,True,selected_by_outcome_blind_record_predicate_top_k,1.0,300,within_object_class_support_label_permutation,-0.06315789473684208,4,4,-0.0625,0.0,0.0,300,296,-0.06315789473684208,0.0,0.0,object_cluster,leave-one-object-out sensitivity plus object-cluster bootstrap
db12e96e709783cdc68a422f,C_vs_Cp3__geometry_scores_only,log_loss_attenuation,72b9f48eeec38e892701,cohort:cohort=after,True,selected_by_outcome_blind_record_predicate_top_k,0.6611295681063123,300,within_object_class_support_label_permutation,-0.31661918717147675,4,4,-0.31385753038128383,0.0,0.0,300,295,-0.31770340054648694,0.0,0.0,object_cluster,leave-one-object-out sensitivity plus object-cluster bootstrap
361bff3f274bd9b7f1f3a0c9,C_vs_Cp3__geometry_scores_only,measurement_missingness_concentration,72b9f48eeec38e892701,cohort:cohort=after,True,selected_by_outcome_blind_record_predicate_top_k,1.0,300,within_object_class_support_label_permutation,0.0,4,4,0.0,0.0,0.0,300,297,0.0,0.0,0.0,object_cluster,leave-one-object-out sensitivity plus object-cluster bootstrap
80a851df2735e58d8d7e35a0,C_vs_Cp3__geometry_scores_only,relation_separation_attenuation,6b0045c0b5d5cdcc487d,cohort:cohort=before,True,selected_by_outcome_blind_record_predicate_top_k,0.6179401993355482,300,within_object_class_support_label_permutation,-0.10256805841088096,4,4,-0.10238489596184083,0.0,0.0,300,293,-0.10435720500673412,0.0,0.0,object_cluster,leave-one-object-out sensitivity plus object-cluster bootstrap
023e5fc3a43ca2460938eb77,C_vs_Cp3__geometry_scores_only,local_criterion_breach,6b0045c0b5d5cdcc487d,cohort:cohort=before,True,selected_by_outcome_blind_record_predicate_top_k,1.0,300,within_object_class_support_label_permutation,-0.06315789473684208,4,4,-0.0625,0.0,0.0,300,294,-0.06315789473684208,0.0,0.0,object_cluster,leave-one-object-out sensitivity plus object-cluster bootstrap
b7043063b238bf4be1da1e45,C_vs_Cp3__geometry_scores_only,log_loss_attenuation,6b0045c0b5d5cdcc487d,cohort:cohort=before,True,selected_by_outcome_blind_record_predicate_top_k,0.6478405315614618,300,within_object_class_support_label_permutation,-0.31661918717147675,4,4,-0.31385753038128383,0.0,0.0,300,296,-0.31770340054648694,0.0,0.0,object_cluster,leave-one-object-out sensitivity plus object-cluster bootstrap
165c0ecd5ff7a0653725a56f,C_vs_Cp3__geometry_scores_only,measurement_missingness_concentration,6b0045c0b5d5cdcc487d,cohort:cohort=before,True,selected_by_outcome_blind_record_predicate_top_k,1.0,300,within_object_class_support_label_permutation,0.0,4,4,0.0,0.0,0.0,300,293,0.0,0.0,0.0,object_cluster,leave-one-object-out sensitivity plus object-cluster bootstrap
acc470e60efd49b1381196ae,C_vs_Cp3__geometry_scores_only,relation_separation_attenuation,6951c09dfc251bd9f7db,transition:transition=5→6 AND scale_band:scale_band=middle,True,selected_by_outcome_blind_record_predicate_top_k,0.0033222591362126247,300,within_object_class_support_label_permutation,0.613683918189107,4,3,0.5285390648107418,0.5310669540783233,1.0,300,178,0.3815481710263195,0.613683918189107,1.0,object_cluster,leave-one-object-out sensitivity plus object-cluster bootstrap
e54db15980c81fb774118db1,C_vs_Cp3__geometry_scores_only,local_criterion_breach,6951c09dfc251bd9f7db,transition:transition=5→6 AND scale_band:scale_band=middle,True,selected_by_outcome_blind_record_predicate_top_k,1.0,300,within_object_class_support_label_permutation,0.33333333333333337,4,3,0.2857142857142857,0.2857142857142857,1.0,300,185,0.09090909090909088,0.33333333333333337,1.0,object_cluster,leave-one-object-out sensitivity plus object-cluster bootstrap
777741dbd03af9e7c2369826,C_vs_Cp3__geometry_scores_only,log_loss_attenuation,6951c09dfc251bd9f7db,transition:transition=5→6 AND scale_band:scale_band=middle,True,selected_by_outcome_blind_record_predicate_top_k,0.0033222591362126247,300,within_object_class_support_label_permutation,2.0557483252142683,4,3,1.8369074134630343,1.8390765023728939,1.0,300,183,1.4480676663492886,2.056282489193557,1.0,object_cluster,leave-one-object-out sensitivity plus object-cluster bootstrap
1235d31ab80c3fa558ef029d,C_vs_Cp3__geometry_scores_only,measurement_missingness_concentration,6951c09dfc251bd9f7db,transition:transition=5→6 AND scale_band:scale_band=middle,True,selected_by_outcome_blind_record_predicate_top_k,1.0,300,within_object_class_support_label_permutation,0.0,4,3,0.0,0.0,0.0,300,188,0.0,0.0,0.0,object_cluster,leave-one-object-out sensitivity plus object-cluster bootstrap
40d1f81f89646c0f5d2ef266,C_vs_Cp3__geometry_scores_only,relation_separation_attenuation,114bd7932e0008f8ef79,scale_band:scale_band=early AND seam_relative:seam_relative_region=near,True,selected_by_outcome_blind_record_predicate_top_k,1.0,300,within_object_class_support_label_permutation,0.4989299225554367,4,3,0.41139282785456543,0.4297177596311003,1.0,300,210,0.1270509799105518,0.5148693255375008,0.9904761904761905,object_cluster,leave-one-object-out sensitivity plus object-cluster bootstrap
0cd546beef65250dd5410b6b,C_vs_Cp3__geometry_scores_only,local_criterion_breach,114bd7932e0008f8ef79,scale_band:scale_band=early AND seam_relative:seam_relative_region=near,True,selected_by_outcome_blind_record_predicate_top_k,1.0,300,within_object_class_support_label_permutation,0.3157894736842105,4,3,0.26666666666666666,0.26666666666666666,1.0,300,190,0.08000000000000002,0.3157894736842105,0.9842105263157894,object_cluster,leave-one-object-out sensitivity plus object-cluster bootstrap
734af7f6204c1ab37a536304,C_vs_Cp3__geometry_scores_only,log_loss_attenuation,114bd7932e0008f8ef79,scale_band:scale_band=early AND seam_relative:seam_relative_region=near,True,selected_by_outcome_blind_record_predicate_top_k,1.0,300,within_object_class_support_label_permutation,1.2484844550048084,4,3,0.9793849025196966,0.9900568325015355,1.0,300,228,-0.012584958951503022,1.2577107671533008,0.9385964912280702,object_cluster,leave-one-object-out sensitivity plus object-cluster bootstrap
c9af377e01b3c65bce566b78,C_vs_Cp3__geometry_scores_only,measurement_missingness_concentration,114bd7932e0008f8ef79,scale_band:scale_band=early AND seam_relative:seam_relative_region=near,True,selected_by_outcome_blind_record_predicate_top_k,1.0,300,within_object_class_support_label_permutation,0.0,4,3,0.0,0.0,0.0,300,205,0.0,0.0,0.0,object_cluster,leave-one-object-out sensitivity plus object-cluster bootstrap
9f079d515272f87a74853776,C_vs_Cp3__path_shares_only,relation_separation_attenuation,8eb760d133ac749e3327,scale_band:scale_band=early,True,selected_by_outcome_blind_record_predicate_top_k,0.2724252491694352,300,within_object_class_support_label_permutation,0.20950440752598787,4,3,0.18735617247794334,0.1886552772652853,1.0,300,167,0.10108460138425657,0.20975918922735526,1.0,object_cluster,leave-one-object-out sensitivity plus object-cluster bootstrap
2f394559fbe5789c99da9eda,C_vs_Cp3__path_shares_only,local_criterion_breach,8eb760d133ac749e3327,scale_band:scale_band=early,True,selected_by_outcome_blind_record_predicate_top_k,0.7408637873754153,300,within_object_class_support_label_permutation,0.05555555555555555,4,3,0.047619047619047616,0.047619047619047616,1.0,300,180,0.03242424242424244,0.05555555555555555,1.0,object_cluster,leave-one-object-out sensitivity plus object-cluster bootstrap
5fd786d4849a1a52ec67dbb6,C_vs_Cp3__path_shares_only,log_loss_attenuation,8eb760d133ac749e3327,scale_band:scale_band=early,True,selected_by_outcome_blind_record_predicate_top_k,0.2956810631229236,300,within_object_class_support_label_permutation,0.24684696309780774,4,3,0.23040008821322425,0.23107422299141134,1.0,300,189,0.16535777631478854,0.24698287871856311,1.0,object_cluster,leave-one-object-out sensitivity plus object-cluster bootstrap
d0e88a470499e577e97f645c,C_vs_Cp3__path_shares_only,measurement_missingness_concentration,8eb760d133ac749e3327,scale_band:scale_band=early,True,selected_by_outcome_blind_record_predicate_top_k,1.0,300,within_object_class_support_label_permutation,0.0,4,3,0.0,0.0,0.0,300,195,0.0,0.0,0.0,object_cluster,leave-one-object-out sensitivity plus object-cluster bootstrap
c041533a32ef067fe13a0d34,C_vs_Cp3__path_shares_only,relation_separation_attenuation,c683c10822cc59ae7587,seam_relative:seam_relative_region=far,True,selected_by_outcome_blind_record_predicate_top_k,0.9800664451827242,300,within_object_class_support_label_permutation,-0.3106431737494575,4,3,-0.3076429490482452,-0.30694280886062475,0.0,300,185,-0.3106431737494575,-0.2912316868601904,0.0,object_cluster,leave-one-object-out sensitivity plus object-cluster bootstrap
b0da1aad65e0f7a281752f16,C_vs_Cp3__path_shares_only,local_criterion_breach,c683c10822cc59ae7587,seam_relative:seam_relative_region=far,True,selected_by_outcome_blind_record_predicate_top_k,1.0,300,within_object_class_support_label_permutation,-0.1111111111111111,4,3,-0.1111111111111111,-0.1111111111111111,0.0,300,190,-0.1111111111111111,-0.1111111111111111,0.0,object_cluster,leave-one-object-out sensitivity plus object-cluster bootstrap
12c39cc9d0ace9a58ed9dbd4,C_vs_Cp3__path_shares_only,log_loss_attenuation,c683c10822cc59ae7587,seam_relative:seam_relative_region=far,True,selected_by_outcome_blind_record_predicate_top_k,0.9867109634551495,300,within_object_class_support_label_permutation,-0.2996381625850121,4,3,-0.29809666326617745,-0.2977288082563927,0.0,300,197,-0.2996381625850121,-0.28963092806113677,0.0,object_cluster,leave-one-object-out sensitivity plus object-cluster bootstrap
4da1745331c8abcbaff245f9,C_vs_Cp3__path_shares_only,measurement_missingness_concentration,c683c10822cc59ae7587,seam_relative:seam_relative_region=far,True,selected_by_outcome_blind_record_predicate_top_k,1.0,300,within_object_class_support_label_permutation,0.0,4,3,0.0,0.0,0.0,300,179,0.0,0.0,0.0,object_cluster,leave-one-object-out sensitivity plus object-cluster bootstrap
2031e621e5671c53a3854bbd,C_vs_Cp3__path_shares_only,relation_separation_attenuation,fac3537948f2f8e9cd9d,scale_band:scale_band=middle,True,selected_by_outcome_blind_record_predicate_top_k,0.6910299003322259,300,within_object_class_support_label_permutation,0.11968890590082415,4,3,0.0916155206346384,0.09575697440656739,1.0,300,192,-0.011907529325189792,0.12351454311891019,0.9322916666666666,object_cluster,leave-one-object-out sensitivity plus object-cluster bootstrap
daf15eb333e7fb524848f49d,C_vs_Cp3__path_shares_only,local_criterion_breach,fac3537948f2f8e9cd9d,scale_band:scale_band=middle,True,selected_by_outcome_blind_record_predicate_top_k,0.8006644518272426,300,within_object_class_support_label_permutation,0.05555555555555555,4,3,0.047619047619047616,0.047619047619047616,1.0,300,193,0.033333333333333326,0.05555555555555555,1.0,object_cluster,leave-one-object-out sensitivity plus object-cluster bootstrap
2e916622f064be66b83c02b1,C_vs_Cp3__path_shares_only,log_loss_attenuation,fac3537948f2f8e9cd9d,scale_band:scale_band=middle,True,selected_by_outcome_blind_record_predicate_top_k,0.7043189368770764,300,within_object_class_support_label_permutation,0.062365202076945514,4,3,0.03299924724178249,0.03512167475200437,1.0,300,192,-0.017447385404882138,0.06432670817249682,0.6614583333333334,object_cluster,leave-one-object-out sensitivity plus object-cluster bootstrap
d22407289fb452601b3ef671,C_vs_Cp3__path_shares_only,measurement_missingness_concentration,fac3537948f2f8e9cd9d,scale_band:scale_band=middle,True,selected_by_outcome_blind_record_predicate_top_k,1.0,300,within_object_class_support_label_permutation,0.0,4,3,0.0,0.0,0.0,300,206,0.0,0.0,0.0,object_cluster,leave-one-object-out sensitivity plus object-cluster bootstrap
ea5000b16c6f4836d6c52e13,C_vs_Cp3__path_shares_only,relation_separation_attenuation,4487ed03ba052140cc42,transition:transition=5→6,True,selected_by_outcome_blind_record_predicate_top_k,0.7408637873754153,300,within_object_class_support_label_permutation,0.11968890590082415,4,3,0.0916155206346384,0.09575697440656739,1.0,300,173,0.04579335072435031,0.12351454311891019,0.976878612716763,object_cluster,leave-one-object-out sensitivity plus object-cluster bootstrap
585e760b5821c070c58a9f40,C_vs_Cp3__path_shares_only,local_criterion_breach,4487ed03ba052140cc42,transition:transition=5→6,True,selected_by_outcome_blind_record_predicate_top_k,0.770764119601329,300,within_object_class_support_label_permutation,0.05555555555555555,4,3,0.047619047619047616,0.047619047619047616,1.0,300,195,0.027878787878787892,0.05555555555555555,1.0,object_cluster,leave-one-object-out sensitivity plus object-cluster bootstrap
b263d5d1d801fe28156223b6,C_vs_Cp3__path_shares_only,log_loss_attenuation,4487ed03ba052140cc42,transition:transition=5→6,True,selected_by_outcome_blind_record_predicate_top_k,0.7375415282392026,300,within_object_class_support_label_permutation,0.062365202076945514,4,3,0.03299924724178249,0.03512167475200437,1.0,300,170,-0.08133439942240867,0.06432670817249683,0.6176470588235294,object_cluster,leave-one-object-out sensitivity plus object-cluster bootstrap
7c57d22644942eb480a28b45,C_vs_Cp3__path_shares_only,measurement_missingness_concentration,4487ed03ba052140cc42,transition:transition=5→6,True,selected_by_outcome_blind_record_predicate_top_k,1.0,300,within_object_class_support_label_permutation,0.0,4,3,0.0,0.0,0.0,300,186,0.0,0.0,0.0,object_cluster,leave-one-object-out sensitivity plus object-cluster bootstrap
8e4525de8e143dd041d0f6e2,C_vs_Cp3__path_shares_only,relation_separation_attenuation,72b9f48eeec38e892701,cohort:cohort=after,True,selected_by_outcome_blind_record_predicate_top_k,0.6910299003322259,300,within_object_class_support_label_permutation,-0.09482915610498155,4,4,-0.10954821426881811,-4.725697643270799e-05,0.0,300,293,-0.12846310519348592,-4.725697643248594e-05,0.0,object_cluster,leave-one-object-out sensitivity plus object-cluster bootstrap
b96977edf86384e7463953d8,C_vs_Cp3__path_shares_only,local_criterion_breach,72b9f48eeec38e892701,cohort:cohort=after,True,selected_by_outcome_blind_record_predicate_top_k,1.0,300,within_object_class_support_label_permutation,-0.05263157894736842,4,4,-0.0625,0.0,0.0,300,294,-0.09090909090909091,0.0,0.0,object_cluster,leave-one-object-out sensitivity plus object-cluster bootstrap
968f017b49037a14fe0a6fc2,C_vs_Cp3__path_shares_only,log_loss_attenuation,72b9f48eeec38e892701,cohort:cohort=after,True,selected_by_outcome_blind_record_predicate_top_k,0.6644518272425249,300,within_object_class_support_label_permutation,-0.11157977969590233,4,4,-0.13075520569057833,-2.4817276764926843e-05,0.0,300,297,-0.15730480552319762,-2.4817276764923374e-05,0.0,object_cluster,leave-one-object-out sensitivity plus object-cluster bootstrap
f58f70f2a0753df1cfd65723,C_vs_Cp3__path_shares_only,measurement_missingness_concentration,72b9f48eeec38e892701,cohort:cohort=after,True,selected_by_outcome_blind_record_predicate_top_k,1.0,300,within_object_class_support_label_permutation,0.0,4,4,0.0,0.0,0.0,300,295,0.0,0.0,0.0,object_cluster,leave-one-object-out sensitivity plus object-cluster bootstrap
37a4a1efc3975a9e26dad2b6,C_vs_Cp3__path_shares_only,relation_separation_attenuation,6b0045c0b5d5cdcc487d,cohort:cohort=before,True,selected_by_outcome_blind_record_predicate_top_k,0.38205980066445183,300,within_object_class_support_label_permutation,-0.04601500370826872,4,4,-0.04890633790660537,-0.0008525350220144334,0.0,300,298,-0.04868084804361006,-0.0008525350220143224,0.0,object_cluster,leave-one-object-out sensitivity plus object-cluster bootstrap
e23df08f027c823b126e26b5,C_vs_Cp3__path_shares_only,local_criterion_breach,6b0045c0b5d5cdcc487d,cohort:cohort=before,True,selected_by_outcome_blind_record_predicate_top_k,1.0,300,within_object_class_support_label_permutation,-0.05263157894736842,4,4,-0.0625,0.0,0.0,300,294,-0.08181818181818182,0.0,0.0,object_cluster,leave-one-object-out sensitivity plus object-cluster bootstrap
ad7c7ee349ce0b0078e164d3,C_vs_Cp3__path_shares_only,log_loss_attenuation,6b0045c0b5d5cdcc487d,cohort:cohort=before,True,selected_by_outcome_blind_record_predicate_top_k,0.39867109634551495,300,within_object_class_support_label_permutation,-0.08283343967624252,4,4,-0.09506198324619339,-0.0004424172805234175,0.0,300,297,-0.12106004913710378,-0.0004424172805234175,0.0,object_cluster,leave-one-object-out sensitivity plus object-cluster bootstrap
39c450420677f697a7a20ea2,C_vs_Cp3__path_shares_only,measurement_missingness_concentration,6b0045c0b5d5cdcc487d,cohort:cohort=before,True,selected_by_outcome_blind_record_predicate_top_k,1.0,300,within_object_class_support_label_permutation,0.0,4,4,0.0,0.0,0.0,300,294,0.0,0.0,0.0,object_cluster,leave-one-object-out sensitivity plus object-cluster bootstrap
7661ec7a6b54c11e42a88efd,C_vs_Cp3__path_shares_only,relation_separation_attenuation,6951c09dfc251bd9f7db,transition:transition=5→6 AND scale_band:scale_band=middle,True,selected_by_outcome_blind_record_predicate_top_k,0.7009966777408638,300,within_object_class_support_label_permutation,0.11968890590082415,4,3,0.0916155206346384,0.09575697440656739,1.0,300,166,0.04579335072435031,0.12351454311891019,0.963855421686747,object_cluster,leave-one-object-out sensitivity plus object-cluster bootstrap
d255dafe5893ade8d319db10,C_vs_Cp3__path_shares_only,local_criterion_breach,6951c09dfc251bd9f7db,transition:transition=5→6 AND scale_band:scale_band=middle,True,selected_by_outcome_blind_record_predicate_top_k,0.770764119601329,300,within_object_class_support_label_permutation,0.05555555555555555,4,3,0.047619047619047616,0.047619047619047616,1.0,300,200,0.015151515151515152,0.05555555555555555,1.0,object_cluster,leave-one-object-out sensitivity plus object-cluster bootstrap
80dc343e6c22b5812fb0078d,C_vs_Cp3__path_shares_only,log_loss_attenuation,6951c09dfc251bd9f7db,transition:transition=5→6 AND scale_band:scale_band=middle,True,selected_by_outcome_blind_record_predicate_top_k,0.7209302325581395,300,within_object_class_support_label_permutation,0.062365202076945514,4,3,0.03299924724178249,0.03512167475200437,1.0,300,181,-0.017447385404882138,0.06432670817249683,0.6519337016574586,object_cluster,leave-one-object-out sensitivity plus object-cluster bootstrap
454e0db57c3d8b38066e5e81,C_vs_Cp3__path_shares_only,measurement_missingness_concentration,6951c09dfc251bd9f7db,transition:transition=5→6 AND scale_band:scale_band=middle,True,selected_by_outcome_blind_record_predicate_top_k,1.0,300,within_object_class_support_label_permutation,0.0,4,3,0.0,0.0,0.0,300,199,0.0,0.0,0.0,object_cluster,leave-one-object-out sensitivity plus object-cluster bootstrap
51b70bf834ebbcd2095f2d47,C_vs_Cp3__path_shares_only,relation_separation_attenuation,114bd7932e0008f8ef79,scale_band:scale_band=early AND seam_relative:seam_relative_region=near,True,selected_by_outcome_blind_record_predicate_top_k,0.18272425249169436,300,within_object_class_support_label_permutation,0.2705218347429601,4,3,0.25231096028664257,0.25243747915614445,1.0,300,192,0.19610348595981753,0.27069805025872107,1.0,object_cluster,leave-one-object-out sensitivity plus object-cluster bootstrap
7be63a3c4ff0a8446e6b7995,C_vs_Cp3__path_shares_only,local_criterion_breach,114bd7932e0008f8ef79,scale_band:scale_band=early AND seam_relative:seam_relative_region=near,True,selected_by_outcome_blind_record_predicate_top_k,0.7043189368770764,300,within_object_class_support_label_permutation,0.0736842105263158,4,3,0.06666666666666668,0.06666666666666668,1.0,300,200,0.04000000000000001,0.0736842105263158,1.0,object_cluster,leave-one-object-out sensitivity plus object-cluster bootstrap
895d82eb66786d9432d177e1,C_vs_Cp3__path_shares_only,log_loss_attenuation,114bd7932e0008f8ef79,scale_band:scale_band=early AND seam_relative:seam_relative_region=near,True,selected_by_outcome_blind_record_predicate_top_k,0.15946843853820597,300,within_object_class_support_label_permutation,0.31047696363304517,4,3,0.2966435485214749,0.29670362921942117,1.0,300,197,0.24978674653941466,0.3105717060982313,1.0,object_cluster,leave-one-object-out sensitivity plus object-cluster bootstrap
832165725b946850584b7eaf,C_vs_Cp3__path_shares_only,measurement_missingness_concentration,114bd7932e0008f8ef79,scale_band:scale_band=early AND seam_relative:seam_relative_region=near,True,selected_by_outcome_blind_record_predicate_top_k,1.0,300,within_object_class_support_label_permutation,0.0,4,3,0.0,0.0,0.0,300,199,0.0,0.0,0.0,object_cluster,leave-one-object-out sensitivity plus object-cluster bootstrap
53a49f2426a2908c6b98da12,Cp2_vs_Cp3__geometry_scores_only,relation_separation_attenuation,8eb760d133ac749e3327,scale_band:scale_band=early,True,selected_by_outcome_blind_record_predicate_top_k,0.3920265780730897,300,within_object_class_support_label_permutation,-0.050242760723179236,4,4,-0.1504832408410356,0.11215318630657078,0.25,300,279,-0.23168121435591071,0.16227342636549902,0.2867383512544803,object_cluster,leave-one-object-out sensitivity plus object-cluster bootstrap
a5c4371bcb70baff66647f78,Cp2_vs_Cp3__geometry_scores_only,local_criterion_breach,8eb760d133ac749e3327,scale_band:scale_band=early,True,selected_by_outcome_blind_record_predicate_top_k,1.0,300,within_object_class_support_label_permutation,-0.16666666666666666,4,4,-0.25,0.0,0.0,300,280,-0.3333333333333333,0.0,0.0,object_cluster,leave-one-object-out sensitivity plus object-cluster bootstrap
2728358d25dad8c5459bd7b3,Cp2_vs_Cp3__geometry_scores_only,log_loss_attenuation,8eb760d133ac749e3327,scale_band:scale_band=early,True,selected_by_outcome_blind_record_predicate_top_k,0.654485049833887,300,within_object_class_support_label_permutation,-0.038509689728521174,4,4,-0.10975562340175263,0.07669770921480637,0.25,300,278,-0.1673593228734164,0.11232067605142212,0.35611510791366907,object_cluster,leave-one-object-out sensitivity plus object-cluster bootstrap
d936a69641fa1ef128445ec3,Cp2_vs_Cp3__geometry_scores_only,measurement_missingness_concentration,8eb760d133ac749e3327,scale_band:scale_band=early,True,selected_by_outcome_blind_record_predicate_top_k,1.0,300,within_object_class_support_label_permutation,0.0,4,4,0.0,0.0,0.0,300,278,0.0,0.0,0.0,object_cluster,leave-one-object-out sensitivity plus object-cluster bootstrap
9c6c5d399f41efd37831fa1a,Cp2_vs_Cp3__geometry_scores_only,relation_separation_attenuation,4a8778b37c9e858c2b55,transition:transition=4→5,True,selected_by_outcome_blind_record_predicate_top_k,0.3122923588039867,300,within_object_class_support_label_permutation,-0.18025556541974141,4,4,-0.2391201724229416,-0.09229867599204666,0.0,300,278,-0.286478075093199,0.011912706188714539,0.09352517985611511,object_cluster,leave-one-object-out sensitivity plus object-cluster bootstrap
ece3d085dafc72341d75f1da,Cp2_vs_Cp3__geometry_scores_only,local_criterion_breach,4a8778b37c9e858c2b55,transition:transition=4→5,True,selected_by_outcome_blind_record_predicate_top_k,1.0,300,within_object_class_support_label_permutation,-0.125,4,4,-0.16666666666666666,0.0,0.0,300,282,-0.25,0.0,0.0,object_cluster,leave-one-object-out sensitivity plus object-cluster bootstrap
9c6551fae45c8557b77b0b55,Cp2_vs_Cp3__geometry_scores_only,log_loss_attenuation,4a8778b37c9e858c2b55,transition:transition=4→5,True,selected_by_outcome_blind_record_predicate_top_k,0.3687707641196013,300,within_object_class_support_label_permutation,-0.13160877583128366,4,4,-0.1745340316389336,-0.06761141664551484,0.0,300,278,-0.20972954108887054,0.005451775541574916,0.06474820143884892,object_cluster,leave-one-object-out sensitivity plus object-cluster bootstrap
8dae850698dedf1c91a5fa19,Cp2_vs_Cp3__geometry_scores_only,measurement_missingness_concentration,4a8778b37c9e858c2b55,transition:transition=4→5,True,selected_by_outcome_blind_record_predicate_top_k,1.0,300,within_object_class_support_label_permutation,0.0,4,4,0.0,0.0,0.0,300,271,0.0,0.0,0.0,object_cluster,leave-one-object-out sensitivity plus object-cluster bootstrap
76ae7879f6934c02d3e59031,Cp2_vs_Cp3__geometry_scores_only,relation_separation_attenuation,c683c10822cc59ae7587,seam_relative:seam_relative_region=far,True,selected_by_outcome_blind_record_predicate_top_k,0.53156146179402,300,within_object_class_support_label_permutation,0.039993237539025395,4,4,-0.08363939821307076,0.1022396845193716,0.75,300,277,-0.13143334004911134,0.13802357410115174,0.6642599277978339,object_cluster,leave-one-object-out sensitivity plus object-cluster bootstrap
8d07edd2a91dc6bb40797af0,Cp2_vs_Cp3__geometry_scores_only,local_criterion_breach,c683c10822cc59ae7587,seam_relative:seam_relative_region=far,True,selected_by_outcome_blind_record_predicate_top_k,1.0,300,within_object_class_support_label_permutation,0.125,4,4,0.0,0.1875,0.75,300,288,0.0,0.2222222222222222,0.6770833333333334,object_cluster,leave-one-object-out sensitivity plus object-cluster bootstrap
b6612a842ac60acc22d9efe3,Cp2_vs_Cp3__geometry_scores_only,log_loss_attenuation,c683c10822cc59ae7587,seam_relative:seam_relative_region=far,True,selected_by_outcome_blind_record_predicate_top_k,0.5614617940199336,300,within_object_class_support_label_permutation,0.029585396877650633,4,4,-0.0590355514883132,0.07363047490132724,0.75,300,280,-0.0927701523387779,0.09940114111679177,0.6357142857142857,object_cluster,leave-one-object-out sensitivity plus object-cluster bootstrap
d1cca529e84efd01bf8224e3,Cp2_vs_Cp3__geometry_scores_only,measurement_missingness_concentration,c683c10822cc59ae7587,seam_relative:seam_relative_region=far,True,selected_by_outcome_blind_record_predicate_top_k,1.0,300,within_object_class_support_label_permutation,0.0,4,4,0.0,0.0,0.0,300,280,0.0,0.0,0.0,object_cluster,leave-one-object-out sensitivity plus object-cluster bootstrap
a7e8f669a44f0bbcec01f7a3,Cp2_vs_Cp3__geometry_scores_only,relation_separation_attenuation,3e971f0bc08c8189f389,route_or_path:dominant_family=mixed,True,selected_by_outcome_blind_record_predicate_top_k,1.0,300,within_object_class_support_label_permutation,0.27579895919817,4,3,0.23002959908540221,0.3678146752656043,1.0,300,174,0.15334983569587335,0.3833891258644594,1.0,object_cluster,leave-one-object-out sensitivity plus object-cluster bootstrap
d5684231091b75597d191468,Cp2_vs_Cp3__geometry_scores_only,local_criterion_breach,3e971f0bc08c8189f389,route_or_path:dominant_family=mixed,True,selected_by_outcome_blind_record_predicate_top_k,1.0,300,within_object_class_support_label_permutation,-0.1,4,3,-0.16666666666666666,0.0,0.0,300,198,-0.25,0.0,0.0,object_cluster,leave-one-object-out sensitivity plus object-cluster bootstrap
906ac9a5cb2df0f5f6c5ff2e,Cp2_vs_Cp3__geometry_scores_only,log_loss_attenuation,3e971f0bc08c8189f389,route_or_path:dominant_family=mixed,True,selected_by_outcome_blind_record_predicate_top_k,1.0,300,within_object_class_support_label_permutation,0.1817970169688894,4,3,0.14590351597800177,0.24806444438008388,1.0,300,178,0.0906806598020064,0.2687764042548558,1.0,object_cluster,leave-one-object-out sensitivity plus object-cluster bootstrap
76f63a7319af04b061ed58a6,Cp2_vs_Cp3__geometry_scores_only,measurement_missingness_concentration,3e971f0bc08c8189f389,route_or_path:dominant_family=mixed,True,selected_by_outcome_blind_record_predicate_top_k,1.0,300,within_object_class_support_label_permutation,0.0,4,3,0.0,0.0,0.0,300,187,0.0,0.0,0.0,object_cluster,leave-one-object-out sensitivity plus object-cluster bootstrap
0ac036c0787cab61bd1cbfbc,Cp2_vs_Cp3__geometry_scores_only,relation_separation_attenuation,72b9f48eeec38e892701,cohort:cohort=after,True,selected_by_outcome_blind_record_predicate_top_k,0.6179401993355482,300,within_object_class_support_label_permutation,0.0,4,4,0.0,2.220446049250313e-16,0.75,300,295,-1.1102230246251565e-16,2.220446049250313e-16,0.4847457627118644,object_cluster,leave-one-object-out sensitivity plus object-cluster bootstrap
b5fc90a5b0d3b67f61557a56,Cp2_vs_Cp3__geometry_scores_only,local_criterion_breach,72b9f48eeec38e892701,cohort:cohort=after,True,selected_by_outcome_blind_record_predicate_top_k,1.0,300,within_object_class_support_label_permutation,0.0,4,4,0.0,0.0,0.0,300,295,0.0,0.0,0.0,object_cluster,leave-one-object-out sensitivity plus object-cluster bootstrap
add53067f5b6bca102a28687,Cp2_vs_Cp3__geometry_scores_only,log_loss_attenuation,72b9f48eeec38e892701,cohort:cohort=after,True,selected_by_outcome_blind_record_predicate_top_k,0.584717607973422,300,within_object_class_support_label_permutation,-2.7755575615628914e-17,4,4,-2.7755575615628914e-17,0.0,0.0,300,294,-7.494005416219805e-17,5.551115123125783e-17,0.23469387755102042,object_cluster,leave-one-object-out sensitivity plus object-cluster bootstrap
cc48982c5915e3b59cce1b7c,Cp2_vs_Cp3__geometry_scores_only,measurement_missingness_concentration,72b9f48eeec38e892701,cohort:cohort=after,True,selected_by_outcome_blind_record_predicate_top_k,1.0,300,within_object_class_support_label_permutation,0.0,4,4,0.0,0.0,0.0,300,296,0.0,0.0,0.0,object_cluster,leave-one-object-out sensitivity plus object-cluster bootstrap
1524a298cea6dc839eed597a,Cp2_vs_Cp3__geometry_scores_only,relation_separation_attenuation,69824d64880b538a0d6a,scale_band:scale_band=early AND route_or_path:dominant_family=mixed,True,selected_by_outcome_blind_record_predicate_top_k,1.0,300,within_object_class_support_label_permutation,0.27579895919817,4,3,0.23002959908540221,0.3678146752656043,1.0,300,196,0.15334983569587335,0.3833891258644594,1.0,object_cluster,leave-one-object-out sensitivity plus object-cluster bootstrap
7640ae3f91e5949e0f47d1dc,Cp2_vs_Cp3__geometry_scores_only,local_criterion_breach,69824d64880b538a0d6a,scale_band:scale_band=early AND route_or_path:dominant_family=mixed,True,selected_by_outcome_blind_record_predicate_top_k,1.0,300,within_object_class_support_label_permutation,-0.1,4,3,-0.16666666666666666,0.0,0.0,300,185,-0.25,0.0,0.0,object_cluster,leave-one-object-out sensitivity plus object-cluster bootstrap
6ac5310f06779181fb9e7f8a,Cp2_vs_Cp3__geometry_scores_only,log_loss_attenuation,69824d64880b538a0d6a,scale_band:scale_band=early AND route_or_path:dominant_family=mixed,True,selected_by_outcome_blind_record_predicate_top_k,1.0,300,within_object_class_support_label_permutation,0.1817970169688894,4,3,0.14590351597800177,0.24806444438008388,1.0,300,195,0.0906806598020064,0.2687764042548558,1.0,object_cluster,leave-one-object-out sensitivity plus object-cluster bootstrap
474909d9f47e3aa4d62715f7,Cp2_vs_Cp3__geometry_scores_only,measurement_missingness_concentration,69824d64880b538a0d6a,scale_band:scale_band=early AND route_or_path:dominant_family=mixed,True,selected_by_outcome_blind_record_predicate_top_k,1.0,300,within_object_class_support_label_permutation,0.0,4,3,0.0,0.0,0.0,300,181,0.0,0.0,0.0,object_cluster,leave-one-object-out sensitivity plus object-cluster bootstrap
6163fc9dcbe59faf38f96e74,Cp2_vs_Cp3__geometry_scores_only,relation_separation_attenuation,7fc688592fd0872f375d,seam_relative:seam_relative_region=intermediate AND route_or_path:dominant_family=mixed,True,selected_by_outcome_blind_record_predicate_top_k,1.0,300,within_object_class_support_label_permutation,0.26065344564535897,4,3,0.20658488552874987,0.3414522430732422,1.0,300,189,0.1410099976908219,0.3452481603181451,1.0,object_cluster,leave-one-object-out sensitivity plus object-cluster bootstrap
6e607522c2b06b8a239ecd93,Cp2_vs_Cp3__geometry_scores_only,local_criterion_breach,7fc688592fd0872f375d,seam_relative:seam_relative_region=intermediate AND route_or_path:dominant_family=mixed,True,selected_by_outcome_blind_record_predicate_top_k,1.0,300,within_object_class_support_label_permutation,-0.09375,4,3,-0.15,0.0,0.0,300,182,-0.23076923076923078,0.0,0.0,object_cluster,leave-one-object-out sensitivity plus object-cluster bootstrap
da1b6dab3a16d49ac3fec6e7,Cp2_vs_Cp3__geometry_scores_only,log_loss_attenuation,7fc688592fd0872f375d,seam_relative:seam_relative_region=intermediate AND route_or_path:dominant_family=mixed,True,selected_by_outcome_blind_record_predicate_top_k,1.0,300,within_object_class_support_label_permutation,0.17166259892832653,4,3,0.13113956359587353,0.23011600606160917,1.0,300,181,0.08349156192883289,0.2334371297031982,1.0,object_cluster,leave-one-object-out sensitivity plus object-cluster bootstrap
63bbe4fada9e48e2395a05e0,Cp2_vs_Cp3__geometry_scores_only,measurement_missingness_concentration,7fc688592fd0872f375d,seam_relative:seam_relative_region=intermediate AND route_or_path:dominant_family=mixed,True,selected_by_outcome_blind_record_predicate_top_k,1.0,300,within_object_class_support_label_permutation,0.0,4,3,0.0,0.0,0.0,300,194,0.0,0.0,0.0,object_cluster,leave-one-object-out sensitivity plus object-cluster bootstrap
20251d06678e16b8f51def6f,Cp2_vs_Cp3__geometry_scores_only,relation_separation_attenuation,a616a65155cc5a355592,scale_band:scale_band=early AND seam_relative:seam_relative_region=far,True,selected_by_outcome_blind_record_predicate_top_k,0.3787375415282392,300,within_object_class_support_label_permutation,-0.13454800594262928,4,4,-0.1959449731061198,-0.06389908337910921,0.0,300,280,-0.24602594327429095,-0.041598311430680296,0.05,object_cluster,leave-one-object-out sensitivity plus object-cluster bootstrap
8d4c533b095541dcd254216a,Cp2_vs_Cp3__geometry_scores_only,local_criterion_breach,a616a65155cc5a355592,scale_band:scale_band=early AND seam_relative:seam_relative_region=far,True,selected_by_outcome_blind_record_predicate_top_k,1.0,300,within_object_class_support_label_permutation,-0.09375,4,4,-0.13636363636363635,0.0,0.0,300,285,-0.21428571428571427,0.0,0.0,object_cluster,leave-one-object-out sensitivity plus object-cluster bootstrap
9b1bf74c9eb0341c1c52bbf9,Cp2_vs_Cp3__geometry_scores_only,log_loss_attenuation,a616a65155cc5a355592,scale_band:scale_band=early AND seam_relative:seam_relative_region=far,True,selected_by_outcome_blind_record_predicate_top_k,0.29900332225913623,300,within_object_class_support_label_permutation,-0.09832876786731115,4,4,-0.1429189355120785,-0.04680790383151029,0.0,300,285,-0.17995417891652626,0.0032710653249449495,0.07017543859649122,object_cluster,leave-one-object-out sensitivity plus object-cluster bootstrap
305a4aa73a2f23e277b7fae6,Cp2_vs_Cp3__geometry_scores_only,measurement_missingness_concentration,a616a65155cc5a355592,scale_band:scale_band=early AND seam_relative:seam_relative_region=far,True,selected_by_outcome_blind_record_predicate_top_k,1.0,300,within_object_class_support_label_permutation,0.0,4,4,0.0,0.0,0.0,300,285,0.0,0.0,0.0,object_cluster,leave-one-object-out sensitivity plus object-cluster bootstrap
a0b1e7439f3f0d37aa395c37,Cp2_vs_Cp3__no_window,relation_separation_attenuation,8eb760d133ac749e3327,scale_band:scale_band=early,True,selected_by_outcome_blind_record_predicate_top_k,0.920265780730897,300,within_object_class_support_label_permutation,0.04277558877222254,4,4,-0.030156356634139514,0.07033707704442405,0.75,300,286,-0.04242790719980294,0.10792540512583304,0.6888111888111889,object_cluster,leave-one-object-out sensitivity plus object-cluster bootstrap
d7647e0972970386ffaafe33,Cp2_vs_Cp3__no_window,local_criterion_breach,8eb760d133ac749e3327,scale_band:scale_band=early,True,selected_by_outcome_blind_record_predicate_top_k,1.0,300,within_object_class_support_label_permutation,0.0,4,4,0.0,0.0,0.0,300,283,0.0,0.0,0.0,object_cluster,leave-one-object-out sensitivity plus object-cluster bootstrap
1699b885762c3eff20cb8a26,Cp2_vs_Cp3__no_window,log_loss_attenuation,8eb760d133ac749e3327,scale_band:scale_band=early,True,selected_by_outcome_blind_record_predicate_top_k,0.9368770764119602,300,within_object_class_support_label_permutation,0.027577647447444384,4,4,-0.01611917809362591,0.04464445079157458,0.75,300,283,-0.02201103024507943,0.0926378668351893,0.696113074204947,object_cluster,leave-one-object-out sensitivity plus object-cluster bootstrap
c700f9331ce17b61a512c6b9,Cp2_vs_Cp3__no_window,measurement_missingness_concentration,8eb760d133ac749e3327,scale_band:scale_band=early,True,selected_by_outcome_blind_record_predicate_top_k,1.0,300,within_object_class_support_label_permutation,0.0,4,4,0.0,0.0,0.0,300,289,0.0,0.0,0.0,object_cluster,leave-one-object-out sensitivity plus object-cluster bootstrap
c8149e32f4a3a858010bbbb2,Cp2_vs_Cp3__no_window,relation_separation_attenuation,4a8778b37c9e858c2b55,transition:transition=4→5,True,selected_by_outcome_blind_record_predicate_top_k,0.9102990033222591,300,within_object_class_support_label_permutation,-0.07450380604054352,4,4,-0.09894493981695385,-0.030156356634139514,0.0,300,281,-0.1294619500317291,-0.009524698183700386,0.0,object_cluster,leave-one-object-out sensitivity plus object-cluster bootstrap
977881f92c23263803c72d8c,Cp2_vs_Cp3__no_window,local_criterion_breach,4a8778b37c9e858c2b55,transition:transition=4→5,True,selected_by_outcome_blind_record_predicate_top_k,1.0,300,within_object_class_support_label_permutation,0.0,4,4,0.0,0.0,0.0,300,281,0.0,0.0,0.0,object_cluster,leave-one-object-out sensitivity plus object-cluster bootstrap
cbd649d5ce43bc6a65347c06,Cp2_vs_Cp3__no_window,log_loss_attenuation,4a8778b37c9e858c2b55,transition:transition=4→5,True,selected_by_outcome_blind_record_predicate_top_k,0.9036544850498339,300,within_object_class_support_label_permutation,-0.043420183221874256,4,4,-0.05763535009302603,-0.01611917809362591,0.0,300,282,-0.0762889625343067,-0.004335473790718872,0.0,object_cluster,leave-one-object-out sensitivity plus object-cluster bootstrap
ed770723a0df8477c083c371,Cp2_vs_Cp3__no_window,measurement_missingness_concentration,4a8778b37c9e858c2b55,transition:transition=4→5,True,selected_by_outcome_blind_record_predicate_top_k,1.0,300,within_object_class_support_label_permutation,0.0,4,4,0.0,0.0,0.0,300,285,0.0,0.0,0.0,object_cluster,leave-one-object-out sensitivity plus object-cluster bootstrap
a3e707399dd1993aa1b48ca0,Cp2_vs_Cp3__no_window,relation_separation_attenuation,c683c10822cc59ae7587,seam_relative:seam_relative_region=far,True,selected_by_outcome_blind_record_predicate_top_k,0.43853820598006643,300,within_object_class_support_label_permutation,-0.03488775452111326,4,4,-0.06526977960680536,0.016468811508040693,0.25,300,281,-0.09834080226294595,0.027164243658555076,0.2526690391459075,object_cluster,leave-one-object-out sensitivity plus object-cluster bootstrap
ed536cc3eb3f3018faa95ff3,Cp2_vs_Cp3__no_window,local_criterion_breach,c683c10822cc59ae7587,seam_relative:seam_relative_region=far,True,selected_by_outcome_blind_record_predicate_top_k,1.0,300,within_object_class_support_label_permutation,0.0,4,4,0.0,0.0,0.0,300,281,0.0,0.0,0.0,object_cluster,leave-one-object-out sensitivity plus object-cluster bootstrap
e9b5870a3424a4f071080efa,Cp2_vs_Cp3__no_window,log_loss_attenuation,c683c10822cc59ae7587,seam_relative:seam_relative_region=far,True,selected_by_outcome_blind_record_predicate_top_k,0.3953488372093023,300,within_object_class_support_label_permutation,-0.021875030684387335,4,4,-0.03860737771112332,0.009161254444183087,0.25,300,280,-0.060042135725199175,0.015005837613288496,0.3,object_cluster,leave-one-object-out sensitivity plus object-cluster bootstrap
c38f70b6c125b318b4262874,Cp2_vs_Cp3__no_window,measurement_missingness_concentration,c683c10822cc59ae7587,seam_relative:seam_relative_region=far,True,selected_by_outcome_blind_record_predicate_top_k,1.0,300,within_object_class_support_label_permutation,0.0,4,4,0.0,0.0,0.0,300,280,0.0,0.0,0.0,object_cluster,leave-one-object-out sensitivity plus object-cluster bootstrap
63227f8df0df3fb4ae2b411c,Cp2_vs_Cp3__no_window,relation_separation_attenuation,3e971f0bc08c8189f389,route_or_path:dominant_family=mixed,True,selected_by_outcome_blind_record_predicate_top_k,0.9667774086378738,300,within_object_class_support_label_permutation,0.2338144471915654,4,3,0.22899944834344754,0.24693429534812117,1.0,300,193,0.21811282329424364,0.2543455742137173,1.0,object_cluster,leave-one-object-out sensitivity plus object-cluster bootstrap
ba1b41410e636960305ea85a,Cp2_vs_Cp3__no_window,local_criterion_breach,3e971f0bc08c8189f389,route_or_path:dominant_family=mixed,True,selected_by_outcome_blind_record_predicate_top_k,1.0,300,within_object_class_support_label_permutation,0.0,4,3,0.0,0.0,0.0,300,180,0.0,0.0,0.0,object_cluster,leave-one-object-out sensitivity plus object-cluster bootstrap
76921ea9f8cec8920782a10a,Cp2_vs_Cp3__no_window,log_loss_attenuation,3e971f0bc08c8189f389,route_or_path:dominant_family=mixed,True,selected_by_outcome_blind_record_predicate_top_k,0.9800664451827242,300,within_object_class_support_label_permutation,0.13824646326679568,4,3,0.13557923473959135,0.14530440332999708,1.0,300,190,0.12972149388558823,0.1490813682289882,1.0,object_cluster,leave-one-object-out sensitivity plus object-cluster bootstrap
f6226b8a92f8ba2e6171f7e5,Cp2_vs_Cp3__no_window,measurement_missingness_concentration,3e971f0bc08c8189f389,route_or_path:dominant_family=mixed,True,selected_by_outcome_blind_record_predicate_top_k,1.0,300,within_object_class_support_label_permutation,0.0,4,3,0.0,0.0,0.0,300,197,0.0,0.0,0.0,object_cluster,leave-one-object-out sensitivity plus object-cluster bootstrap
48ef3a1f61a3cf99e7a84d20,Cp2_vs_Cp3__no_window,relation_separation_attenuation,72b9f48eeec38e892701,cohort:cohort=after,True,selected_by_outcome_blind_record_predicate_top_k,0.4219269102990033,300,within_object_class_support_label_permutation,-0.0002018395940905915,4,4,-0.006332031191034426,0.005690966925080976,0.5,300,293,-0.010623812595190962,0.010201169106577312,0.4061433447098976,object_cluster,leave-one-object-out sensitivity plus object-cluster bootstrap
4a390d62ca448844a9393ec7,Cp2_vs_Cp3__no_window,local_criterion_breach,72b9f48eeec38e892701,cohort:cohort=after,True,selected_by_outcome_blind_record_predicate_top_k,1.0,300,within_object_class_support_label_permutation,0.0,4,4,0.0,0.0,0.0,300,291,0.0,0.0,0.0,object_cluster,leave-one-object-out sensitivity plus object-cluster bootstrap
40e51fc4087e821a9fc3a94a,Cp2_vs_Cp3__no_window,log_loss_attenuation,72b9f48eeec38e892701,cohort:cohort=after,True,selected_by_outcome_blind_record_predicate_top_k,0.3388704318936877,300,within_object_class_support_label_permutation,0.0004635253040557938,4,4,-0.003594025799103312,0.003912861494719262,0.75,300,293,-0.005862888329754942,0.0069145182641921765,0.6006825938566553,object_cluster,leave-one-object-out sensitivity plus object-cluster bootstrap
5c73bb42c5902065e14d1281,Cp2_vs_Cp3__no_window,measurement_missingness_concentration,72b9f48eeec38e892701,cohort:cohort=after,True,selected_by_outcome_blind_record_predicate_top_k,1.0,300,within_object_class_support_label_permutation,0.0,4,4,0.0,0.0,0.0,300,297,0.0,0.0,0.0,object_cluster,leave-one-object-out sensitivity plus object-cluster bootstrap
3a8e968aa521adfcf1a31770,Cp2_vs_Cp3__no_window,relation_separation_attenuation,69824d64880b538a0d6a,scale_band:scale_band=early AND route_or_path:dominant_family=mixed,True,selected_by_outcome_blind_record_predicate_top_k,0.9601328903654485,300,within_object_class_support_label_permutation,0.2338144471915654,4,3,0.22899944834344754,0.24693429534812117,1.0,300,194,0.21811282329424364,0.2543455742137173,1.0,object_cluster,leave-one-object-out sensitivity plus object-cluster bootstrap
374cca496c2c5058f5d9b96a,Cp2_vs_Cp3__no_window,local_criterion_breach,69824d64880b538a0d6a,scale_band:scale_band=early AND route_or_path:dominant_family=mixed,True,selected_by_outcome_blind_record_predicate_top_k,1.0,300,within_object_class_support_label_permutation,0.0,4,3,0.0,0.0,0.0,300,190,0.0,0.0,0.0,object_cluster,leave-one-object-out sensitivity plus object-cluster bootstrap
4d2a421cc5d639e05e1a7204,Cp2_vs_Cp3__no_window,log_loss_attenuation,69824d64880b538a0d6a,scale_band:scale_band=early AND route_or_path:dominant_family=mixed,True,selected_by_outcome_blind_record_predicate_top_k,0.9568106312292359,300,within_object_class_support_label_permutation,0.13824646326679568,4,3,0.13557923473959135,0.14530440332999708,1.0,300,187,0.12972149388558823,0.150751688228703,1.0,object_cluster,leave-one-object-out sensitivity plus object-cluster bootstrap
4a0bb82829260890ef28ac73,Cp2_vs_Cp3__no_window,measurement_missingness_concentration,69824d64880b538a0d6a,scale_band:scale_band=early AND route_or_path:dominant_family=mixed,True,selected_by_outcome_blind_record_predicate_top_k,1.0,300,within_object_class_support_label_permutation,0.0,4,3,0.0,0.0,0.0,300,182,0.0,0.0,0.0,object_cluster,leave-one-object-out sensitivity plus object-cluster bootstrap
139b0a5386d57475ec743944,Cp2_vs_Cp3__no_window,relation_separation_attenuation,7fc688592fd0872f375d,seam_relative:seam_relative_region=intermediate AND route_or_path:dominant_family=mixed,True,selected_by_outcome_blind_record_predicate_top_k,0.13953488372093023,300,within_object_class_support_label_permutation,0.2363568317045608,4,3,0.22471490884739287,0.24563222613886415,1.0,300,191,0.20769280740363527,0.24863073306943795,1.0,object_cluster,leave-one-object-out sensitivity plus object-cluster bootstrap
ee4cff308037ea3c06131bf6,Cp2_vs_Cp3__no_window,local_criterion_breach,7fc688592fd0872f375d,seam_relative:seam_relative_region=intermediate AND route_or_path:dominant_family=mixed,True,selected_by_outcome_blind_record_predicate_top_k,1.0,300,within_object_class_support_label_permutation,0.0,4,3,0.0,0.0,0.0,300,189,0.0,0.0,0.0,object_cluster,leave-one-object-out sensitivity plus object-cluster bootstrap
73db2cd534c331396cd8ece5,Cp2_vs_Cp3__no_window,log_loss_attenuation,7fc688592fd0872f375d,seam_relative:seam_relative_region=intermediate AND route_or_path:dominant_family=mixed,True,selected_by_outcome_blind_record_predicate_top_k,0.09966777408637874,300,within_object_class_support_label_permutation,0.14155030356834478,4,3,0.13491651872992033,0.1464255746925644,1.0,300,192,0.12355550620188646,0.14829806947820262,1.0,object_cluster,leave-one-object-out sensitivity plus object-cluster bootstrap
018317089e7d6a98f24b3f60,Cp2_vs_Cp3__no_window,measurement_missingness_concentration,7fc688592fd0872f375d,seam_relative:seam_relative_region=intermediate AND route_or_path:dominant_family=mixed,True,selected_by_outcome_blind_record_predicate_top_k,1.0,300,within_object_class_support_label_permutation,0.0,4,3,0.0,0.0,0.0,300,188,0.0,0.0,0.0,object_cluster,leave-one-object-out sensitivity plus object-cluster bootstrap
43d08a7528052db32aa17b1b,Cp2_vs_Cp3__no_window,relation_separation_attenuation,a616a65155cc5a355592,scale_band:scale_band=early AND seam_relative:seam_relative_region=far,True,selected_by_outcome_blind_record_predicate_top_k,0.7807308970099668,300,within_object_class_support_label_permutation,-0.05757971574970522,4,4,-0.08288513870721914,-0.021661280593624155,0.0,300,272,-0.11285712037443218,-0.008115542483422389,0.0,object_cluster,leave-one-object-out sensitivity plus object-cluster bootstrap
70aa67bcfd4996db2774078e,Cp2_vs_Cp3__no_window,local_criterion_breach,a616a65155cc5a355592,scale_band:scale_band=early AND seam_relative:seam_relative_region=far,True,selected_by_outcome_blind_record_predicate_top_k,1.0,300,within_object_class_support_label_permutation,0.0,4,4,0.0,0.0,0.0,300,280,0.0,0.0,0.0,object_cluster,leave-one-object-out sensitivity plus object-cluster bootstrap
647db727f805addaee29ca73,Cp2_vs_Cp3__no_window,log_loss_attenuation,a616a65155cc5a355592,scale_band:scale_band=early AND seam_relative:seam_relative_region=far,True,selected_by_outcome_blind_record_predicate_top_k,0.8172757475083057,300,within_object_class_support_label_permutation,-0.033384957741009844,4,4,-0.04810218763545923,-0.01150369912739595,0.0,300,281,-0.0663184714961528,-0.003779815928845784,0.0,object_cluster,leave-one-object-out sensitivity plus object-cluster bootstrap
1a86a70c88d0b17fed1f8e59,Cp2_vs_Cp3__no_window,measurement_missingness_concentration,a616a65155cc5a355592,scale_band:scale_band=early AND seam_relative:seam_relative_region=far,True,selected_by_outcome_blind_record_predicate_top_k,1.0,300,within_object_class_support_label_permutation,0.0,4,4,0.0,0.0,0.0,300,279,0.0,0.0,0.0,object_cluster,leave-one-object-out sensitivity plus object-cluster bootstrap
6057073b6586e5008775aa10,Cp2_vs_Cp3__path_shares_only,relation_separation_attenuation,8eb760d133ac749e3327,scale_band:scale_band=early,True,selected_by_outcome_blind_record_predicate_top_k,0.7408637873754153,300,within_object_class_support_label_permutation,-0.008672773580998605,4,4,-0.012087423752218274,-0.004943994172252331,0.0,300,281,-0.013951813456591244,-0.0018434732385596009,0.0,object_cluster,leave-one-object-out sensitivity plus object-cluster bootstrap
a0edfe48ec30dcbbd10bdb77,Cp2_vs_Cp3__path_shares_only,local_criterion_breach,8eb760d133ac749e3327,scale_band:scale_band=early,True,selected_by_outcome_blind_record_predicate_top_k,1.0,300,within_object_class_support_label_permutation,0.0,4,4,0.0,0.0,0.0,300,279,0.0,0.0,0.0,object_cluster,leave-one-object-out sensitivity plus object-cluster bootstrap
52f23cb077ebe6e8c5037d75,Cp2_vs_Cp3__path_shares_only,log_loss_attenuation,8eb760d133ac749e3327,scale_band:scale_band=early,True,selected_by_outcome_blind_record_predicate_top_k,0.6877076411960132,300,within_object_class_support_label_permutation,-0.004537743509253872,4,4,-0.00633310456491315,-0.002606325542005773,0.0,300,276,-0.007298813548537196,-0.0009470213979353229,0.0,object_cluster,leave-one-object-out sensitivity plus object-cluster bootstrap
6cdeb67f667307012070fc86,Cp2_vs_Cp3__path_shares_only,measurement_missingness_concentration,8eb760d133ac749e3327,scale_band:scale_band=early,True,selected_by_outcome_blind_record_predicate_top_k,1.0,300,within_object_class_support_label_permutation,0.0,4,4,0.0,0.0,0.0,300,288,0.0,0.0,0.0,object_cluster,leave-one-object-out sensitivity plus object-cluster bootstrap
852a9e7d765306f10e28fc13,Cp2_vs_Cp3__path_shares_only,relation_separation_attenuation,4a8778b37c9e858c2b55,transition:transition=4→5,True,selected_by_outcome_blind_record_predicate_top_k,0.7043189368770764,300,within_object_class_support_label_permutation,1.2221380129129322e-05,4,4,-0.004943994172252331,0.0024997972497066145,0.75,300,284,-0.0064942546390985845,0.004671432493839833,0.5492957746478874,object_cluster,leave-one-object-out sensitivity plus object-cluster bootstrap
27cb78744a4ed05afa5912d6,Cp2_vs_Cp3__path_shares_only,local_criterion_breach,4a8778b37c9e858c2b55,transition:transition=4→5,True,selected_by_outcome_blind_record_predicate_top_k,1.0,300,within_object_class_support_label_permutation,0.0,4,4,0.0,0.0,0.0,300,279,0.0,0.0,0.0,object_cluster,leave-one-object-out sensitivity plus object-cluster bootstrap
567377587ebe807259d115f6,Cp2_vs_Cp3__path_shares_only,log_loss_attenuation,4a8778b37c9e858c2b55,transition:transition=4→5,True,selected_by_outcome_blind_record_predicate_top_k,0.6710963455149501,300,within_object_class_support_label_permutation,-2.7570400388754468e-05,4,4,-0.002606325542005773,0.0013000703686245549,0.75,300,283,-0.0034359776140409984,0.0024236162519044938,0.38869257950530034,object_cluster,leave-one-object-out sensitivity plus object-cluster bootstrap
d5f67375597f7b5f146d79bb,Cp2_vs_Cp3__path_shares_only,measurement_missingness_concentration,4a8778b37c9e858c2b55,transition:transition=4→5,True,selected_by_outcome_blind_record_predicate_top_k,1.0,300,within_object_class_support_label_permutation,0.0,4,4,0.0,0.0,0.0,300,277,0.0,0.0,0.0,object_cluster,leave-one-object-out sensitivity plus object-cluster bootstrap
8955c164585bc9643ca27aad,Cp2_vs_Cp3__path_shares_only,relation_separation_attenuation,c683c10822cc59ae7587,seam_relative:seam_relative_region=far,True,selected_by_outcome_blind_record_predicate_top_k,0.2591362126245847,300,within_object_class_support_label_permutation,0.008747477603861187,4,4,0.0015992830517228551,0.014237799104405813,1.0,300,284,-0.0018732110967607518,0.01801493792754183,0.9366197183098591,object_cluster,leave-one-object-out sensitivity plus object-cluster bootstrap
bae0f102a6acfdcb49b3ceee,Cp2_vs_Cp3__path_shares_only,local_criterion_breach,c683c10822cc59ae7587,seam_relative:seam_relative_region=far,True,selected_by_outcome_blind_record_predicate_top_k,1.0,300,within_object_class_support_label_permutation,0.0,4,4,0.0,0.0,0.0,300,284,0.0,0.0,0.0,object_cluster,leave-one-object-out sensitivity plus object-cluster bootstrap
854d691ab9d3602af13b6f96,Cp2_vs_Cp3__path_shares_only,log_loss_attenuation,c683c10822cc59ae7587,seam_relative:seam_relative_region=far,True,selected_by_outcome_blind_record_predicate_top_k,0.31561461794019935,300,within_object_class_support_label_permutation,0.004633845871263545,4,4,0.0008601758718841945,0.007510997013442378,1.0,300,283,-0.0009341359211409786,0.008539041902206577,0.9434628975265018,object_cluster,leave-one-object-out sensitivity plus object-cluster bootstrap
399ce5551543e4e15304d371,Cp2_vs_Cp3__path_shares_only,measurement_missingness_concentration,c683c10822cc59ae7587,seam_relative:seam_relative_region=far,True,selected_by_outcome_blind_record_predicate_top_k,1.0,300,within_object_class_support_label_permutation,0.0,4,4,0.0,0.0,0.0,300,289,0.0,0.0,0.0,object_cluster,leave-one-object-out sensitivity plus object-cluster bootstrap
71a9a769187d88ddfc17abe2,Cp2_vs_Cp3__path_shares_only,relation_separation_attenuation,3e971f0bc08c8189f389,route_or_path:dominant_family=mixed,True,selected_by_outcome_blind_record_predicate_top_k,0.6710963455149501,300,within_object_class_support_label_permutation,-0.000799062328445066,4,3,-0.0002470732102620721,0.0011438513525555694,0.3333333333333333,300,185,-0.0018661679444295087,0.005762013616348094,0.4702702702702703,object_cluster,leave-one-object-out sensitivity plus object-cluster bootstrap
c779b1642e456f31f1ed0bee,Cp2_vs_Cp3__path_shares_only,local_criterion_breach,3e971f0bc08c8189f389,route_or_path:dominant_family=mixed,True,selected_by_outcome_blind_record_predicate_top_k,1.0,300,within_object_class_support_label_permutation,0.0,4,3,0.0,0.0,0.0,300,185,0.0,0.0,0.0,object_cluster,leave-one-object-out sensitivity plus object-cluster bootstrap
3c58f494c94b8761a568ded4,Cp2_vs_Cp3__path_shares_only,log_loss_attenuation,3e971f0bc08c8189f389,route_or_path:dominant_family=mixed,True,selected_by_outcome_blind_record_predicate_top_k,0.6710963455149501,300,within_object_class_support_label_permutation,-0.0004465757881145019,4,3,-0.00018067397510136696,0.000590402334404258,0.3333333333333333,300,178,-0.0010448224105336576,0.0029834537378017195,0.5674157303370787,object_cluster,leave-one-object-out sensitivity plus object-cluster bootstrap
357f3e083514641be4b6e91b,Cp2_vs_Cp3__path_shares_only,measurement_missingness_concentration,3e971f0bc08c8189f389,route_or_path:dominant_family=mixed,True,selected_by_outcome_blind_record_predicate_top_k,1.0,300,within_object_class_support_label_permutation,0.0,4,3,0.0,0.0,0.0,300,184,0.0,0.0,0.0,object_cluster,leave-one-object-out sensitivity plus object-cluster bootstrap
5dbc56489ddc8aa496596122,Cp2_vs_Cp3__path_shares_only,relation_separation_attenuation,72b9f48eeec38e892701,cohort:cohort=after,True,selected_by_outcome_blind_record_predicate_top_k,0.574750830564784,300,within_object_class_support_label_permutation,-0.002149538634301562,4,4,-0.004239656598158836,0.0006939548020848951,0.25,300,294,-0.0066226667777162795,0.00213684645355694,0.24829931972789115,object_cluster,leave-one-object-out sensitivity plus object-cluster bootstrap
789c2728552a0a4f5b6147a5,Cp2_vs_Cp3__path_shares_only,local_criterion_breach,72b9f48eeec38e892701,cohort:cohort=after,True,selected_by_outcome_blind_record_predicate_top_k,1.0,300,within_object_class_support_label_permutation,0.0,4,4,0.0,0.0,0.0,300,295,0.0,0.0,0.0,object_cluster,leave-one-object-out sensitivity plus object-cluster bootstrap
e2968e0cfb684b3800da43a0,Cp2_vs_Cp3__path_shares_only,log_loss_attenuation,72b9f48eeec38e892701,cohort:cohort=after,True,selected_by_outcome_blind_record_predicate_top_k,0.6245847176079734,300,within_object_class_support_label_permutation,-0.0011590694822451453,4,4,-0.0022553743360103906,0.00034392492610234304,0.25,300,292,-0.0048681103147928464,0.0010886127185120442,0.2328767123287671,object_cluster,leave-one-object-out sensitivity plus object-cluster bootstrap
f68328457c55fa8695c1561a,Cp2_vs_Cp3__path_shares_only,measurement_missingness_concentration,72b9f48eeec38e892701,cohort:cohort=after,True,selected_by_outcome_blind_record_predicate_top_k,1.0,300,within_object_class_support_label_permutation,0.0,4,4,0.0,0.0,0.0,300,293,0.0,0.0,0.0,object_cluster,leave-one-object-out sensitivity plus object-cluster bootstrap
6de9ad5cc112daa9b8edae11,Cp2_vs_Cp3__path_shares_only,relation_separation_attenuation,69824d64880b538a0d6a,scale_band:scale_band=early AND route_or_path:dominant_family=mixed,True,selected_by_outcome_blind_record_predicate_top_k,0.6943521594684385,300,within_object_class_support_label_permutation,-0.000799062328445066,4,3,-0.0002470732102620721,0.0011438513525555694,0.3333333333333333,300,180,-0.0018661679444295087,0.005762013616348094,0.5444444444444444,object_cluster,leave-one-object-out sensitivity plus object-cluster bootstrap
9dc58cf62e0ae857c6654a1d,Cp2_vs_Cp3__path_shares_only,local_criterion_breach,69824d64880b538a0d6a,scale_band:scale_band=early AND route_or_path:dominant_family=mixed,True,selected_by_outcome_blind_record_predicate_top_k,1.0,300,within_object_class_support_label_permutation,0.0,4,3,0.0,0.0,0.0,300,198,0.0,0.0,0.0,object_cluster,leave-one-object-out sensitivity plus object-cluster bootstrap
963638b922af7f412edb0db9,Cp2_vs_Cp3__path_shares_only,log_loss_attenuation,69824d64880b538a0d6a,scale_band:scale_band=early AND route_or_path:dominant_family=mixed,True,selected_by_outcome_blind_record_predicate_top_k,0.6445182724252492,300,within_object_class_support_label_permutation,-0.0004465757881145019,4,3,-0.00018067397510136696,0.000590402334404258,0.3333333333333333,300,200,-0.0010448224105336634,0.0015476228957632399,0.575,object_cluster,leave-one-object-out sensitivity plus object-cluster bootstrap
ca3989c583e5b0b1491ab106,Cp2_vs_Cp3__path_shares_only,measurement_missingness_concentration,69824d64880b538a0d6a,scale_band:scale_band=early AND route_or_path:dominant_family=mixed,True,selected_by_outcome_blind_record_predicate_top_k,1.0,300,within_object_class_support_label_permutation,0.0,4,3,0.0,0.0,0.0,300,190,0.0,0.0,0.0,object_cluster,leave-one-object-out sensitivity plus object-cluster bootstrap
0aa018db1acdda418a8ccca9,Cp2_vs_Cp3__path_shares_only,relation_separation_attenuation,7fc688592fd0872f375d,seam_relative:seam_relative_region=intermediate AND route_or_path:dominant_family=mixed,True,selected_by_outcome_blind_record_predicate_top_k,0.9933554817275747,300,within_object_class_support_label_permutation,-0.009020784839435803,4,3,-0.008585501295303888,-0.007285789802444209,0.0,300,189,-0.010016399267643594,-0.003953779686619918,0.0,object_cluster,leave-one-object-out sensitivity plus object-cluster bootstrap
b9870ef280a47c3381fcd235,Cp2_vs_Cp3__path_shares_only,local_criterion_breach,7fc688592fd0872f375d,seam_relative:seam_relative_region=intermediate AND route_or_path:dominant_family=mixed,True,selected_by_outcome_blind_record_predicate_top_k,1.0,300,within_object_class_support_label_permutation,0.0,4,3,0.0,0.0,0.0,300,173,0.0,0.0,0.0,object_cluster,leave-one-object-out sensitivity plus object-cluster bootstrap
81868780410b18f6e844ea8f,Cp2_vs_Cp3__path_shares_only,log_loss_attenuation,7fc688592fd0872f375d,seam_relative:seam_relative_region=intermediate AND route_or_path:dominant_family=mixed,True,selected_by_outcome_blind_record_predicate_top_k,0.9933554817275747,300,within_object_class_support_label_permutation,-0.004717882609718851,4,3,-0.004509544344673655,-0.003790671936370664,0.0,300,187,-0.0052751734910562315,-0.0020662151135593804,0.0,object_cluster,leave-one-object-out sensitivity plus object-cluster bootstrap
93d268616604ffd85245b6d9,Cp2_vs_Cp3__path_shares_only,measurement_missingness_concentration,7fc688592fd0872f375d,seam_relative:seam_relative_region=intermediate AND route_or_path:dominant_family=mixed,True,selected_by_outcome_blind_record_predicate_top_k,1.0,300,within_object_class_support_label_permutation,0.0,4,3,0.0,0.0,0.0,300,181,0.0,0.0,0.0,object_cluster,leave-one-object-out sensitivity plus object-cluster bootstrap
672f50060b23f9a59babc3f2,Cp2_vs_Cp3__path_shares_only,relation_separation_attenuation,a616a65155cc5a355592,scale_band:scale_band=early AND seam_relative:seam_relative_region=far,True,selected_by_outcome_blind_record_predicate_top_k,0.6312292358803987,300,within_object_class_support_label_permutation,-0.0005796445560061203,4,4,-0.0037040948549312835,0.0011596757116290046,0.75,300,283,-0.0049567321249943674,0.00593410450398513,0.3992932862190813,object_cluster,leave-one-object-out sensitivity plus object-cluster bootstrap
0544dab82761dbd6603c2b55,Cp2_vs_Cp3__path_shares_only,local_criterion_breach,a616a65155cc5a355592,scale_band:scale_band=early AND seam_relative:seam_relative_region=far,True,selected_by_outcome_blind_record_predicate_top_k,1.0,300,within_object_class_support_label_permutation,0.0,4,4,0.0,0.0,0.0,300,278,0.0,0.0,0.0,object_cluster,leave-one-object-out sensitivity plus object-cluster bootstrap
68ed6434db5905957224f54b,Cp2_vs_Cp3__path_shares_only,log_loss_attenuation,a616a65155cc5a355592,scale_band:scale_band=early AND seam_relative:seam_relative_region=far,True,selected_by_outcome_blind_record_predicate_top_k,0.627906976744186,300,within_object_class_support_label_permutation,-0.00026898416881655784,4,4,-0.0018914429500559438,0.0006616401116050566,0.75,300,283,-0.002563496176277394,0.0015852637989217308,0.3710247349823322,object_cluster,leave-one-object-out sensitivity plus object-cluster bootstrap
7675eb9bc365554144cf42ea,Cp2_vs_Cp3__path_shares_only,measurement_missingness_concentration,a616a65155cc5a355592,scale_band:scale_band=early AND seam_relative:seam_relative_region=far,True,selected_by_outcome_blind_record_predicate_top_k,1.0,300,within_object_class_support_label_permutation,0.0,4,4,0.0,0.0,0.0,300,283,0.0,0.0,0.0,object_cluster,leave-one-object-out sensitivity plus object-cluster bootstrap
b2e444f18fbe3b25c5582b7f,Cp2_vs_Cp3__stability_plus_geometry,relation_separation_attenuation,8eb760d133ac749e3327,scale_band:scale_band=early,True,selected_by_outcome_blind_record_predicate_top_k,0.9136212624584718,300,within_object_class_support_label_permutation,-0.09526179344715979,4,4,-0.16342095958024228,0.0535447243124032,0.25,300,284,-0.23782421846002366,0.08762430737894444,0.2605633802816901,object_cluster,leave-one-object-out sensitivity plus object-cluster bootstrap
8e4e506640ea927c54a93e0c,Cp2_vs_Cp3__stability_plus_geometry,local_criterion_breach,8eb760d133ac749e3327,scale_band:scale_band=early,True,selected_by_outcome_blind_record_predicate_top_k,1.0,300,within_object_class_support_label_permutation,-0.08333333333333333,4,4,-0.125,0.0,0.0,300,279,-0.1875,0.0,0.0,object_cluster,leave-one-object-out sensitivity plus object-cluster bootstrap
311c44eeb5e7bba70335236b,Cp2_vs_Cp3__stability_plus_geometry,log_loss_attenuation,8eb760d133ac749e3327,scale_band:scale_band=early,True,selected_by_outcome_blind_record_predicate_top_k,0.9136212624584718,300,within_object_class_support_label_permutation,-0.07399045713471351,4,4,-0.11993152440947938,0.037315313462879376,0.25,300,280,-0.17558440970827582,0.06200863712306644,0.31785714285714284,object_cluster,leave-one-object-out sensitivity plus object-cluster bootstrap
86fa7c1772a556b591cdfa2e,Cp2_vs_Cp3__stability_plus_geometry,measurement_missingness_concentration,8eb760d133ac749e3327,scale_band:scale_band=early,True,selected_by_outcome_blind_record_predicate_top_k,1.0,300,within_object_class_support_label_permutation,0.0,4,4,0.0,0.0,0.0,300,281,0.0,0.0,0.0,object_cluster,leave-one-object-out sensitivity plus object-cluster bootstrap
c6dff251e6e826d4d265b961,Cp2_vs_Cp3__stability_plus_geometry,relation_separation_attenuation,4a8778b37c9e858c2b55,transition:transition=4→5,True,selected_by_outcome_blind_record_predicate_top_k,0.8704318936877077,300,within_object_class_support_label_permutation,-0.166615697066818,4,4,-0.2125698506700805,-0.07790212734686874,0.0,300,279,-0.26408179095013906,-0.014614441820679613,0.0,object_cluster,leave-one-object-out sensitivity plus object-cluster bootstrap
a24a4754e3d139d456235b65,Cp2_vs_Cp3__stability_plus_geometry,local_criterion_breach,4a8778b37c9e858c2b55,transition:transition=4→5,True,selected_by_outcome_blind_record_predicate_top_k,1.0,300,within_object_class_support_label_permutation,-0.0625,4,4,-0.08333333333333333,0.0,0.0,300,287,-0.125,0.0,0.0,object_cluster,leave-one-object-out sensitivity plus object-cluster bootstrap
6474bf84525b5f8901e9c847,Cp2_vs_Cp3__stability_plus_geometry,log_loss_attenuation,4a8778b37c9e858c2b55,transition:transition=4→5,True,selected_by_outcome_blind_record_predicate_top_k,0.8803986710963455,300,within_object_class_support_label_permutation,-0.12064860136615144,4,4,-0.1554856556195515,-0.05169156981602352,0.0,300,286,-0.19661624452028123,-0.008625753811886488,0.0,object_cluster,leave-one-object-out sensitivity plus object-cluster bootstrap
d3ba15c1146a6297098c5cfa,Cp2_vs_Cp3__stability_plus_geometry,measurement_missingness_concentration,4a8778b37c9e858c2b55,transition:transition=4→5,True,selected_by_outcome_blind_record_predicate_top_k,1.0,300,within_object_class_support_label_permutation,0.0,4,4,0.0,0.0,0.0,300,272,0.0,0.0,0.0,object_cluster,leave-one-object-out sensitivity plus object-cluster bootstrap
ba72e778cd3688c72e5c9ad3,Cp2_vs_Cp3__stability_plus_geometry,relation_separation_attenuation,c683c10822cc59ae7587,seam_relative:seam_relative_region=far,True,selected_by_outcome_blind_record_predicate_top_k,0.45182724252491696,300,within_object_class_support_label_permutation,0.06142635538027208,4,4,-0.05639128818990513,0.0974584881486118,0.75,300,278,-0.08696954786286626,0.13871106045531645,0.6726618705035972,object_cluster,leave-one-object-out sensitivity plus object-cluster bootstrap
03265542fded99520c537004,Cp2_vs_Cp3__stability_plus_geometry,local_criterion_breach,c683c10822cc59ae7587,seam_relative:seam_relative_region=far,True,selected_by_outcome_blind_record_predicate_top_k,0.19601328903654486,300,within_object_class_support_label_permutation,0.125,4,4,0.0,0.1875,0.75,300,287,0.0,0.27187499999999964,0.6933797909407665,object_cluster,leave-one-object-out sensitivity plus object-cluster bootstrap
9231e23fbfd4d8613b2a623b,Cp2_vs_Cp3__stability_plus_geometry,log_loss_attenuation,c683c10822cc59ae7587,seam_relative:seam_relative_region=far,True,selected_by_outcome_blind_record_predicate_top_k,0.3687707641196013,300,within_object_class_support_label_permutation,0.05779633413806756,4,4,-0.03787541516412389,0.0881810809538463,0.75,300,277,-0.05859858999789183,0.12531445758402093,0.6462093862815884,object_cluster,leave-one-object-out sensitivity plus object-cluster bootstrap
a923042175d5ce29279f2191,Cp2_vs_Cp3__stability_plus_geometry,measurement_missingness_concentration,c683c10822cc59ae7587,seam_relative:seam_relative_region=far,True,selected_by_outcome_blind_record_predicate_top_k,1.0,300,within_object_class_support_label_permutation,0.0,4,4,0.0,0.0,0.0,300,278,0.0,0.0,0.0,object_cluster,leave-one-object-out sensitivity plus object-cluster bootstrap
43c5eace543a85844a60cc8f,Cp2_vs_Cp3__stability_plus_geometry,relation_separation_attenuation,3e971f0bc08c8189f389,route_or_path:dominant_family=mixed,True,selected_by_outcome_blind_record_predicate_top_k,1.0,300,within_object_class_support_label_permutation,0.16038879202958012,4,3,0.11684718257940985,0.24690939785936217,1.0,300,185,0.04474667772125829,0.2610481922957134,1.0,object_cluster,leave-one-object-out sensitivity plus object-cluster bootstrap
7ed3d190d20391d5f237387c,Cp2_vs_Cp3__stability_plus_geometry,local_criterion_breach,3e971f0bc08c8189f389,route_or_path:dominant_family=mixed,True,selected_by_outcome_blind_record_predicate_top_k,1.0,300,within_object_class_support_label_permutation,-0.05,4,3,-0.08333333333333333,0.0,0.0,300,198,-0.125,0.0,0.0,object_cluster,leave-one-object-out sensitivity plus object-cluster bootstrap
2ce1c1d6b877220959bff518,Cp2_vs_Cp3__stability_plus_geometry,log_loss_attenuation,3e971f0bc08c8189f389,route_or_path:dominant_family=mixed,True,selected_by_outcome_blind_record_predicate_top_k,1.0,300,within_object_class_support_label_permutation,0.09374981257019596,4,3,0.05769785091685664,0.1590952822413022,1.0,300,185,0.0032432928576014153,0.1778744942264645,1.0,object_cluster,leave-one-object-out sensitivity plus object-cluster bootstrap
1dbc920edffba9363b404b4e,Cp2_vs_Cp3__stability_plus_geometry,measurement_missingness_concentration,3e971f0bc08c8189f389,route_or_path:dominant_family=mixed,True,selected_by_outcome_blind_record_predicate_top_k,1.0,300,within_object_class_support_label_permutation,0.0,4,3,0.0,0.0,0.0,300,183,0.0,0.0,0.0,object_cluster,leave-one-object-out sensitivity plus object-cluster bootstrap
34726f00a0921d47a4cb7d84,Cp2_vs_Cp3__stability_plus_geometry,relation_separation_attenuation,72b9f48eeec38e892701,cohort:cohort=after,True,selected_by_outcome_blind_record_predicate_top_k,0.4950166112956811,300,within_object_class_support_label_permutation,0.0013055396938266295,4,4,-0.0039491161290267085,0.008908808886727182,0.25,300,293,-0.009614693407090646,0.011815181619165949,0.6621160409556314,object_cluster,leave-one-object-out sensitivity plus object-cluster bootstrap
576004bda05a9b793fa96c31,Cp2_vs_Cp3__stability_plus_geometry,local_criterion_breach,72b9f48eeec38e892701,cohort:cohort=after,True,selected_by_outcome_blind_record_predicate_top_k,1.0,300,within_object_class_support_label_permutation,-0.05,4,4,-0.075,0.0,0.0,300,300,-0.15,0.0,0.0,object_cluster,leave-one-object-out sensitivity plus object-cluster bootstrap
6308ad1a631a935024552869,Cp2_vs_Cp3__stability_plus_geometry,log_loss_attenuation,72b9f48eeec38e892701,cohort:cohort=after,True,selected_by_outcome_blind_record_predicate_top_k,0.6511627906976745,300,within_object_class_support_label_permutation,-0.008269986521550726,4,4,-0.013493992534599875,0.0034090343950186203,0.25,300,295,-0.024047856639229204,0.0040957809731156924,0.3694915254237288,object_cluster,leave-one-object-out sensitivity plus object-cluster bootstrap
fe81f4818cec6b696a895d87,Cp2_vs_Cp3__stability_plus_geometry,measurement_missingness_concentration,72b9f48eeec38e892701,cohort:cohort=after,True,selected_by_outcome_blind_record_predicate_top_k,1.0,300,within_object_class_support_label_permutation,0.0,4,4,0.0,0.0,0.0,300,291,0.0,0.0,0.0,object_cluster,leave-one-object-out sensitivity plus object-cluster bootstrap
1d4d216cd4b586f663c23ba9,Cp2_vs_Cp3__stability_plus_geometry,relation_separation_attenuation,69824d64880b538a0d6a,scale_band:scale_band=early AND route_or_path:dominant_family=mixed,True,selected_by_outcome_blind_record_predicate_top_k,1.0,300,within_object_class_support_label_permutation,0.16038879202958012,4,3,0.11684718257940985,0.24690939785936217,1.0,300,180,0.04474667772125829,0.2610481922957134,1.0,object_cluster,leave-one-object-out sensitivity plus object-cluster bootstrap
2a53eb2114248cf6cdf42acd,Cp2_vs_Cp3__stability_plus_geometry,local_criterion_breach,69824d64880b538a0d6a,scale_band:scale_band=early AND route_or_path:dominant_family=mixed,True,selected_by_outcome_blind_record_predicate_top_k,1.0,300,within_object_class_support_label_permutation,-0.05,4,3,-0.08333333333333333,0.0,0.0,300,188,-0.125,0.0,0.0,object_cluster,leave-one-object-out sensitivity plus object-cluster bootstrap
341ccf1dc4cf8f113dc5d818,Cp2_vs_Cp3__stability_plus_geometry,log_loss_attenuation,69824d64880b538a0d6a,scale_band:scale_band=early AND route_or_path:dominant_family=mixed,True,selected_by_outcome_blind_record_predicate_top_k,1.0,300,within_object_class_support_label_permutation,0.09374981257019596,4,3,0.05769785091685664,0.1590952822413022,1.0,300,180,0.0032432928576014153,0.16660696703536715,1.0,object_cluster,leave-one-object-out sensitivity plus object-cluster bootstrap
5df5dfe5b19a9634a865a5b9,Cp2_vs_Cp3__stability_plus_geometry,measurement_missingness_concentration,69824d64880b538a0d6a,scale_band:scale_band=early AND route_or_path:dominant_family=mixed,True,selected_by_outcome_blind_record_predicate_top_k,1.0,300,within_object_class_support_label_permutation,0.0,4,3,0.0,0.0,0.0,300,171,0.0,0.0,0.0,object_cluster,leave-one-object-out sensitivity plus object-cluster bootstrap
394855481fa04a482e6795fb,Cp2_vs_Cp3__stability_plus_geometry,relation_separation_attenuation,7fc688592fd0872f375d,seam_relative:seam_relative_region=intermediate AND route_or_path:dominant_family=mixed,True,selected_by_outcome_blind_record_predicate_top_k,0.33222591362126247,300,within_object_class_support_label_permutation,0.18678316956415886,4,3,0.14094707254455918,0.26493984134312387,1.0,300,193,0.07579527865729518,0.2651379559001136,1.0,object_cluster,leave-one-object-out sensitivity plus object-cluster bootstrap
71ef3d836340feae09051426,Cp2_vs_Cp3__stability_plus_geometry,local_criterion_breach,7fc688592fd0872f375d,seam_relative:seam_relative_region=intermediate AND route_or_path:dominant_family=mixed,True,selected_by_outcome_blind_record_predicate_top_k,1.0,300,within_object_class_support_label_permutation,-0.046875,4,3,-0.075,0.0,0.0,300,183,-0.11538461538461539,0.0,0.0,object_cluster,leave-one-object-out sensitivity plus object-cluster bootstrap
9ea2ea58ccc5b97090ff933a,Cp2_vs_Cp3__stability_plus_geometry,log_loss_attenuation,7fc688592fd0872f375d,seam_relative:seam_relative_region=intermediate AND route_or_path:dominant_family=mixed,True,selected_by_outcome_blind_record_predicate_top_k,0.36212624584717606,300,within_object_class_support_label_permutation,0.10533904504656313,4,3,0.06886101682620294,0.16456854710274477,1.0,300,182,0.019332984847078266,0.16546261935267265,1.0,object_cluster,leave-one-object-out sensitivity plus object-cluster bootstrap
dbb2843cd783bd9482c8efef,Cp2_vs_Cp3__stability_plus_geometry,measurement_missingness_concentration,7fc688592fd0872f375d,seam_relative:seam_relative_region=intermediate AND route_or_path:dominant_family=mixed,True,selected_by_outcome_blind_record_predicate_top_k,1.0,300,within_object_class_support_label_permutation,0.0,4,3,0.0,0.0,0.0,300,176,0.0,0.0,0.0,object_cluster,leave-one-object-out sensitivity plus object-cluster bootstrap
d9b47025a9ca00d846b4c246,Cp2_vs_Cp3__stability_plus_geometry,relation_separation_attenuation,a616a65155cc5a355592,scale_band:scale_band=early AND seam_relative:seam_relative_region=far,True,selected_by_outcome_blind_record_predicate_top_k,0.9634551495016611,300,within_object_class_support_label_permutation,-0.15290862352975398,4,4,-0.20187641582048532,-0.08311959907221778,0.0,300,278,-0.3170650203612557,-0.03912351643776879,0.0,object_cluster,leave-one-object-out sensitivity plus object-cluster bootstrap
6109da75786655c9794ca546,Cp2_vs_Cp3__stability_plus_geometry,local_criterion_breach,a616a65155cc5a355592,scale_band:scale_band=early AND seam_relative:seam_relative_region=far,True,selected_by_outcome_blind_record_predicate_top_k,1.0,300,within_object_class_support_label_permutation,-0.046875,4,4,-0.06818181818181818,0.0,0.0,300,277,-0.10714285714285714,0.0,0.0,object_cluster,leave-one-object-out sensitivity plus object-cluster bootstrap
53eb2b6e387524357b4e5994,Cp2_vs_Cp3__stability_plus_geometry,log_loss_attenuation,a616a65155cc5a355592,scale_band:scale_band=early AND seam_relative:seam_relative_region=far,True,selected_by_outcome_blind_record_predicate_top_k,0.9900332225913622,300,within_object_class_support_label_permutation,-0.10517487182217715,4,4,-0.14190634530606755,-0.05116420159706901,0.0,300,281,-0.18304617388388023,-0.021168291680546722,0.0,object_cluster,leave-one-object-out sensitivity plus object-cluster bootstrap
d340f64ae1102435b394b90c,Cp2_vs_Cp3__stability_plus_geometry,measurement_missingness_concentration,a616a65155cc5a355592,scale_band:scale_band=early AND seam_relative:seam_relative_region=far,True,selected_by_outcome_blind_record_predicate_top_k,1.0,300,within_object_class_support_label_permutation,0.0,4,4,0.0,0.0,0.0,300,280,0.0,0.0,0.0,object_cluster,leave-one-object-out sensitivity plus object-cluster bootstrap
9701aa9305d572da3965a97f,Cp2_vs_Cp3__strict_numeric_all,relation_separation_attenuation,8eb760d133ac749e3327,scale_band:scale_band=early,True,selected_by_outcome_blind_record_predicate_top_k,0.9800664451827242,300,within_object_class_support_label_permutation,0.028600352629049475,4,4,-0.04551987061191798,0.06189916223068348,0.75,300,285,-0.06307056322407623,0.09981578137712965,0.6350877192982456,object_cluster,leave-one-object-out sensitivity plus object-cluster bootstrap
5aad443049c6bf92f499d5ec,Cp2_vs_Cp3__strict_numeric_all,local_criterion_breach,8eb760d133ac749e3327,scale_band:scale_band=early,True,selected_by_outcome_blind_record_predicate_top_k,1.0,300,within_object_class_support_label_permutation,0.0,4,4,0.0,0.0,0.0,300,286,0.0,0.0,0.0,object_cluster,leave-one-object-out sensitivity plus object-cluster bootstrap
36a1e2087a96b1bb985da00f,Cp2_vs_Cp3__strict_numeric_all,log_loss_attenuation,8eb760d133ac749e3327,scale_band:scale_band=early,True,selected_by_outcome_blind_record_predicate_top_k,0.973421926910299,300,within_object_class_support_label_permutation,0.019719801099010698,4,4,-0.02570531400092448,0.039023370072371576,0.75,300,283,-0.04975858230927941,0.06173592762233917,0.6466431095406361,object_cluster,leave-one-object-out sensitivity plus object-cluster bootstrap
113a6c402a2a5c0a42d3f21b,Cp2_vs_Cp3__strict_numeric_all,measurement_missingness_concentration,8eb760d133ac749e3327,scale_band:scale_band=early,True,selected_by_outcome_blind_record_predicate_top_k,1.0,300,within_object_class_support_label_permutation,0.0,4,4,0.0,0.0,0.0,300,279,0.0,0.0,0.0,object_cluster,leave-one-object-out sensitivity plus object-cluster bootstrap
897901fe83c067d662803dbf,Cp2_vs_Cp3__strict_numeric_all,relation_separation_attenuation,4a8778b37c9e858c2b55,transition:transition=4→5,True,selected_by_outcome_blind_record_predicate_top_k,0.9767441860465116,300,within_object_class_support_label_permutation,-0.08697263359182639,4,4,-0.11369485165035398,-0.04551987061191798,0.0,300,283,-0.14123909998504935,-0.013286653124639291,0.0,object_cluster,leave-one-object-out sensitivity plus object-cluster bootstrap
93545750423e290d9e8c47f4,Cp2_vs_Cp3__strict_numeric_all,local_criterion_breach,4a8778b37c9e858c2b55,transition:transition=4→5,True,selected_by_outcome_blind_record_predicate_top_k,1.0,300,within_object_class_support_label_permutation,0.0,4,4,0.0,0.0,0.0,300,283,0.0,0.0,0.0,object_cluster,leave-one-object-out sensitivity plus object-cluster bootstrap
4b85d0086f031835e96da13d,Cp2_vs_Cp3__strict_numeric_all,log_loss_attenuation,4a8778b37c9e858c2b55,transition:transition=4→5,True,selected_by_outcome_blind_record_predicate_top_k,0.9800664451827242,300,within_object_class_support_label_permutation,-0.05193160903044651,4,4,-0.06799742031026693,-0.02570531400092448,0.0,300,281,-0.08526288126325882,-0.006401745027563601,0.0,object_cluster,leave-one-object-out sensitivity plus object-cluster bootstrap
21648f97029d3ae74ff5dea2,Cp2_vs_Cp3__strict_numeric_all,measurement_missingness_concentration,4a8778b37c9e858c2b55,transition:transition=4→5,True,selected_by_outcome_blind_record_predicate_top_k,1.0,300,within_object_class_support_label_permutation,0.0,4,4,0.0,0.0,0.0,300,281,0.0,0.0,0.0,object_cluster,leave-one-object-out sensitivity plus object-cluster bootstrap
a14e827fc0d2917231e08d69,Cp2_vs_Cp3__strict_numeric_all,relation_separation_attenuation,c683c10822cc59ae7587,seam_relative:seam_relative_region=far,True,selected_by_outcome_blind_record_predicate_top_k,0.46179401993355484,300,within_object_class_support_label_permutation,-0.0206007953867825,4,4,-0.06685965520903381,0.030874474102033145,0.25,300,289,-0.10144919142992845,0.049399078798769924,0.2837370242214533,object_cluster,leave-one-object-out sensitivity plus object-cluster bootstrap
29464e4490941c84466adfc0,Cp2_vs_Cp3__strict_numeric_all,local_criterion_breach,c683c10822cc59ae7587,seam_relative:seam_relative_region=far,True,selected_by_outcome_blind_record_predicate_top_k,1.0,300,within_object_class_support_label_permutation,0.0,4,4,0.0,0.0,0.0,300,283,0.0,0.0,0.0,object_cluster,leave-one-object-out sensitivity plus object-cluster bootstrap
aff5810b14b2a4abe069d091,Cp2_vs_Cp3__strict_numeric_all,log_loss_attenuation,c683c10822cc59ae7587,seam_relative:seam_relative_region=far,True,selected_by_outcome_blind_record_predicate_top_k,0.4119601328903654,300,within_object_class_support_label_permutation,-0.012937751689901356,4,4,-0.04037866994142812,0.018987243401436836,0.25,300,280,-0.06202564196999316,0.030048236898170357,0.3392857142857143,object_cluster,leave-one-object-out sensitivity plus object-cluster bootstrap
ca882207ad9321be4ce550df,Cp2_vs_Cp3__strict_numeric_all,measurement_missingness_concentration,c683c10822cc59ae7587,seam_relative:seam_relative_region=far,True,selected_by_outcome_blind_record_predicate_top_k,1.0,300,within_object_class_support_label_permutation,0.0,4,4,0.0,0.0,0.0,300,279,0.0,0.0,0.0,object_cluster,leave-one-object-out sensitivity plus object-cluster bootstrap
cda44a9110af77b63c5ba063,Cp2_vs_Cp3__strict_numeric_all,relation_separation_attenuation,3e971f0bc08c8189f389,route_or_path:dominant_family=mixed,True,selected_by_outcome_blind_record_predicate_top_k,0.946843853820598,300,within_object_class_support_label_permutation,0.22514457532788956,4,3,0.21573281632359198,0.24534431284752212,1.0,300,188,0.1989682358678544,0.2547326267177941,1.0,object_cluster,leave-one-object-out sensitivity plus object-cluster bootstrap
c5f76a7ccefd84ef1aed38a6,Cp2_vs_Cp3__strict_numeric_all,local_criterion_breach,3e971f0bc08c8189f389,route_or_path:dominant_family=mixed,True,selected_by_outcome_blind_record_predicate_top_k,1.0,300,within_object_class_support_label_permutation,0.0,4,3,0.0,0.0,0.0,300,181,0.0,0.0,0.0,object_cluster,leave-one-object-out sensitivity plus object-cluster bootstrap
e37543b2cb1f5d23130e9f76,Cp2_vs_Cp3__strict_numeric_all,log_loss_attenuation,3e971f0bc08c8189f389,route_or_path:dominant_family=mixed,True,selected_by_outcome_blind_record_predicate_top_k,0.9601328903654485,300,within_object_class_support_label_permutation,0.13612355548968197,4,3,0.13044273116561458,0.14781815665268766,1.0,300,172,0.12073241989151909,0.15328590758004879,1.0,object_cluster,leave-one-object-out sensitivity plus object-cluster bootstrap
36474f3d66e11bd0e3e8e2fc,Cp2_vs_Cp3__strict_numeric_all,measurement_missingness_concentration,3e971f0bc08c8189f389,route_or_path:dominant_family=mixed,True,selected_by_outcome_blind_record_predicate_top_k,1.0,300,within_object_class_support_label_permutation,0.0,4,3,0.0,0.0,0.0,300,198,0.0,0.0,0.0,object_cluster,leave-one-object-out sensitivity plus object-cluster bootstrap
27211aab161e33126761ea39,Cp2_vs_Cp3__strict_numeric_all,relation_separation_attenuation,72b9f48eeec38e892701,cohort:cohort=after,True,selected_by_outcome_blind_record_predicate_top_k,0.521594684385382,300,within_object_class_support_label_permutation,-0.0009649392505479693,4,4,-0.01311729886487123,0.012170120278959251,0.25,300,294,-0.022039094749688792,0.03081448875482463,0.42517006802721086,object_cluster,leave-one-object-out sensitivity plus object-cluster bootstrap
815fa66a0d06c4ea6606e07c,Cp2_vs_Cp3__strict_numeric_all,local_criterion_breach,72b9f48eeec38e892701,cohort:cohort=after,True,selected_by_outcome_blind_record_predicate_top_k,1.0,300,within_object_class_support_label_permutation,0.0,4,4,0.0,0.0,0.0,300,292,0.0,0.0,0.0,object_cluster,leave-one-object-out sensitivity plus object-cluster bootstrap
75bed28921e02915b61fdaa0,Cp2_vs_Cp3__strict_numeric_all,log_loss_attenuation,72b9f48eeec38e892701,cohort:cohort=after,True,selected_by_outcome_blind_record_predicate_top_k,0.4883720930232558,300,within_object_class_support_label_permutation,-0.0007330931041095584,4,4,-0.008282065107127853,0.007467445087023919,0.25,300,291,-0.014166226762667652,0.012633958088963282,0.46735395189003437,object_cluster,leave-one-object-out sensitivity plus object-cluster bootstrap
83f40d254c4cbb95371a086d,Cp2_vs_Cp3__strict_numeric_all,measurement_missingness_concentration,72b9f48eeec38e892701,cohort:cohort=after,True,selected_by_outcome_blind_record_predicate_top_k,1.0,300,within_object_class_support_label_permutation,0.0,4,4,0.0,0.0,0.0,300,294,0.0,0.0,0.0,object_cluster,leave-one-object-out sensitivity plus object-cluster bootstrap
e93ef4d252487f88a00820e6,Cp2_vs_Cp3__strict_numeric_all,relation_separation_attenuation,69824d64880b538a0d6a,scale_band:scale_band=early AND route_or_path:dominant_family=mixed,True,selected_by_outcome_blind_record_predicate_top_k,0.9601328903654485,300,within_object_class_support_label_permutation,0.22514457532788956,4,3,0.21573281632359198,0.24534431284752212,1.0,300,188,0.1989682358678544,0.2547326267177941,1.0,object_cluster,leave-one-object-out sensitivity plus object-cluster bootstrap
eacfcef13b56ab37a09bc34f,Cp2_vs_Cp3__strict_numeric_all,local_criterion_breach,69824d64880b538a0d6a,scale_band:scale_band=early AND route_or_path:dominant_family=mixed,True,selected_by_outcome_blind_record_predicate_top_k,1.0,300,within_object_class_support_label_permutation,0.0,4,3,0.0,0.0,0.0,300,173,0.0,0.0,0.0,object_cluster,leave-one-object-out sensitivity plus object-cluster bootstrap
04647d0be7a6a7e11e181d2e,Cp2_vs_Cp3__strict_numeric_all,log_loss_attenuation,69824d64880b538a0d6a,scale_band:scale_band=early AND route_or_path:dominant_family=mixed,True,selected_by_outcome_blind_record_predicate_top_k,0.9568106312292359,300,within_object_class_support_label_permutation,0.13612355548968197,4,3,0.13044273116561458,0.14781815665268766,1.0,300,176,0.1220957387796206,0.15143781077236265,1.0,object_cluster,leave-one-object-out sensitivity plus object-cluster bootstrap
cf9ee582f51d2536f0753fdc,Cp2_vs_Cp3__strict_numeric_all,measurement_missingness_concentration,69824d64880b538a0d6a,scale_band:scale_band=early AND route_or_path:dominant_family=mixed,True,selected_by_outcome_blind_record_predicate_top_k,1.0,300,within_object_class_support_label_permutation,0.0,4,3,0.0,0.0,0.0,300,191,0.0,0.0,0.0,object_cluster,leave-one-object-out sensitivity plus object-cluster bootstrap
3f897fc70127470e41cff18a,Cp2_vs_Cp3__strict_numeric_all,relation_separation_attenuation,7fc688592fd0872f375d,seam_relative:seam_relative_region=intermediate AND route_or_path:dominant_family=mixed,True,selected_by_outcome_blind_record_predicate_top_k,0.25249169435215946,300,within_object_class_support_label_permutation,0.2614840107465508,4,3,0.24773542388446357,0.27820513752722853,1.0,300,183,0.2350229907608733,0.2799043783535399,1.0,object_cluster,leave-one-object-out sensitivity plus object-cluster bootstrap
b7642d399b2a42c62da8f080,Cp2_vs_Cp3__strict_numeric_all,local_criterion_breach,7fc688592fd0872f375d,seam_relative:seam_relative_region=intermediate AND route_or_path:dominant_family=mixed,True,selected_by_outcome_blind_record_predicate_top_k,1.0,300,within_object_class_support_label_permutation,0.0,4,3,0.0,0.0,0.0,300,190,0.0,0.0,0.0,object_cluster,leave-one-object-out sensitivity plus object-cluster bootstrap
60941f4a5a0600a5fe00b20c,Cp2_vs_Cp3__strict_numeric_all,log_loss_attenuation,7fc688592fd0872f375d,seam_relative:seam_relative_region=intermediate AND route_or_path:dominant_family=mixed,True,selected_by_outcome_blind_record_predicate_top_k,0.23588039867109634,300,within_object_class_support_label_permutation,0.15883596800326916,4,3,0.150583914591117,0.16848101660419432,1.0,300,186,0.14327733368916531,0.16967034588680333,1.0,object_cluster,leave-one-object-out sensitivity plus object-cluster bootstrap
85913da7ea2d735fb69089c6,Cp2_vs_Cp3__strict_numeric_all,measurement_missingness_concentration,7fc688592fd0872f375d,seam_relative:seam_relative_region=intermediate AND route_or_path:dominant_family=mixed,True,selected_by_outcome_blind_record_predicate_top_k,1.0,300,within_object_class_support_label_permutation,0.0,4,3,0.0,0.0,0.0,300,201,0.0,0.0,0.0,object_cluster,leave-one-object-out sensitivity plus object-cluster bootstrap
a7b0bb3d086ae081700a8d80,Cp2_vs_Cp3__strict_numeric_all,relation_separation_attenuation,a616a65155cc5a355592,scale_band:scale_band=early AND seam_relative:seam_relative_region=far,True,selected_by_outcome_blind_record_predicate_top_k,0.9800664451827242,300,within_object_class_support_label_permutation,-0.0716507492846632,4,4,-0.09931710704183239,-0.03713713991711298,0.0,300,285,-0.12724978335359416,-0.014078753898124075,0.0,object_cluster,leave-one-object-out sensitivity plus object-cluster bootstrap
a3ae5cdb065a4cc70b3e0b80,Cp2_vs_Cp3__strict_numeric_all,local_criterion_breach,a616a65155cc5a355592,scale_band:scale_band=early AND seam_relative:seam_relative_region=far,True,selected_by_outcome_blind_record_predicate_top_k,1.0,300,within_object_class_support_label_permutation,0.0,4,4,0.0,0.0,0.0,300,287,0.0,0.0,0.0,object_cluster,leave-one-object-out sensitivity plus object-cluster bootstrap
8928409a34a740b9307fcea9,Cp2_vs_Cp3__strict_numeric_all,log_loss_attenuation,a616a65155cc5a355592,scale_band:scale_band=early AND seam_relative:seam_relative_region=far,True,selected_by_outcome_blind_record_predicate_top_k,0.9767441860465116,300,within_object_class_support_label_permutation,-0.04219918187591841,4,4,-0.058818700928724765,-0.020631059851977156,0.0,300,286,-0.07621555308218125,-0.007498241204863282,0.0,object_cluster,leave-one-object-out sensitivity plus object-cluster bootstrap
6f0bd9c275a8609ba9e19110,Cp2_vs_Cp3__strict_numeric_all,measurement_missingness_concentration,a616a65155cc5a355592,scale_band:scale_band=early AND seam_relative:seam_relative_region=far,True,selected_by_outcome_blind_record_predicate_top_k,1.0,300,within_object_class_support_label_permutation,0.0,4,4,0.0,0.0,0.0,300,285,0.0,0.0,0.0,object_cluster,leave-one-object-out sensitivity plus object-cluster bootstrap
49f3e9e03e2a20d3b22f8bab,Cp2_vs_Cp3__stability_core_3,relation_separation_attenuation,8eb760d133ac749e3327,scale_band:scale_band=early,True,selected_by_outcome_blind_record_predicate_top_k,1.0,300,within_object_class_support_label_permutation,-0.28216485615629,4,4,-0.3411511555047812,-0.232596891762614,0.0,300,283,-0.36593513770161923,-0.20310374208836823,0.0,object_cluster,leave-one-object-out sensitivity plus object-cluster bootstrap
7533dae78a6e4d9c716acd5d,Cp2_vs_Cp3__stability_core_3,local_criterion_breach,8eb760d133ac749e3327,scale_band:scale_band=early,True,selected_by_outcome_blind_record_predicate_top_k,1.0,300,within_object_class_support_label_permutation,-0.1388888888888889,4,4,-0.2222222222222222,-0.08333333333333333,0.0,300,285,-0.25,-0.04166666666666666,0.02456140350877193,object_cluster,leave-one-object-out sensitivity plus object-cluster bootstrap
237681973017667434ec8e85,Cp2_vs_Cp3__stability_core_3,log_loss_attenuation,8eb760d133ac749e3327,scale_band:scale_band=early,True,selected_by_outcome_blind_record_predicate_top_k,1.0,300,within_object_class_support_label_permutation,-0.322410075499435,4,4,-0.38138073403599076,-0.2527537749657218,0.0,300,283,-0.41620888430284747,-0.22326844569744386,0.0,object_cluster,leave-one-object-out sensitivity plus object-cluster bootstrap
02742e2a0d4ecdfb6605d995,Cp2_vs_Cp3__stability_core_3,measurement_missingness_concentration,8eb760d133ac749e3327,scale_band:scale_band=early,True,selected_by_outcome_blind_record_predicate_top_k,1.0,300,within_object_class_support_label_permutation,0.0,4,4,0.0,0.0,0.0,300,290,0.0,0.0,0.0,object_cluster,leave-one-object-out sensitivity plus object-cluster bootstrap
cb48cd22d350a1c06b488f8a,Cp2_vs_Cp3__stability_core_3,relation_separation_attenuation,4a8778b37c9e858c2b55,transition:transition=4→5,True,selected_by_outcome_blind_record_predicate_top_k,1.0,300,within_object_class_support_label_permutation,-0.295794601450752,4,4,-0.3411511555047812,-0.25337509342256137,0.0,300,285,-0.36593513770161923,-0.2342710445782894,0.0,object_cluster,leave-one-object-out sensitivity plus object-cluster bootstrap
fc482a71b39d272cb0f55fdf,Cp2_vs_Cp3__stability_core_3,local_criterion_breach,4a8778b37c9e858c2b55,transition:transition=4→5,True,selected_by_outcome_blind_record_predicate_top_k,1.0,300,within_object_class_support_label_permutation,-0.2361111111111111,4,4,-0.2638888888888889,-0.19444444444444442,0.0,300,284,-0.29166666666666663,-0.16666666666666666,0.0,object_cluster,leave-one-object-out sensitivity plus object-cluster bootstrap
6443401c30ca37b4762ca4d2,Cp2_vs_Cp3__stability_core_3,log_loss_attenuation,4a8778b37c9e858c2b55,transition:transition=4→5,True,selected_by_outcome_blind_record_predicate_top_k,1.0,300,within_object_class_support_label_permutation,-0.32943260143902514,4,4,-0.38138073403599076,-0.26678694753807414,0.0,300,280,-0.41620888430284747,-0.24431820455597247,0.0,object_cluster,leave-one-object-out sensitivity plus object-cluster bootstrap
c806cd93c99b45d5bb31c478,Cp2_vs_Cp3__stability_core_3,measurement_missingness_concentration,4a8778b37c9e858c2b55,transition:transition=4→5,True,selected_by_outcome_blind_record_predicate_top_k,1.0,300,within_object_class_support_label_permutation,0.0,4,4,0.0,0.0,0.0,300,289,0.0,0.0,0.0,object_cluster,leave-one-object-out sensitivity plus object-cluster bootstrap
b417672fce238e513aa74d21,Cp2_vs_Cp3__stability_core_3,relation_separation_attenuation,c683c10822cc59ae7587,seam_relative:seam_relative_region=far,True,selected_by_outcome_blind_record_predicate_top_k,0.2857142857142857,300,within_object_class_support_label_permutation,0.11853133238035413,4,4,0.0561524610391938,0.14239325517675083,1.0,300,290,0.047600782838681965,0.16757299692155675,1.0,object_cluster,leave-one-object-out sensitivity plus object-cluster bootstrap
a8387102a2a5da67ddd8d21a,Cp2_vs_Cp3__stability_core_3,local_criterion_breach,c683c10822cc59ae7587,seam_relative:seam_relative_region=far,True,selected_by_outcome_blind_record_predicate_top_k,0.10963455149501661,300,within_object_class_support_label_permutation,0.0965909090909091,4,4,0.011363636363636354,0.14583333333333334,1.0,300,281,-0.01785714285714285,0.25,0.8683274021352313,object_cluster,leave-one-object-out sensitivity plus object-cluster bootstrap
8ba0d019759044c64fc851c1,Cp2_vs_Cp3__stability_core_3,log_loss_attenuation,c683c10822cc59ae7587,seam_relative:seam_relative_region=far,True,selected_by_outcome_blind_record_predicate_top_k,0.06976744186046512,300,within_object_class_support_label_permutation,0.263875726302085,4,4,0.17049983417790726,0.29837197072787647,1.0,300,283,0.15714845642056485,0.34119026352179194,1.0,object_cluster,leave-one-object-out sensitivity plus object-cluster bootstrap
b0390b89eadbe3c2b83c7e24,Cp2_vs_Cp3__stability_core_3,measurement_missingness_concentration,c683c10822cc59ae7587,seam_relative:seam_relative_region=far,True,selected_by_outcome_blind_record_predicate_top_k,1.0,300,within_object_class_support_label_permutation,0.0,4,4,0.0,0.0,0.0,300,279,0.0,0.0,0.0,object_cluster,leave-one-object-out sensitivity plus object-cluster bootstrap
b532902ab7e0db8c25dc5df3,Cp2_vs_Cp3__stability_core_3,relation_separation_attenuation,3e971f0bc08c8189f389,route_or_path:dominant_family=mixed,True,selected_by_outcome_blind_record_predicate_top_k,0.9900332225913622,300,within_object_class_support_label_permutation,-0.12875212972368416,4,3,-0.15130806458189378,-0.08199275836876274,0.0,300,211,-0.1902742073776616,-0.07337577899035808,0.0,object_cluster,leave-one-object-out sensitivity plus object-cluster bootstrap
d3ddfc59f1ca3e5c42912aeb,Cp2_vs_Cp3__stability_core_3,local_criterion_breach,3e971f0bc08c8189f389,route_or_path:dominant_family=mixed,True,selected_by_outcome_blind_record_predicate_top_k,1.0,300,within_object_class_support_label_permutation,-0.11111111111111109,4,3,-0.1527777777777778,-0.06944444444444443,0.0,300,182,-0.18750000000000006,-0.06250000000000001,0.0,object_cluster,leave-one-object-out sensitivity plus object-cluster bootstrap
4cad72ae21a5542c9281e9f9,Cp2_vs_Cp3__stability_core_3,log_loss_attenuation,3e971f0bc08c8189f389,route_or_path:dominant_family=mixed,True,selected_by_outcome_blind_record_predicate_top_k,0.9966777408637874,300,within_object_class_support_label_permutation,-0.18032088429651527,4,3,-0.22055555184220477,-0.11747605400682704,0.0,300,206,-0.2729262437502783,-0.11581416802605754,0.0,object_cluster,leave-one-object-out sensitivity plus object-cluster bootstrap
498b6d0f2d4875e74d64825e,Cp2_vs_Cp3__stability_core_3,measurement_missingness_concentration,3e971f0bc08c8189f389,route_or_path:dominant_family=mixed,True,selected_by_outcome_blind_record_predicate_top_k,1.0,300,within_object_class_support_label_permutation,0.0,4,3,0.0,0.0,0.0,300,182,0.0,0.0,0.0,object_cluster,leave-one-object-out sensitivity plus object-cluster bootstrap
e6ae31f8bacb1ed621ec73c1,Cp2_vs_Cp3__stability_core_3,relation_separation_attenuation,72b9f48eeec38e892701,cohort:cohort=after,True,selected_by_outcome_blind_record_predicate_top_k,0.3588039867109635,300,within_object_class_support_label_permutation,0.04695217890297021,4,4,-0.022401508216677246,0.07666313549608506,0.75,300,295,-0.0469137111369054,0.2478671877324652,0.7694915254237288,object_cluster,leave-one-object-out sensitivity plus object-cluster bootstrap
55c1e2fd3470522a13ae7403,Cp2_vs_Cp3__stability_core_3,local_criterion_breach,72b9f48eeec38e892701,cohort:cohort=after,True,selected_by_outcome_blind_record_predicate_top_k,0.6345514950166113,300,within_object_class_support_label_permutation,-0.06,4,4,-0.15000000000000002,-0.01999999999999999,0.0,300,296,-0.18333333333333335,0.13999999999999999,0.28378378378378377,object_cluster,leave-one-object-out sensitivity plus object-cluster bootstrap
0b3662fcbc96b4a09ca952e5,Cp2_vs_Cp3__stability_core_3,log_loss_attenuation,72b9f48eeec38e892701,cohort:cohort=after,True,selected_by_outcome_blind_record_predicate_top_k,0.5548172757475083,300,within_object_class_support_label_permutation,-0.04818551889491873,4,4,-0.12173288264606485,0.004260694412230537,0.25,300,296,-0.1630919025395966,0.10337243377202562,0.28040540540540543,object_cluster,leave-one-object-out sensitivity plus object-cluster bootstrap
0d1c719ca29ef49ab5e91870,Cp2_vs_Cp3__stability_core_3,measurement_missingness_concentration,72b9f48eeec38e892701,cohort:cohort=after,True,selected_by_outcome_blind_record_predicate_top_k,1.0,300,within_object_class_support_label_permutation,0.0,4,4,0.0,0.0,0.0,300,296,0.0,0.0,0.0,object_cluster,leave-one-object-out sensitivity plus object-cluster bootstrap
571870560547b22e35e1ccb9,Cp2_vs_Cp3__stability_core_3,relation_separation_attenuation,69824d64880b538a0d6a,scale_band:scale_band=early AND route_or_path:dominant_family=mixed,True,selected_by_outcome_blind_record_predicate_top_k,0.9933554817275747,300,within_object_class_support_label_permutation,-0.12875212972368416,4,3,-0.15130806458189378,-0.08199275836876274,0.0,300,183,-0.1902742073776616,-0.07337577899035808,0.0,object_cluster,leave-one-object-out sensitivity plus object-cluster bootstrap
a8708f9d278789b706145922,Cp2_vs_Cp3__stability_core_3,local_criterion_breach,69824d64880b538a0d6a,scale_band:scale_band=early AND route_or_path:dominant_family=mixed,True,selected_by_outcome_blind_record_predicate_top_k,1.0,300,within_object_class_support_label_permutation,-0.11111111111111109,4,3,-0.1527777777777778,-0.06944444444444443,0.0,300,192,-0.18750000000000006,-0.06250000000000001,0.0,object_cluster,leave-one-object-out sensitivity plus object-cluster bootstrap
1386fc5d885c09e70588d9b1,Cp2_vs_Cp3__stability_core_3,log_loss_attenuation,69824d64880b538a0d6a,scale_band:scale_band=early AND route_or_path:dominant_family=mixed,True,selected_by_outcome_blind_record_predicate_top_k,0.9966777408637874,300,within_object_class_support_label_permutation,-0.18032088429651527,4,3,-0.22055555184220477,-0.11747605400682704,0.0,300,173,-0.2729262437502783,-0.11332133905490338,0.0,object_cluster,leave-one-object-out sensitivity plus object-cluster bootstrap
744fc708d3258e466d61a959,Cp2_vs_Cp3__stability_core_3,measurement_missingness_concentration,69824d64880b538a0d6a,scale_band:scale_band=early AND route_or_path:dominant_family=mixed,True,selected_by_outcome_blind_record_predicate_top_k,1.0,300,within_object_class_support_label_permutation,0.0,4,3,0.0,0.0,0.0,300,160,0.0,0.0,0.0,object_cluster,leave-one-object-out sensitivity plus object-cluster bootstrap
077ace413c0a2f80fbada68c,Cp2_vs_Cp3__stability_core_3,relation_separation_attenuation,7fc688592fd0872f375d,seam_relative:seam_relative_region=intermediate AND route_or_path:dominant_family=mixed,True,selected_by_outcome_blind_record_predicate_top_k,0.8006644518272426,300,within_object_class_support_label_permutation,-0.10023986821414571,4,3,-0.12679220036167738,-0.05697917294400301,0.0,300,181,-0.16363744031742156,-0.05657596595059633,0.0,object_cluster,leave-one-object-out sensitivity plus object-cluster bootstrap
d6907dcfeda3efb149eaa808,Cp2_vs_Cp3__stability_core_3,local_criterion_breach,7fc688592fd0872f375d,seam_relative:seam_relative_region=intermediate AND route_or_path:dominant_family=mixed,True,selected_by_outcome_blind_record_predicate_top_k,1.0,300,within_object_class_support_label_permutation,-0.17708333333333331,4,3,-0.225,-0.14102564102564102,0.0,300,196,-0.2554112554112554,-0.12838915470494416,0.0,object_cluster,leave-one-object-out sensitivity plus object-cluster bootstrap
666722379e754563681d3afb,Cp2_vs_Cp3__stability_core_3,log_loss_attenuation,7fc688592fd0872f375d,seam_relative:seam_relative_region=intermediate AND route_or_path:dominant_family=mixed,True,selected_by_outcome_blind_record_predicate_top_k,0.8803986710963455,300,within_object_class_support_label_permutation,-0.17261827452485357,4,3,-0.21271603520776683,-0.11409036531033273,0.0,300,191,-0.2628527305196775,-0.11173690042809337,0.0,object_cluster,leave-one-object-out sensitivity plus object-cluster bootstrap
af29d51c51e032a5bf1a1ddb,Cp2_vs_Cp3__stability_core_3,measurement_missingness_concentration,7fc688592fd0872f375d,seam_relative:seam_relative_region=intermediate AND route_or_path:dominant_family=mixed,True,selected_by_outcome_blind_record_predicate_top_k,1.0,300,within_object_class_support_label_permutation,0.0,4,3,0.0,0.0,0.0,300,195,0.0,0.0,0.0,object_cluster,leave-one-object-out sensitivity plus object-cluster bootstrap
2ddb19cee6750db9a0c91d79,Cp2_vs_Cp3__stability_core_3,relation_separation_attenuation,a616a65155cc5a355592,scale_band:scale_band=early AND seam_relative:seam_relative_region=far,True,selected_by_outcome_blind_record_predicate_top_k,1.0,300,within_object_class_support_label_permutation,-0.38531411532776944,4,4,-0.4000380269287779,-0.347023844230265,0.0,300,282,-0.4311395325878806,-0.34302334349799657,0.0,object_cluster,leave-one-object-out sensitivity plus object-cluster bootstrap
2720b4e98161810ea2232ea1,Cp2_vs_Cp3__stability_core_3,local_criterion_breach,a616a65155cc5a355592,scale_band:scale_band=early AND seam_relative:seam_relative_region=far,True,selected_by_outcome_blind_record_predicate_top_k,1.0,300,within_object_class_support_label_permutation,-0.17067307692307693,4,4,-0.20738636363636365,-0.13461538461538464,0.0,300,284,-0.23660714285714285,-0.1,0.0,object_cluster,leave-one-object-out sensitivity plus object-cluster bootstrap
0ffb97a9d779f7d1c6232cf1,Cp2_vs_Cp3__stability_core_3,log_loss_attenuation,a616a65155cc5a355592,scale_band:scale_band=early AND seam_relative:seam_relative_region=far,True,selected_by_outcome_blind_record_predicate_top_k,1.0,300,within_object_class_support_label_permutation,-0.34520050774374633,4,4,-0.36827613691265104,-0.28970081155000005,0.0,300,286,-0.4155106408112922,-0.28561575509002934,0.0,object_cluster,leave-one-object-out sensitivity plus object-cluster bootstrap
d302ecc06883f85f18262276,Cp2_vs_Cp3__stability_core_3,measurement_missingness_concentration,a616a65155cc5a355592,scale_band:scale_band=early AND seam_relative:seam_relative_region=far,True,selected_by_outcome_blind_record_predicate_top_k,1.0,300,within_object_class_support_label_permutation,0.0,4,4,0.0,0.0,0.0,300,277,0.0,0.0,0.0,object_cluster,leave-one-object-out sensitivity plus object-cluster bootstrap
31c90f870954659a921d32e0,three_way__geometry_scores_only,relation_separation_attenuation,8eb760d133ac749e3327,scale_band:scale_band=early,True,selected_by_outcome_blind_record_predicate_top_k,0.18272425249169436,300,within_object_class_support_label_permutation,0.3481124729110551,4,3,0.2722870128734648,0.4778140758678701,1.0,300,183,0.2349057702735378,0.4950903368707232,1.0,object_cluster,leave-one-object-out sensitivity plus object-cluster bootstrap
fbd8b078a426e7d11c68b8e1,three_way__geometry_scores_only,local_criterion_breach,8eb760d133ac749e3327,scale_band:scale_band=early,True,selected_by_outcome_blind_record_predicate_top_k,1.0,300,within_object_class_support_label_permutation,0.2222222222222222,4,3,0.19047619047619047,0.30158730158730157,1.0,300,188,0.16666666666666669,0.3055555555555556,1.0,object_cluster,leave-one-object-out sensitivity plus object-cluster bootstrap
911ecabb75dbda8b678ad512,three_way__geometry_scores_only,log_loss_attenuation,8eb760d133ac749e3327,scale_band:scale_band=early,True,selected_by_outcome_blind_record_predicate_top_k,1.0,300,within_object_class_support_label_permutation,1.762948649366183,4,3,1.504122746118388,1.6762015788107825,1.0,300,194,1.1111323961167394,1.901328859720261,1.0,object_cluster,leave-one-object-out sensitivity plus object-cluster bootstrap
bba67114c49d51015937e512,three_way__geometry_scores_only,measurement_missingness_concentration,8eb760d133ac749e3327,scale_band:scale_band=early,True,selected_by_outcome_blind_record_predicate_top_k,1.0,300,within_object_class_support_label_permutation,0.0,4,3,0.0,0.0,0.0,300,179,0.0,0.0,0.0,object_cluster,leave-one-object-out sensitivity plus object-cluster bootstrap
ab71769b684aa568ce39aa59,three_way__geometry_scores_only,relation_separation_attenuation,c683c10822cc59ae7587,seam_relative:seam_relative_region=far,True,selected_by_outcome_blind_record_predicate_top_k,0.4750830564784053,300,within_object_class_support_label_permutation,-0.4135563613002729,4,3,-0.5052715842490983,-0.36357818202420134,0.0,300,187,-0.5134523191162553,-0.33126471385214745,0.0,object_cluster,leave-one-object-out sensitivity plus object-cluster bootstrap
b87ededf84cf40b0d33b9fa0,three_way__geometry_scores_only,local_criterion_breach,c683c10822cc59ae7587,seam_relative:seam_relative_region=far,True,selected_by_outcome_blind_record_predicate_top_k,1.0,300,within_object_class_support_label_permutation,-0.2666666666666666,4,3,-0.33333333333333337,-0.24242424242424243,0.0,300,169,-0.33333333333333337,-0.22962962962962957,0.0,object_cluster,leave-one-object-out sensitivity plus object-cluster bootstrap
2c1a14e3bbed7deaa1d19a70,three_way__geometry_scores_only,log_loss_attenuation,c683c10822cc59ae7587,seam_relative:seam_relative_region=far,True,selected_by_outcome_blind_record_predicate_top_k,0.059800664451827246,300,within_object_class_support_label_permutation,-2.3065347607073687,4,3,-2.2490732923224757,-2.1112176599144323,0.0,300,185,-2.4129368969613774,-1.303706342482656,0.0,object_cluster,leave-one-object-out sensitivity plus object-cluster bootstrap
519cc6a524f5a1bca9f8d6b2,three_way__geometry_scores_only,measurement_missingness_concentration,c683c10822cc59ae7587,seam_relative:seam_relative_region=far,True,selected_by_outcome_blind_record_predicate_top_k,1.0,300,within_object_class_support_label_permutation,0.0,4,3,0.0,0.0,0.0,300,179,0.0,0.0,0.0,object_cluster,leave-one-object-out sensitivity plus object-cluster bootstrap
00d2e9830e0d16cd7ec04048,three_way__geometry_scores_only,relation_separation_attenuation,4487ed03ba052140cc42,transition:transition=5→6,True,selected_by_outcome_blind_record_predicate_top_k,0.8571428571428571,300,within_object_class_support_label_permutation,0.11700344031135637,4,3,0.0012498995795370282,0.13471333967937396,1.0,300,177,-0.12263491299960781,0.21952498126772807,0.6384180790960452,object_cluster,leave-one-object-out sensitivity plus object-cluster bootstrap
6d9e083a76f57afcf1142df3,three_way__geometry_scores_only,local_criterion_breach,4487ed03ba052140cc42,transition:transition=5→6,True,selected_by_outcome_blind_record_predicate_top_k,1.0,300,within_object_class_support_label_permutation,0.05555555555555558,4,3,-0.031746031746031744,0.07936507936507936,0.3333333333333333,300,190,-0.1893939393939395,0.1388888888888889,0.5631578947368421,object_cluster,leave-one-object-out sensitivity plus object-cluster bootstrap
43aa2e89f0c92a8335ed2361,three_way__geometry_scores_only,log_loss_attenuation,4487ed03ba052140cc42,transition:transition=5→6,True,selected_by_outcome_blind_record_predicate_top_k,0.0033222591362126247,300,within_object_class_support_label_permutation,1.8683950005799654,4,3,1.490237144143048,1.6750014442803345,1.0,300,203,0.31187300129620643,2.0084080005527083,1.0,object_cluster,leave-one-object-out sensitivity plus object-cluster bootstrap
1340c5675f15b713a5eabb2f,three_way__geometry_scores_only,measurement_missingness_concentration,4487ed03ba052140cc42,transition:transition=5→6,True,selected_by_outcome_blind_record_predicate_top_k,1.0,300,within_object_class_support_label_permutation,0.0,4,3,0.0,0.0,0.0,300,197,0.0,0.0,0.0,object_cluster,leave-one-object-out sensitivity plus object-cluster bootstrap
f7c9affcd9bdd573d16790f3,three_way__geometry_scores_only,relation_separation_attenuation,72b9f48eeec38e892701,cohort:cohort=after,True,selected_by_outcome_blind_record_predicate_top_k,0.5614617940199336,300,within_object_class_support_label_permutation,-0.06942093759356044,4,4,-0.06954911120270152,-1.1102230246251565e-16,0.0,300,295,-0.0711414766266362,0.0,0.0,object_cluster,leave-one-object-out sensitivity plus object-cluster bootstrap
b2d1c5fb1fe9fcc4058c63b0,three_way__geometry_scores_only,local_criterion_breach,72b9f48eeec38e892701,cohort:cohort=after,True,selected_by_outcome_blind_record_predicate_top_k,1.0,300,within_object_class_support_label_permutation,-0.0421052631578947,4,4,-0.041666666666666685,0.0,0.0,300,297,-0.04210526315789476,0.0,0.0,object_cluster,leave-one-object-out sensitivity plus object-cluster bootstrap
21f5c97d7023fe1eeddd47f0,three_way__geometry_scores_only,log_loss_attenuation,72b9f48eeec38e892701,cohort:cohort=after,True,selected_by_outcome_blind_record_predicate_top_k,0.5647840531561462,300,within_object_class_support_label_permutation,-0.3716326525522238,4,4,-0.3683733033069112,1.1102230246251565e-16,0.25,300,292,-0.37286918149963877,0.0,0.0,object_cluster,leave-one-object-out sensitivity plus object-cluster bootstrap
79b5f9bf7554b7d40d81d141,three_way__geometry_scores_only,measurement_missingness_concentration,72b9f48eeec38e892701,cohort:cohort=after,True,selected_by_outcome_blind_record_predicate_top_k,1.0,300,within_object_class_support_label_permutation,0.0,4,4,0.0,0.0,0.0,300,298,0.0,0.0,0.0,object_cluster,leave-one-object-out sensitivity plus object-cluster bootstrap
c8ebca3e1127733a490a88fe,three_way__geometry_scores_only,relation_separation_attenuation,6951c09dfc251bd9f7db,transition:transition=5→6 AND scale_band:scale_band=middle,True,selected_by_outcome_blind_record_predicate_top_k,0.8538205980066446,300,within_object_class_support_label_permutation,0.11700344031135637,4,3,0.0012498995795370282,0.13471333967937396,1.0,300,182,-0.2369289557238996,0.21952498126772807,0.7362637362637363,object_cluster,leave-one-object-out sensitivity plus object-cluster bootstrap
c9d4322b3b08066ba7965f7e,three_way__geometry_scores_only,local_criterion_breach,6951c09dfc251bd9f7db,transition:transition=5→6 AND scale_band:scale_band=middle,True,selected_by_outcome_blind_record_predicate_top_k,1.0,300,within_object_class_support_label_permutation,0.05555555555555558,4,3,-0.031746031746031744,0.07936507936507936,0.3333333333333333,300,196,-0.13484848484848488,0.1388888888888889,0.4642857142857143,object_cluster,leave-one-object-out sensitivity plus object-cluster bootstrap
441b00cadb543e9e6b010e27,three_way__geometry_scores_only,log_loss_attenuation,6951c09dfc251bd9f7db,transition:transition=5→6 AND scale_band:scale_band=middle,True,selected_by_outcome_blind_record_predicate_top_k,0.0033222591362126247,300,within_object_class_support_label_permutation,1.8683950005799654,4,3,1.490237144143048,1.6750014442803345,1.0,300,186,0.41369312720754015,2.0084080005527083,1.0,object_cluster,leave-one-object-out sensitivity plus object-cluster bootstrap
236333bac07236d34be42ef8,three_way__geometry_scores_only,measurement_missingness_concentration,6951c09dfc251bd9f7db,transition:transition=5→6 AND scale_band:scale_band=middle,True,selected_by_outcome_blind_record_predicate_top_k,1.0,300,within_object_class_support_label_permutation,0.0,4,3,0.0,0.0,0.0,300,193,0.0,0.0,0.0,object_cluster,leave-one-object-out sensitivity plus object-cluster bootstrap
75a66fdd519a71270d86df95,three_way__geometry_scores_only,relation_separation_attenuation,114bd7932e0008f8ef79,scale_band:scale_band=early AND seam_relative:seam_relative_region=near,True,selected_by_outcome_blind_record_predicate_top_k,0.009966777408637873,300,within_object_class_support_label_permutation,0.23661070066379974,4,3,0.15419387964617348,0.275690077156116,1.0,300,195,0.09317276743789704,0.3363128610231016,1.0,object_cluster,leave-one-object-out sensitivity plus object-cluster bootstrap
fc7774ba91c368264b8f7811,three_way__geometry_scores_only,local_criterion_breach,114bd7932e0008f8ef79,scale_band:scale_band=early AND seam_relative:seam_relative_region=near,True,selected_by_outcome_blind_record_predicate_top_k,1.0,300,within_object_class_support_label_permutation,0.14898785425101213,4,3,0.10370370370370369,0.17777777777777773,1.0,300,215,0.053333333333333344,0.21052631578947367,0.9953488372093023,object_cluster,leave-one-object-out sensitivity plus object-cluster bootstrap
22473c658719bbb37f5db46b,three_way__geometry_scores_only,log_loss_attenuation,114bd7932e0008f8ef79,scale_band:scale_band=early AND seam_relative:seam_relative_region=near,True,selected_by_outcome_blind_record_predicate_top_k,0.9966777408637874,300,within_object_class_support_label_permutation,1.476480496031748,4,3,1.1666011328992232,1.2712054955881007,1.0,300,201,0.25256709923583376,1.578151317046634,1.0,object_cluster,leave-one-object-out sensitivity plus object-cluster bootstrap
09185e392ca7dade4fd32569,three_way__geometry_scores_only,measurement_missingness_concentration,114bd7932e0008f8ef79,scale_band:scale_band=early AND seam_relative:seam_relative_region=near,True,selected_by_outcome_blind_record_predicate_top_k,1.0,300,within_object_class_support_label_permutation,0.0,4,3,0.0,0.0,0.0,300,196,0.0,0.0,0.0,object_cluster,leave-one-object-out sensitivity plus object-cluster bootstrap
c2099f5e4f3c45e83a6687f0,three_way__geometry_scores_only,relation_separation_attenuation,f9c24c9c5b337d5bb270,transition:transition=5→6 AND seam_relative:seam_relative_region=far,True,selected_by_outcome_blind_record_predicate_top_k,0.8006644518272426,300,within_object_class_support_label_permutation,0.12201968365930507,4,3,-0.003928385584874128,0.133458363774518,0.3333333333333333,300,190,-0.12891539865865959,0.21441784531769165,0.6684210526315789,object_cluster,leave-one-object-out sensitivity plus object-cluster bootstrap
d83cc3f1ac3238a9655d7304,three_way__geometry_scores_only,local_criterion_breach,f9c24c9c5b337d5bb270,transition:transition=5→6 AND seam_relative:seam_relative_region=far,True,selected_by_outcome_blind_record_predicate_top_k,1.0,300,within_object_class_support_label_permutation,0.06547619047619047,4,3,-0.024955436720142554,0.07993966817496229,0.3333333333333333,300,200,-0.17127496159754224,0.1349206349206349,0.54,object_cluster,leave-one-object-out sensitivity plus object-cluster bootstrap
11075addd761d48b582c5992,three_way__geometry_scores_only,log_loss_attenuation,f9c24c9c5b337d5bb270,transition:transition=5→6 AND seam_relative:seam_relative_region=far,True,selected_by_outcome_blind_record_predicate_top_k,0.046511627906976744,300,within_object_class_support_label_permutation,1.6368780639881533,4,3,1.2246491127202028,1.4181500843834047,1.0,300,183,0.6550870739444195,1.763668528384083,1.0,object_cluster,leave-one-object-out sensitivity plus object-cluster bootstrap
08bff2b3684c1a31e6c4cb4f,three_way__geometry_scores_only,measurement_missingness_concentration,f9c24c9c5b337d5bb270,transition:transition=5→6 AND seam_relative:seam_relative_region=far,True,selected_by_outcome_blind_record_predicate_top_k,1.0,300,within_object_class_support_label_permutation,0.0,4,3,0.0,0.0,0.0,300,178,0.0,0.0,0.0,object_cluster,leave-one-object-out sensitivity plus object-cluster bootstrap
454ee67d0c32a4af4adcb7a2,three_way__geometry_scores_only,relation_separation_attenuation,ecfc3b8deab50f3dcb99,cohort:cohort=after AND seam_relative:seam_relative_region=far,True,selected_by_outcome_blind_record_predicate_top_k,0.6644518272425249,300,within_object_class_support_label_permutation,-0.3463900734550373,4,2,-0.27844633839426436,-0.1301359406772873,0.0,300,207,-0.3463900734550374,-0.019918793589082995,0.0,object_cluster,leave-one-object-out sensitivity plus object-cluster bootstrap
70ea363dfc7934493d935a3b,three_way__geometry_scores_only,local_criterion_breach,ecfc3b8deab50f3dcb99,cohort:cohort=after AND seam_relative:seam_relative_region=far,True,selected_by_outcome_blind_record_predicate_top_k,1.0,300,within_object_class_support_label_permutation,-0.21764705882352947,4,2,-0.17600373482726428,-0.07142857142857142,0.0,300,211,-0.21764705882352947,0.0,0.0,object_cluster,leave-one-object-out sensitivity plus object-cluster bootstrap
c2d28c1e4635aedcc6cb4726,three_way__geometry_scores_only,log_loss_attenuation,ecfc3b8deab50f3dcb99,cohort:cohort=after AND seam_relative:seam_relative_region=far,True,selected_by_outcome_blind_record_predicate_top_k,0.16611295681063123,300,within_object_class_support_label_permutation,-1.084899606727869,4,2,-1.028840287273234,-0.1340237337283597,0.0,300,220,-1.084899606727869,-0.09142565193481729,0.0,object_cluster,leave-one-object-out sensitivity plus object-cluster bootstrap
71cb1365194b8d6bc502e759,three_way__geometry_scores_only,measurement_missingness_concentration,ecfc3b8deab50f3dcb99,cohort:cohort=after AND seam_relative:seam_relative_region=far,True,selected_by_outcome_blind_record_predicate_top_k,1.0,300,within_object_class_support_label_permutation,0.0,4,2,0.0,0.0,0.0,300,210,0.0,0.0,0.0,object_cluster,leave-one-object-out sensitivity plus object-cluster bootstrap
2c6a8eb985bdbfd3c1717eb1,three_way__no_window,relation_separation_attenuation,8eb760d133ac749e3327,scale_band:scale_band=early,True,selected_by_outcome_blind_record_predicate_top_k,0.49169435215946844,300,within_object_class_support_label_permutation,0.47610825578497,4,3,0.4252283315533097,0.44725486229649936,1.0,300,195,0.3125536025354473,0.5014629496744913,1.0,object_cluster,leave-one-object-out sensitivity plus object-cluster bootstrap
9f746596438c8a3cbf36e965,three_way__no_window,local_criterion_breach,8eb760d133ac749e3327,scale_band:scale_band=early,True,selected_by_outcome_blind_record_predicate_top_k,1.0,300,within_object_class_support_label_permutation,0.2222222222222222,4,3,0.19047619047619047,0.19047619047619047,1.0,300,197,0.06060606060606055,0.2222222222222222,1.0,object_cluster,leave-one-object-out sensitivity plus object-cluster bootstrap
d0181cd4ca5cbe78ad4f1e10,three_way__no_window,log_loss_attenuation,8eb760d133ac749e3327,scale_band:scale_band=early,True,selected_by_outcome_blind_record_predicate_top_k,0.07308970099667775,300,within_object_class_support_label_permutation,2.0164646194173312,4,3,1.8381963015589466,1.8534810852139665,1.0,300,184,1.520340212477034,2.024537105350805,1.0,object_cluster,leave-one-object-out sensitivity plus object-cluster bootstrap
b73fefd7dac8819447ded2b6,three_way__no_window,measurement_missingness_concentration,8eb760d133ac749e3327,scale_band:scale_band=early,True,selected_by_outcome_blind_record_predicate_top_k,1.0,300,within_object_class_support_label_permutation,0.0,4,3,0.0,0.0,0.0,300,191,0.0,0.0,0.0,object_cluster,leave-one-object-out sensitivity plus object-cluster bootstrap
6675d61a9d996a1eaf6f0b51,three_way__no_window,relation_separation_attenuation,c683c10822cc59ae7587,seam_relative:seam_relative_region=far,True,selected_by_outcome_blind_record_predicate_top_k,0.6445182724252492,300,within_object_class_support_label_permutation,-0.5488797804086583,4,3,-0.5250801342218727,-0.5123736446505865,0.0,300,187,-0.5554256636959887,-0.4394768957169093,0.0,object_cluster,leave-one-object-out sensitivity plus object-cluster bootstrap
695d484f5a58d7e56e1c4f8b,three_way__no_window,local_criterion_breach,c683c10822cc59ae7587,seam_relative:seam_relative_region=far,True,selected_by_outcome_blind_record_predicate_top_k,1.0,300,within_object_class_support_label_permutation,-0.26666666666666666,4,3,-0.24242424242424243,-0.24242424242424243,0.0,300,188,-0.26666666666666666,-0.10256410256410256,0.0,object_cluster,leave-one-object-out sensitivity plus object-cluster bootstrap
6e3d5e79a9e9ea1a58413c84,three_way__no_window,log_loss_attenuation,c683c10822cc59ae7587,seam_relative:seam_relative_region=far,True,selected_by_outcome_blind_record_predicate_top_k,0.9568106312292359,300,within_object_class_support_label_permutation,-2.2201969828549317,4,3,-2.1193132428541106,-2.1124217224331767,0.0,300,198,-2.224563105113909,-1.881867973547124,0.0,object_cluster,leave-one-object-out sensitivity plus object-cluster bootstrap
03e8983ad81e086aa9e3b61a,three_way__no_window,measurement_missingness_concentration,c683c10822cc59ae7587,seam_relative:seam_relative_region=far,True,selected_by_outcome_blind_record_predicate_top_k,1.0,300,within_object_class_support_label_permutation,0.0,4,3,0.0,0.0,0.0,300,189,0.0,0.0,0.0,object_cluster,leave-one-object-out sensitivity plus object-cluster bootstrap
e27415d26182eb8b09ecb887,three_way__no_window,relation_separation_attenuation,4487ed03ba052140cc42,transition:transition=5→6,True,selected_by_outcome_blind_record_predicate_top_k,0.43853820598006643,300,within_object_class_support_label_permutation,0.3750003067818937,4,3,0.2960328294421069,0.30715994483875836,1.0,300,174,0.1009088001388847,0.3831710340503941,0.9482758620689655,object_cluster,leave-one-object-out sensitivity plus object-cluster bootstrap
9ca0d2dc1bce024aff3c01c0,three_way__no_window,local_criterion_breach,4487ed03ba052140cc42,transition:transition=5→6,True,selected_by_outcome_blind_record_predicate_top_k,1.0,300,within_object_class_support_label_permutation,0.2222222222222222,4,3,0.19047619047619047,0.19047619047619047,1.0,300,189,0.06060606060606055,0.2222222222222222,1.0,object_cluster,leave-one-object-out sensitivity plus object-cluster bootstrap
e2cec61741dba927acd89f5f,three_way__no_window,log_loss_attenuation,4487ed03ba052140cc42,transition:transition=5→6,True,selected_by_outcome_blind_record_predicate_top_k,0.9102990033222591,300,within_object_class_support_label_permutation,1.0218473808402182,4,3,0.7599529501307747,0.7665391992808985,1.0,300,173,0.29146635516074615,1.0268366282167212,0.9595375722543352,object_cluster,leave-one-object-out sensitivity plus object-cluster bootstrap
39e2b9f2c8d4429b2e8052b8,three_way__no_window,measurement_missingness_concentration,4487ed03ba052140cc42,transition:transition=5→6,True,selected_by_outcome_blind_record_predicate_top_k,1.0,300,within_object_class_support_label_permutation,0.0,4,3,0.0,0.0,0.0,300,197,0.0,0.0,0.0,object_cluster,leave-one-object-out sensitivity plus object-cluster bootstrap
b01dd5fcc76fab55c9039b6a,three_way__no_window,relation_separation_attenuation,72b9f48eeec38e892701,cohort:cohort=after,True,selected_by_outcome_blind_record_predicate_top_k,0.3488372093023256,300,within_object_class_support_label_permutation,-0.07401096207294522,4,4,-0.072158212416225,-0.003998734569868434,0.0,300,288,-0.07605496315650631,-0.0032850013520986376,0.006944444444444444,object_cluster,leave-one-object-out sensitivity plus object-cluster bootstrap
8aa96ca599ca595997887a7c,three_way__no_window,local_criterion_breach,72b9f48eeec38e892701,cohort:cohort=after,True,selected_by_outcome_blind_record_predicate_top_k,1.0,300,within_object_class_support_label_permutation,-0.04210526315789473,4,4,-0.041666666666666685,0.0,0.0,300,295,-0.04210526315789473,0.0,0.0,object_cluster,leave-one-object-out sensitivity plus object-cluster bootstrap
e999f68d8e603ed5f51cc880,three_way__no_window,log_loss_attenuation,72b9f48eeec38e892701,cohort:cohort=after,True,selected_by_outcome_blind_record_predicate_top_k,0.5049833887043189,300,within_object_class_support_label_permutation,-0.29037801586673206,4,4,-0.2884183534208049,-0.0021974951102207707,0.0,300,291,-0.29149289935205525,-0.0018301695873748705,0.003436426116838488,object_cluster,leave-one-object-out sensitivity plus object-cluster bootstrap
65cc3f7758e61d4565b97295,three_way__no_window,measurement_missingness_concentration,72b9f48eeec38e892701,cohort:cohort=after,True,selected_by_outcome_blind_record_predicate_top_k,1.0,300,within_object_class_support_label_permutation,0.0,4,4,0.0,0.0,0.0,300,295,0.0,0.0,0.0,object_cluster,leave-one-object-out sensitivity plus object-cluster bootstrap
56f5c3bf3ad8aa2d738cdc02,three_way__no_window,relation_separation_attenuation,6951c09dfc251bd9f7db,transition:transition=5→6 AND scale_band:scale_band=middle,True,selected_by_outcome_blind_record_predicate_top_k,0.53156146179402,300,within_object_class_support_label_permutation,0.3750003067818937,4,3,0.2960328294421069,0.30715994483875836,1.0,300,191,-0.005080776022861833,0.38317103405039415,0.93717277486911,object_cluster,leave-one-object-out sensitivity plus object-cluster bootstrap
1edc035a4e2cf9a776901679,three_way__no_window,local_criterion_breach,6951c09dfc251bd9f7db,transition:transition=5→6 AND scale_band:scale_band=middle,True,selected_by_outcome_blind_record_predicate_top_k,1.0,300,within_object_class_support_label_permutation,0.2222222222222222,4,3,0.19047619047619047,0.19047619047619047,1.0,300,179,0.13333333333333333,0.2222222222222222,1.0,object_cluster,leave-one-object-out sensitivity plus object-cluster bootstrap
17e93ebc42a1e3ce77796723,three_way__no_window,log_loss_attenuation,6951c09dfc251bd9f7db,transition:transition=5→6 AND scale_band:scale_band=middle,True,selected_by_outcome_blind_record_predicate_top_k,0.9235880398671097,300,within_object_class_support_label_permutation,1.0218473808402182,4,3,0.7599529501307747,0.7665391992808985,1.0,300,172,-0.29681101268835275,1.0261359631626692,0.9302325581395349,object_cluster,leave-one-object-out sensitivity plus object-cluster bootstrap
e33bb8a13bdc4b61bd7eb6d2,three_way__no_window,measurement_missingness_concentration,6951c09dfc251bd9f7db,transition:transition=5→6 AND scale_band:scale_band=middle,True,selected_by_outcome_blind_record_predicate_top_k,1.0,300,within_object_class_support_label_permutation,0.0,4,3,0.0,0.0,0.0,300,182,0.0,0.0,0.0,object_cluster,leave-one-object-out sensitivity plus object-cluster bootstrap
17b2a9d58f280b83d91302dd,three_way__no_window,relation_separation_attenuation,114bd7932e0008f8ef79,scale_band:scale_band=early AND seam_relative:seam_relative_region=near,True,selected_by_outcome_blind_record_predicate_top_k,0.10299003322259136,300,within_object_class_support_label_permutation,0.41032187609256965,4,3,0.34107130307182865,0.3592145684544267,1.0,300,203,0.10066053192744487,0.42631218918011615,0.9901477832512315,object_cluster,leave-one-object-out sensitivity plus object-cluster bootstrap
608a48416df3074b71d88b88,three_way__no_window,local_criterion_breach,114bd7932e0008f8ef79,scale_band:scale_band=early AND seam_relative:seam_relative_region=near,True,selected_by_outcome_blind_record_predicate_top_k,1.0,300,within_object_class_support_label_permutation,0.21052631578947367,4,3,0.17777777777777776,0.17777777777777776,1.0,300,209,0.053333333333333344,0.21052631578947367,1.0,object_cluster,leave-one-object-out sensitivity plus object-cluster bootstrap
70443f9014f447302428f2a1,three_way__no_window,log_loss_attenuation,114bd7932e0008f8ef79,scale_band:scale_band=early AND seam_relative:seam_relative_region=near,True,selected_by_outcome_blind_record_predicate_top_k,0.0033222591362126247,300,within_object_class_support_label_permutation,2.385979356825712,4,3,2.2109988417903232,2.2216348869731126,1.0,300,189,1.9071569912822957,2.3962115264704926,1.0,object_cluster,leave-one-object-out sensitivity plus object-cluster bootstrap
03ef63db7584762143dc3914,three_way__no_window,measurement_missingness_concentration,114bd7932e0008f8ef79,scale_band:scale_band=early AND seam_relative:seam_relative_region=near,True,selected_by_outcome_blind_record_predicate_top_k,1.0,300,within_object_class_support_label_permutation,0.0,4,3,0.0,0.0,0.0,300,215,0.0,0.0,0.0,object_cluster,leave-one-object-out sensitivity plus object-cluster bootstrap
0dc494d6601580751f4a3af1,three_way__no_window,relation_separation_attenuation,f9c24c9c5b337d5bb270,transition:transition=5→6 AND seam_relative:seam_relative_region=far,True,selected_by_outcome_blind_record_predicate_top_k,0.7508305647840532,300,within_object_class_support_label_permutation,0.3176601188299894,4,3,0.23487170957499737,0.2524784912432419,1.0,300,192,0.10327984333153745,0.32926308456812453,0.96875,object_cluster,leave-one-object-out sensitivity plus object-cluster bootstrap
bd3e3ef22a61903bcf036021,three_way__no_window,local_criterion_breach,f9c24c9c5b337d5bb270,transition:transition=5→6 AND seam_relative:seam_relative_region=far,True,selected_by_outcome_blind_record_predicate_top_k,1.0,300,within_object_class_support_label_permutation,0.19047619047619047,4,3,0.15686274509803919,0.15686274509803919,1.0,300,200,0.043010752688172005,0.19047619047619047,1.0,object_cluster,leave-one-object-out sensitivity plus object-cluster bootstrap
ba03c30ce3d0307fe6b26ea5,three_way__no_window,log_loss_attenuation,f9c24c9c5b337d5bb270,transition:transition=5→6 AND seam_relative:seam_relative_region=far,True,selected_by_outcome_blind_record_predicate_top_k,0.9501661129568106,300,within_object_class_support_label_permutation,0.47349253620043763,4,3,0.20944259231437323,0.21923141746505626,1.0,300,187,-0.6801499252796612,0.4802403064626619,0.5989304812834224,object_cluster,leave-one-object-out sensitivity plus object-cluster bootstrap
8d3d503c30fc3939609d2d09,three_way__no_window,measurement_missingness_concentration,f9c24c9c5b337d5bb270,transition:transition=5→6 AND seam_relative:seam_relative_region=far,True,selected_by_outcome_blind_record_predicate_top_k,1.0,300,within_object_class_support_label_permutation,0.0,4,3,0.0,0.0,0.0,300,191,0.0,0.0,0.0,object_cluster,leave-one-object-out sensitivity plus object-cluster bootstrap
a14d317f9aacb1c0a7c8f32a,three_way__no_window,relation_separation_attenuation,ecfc3b8deab50f3dcb99,cohort:cohort=after AND seam_relative:seam_relative_region=far,True,selected_by_outcome_blind_record_predicate_top_k,0.6611295681063123,300,within_object_class_support_label_permutation,-0.2268844756682703,4,2,-0.24553853485534033,-0.008868829044178628,0.0,300,217,-0.2518502429684231,-0.007401088962843061,0.0,object_cluster,leave-one-object-out sensitivity plus object-cluster bootstrap
28b680b34ce75eadc70bfd0a,three_way__no_window,local_criterion_breach,ecfc3b8deab50f3dcb99,cohort:cohort=after AND seam_relative:seam_relative_region=far,True,selected_by_outcome_blind_record_predicate_top_k,1.0,300,within_object_class_support_label_permutation,-0.10000000000000002,4,2,-0.10457516339869283,0.0,0.0,300,208,-0.10000000000000002,0.0,0.0,object_cluster,leave-one-object-out sensitivity plus object-cluster bootstrap
4103b13b499cbe615d8f3c91,three_way__no_window,log_loss_attenuation,ecfc3b8deab50f3dcb99,cohort:cohort=after AND seam_relative:seam_relative_region=far,True,selected_by_outcome_blind_record_predicate_top_k,0.8073089700996677,300,within_object_class_support_label_permutation,-0.9045017258748453,4,2,-1.0035567307312334,-0.0040317387417396905,0.0,300,199,-1.074579932314312,-0.003221962402124856,0.0,object_cluster,leave-one-object-out sensitivity plus object-cluster bootstrap
e49e84b18da0e892fbcff48a,three_way__no_window,measurement_missingness_concentration,ecfc3b8deab50f3dcb99,cohort:cohort=after AND seam_relative:seam_relative_region=far,True,selected_by_outcome_blind_record_predicate_top_k,1.0,300,within_object_class_support_label_permutation,0.0,4,2,0.0,0.0,0.0,300,216,0.0,0.0,0.0,object_cluster,leave-one-object-out sensitivity plus object-cluster bootstrap
c0c5aa6b2dbc086527e1792b,three_way__stability_plus_geometry,relation_separation_attenuation,8eb760d133ac749e3327,scale_band:scale_band=early,True,selected_by_outcome_blind_record_predicate_top_k,0.5581395348837209,300,within_object_class_support_label_permutation,0.3544132080987337,4,3,0.2792318652527834,0.47016042656776946,1.0,300,197,0.24351121914558363,0.4938495388578415,1.0,object_cluster,leave-one-object-out sensitivity plus object-cluster bootstrap
d8f41f55f8eea74a16e3cb5c,three_way__stability_plus_geometry,local_criterion_breach,8eb760d133ac749e3327,scale_band:scale_band=early,True,selected_by_outcome_blind_record_predicate_top_k,1.0,300,within_object_class_support_label_permutation,0.16666666666666669,4,3,0.13492063492063494,0.24603174603174605,1.0,300,169,0.11111111111111116,0.253030303030303,1.0,object_cluster,leave-one-object-out sensitivity plus object-cluster bootstrap
40ea6f4b318e6780b7fc2c7a,three_way__stability_plus_geometry,log_loss_attenuation,8eb760d133ac749e3327,scale_band:scale_band=early,True,selected_by_outcome_blind_record_predicate_top_k,0.43521594684385384,300,within_object_class_support_label_permutation,1.4291557620605033,4,3,1.2678124001489672,1.429732552090603,1.0,300,179,0.9644001394192185,1.556466029044015,1.0,object_cluster,leave-one-object-out sensitivity plus object-cluster bootstrap
d6ace169f2ac782d984517e4,three_way__stability_plus_geometry,measurement_missingness_concentration,8eb760d133ac749e3327,scale_band:scale_band=early,True,selected_by_outcome_blind_record_predicate_top_k,1.0,300,within_object_class_support_label_permutation,0.0,4,3,0.0,0.0,0.0,300,192,0.0,0.0,0.0,object_cluster,leave-one-object-out sensitivity plus object-cluster bootstrap
c0197ba6666f3e63aac440cc,three_way__stability_plus_geometry,relation_separation_attenuation,c683c10822cc59ae7587,seam_relative:seam_relative_region=far,True,selected_by_outcome_blind_record_predicate_top_k,0.26578073089701,300,within_object_class_support_label_permutation,-0.4402116611392355,4,3,-0.5277099789379796,-0.3893671112310762,0.0,300,196,-0.5397845777971263,-0.35268630221649233,0.0,object_cluster,leave-one-object-out sensitivity plus object-cluster bootstrap
9df694413633777fb58b3cfe,three_way__stability_plus_geometry,local_criterion_breach,c683c10822cc59ae7587,seam_relative:seam_relative_region=far,True,selected_by_outcome_blind_record_predicate_top_k,0.7475083056478405,300,within_object_class_support_label_permutation,-0.2296296296296296,4,3,-0.2962962962962963,-0.2053872053872054,0.0,300,183,-0.2962962962962963,-0.19259259259259254,0.0,object_cluster,leave-one-object-out sensitivity plus object-cluster bootstrap
55a48df72500dee639b5ef5f,three_way__stability_plus_geometry,log_loss_attenuation,c683c10822cc59ae7587,seam_relative:seam_relative_region=far,True,selected_by_outcome_blind_record_predicate_top_k,0.7973421926910299,300,within_object_class_support_label_permutation,-1.870411131898463,4,3,-1.909671208505472,-1.7824182242467232,0.0,300,177,-1.9675027607057214,-1.63509028027836,0.0,object_cluster,leave-one-object-out sensitivity plus object-cluster bootstrap
9f7180ee00feb1b49c1324ad,three_way__stability_plus_geometry,measurement_missingness_concentration,c683c10822cc59ae7587,seam_relative:seam_relative_region=far,True,selected_by_outcome_blind_record_predicate_top_k,1.0,300,within_object_class_support_label_permutation,0.0,4,3,0.0,0.0,0.0,300,186,0.0,0.0,0.0,object_cluster,leave-one-object-out sensitivity plus object-cluster bootstrap
18a94f0d6420572afd5ebba9,three_way__stability_plus_geometry,relation_separation_attenuation,4487ed03ba052140cc42,transition:transition=5→6,True,selected_by_outcome_blind_record_predicate_top_k,0.5149501661129569,300,within_object_class_support_label_permutation,0.19051528780884527,4,3,0.06817882625897811,0.20989185146149927,1.0,300,187,-0.1904895367454168,0.2995447855096387,0.7754010695187166,object_cluster,leave-one-object-out sensitivity plus object-cluster bootstrap
75de455050cb9b2df6d7c069,three_way__stability_plus_geometry,local_criterion_breach,4487ed03ba052140cc42,transition:transition=5→6,True,selected_by_outcome_blind_record_predicate_top_k,0.49169435215946844,300,within_object_class_support_label_permutation,0.07407407407407407,4,3,-0.007936507936507908,0.10317460317460317,0.3333333333333333,300,180,-0.14393939393939392,0.15740740740740738,0.5333333333333333,object_cluster,leave-one-object-out sensitivity plus object-cluster bootstrap
39d1755aaf6868f9eaa0bb5d,three_way__stability_plus_geometry,log_loss_attenuation,4487ed03ba052140cc42,transition:transition=5→6,True,selected_by_outcome_blind_record_predicate_top_k,0.4950166112956811,300,within_object_class_support_label_permutation,0.9533836778416374,4,3,0.6635864567808194,0.8298708012392229,1.0,300,181,-0.24543543608699991,1.079737883174115,0.9392265193370166,object_cluster,leave-one-object-out sensitivity plus object-cluster bootstrap
99335150189bee99c052dcc7,three_way__stability_plus_geometry,measurement_missingness_concentration,4487ed03ba052140cc42,transition:transition=5→6,True,selected_by_outcome_blind_record_predicate_top_k,1.0,300,within_object_class_support_label_permutation,0.0,4,3,0.0,0.0,0.0,300,182,0.0,0.0,0.0,object_cluster,leave-one-object-out sensitivity plus object-cluster bootstrap
12845167568886521f69e205,three_way__stability_plus_geometry,relation_separation_attenuation,72b9f48eeec38e892701,cohort:cohort=after,True,selected_by_outcome_blind_record_predicate_top_k,0.42857142857142855,300,within_object_class_support_label_permutation,-0.05341554961850847,4,4,-0.04798038373376268,-0.0001713361636143107,0.0,300,296,-0.0541752481444463,0.0018376510425033299,0.14527027027027026,object_cluster,leave-one-object-out sensitivity plus object-cluster bootstrap
346ce3a336139154a4988da1,three_way__stability_plus_geometry,local_criterion_breach,72b9f48eeec38e892701,cohort:cohort=after,True,selected_by_outcome_blind_record_predicate_top_k,0.813953488372093,300,within_object_class_support_label_permutation,-0.024561403508771895,4,4,-0.02083333333333337,0.0,0.0,300,296,-0.02456140350877195,0.0,0.04054054054054054,object_cluster,leave-one-object-out sensitivity plus object-cluster bootstrap
0f1c67892057b3fe6974d94c,three_way__stability_plus_geometry,log_loss_attenuation,72b9f48eeec38e892701,cohort:cohort=after,True,selected_by_outcome_blind_record_predicate_top_k,0.5813953488372093,300,within_object_class_support_label_permutation,-0.3140757844404818,4,4,-0.32852893314569087,0.0013661634882624063,0.25,300,293,-0.31597343654662824,0.0026918089841425075,0.24573378839590443,object_cluster,leave-one-object-out sensitivity plus object-cluster bootstrap
3e5c13a3a63607241d9e6930,three_way__stability_plus_geometry,measurement_missingness_concentration,72b9f48eeec38e892701,cohort:cohort=after,True,selected_by_outcome_blind_record_predicate_top_k,1.0,300,within_object_class_support_label_permutation,0.0,4,4,0.0,0.0,0.0,300,290,0.0,0.0,0.0,object_cluster,leave-one-object-out sensitivity plus object-cluster bootstrap
832589b8b0872fac62051f26,three_way__stability_plus_geometry,relation_separation_attenuation,6951c09dfc251bd9f7db,transition:transition=5→6 AND scale_band:scale_band=middle,True,selected_by_outcome_blind_record_predicate_top_k,0.5149501661129569,300,within_object_class_support_label_permutation,0.19051528780884527,4,3,0.06817882625897811,0.20989185146149927,1.0,300,196,-0.19048953674541674,0.2995447855096387,0.826530612244898,object_cluster,leave-one-object-out sensitivity plus object-cluster bootstrap
a8124f028b3e10a4aa3475bf,three_way__stability_plus_geometry,local_criterion_breach,6951c09dfc251bd9f7db,transition:transition=5→6 AND scale_band:scale_band=middle,True,selected_by_outcome_blind_record_predicate_top_k,0.5149501661129569,300,within_object_class_support_label_permutation,0.07407407407407407,4,3,-0.007936507936507908,0.10317460317460317,0.3333333333333333,300,169,-0.08333333333333337,0.15740740740740738,0.6094674556213018,object_cluster,leave-one-object-out sensitivity plus object-cluster bootstrap
8b1d32dfe395aecc78923804,three_way__stability_plus_geometry,log_loss_attenuation,6951c09dfc251bd9f7db,transition:transition=5→6 AND scale_band:scale_band=middle,True,selected_by_outcome_blind_record_predicate_top_k,0.5980066445182725,300,within_object_class_support_label_permutation,0.9533836778416374,4,3,0.6635864567808194,0.8298708012392229,1.0,300,190,-0.24543543608699991,1.079737883174115,0.9105263157894737,object_cluster,leave-one-object-out sensitivity plus object-cluster bootstrap
b32de8dd93d82a4824b36b5a,three_way__stability_plus_geometry,measurement_missingness_concentration,6951c09dfc251bd9f7db,transition:transition=5→6 AND scale_band:scale_band=middle,True,selected_by_outcome_blind_record_predicate_top_k,1.0,300,within_object_class_support_label_permutation,0.0,4,3,0.0,0.0,0.0,300,183,0.0,0.0,0.0,object_cluster,leave-one-object-out sensitivity plus object-cluster bootstrap
545cc39625f0c539e5b34a15,three_way__stability_plus_geometry,relation_separation_attenuation,114bd7932e0008f8ef79,scale_band:scale_band=early AND seam_relative:seam_relative_region=near,True,selected_by_outcome_blind_record_predicate_top_k,0.026578073089700997,300,within_object_class_support_label_permutation,0.3201878388801285,4,3,0.23903976720448916,0.3562401724582023,1.0,300,193,0.1285651090280599,0.4184491728168127,1.0,object_cluster,leave-one-object-out sensitivity plus object-cluster bootstrap
0376a573e7fcaa26c4b668cf,three_way__stability_plus_geometry,local_criterion_breach,114bd7932e0008f8ef79,scale_band:scale_band=early AND seam_relative:seam_relative_region=near,True,selected_by_outcome_blind_record_predicate_top_k,0.5714285714285714,300,within_object_class_support_label_permutation,0.1665317139001349,4,3,0.12592592592592589,0.19999999999999993,1.0,300,202,0.09333333333333338,0.22807017543859648,1.0,object_cluster,leave-one-object-out sensitivity plus object-cluster bootstrap
2e522b9405c51a2c97b10130,three_way__stability_plus_geometry,log_loss_attenuation,114bd7932e0008f8ef79,scale_band:scale_band=early AND seam_relative:seam_relative_region=near,True,selected_by_outcome_blind_record_predicate_top_k,0.0664451827242525,300,within_object_class_support_label_permutation,1.6688368075512447,4,3,1.4895213420694156,1.5941560733433617,1.0,300,198,0.9483523205616484,1.764235655270737,1.0,object_cluster,leave-one-object-out sensitivity plus object-cluster bootstrap
7a5a2171fa6260c945a0c098,three_way__stability_plus_geometry,measurement_missingness_concentration,114bd7932e0008f8ef79,scale_band:scale_band=early AND seam_relative:seam_relative_region=near,True,selected_by_outcome_blind_record_predicate_top_k,1.0,300,within_object_class_support_label_permutation,0.0,4,3,0.0,0.0,0.0,300,209,0.0,0.0,0.0,object_cluster,leave-one-object-out sensitivity plus object-cluster bootstrap
c67ee9fbe206941d022c3ab9,three_way__stability_plus_geometry,relation_separation_attenuation,f9c24c9c5b337d5bb270,transition:transition=5→6 AND seam_relative:seam_relative_region=far,True,selected_by_outcome_blind_record_predicate_top_k,0.6810631229235881,300,within_object_class_support_label_permutation,0.18815415482532202,4,3,0.05309531375042578,0.1972221895916342,1.0,300,185,-0.0842000924170474,0.28548308047301274,0.8054054054054054,object_cluster,leave-one-object-out sensitivity plus object-cluster bootstrap
65477beda3652e4af8aa783e,three_way__stability_plus_geometry,local_criterion_breach,f9c24c9c5b337d5bb270,transition:transition=5→6 AND seam_relative:seam_relative_region=far,True,selected_by_outcome_blind_record_predicate_top_k,0.7641196013289037,300,within_object_class_support_label_permutation,0.08134920634920634,4,3,-0.005347593582887722,0.0995475113122172,0.3333333333333333,300,177,-0.08608058608058611,0.15079365079365079,0.6836158192090396,object_cluster,leave-one-object-out sensitivity plus object-cluster bootstrap
607b15d3476aa8dbe1fd7bfa,three_way__stability_plus_geometry,log_loss_attenuation,f9c24c9c5b337d5bb270,transition:transition=5→6 AND seam_relative:seam_relative_region=far,True,selected_by_outcome_blind_record_predicate_top_k,0.8006644518272426,300,within_object_class_support_label_permutation,0.35411088429793836,4,3,0.03568072064192784,0.206269540838516,1.0,300,187,-0.8147310186945622,0.46687673333448054,0.6631016042780749,object_cluster,leave-one-object-out sensitivity plus object-cluster bootstrap
2405dc80e2227e655966d88e,three_way__stability_plus_geometry,measurement_missingness_concentration,f9c24c9c5b337d5bb270,transition:transition=5→6 AND seam_relative:seam_relative_region=far,True,selected_by_outcome_blind_record_predicate_top_k,1.0,300,within_object_class_support_label_permutation,0.0,4,3,0.0,0.0,0.0,300,194,0.0,0.0,0.0,object_cluster,leave-one-object-out sensitivity plus object-cluster bootstrap
4160a846ecc6eda014e16e51,three_way__stability_plus_geometry,relation_separation_attenuation,ecfc3b8deab50f3dcb99,cohort:cohort=after AND seam_relative:seam_relative_region=far,True,selected_by_outcome_blind_record_predicate_top_k,0.7375415282392026,300,within_object_class_support_label_permutation,-0.35543275638562294,4,2,-0.29261009372759894,-0.12806108292925378,0.0,300,203,-0.35543275638562294,-0.021994742347994367,0.0,object_cluster,leave-one-object-out sensitivity plus object-cluster bootstrap
09310786cdd1cd3ce6ebbfa6,three_way__stability_plus_geometry,local_criterion_breach,ecfc3b8deab50f3dcb99,cohort:cohort=after AND seam_relative:seam_relative_region=far,True,selected_by_outcome_blind_record_predicate_top_k,0.9069767441860465,300,within_object_class_support_label_permutation,-0.2009803921568628,4,2,-0.15639589169000934,-0.07142857142857142,0.0,300,200,-0.2009803921568628,0.0,0.0,object_cluster,leave-one-object-out sensitivity plus object-cluster bootstrap
466ae83405fce70265247ee1,three_way__stability_plus_geometry,log_loss_attenuation,ecfc3b8deab50f3dcb99,cohort:cohort=after AND seam_relative:seam_relative_region=far,True,selected_by_outcome_blind_record_predicate_top_k,0.840531561461794,300,within_object_class_support_label_permutation,-0.9605133594380242,4,2,-0.9636092965438213,-0.12466601212752805,0.0,300,214,-1.089891766655668,-0.009146201472988849,0.0,object_cluster,leave-one-object-out sensitivity plus object-cluster bootstrap
6f11751a3a7c92bad3832fef,three_way__stability_plus_geometry,measurement_missingness_concentration,ecfc3b8deab50f3dcb99,cohort:cohort=after AND seam_relative:seam_relative_region=far,True,selected_by_outcome_blind_record_predicate_top_k,1.0,300,within_object_class_support_label_permutation,0.0,4,2,0.0,0.0,0.0,300,201,0.0,0.0,0.0,object_cluster,leave-one-object-out sensitivity plus object-cluster bootstrap
bd5cc273bb650a3e18a04394,three_way__strict_numeric_all,relation_separation_attenuation,8eb760d133ac749e3327,scale_band:scale_band=early,True,selected_by_outcome_blind_record_predicate_top_k,0.5581395348837209,300,within_object_class_support_label_permutation,0.4218158965167448,4,3,0.3736051135688727,0.4007342878891086,1.0,300,180,0.24013803473343331,0.4513366554499315,1.0,object_cluster,leave-one-object-out sensitivity plus object-cluster bootstrap
485d2468bd924618a3662555,three_way__strict_numeric_all,local_criterion_breach,8eb760d133ac749e3327,scale_band:scale_band=early,True,selected_by_outcome_blind_record_predicate_top_k,1.0,300,within_object_class_support_label_permutation,0.16666666666666669,4,3,0.13492063492063494,0.13492063492063494,1.0,300,208,0.0050505050505050275,0.16666666666666669,1.0,object_cluster,leave-one-object-out sensitivity plus object-cluster bootstrap
0554c41b359b4083589737da,three_way__strict_numeric_all,log_loss_attenuation,8eb760d133ac749e3327,scale_band:scale_band=early,True,selected_by_outcome_blind_record_predicate_top_k,0.10963455149501661,300,within_object_class_support_label_permutation,1.87410085497682,4,3,1.757216534056107,1.7754222975687435,1.0,300,196,1.5610960365632587,1.8934515016016313,1.0,object_cluster,leave-one-object-out sensitivity plus object-cluster bootstrap
63907fa676e51cd84f209f9c,three_way__strict_numeric_all,measurement_missingness_concentration,8eb760d133ac749e3327,scale_band:scale_band=early,True,selected_by_outcome_blind_record_predicate_top_k,1.0,300,within_object_class_support_label_permutation,0.0,4,3,0.0,0.0,0.0,300,192,0.0,0.0,0.0,object_cluster,leave-one-object-out sensitivity plus object-cluster bootstrap
661eb533d4e6772cf412d5c9,three_way__strict_numeric_all,relation_separation_attenuation,c683c10822cc59ae7587,seam_relative:seam_relative_region=far,True,selected_by_outcome_blind_record_predicate_top_k,0.7408637873754153,300,within_object_class_support_label_permutation,-0.536265498216034,4,3,-0.5262294539095318,-0.5123820357585351,0.0,300,185,-0.5487795595890308,-0.4029344626203354,0.0,object_cluster,leave-one-object-out sensitivity plus object-cluster bootstrap
edffde93b7620855b0f67e64,three_way__strict_numeric_all,local_criterion_breach,c683c10822cc59ae7587,seam_relative:seam_relative_region=far,True,selected_by_outcome_blind_record_predicate_top_k,0.7308970099667774,300,within_object_class_support_label_permutation,-0.22962962962962963,4,3,-0.2053872053872054,-0.2053872053872054,0.0,300,186,-0.22962962962962963,-0.15343915343915343,0.0,object_cluster,leave-one-object-out sensitivity plus object-cluster bootstrap
90eb8903d0bb2cd960770d14,three_way__strict_numeric_all,log_loss_attenuation,c683c10822cc59ae7587,seam_relative:seam_relative_region=far,True,selected_by_outcome_blind_record_predicate_top_k,0.9933554817275747,300,within_object_class_support_label_permutation,-2.1407144016053805,4,3,-2.1246944219638957,-2.115383747833857,0.0,300,194,-2.14886427004648,-2.066100916808349,0.0,object_cluster,leave-one-object-out sensitivity plus object-cluster bootstrap
6d438a688236b67c781b1cc4,three_way__strict_numeric_all,measurement_missingness_concentration,c683c10822cc59ae7587,seam_relative:seam_relative_region=far,True,selected_by_outcome_blind_record_predicate_top_k,1.0,300,within_object_class_support_label_permutation,0.0,4,3,0.0,0.0,0.0,300,179,0.0,0.0,0.0,object_cluster,leave-one-object-out sensitivity plus object-cluster bootstrap
5682dbaa1f66359473804fc0,three_way__strict_numeric_all,relation_separation_attenuation,4487ed03ba052140cc42,transition:transition=5→6,True,selected_by_outcome_blind_record_predicate_top_k,0.43521594684385384,300,within_object_class_support_label_permutation,0.32405780465466244,4,3,0.2554658642931032,0.25844437984990537,1.0,300,193,-0.034311034874982216,0.3276374654519823,0.927461139896373,object_cluster,leave-one-object-out sensitivity plus object-cluster bootstrap
e747d6d45c05c472f0105ec4,three_way__strict_numeric_all,local_criterion_breach,4487ed03ba052140cc42,transition:transition=5→6,True,selected_by_outcome_blind_record_predicate_top_k,0.5016611295681063,300,within_object_class_support_label_permutation,0.2407407407407407,4,3,0.21428571428571425,0.21428571428571425,1.0,300,177,0.15454545454545457,0.2407407407407407,1.0,object_cluster,leave-one-object-out sensitivity plus object-cluster bootstrap
430302e8e185ea7cd3c1168d,three_way__strict_numeric_all,log_loss_attenuation,4487ed03ba052140cc42,transition:transition=5→6,True,selected_by_outcome_blind_record_predicate_top_k,0.893687707641196,300,within_object_class_support_label_permutation,0.4703699576417957,4,3,0.24517527476403878,0.24685240870261116,1.0,300,190,-0.6798182787688316,0.471855750058948,0.6947368421052632,object_cluster,leave-one-object-out sensitivity plus object-cluster bootstrap
12e8f95530232858f19ee6fa,three_way__strict_numeric_all,measurement_missingness_concentration,4487ed03ba052140cc42,transition:transition=5→6,True,selected_by_outcome_blind_record_predicate_top_k,1.0,300,within_object_class_support_label_permutation,0.0,4,3,0.0,0.0,0.0,300,181,0.0,0.0,0.0,object_cluster,leave-one-object-out sensitivity plus object-cluster bootstrap
8d0bd2446694e903a6073065,three_way__strict_numeric_all,relation_separation_attenuation,72b9f48eeec38e892701,cohort:cohort=after,True,selected_by_outcome_blind_record_predicate_top_k,0.5348837209302325,300,within_object_class_support_label_permutation,-0.05912684762410625,4,4,-0.055548954954167784,-0.0025086813767170035,0.0,300,293,-0.060091962115554454,0.004394166682535783,0.06484641638225255,object_cluster,leave-one-object-out sensitivity plus object-cluster bootstrap
3386832ff6bac8093a14ea4c,three_way__strict_numeric_all,local_criterion_breach,72b9f48eeec38e892701,cohort:cohort=after,True,selected_by_outcome_blind_record_predicate_top_k,0.8803986710963455,300,within_object_class_support_label_permutation,-0.024561403508771923,4,4,-0.020833333333333343,0.0,0.0,300,298,-0.024561403508771923,0.012987012987012936,0.07046979865771812,object_cluster,leave-one-object-out sensitivity plus object-cluster bootstrap
9364d22e55ec7761bf2c4a8e,three_way__strict_numeric_all,log_loss_attenuation,72b9f48eeec38e892701,cohort:cohort=after,True,selected_by_outcome_blind_record_predicate_top_k,0.5913621262458472,300,within_object_class_support_label_permutation,-0.4136819434241882,4,4,-0.4568387987966829,-0.0010477596286438962,0.0,300,297,-0.48984311515251566,-0.0009283279707370556,0.0,object_cluster,leave-one-object-out sensitivity plus object-cluster bootstrap
96fe6bb89ae1c2abb12ddeb3,three_way__strict_numeric_all,measurement_missingness_concentration,72b9f48eeec38e892701,cohort:cohort=after,True,selected_by_outcome_blind_record_predicate_top_k,1.0,300,within_object_class_support_label_permutation,0.0,4,4,0.0,0.0,0.0,300,296,0.0,0.0,0.0,object_cluster,leave-one-object-out sensitivity plus object-cluster bootstrap
3bdbd809c0df4508eb05a523,three_way__strict_numeric_all,relation_separation_attenuation,6951c09dfc251bd9f7db,transition:transition=5→6 AND scale_band:scale_band=middle,True,selected_by_outcome_blind_record_predicate_top_k,0.4883720930232558,300,within_object_class_support_label_permutation,0.32405780465466244,4,3,0.2554658642931032,0.25844437984990537,1.0,300,177,0.0964820218792729,0.3276374654519823,0.9491525423728814,object_cluster,leave-one-object-out sensitivity plus object-cluster bootstrap
ee494679f9f8bb49b26b324e,three_way__strict_numeric_all,local_criterion_breach,6951c09dfc251bd9f7db,transition:transition=5→6 AND scale_band:scale_band=middle,True,selected_by_outcome_blind_record_predicate_top_k,0.44518272425249167,300,within_object_class_support_label_permutation,0.2407407407407407,4,3,0.21428571428571425,0.21428571428571425,1.0,300,179,0.16666666666666666,0.2407407407407407,1.0,object_cluster,leave-one-object-out sensitivity plus object-cluster bootstrap
9deb971b3e287ca3e1fd205f,three_way__strict_numeric_all,log_loss_attenuation,6951c09dfc251bd9f7db,transition:transition=5→6 AND scale_band:scale_band=middle,True,selected_by_outcome_blind_record_predicate_top_k,0.9401993355481728,300,within_object_class_support_label_permutation,0.4703699576417957,4,3,0.24517527476403878,0.24685240870261116,1.0,300,187,-0.1614204949197522,0.471855750058948,0.6470588235294118,object_cluster,leave-one-object-out sensitivity plus object-cluster bootstrap
f50d5a9d0a80cbedd795973f,three_way__strict_numeric_all,measurement_missingness_concentration,6951c09dfc251bd9f7db,transition:transition=5→6 AND scale_band:scale_band=middle,True,selected_by_outcome_blind_record_predicate_top_k,1.0,300,within_object_class_support_label_permutation,0.0,4,3,0.0,0.0,0.0,300,182,0.0,0.0,0.0,object_cluster,leave-one-object-out sensitivity plus object-cluster bootstrap
609fd303b32d210707b318a5,three_way__strict_numeric_all,relation_separation_attenuation,114bd7932e0008f8ef79,scale_band:scale_band=early AND seam_relative:seam_relative_region=near,True,selected_by_outcome_blind_record_predicate_top_k,0.046511627906976744,300,within_object_class_support_label_permutation,0.4708397853401716,4,3,0.4168913578649667,0.43017465269215754,1.0,300,200,0.27242073050183446,0.48728652670380596,1.0,object_cluster,leave-one-object-out sensitivity plus object-cluster bootstrap
14c251afdf67a6b264462990,three_way__strict_numeric_all,local_criterion_breach,114bd7932e0008f8ef79,scale_band:scale_band=early AND seam_relative:seam_relative_region=near,True,selected_by_outcome_blind_record_predicate_top_k,0.5980066445182725,300,within_object_class_support_label_permutation,0.22807017543859648,4,3,0.19999999999999998,0.19999999999999998,1.0,300,208,0.09333333333333332,0.22807017543859648,1.0,object_cluster,leave-one-object-out sensitivity plus object-cluster bootstrap
df300d9a285c08701368aeb0,three_way__strict_numeric_all,log_loss_attenuation,114bd7932e0008f8ef79,scale_band:scale_band=early AND seam_relative:seam_relative_region=near,True,selected_by_outcome_blind_record_predicate_top_k,0.016611295681063124,300,within_object_class_support_label_permutation,2.302575678951154,4,3,2.192260876288191,2.2008744875698154,1.0,300,201,1.8096962444996876,2.313040647098808,1.0,object_cluster,leave-one-object-out sensitivity plus object-cluster bootstrap
8d3e01a7c630717697dda1e3,three_way__strict_numeric_all,measurement_missingness_concentration,114bd7932e0008f8ef79,scale_band:scale_band=early AND seam_relative:seam_relative_region=near,True,selected_by_outcome_blind_record_predicate_top_k,1.0,300,within_object_class_support_label_permutation,0.0,4,3,0.0,0.0,0.0,300,209,0.0,0.0,0.0,object_cluster,leave-one-object-out sensitivity plus object-cluster bootstrap
881f6d350cdb99630ef4cf0d,three_way__strict_numeric_all,relation_separation_attenuation,f9c24c9c5b337d5bb270,transition:transition=5→6 AND seam_relative:seam_relative_region=far,True,selected_by_outcome_blind_record_predicate_top_k,0.7508305647840532,300,within_object_class_support_label_permutation,0.17065512653671988,4,3,0.0945448677142201,0.10587136139031816,1.0,300,197,-0.03058054658991467,0.17750123132552897,0.6548223350253807,object_cluster,leave-one-object-out sensitivity plus object-cluster bootstrap
5fb14b54336f342be1e87894,three_way__strict_numeric_all,local_criterion_breach,f9c24c9c5b337d5bb270,transition:transition=5→6 AND seam_relative:seam_relative_region=far,True,selected_by_outcome_blind_record_predicate_top_k,0.7342192691029901,300,within_object_class_support_label_permutation,0.20634920634920634,4,3,0.1764705882352941,0.1764705882352941,1.0,300,187,0.07526881720430106,0.20634920634920634,1.0,object_cluster,leave-one-object-out sensitivity plus object-cluster bootstrap
6cf40357bc58860da9fc284f,three_way__strict_numeric_all,log_loss_attenuation,f9c24c9c5b337d5bb270,transition:transition=5→6 AND seam_relative:seam_relative_region=far,True,selected_by_outcome_blind_record_predicate_top_k,0.9933554817275747,300,within_object_class_support_label_permutation,-0.5420617644147958,4,3,-0.7743143434137933,-0.767632831128759,0.0,300,196,-1.1509212479426905,-0.5382415314939613,0.0,object_cluster,leave-one-object-out sensitivity plus object-cluster bootstrap
49c73ec60b7180fe83c5ddc1,three_way__strict_numeric_all,measurement_missingness_concentration,f9c24c9c5b337d5bb270,transition:transition=5→6 AND seam_relative:seam_relative_region=far,True,selected_by_outcome_blind_record_predicate_top_k,1.0,300,within_object_class_support_label_permutation,0.0,4,3,0.0,0.0,0.0,300,185,0.0,0.0,0.0,object_cluster,leave-one-object-out sensitivity plus object-cluster bootstrap
3a07e0549e23fde00382caed,three_way__strict_numeric_all,relation_separation_attenuation,ecfc3b8deab50f3dcb99,cohort:cohort=after AND seam_relative:seam_relative_region=far,True,selected_by_outcome_blind_record_predicate_top_k,0.7807308970099668,300,within_object_class_support_label_permutation,-0.22656427644229626,4,2,-0.24756722351389593,-0.004698659979078368,0.0,300,199,-0.2729223038401661,-0.002120859967429933,0.0,object_cluster,leave-one-object-out sensitivity plus object-cluster bootstrap
3ff1cef2dcce7de534985a5d,three_way__strict_numeric_all,local_criterion_breach,ecfc3b8deab50f3dcb99,cohort:cohort=after AND seam_relative:seam_relative_region=far,True,selected_by_outcome_blind_record_predicate_top_k,0.9235880398671097,300,within_object_class_support_label_permutation,-0.08333333333333333,4,2,-0.08496732026143791,0.0,0.0,300,202,-0.08333333333333333,0.0,0.0,object_cluster,leave-one-object-out sensitivity plus object-cluster bootstrap
df3e2a26753f762e1f0a6a69,three_way__strict_numeric_all,log_loss_attenuation,ecfc3b8deab50f3dcb99,cohort:cohort=after AND seam_relative:seam_relative_region=far,True,selected_by_outcome_blind_record_predicate_top_k,0.8039867109634552,300,within_object_class_support_label_permutation,-0.9434927177111746,4,2,-1.0930983322229277,-0.0021273903488678303,0.0,300,203,-1.2967027818059056,-0.0010224918476295294,0.0,object_cluster,leave-one-object-out sensitivity plus object-cluster bootstrap
11a4e38485d9cc6686f65f5e,three_way__strict_numeric_all,measurement_missingness_concentration,ecfc3b8deab50f3dcb99,cohort:cohort=after AND seam_relative:seam_relative_region=far,True,selected_by_outcome_blind_record_predicate_top_k,1.0,300,within_object_class_support_label_permutation,0.0,4,2,0.0,0.0,0.0,300,213,0.0,0.0,0.0,object_cluster,leave-one-object-out sensitivity plus object-cluster bootstrap
33d6b8fb0e48ea2faccf5e66,three_way__path_shares_only,relation_separation_attenuation,8eb760d133ac749e3327,scale_band:scale_band=early,True,selected_by_outcome_blind_record_predicate_top_k,0.2724252491694352,300,within_object_class_support_label_permutation,0.3036081944922965,4,3,0.2718755696864209,0.2756683158991541,1.0,300,187,0.15292026067138054,0.3050560735524449,1.0,object_cluster,leave-one-object-out sensitivity plus object-cluster bootstrap
72777ffb601d19f1ab0fb0fc,three_way__path_shares_only,local_criterion_breach,8eb760d133ac749e3327,scale_band:scale_band=early,True,selected_by_outcome_blind_record_predicate_top_k,0.28903654485049834,300,within_object_class_support_label_permutation,0.22222222222222224,4,3,0.20634920634920637,0.20634920634920637,1.0,300,187,0.1777777777777778,0.22222222222222224,1.0,object_cluster,leave-one-object-out sensitivity plus object-cluster bootstrap
de890a62dfea6a781d281021,three_way__path_shares_only,log_loss_attenuation,8eb760d133ac749e3327,scale_band:scale_band=early,True,selected_by_outcome_blind_record_predicate_top_k,0.3023255813953488,300,within_object_class_support_label_permutation,0.6512261507457106,4,3,0.5992597911948396,0.6012903689593083,1.0,300,192,0.5074879695959322,0.6519692822476193,1.0,object_cluster,leave-one-object-out sensitivity plus object-cluster bootstrap
99bb7c6a51a89454b23727af,three_way__path_shares_only,measurement_missingness_concentration,8eb760d133ac749e3327,scale_band:scale_band=early,True,selected_by_outcome_blind_record_predicate_top_k,1.0,300,within_object_class_support_label_permutation,0.0,4,3,0.0,0.0,0.0,300,202,0.0,0.0,0.0,object_cluster,leave-one-object-out sensitivity plus object-cluster bootstrap
3f189a05c008586afef8b640,three_way__path_shares_only,relation_separation_attenuation,c683c10822cc59ae7587,seam_relative:seam_relative_region=far,True,selected_by_outcome_blind_record_predicate_top_k,0.9833887043189369,300,within_object_class_support_label_permutation,-0.4419765737236719,4,3,-0.43956638993541297,-0.43545623837337927,0.0,300,197,-0.4435456735005357,-0.4166089847520126,0.0,object_cluster,leave-one-object-out sensitivity plus object-cluster bootstrap
e31d008f35ef6fac8fbf5516,three_way__path_shares_only,local_criterion_breach,c683c10822cc59ae7587,seam_relative:seam_relative_region=far,True,selected_by_outcome_blind_record_predicate_top_k,1.0,300,within_object_class_support_label_permutation,-0.2962962962962963,4,3,-0.2962962962962963,-0.2962962962962963,0.0,300,192,-0.2962962962962963,-0.2962962962962963,0.0,object_cluster,leave-one-object-out sensitivity plus object-cluster bootstrap
3852662cebb8c171cd2bfd7e,three_way__path_shares_only,log_loss_attenuation,c683c10822cc59ae7587,seam_relative:seam_relative_region=far,True,selected_by_outcome_blind_record_predicate_top_k,0.9867109634551495,300,within_object_class_support_label_permutation,-0.8868991251989353,4,3,-0.8853066350064869,-0.8832304572177461,0.0,300,173,-0.8876317241902401,-0.8718926589463716,0.0,object_cluster,leave-one-object-out sensitivity plus object-cluster bootstrap
9326b1d9b6f42db826192e20,three_way__path_shares_only,measurement_missingness_concentration,c683c10822cc59ae7587,seam_relative:seam_relative_region=far,True,selected_by_outcome_blind_record_predicate_top_k,1.0,300,within_object_class_support_label_permutation,0.0,4,3,0.0,0.0,0.0,300,186,0.0,0.0,0.0,object_cluster,leave-one-object-out sensitivity plus object-cluster bootstrap
50ebba7b9add8e7023cf6d60,three_way__path_shares_only,relation_separation_attenuation,4487ed03ba052140cc42,transition:transition=5→6,True,selected_by_outcome_blind_record_predicate_top_k,0.7674418604651163,300,within_object_class_support_label_permutation,0.15572680577790354,4,3,0.11591860952591337,0.12288284902165136,1.0,300,195,-0.028324420763404468,0.16231901600945398,0.9435897435897436,object_cluster,leave-one-object-out sensitivity plus object-cluster bootstrap
dc96968dd326420e4d7a7648,three_way__path_shares_only,local_criterion_breach,4487ed03ba052140cc42,transition:transition=5→6,True,selected_by_outcome_blind_record_predicate_top_k,0.9767441860465116,300,within_object_class_support_label_permutation,0.07407407407407406,4,3,0.0476190476190476,0.0476190476190476,1.0,300,185,0.0,0.07407407407407406,0.6594594594594595,object_cluster,leave-one-object-out sensitivity plus object-cluster bootstrap
292d3d4caa00b501f955ac54,three_way__path_shares_only,log_loss_attenuation,4487ed03ba052140cc42,transition:transition=5→6,True,selected_by_outcome_blind_record_predicate_top_k,0.6943521594684385,300,within_object_class_support_label_permutation,0.24615128875872988,4,3,0.16662708180784075,0.17051689770842854,1.0,300,192,0.027787835422639406,0.24981280689715163,0.96875,object_cluster,leave-one-object-out sensitivity plus object-cluster bootstrap
6ab156bb9106c46279f6b758,three_way__path_shares_only,measurement_missingness_concentration,4487ed03ba052140cc42,transition:transition=5→6,True,selected_by_outcome_blind_record_predicate_top_k,1.0,300,within_object_class_support_label_permutation,0.0,4,3,0.0,0.0,0.0,300,177,0.0,0.0,0.0,object_cluster,leave-one-object-out sensitivity plus object-cluster bootstrap
71a645ef164be1e2183d31e5,three_way__path_shares_only,relation_separation_attenuation,72b9f48eeec38e892701,cohort:cohort=after,True,selected_by_outcome_blind_record_predicate_top_k,0.6578073089700996,300,within_object_class_support_label_permutation,-0.0926978215745794,4,4,-0.10420915588664792,-0.0001502197261481486,0.0,300,297,-0.11645623452672778,4.4188456616019644e-05,0.050505050505050504,object_cluster,leave-one-object-out sensitivity plus object-cluster bootstrap
81fa6caa4674345fde9fc97f,three_way__path_shares_only,local_criterion_breach,72b9f48eeec38e892701,cohort:cohort=after,True,selected_by_outcome_blind_record_predicate_top_k,0.9368770764119602,300,within_object_class_support_label_permutation,-0.05614035087719298,4,4,-0.06250000000000001,0.0,0.0,300,293,-0.06837606837606838,0.0,0.0,object_cluster,leave-one-object-out sensitivity plus object-cluster bootstrap
1fd2f2d31f2f06aa7d91ab65,three_way__path_shares_only,log_loss_attenuation,72b9f48eeec38e892701,cohort:cohort=after,True,selected_by_outcome_blind_record_predicate_top_k,0.6312292358803987,300,within_object_class_support_label_permutation,-0.2947991085599056,4,4,-0.34374015651252665,-9.797334036439759e-05,0.0,300,292,-0.4099648533412081,0.00010314839090302952,0.0958904109589041,object_cluster,leave-one-object-out sensitivity plus object-cluster bootstrap
fd2ef5c9f1e3fa139d33da7f,three_way__path_shares_only,measurement_missingness_concentration,72b9f48eeec38e892701,cohort:cohort=after,True,selected_by_outcome_blind_record_predicate_top_k,1.0,300,within_object_class_support_label_permutation,0.0,4,4,0.0,0.0,0.0,300,293,0.0,0.0,0.0,object_cluster,leave-one-object-out sensitivity plus object-cluster bootstrap
456ca46af25063cae8264cb1,three_way__path_shares_only,relation_separation_attenuation,6951c09dfc251bd9f7db,transition:transition=5→6 AND scale_band:scale_band=middle,True,selected_by_outcome_blind_record_predicate_top_k,0.7940199335548173,300,within_object_class_support_label_permutation,0.15572680577790354,4,3,0.11591860952591337,0.12288284902165136,1.0,300,200,0.051896085936464886,0.16231901600945398,0.965,object_cluster,leave-one-object-out sensitivity plus object-cluster bootstrap
50f21e0a49c08eb2b4dcf442,three_way__path_shares_only,local_criterion_breach,6951c09dfc251bd9f7db,transition:transition=5→6 AND scale_band:scale_band=middle,True,selected_by_outcome_blind_record_predicate_top_k,0.9667774086378738,300,within_object_class_support_label_permutation,0.07407407407407406,4,3,0.0476190476190476,0.0476190476190476,1.0,300,184,-0.06060606060606061,0.07407407407407406,0.6847826086956522,object_cluster,leave-one-object-out sensitivity plus object-cluster bootstrap
82eda9c6f79e2c175a7285f3,three_way__path_shares_only,log_loss_attenuation,6951c09dfc251bd9f7db,transition:transition=5→6 AND scale_band:scale_band=middle,True,selected_by_outcome_blind_record_predicate_top_k,0.7508305647840532,300,within_object_class_support_label_permutation,0.24615128875872988,4,3,0.16662708180784075,0.17051689770842854,1.0,300,192,0.027787835422639406,0.24981280689715163,0.953125,object_cluster,leave-one-object-out sensitivity plus object-cluster bootstrap
e954c3c82c307dccb9ca00b3,three_way__path_shares_only,measurement_missingness_concentration,6951c09dfc251bd9f7db,transition:transition=5→6 AND scale_band:scale_band=middle,True,selected_by_outcome_blind_record_predicate_top_k,1.0,300,within_object_class_support_label_permutation,0.0,4,3,0.0,0.0,0.0,300,192,0.0,0.0,0.0,object_cluster,leave-one-object-out sensitivity plus object-cluster bootstrap
a846e6a44adf68d4f4274544,three_way__path_shares_only,relation_separation_attenuation,114bd7932e0008f8ef79,scale_band:scale_band=early AND seam_relative:seam_relative_region=near,True,selected_by_outcome_blind_record_predicate_top_k,0.07308970099667775,300,within_object_class_support_label_permutation,0.38713884211120836,4,3,0.36245714641221977,0.3628360095127526,1.0,300,223,0.2779653857169052,0.3881135968651899,1.0,object_cluster,leave-one-object-out sensitivity plus object-cluster bootstrap
6772675342e07dd5ec1d7131,three_way__path_shares_only,local_criterion_breach,114bd7932e0008f8ef79,scale_band:scale_band=early AND seam_relative:seam_relative_region=near,True,selected_by_outcome_blind_record_predicate_top_k,0.08970099667774087,300,within_object_class_support_label_permutation,0.2807017543859649,4,3,0.26666666666666666,0.26666666666666666,1.0,300,211,0.21333333333333332,0.2807017543859649,1.0,object_cluster,leave-one-object-out sensitivity plus object-cluster bootstrap
4c2178af7ab51db55ef3d118,three_way__path_shares_only,log_loss_attenuation,114bd7932e0008f8ef79,scale_band:scale_band=early AND seam_relative:seam_relative_region=near,True,selected_by_outcome_blind_record_predicate_top_k,0.15614617940199335,300,within_object_class_support_label_permutation,0.8246802250612999,4,3,0.780543268434135,0.7807901198062063,1.0,300,215,0.6269229468341242,0.8251947454254961,1.0,object_cluster,leave-one-object-out sensitivity plus object-cluster bootstrap
12a50b4c471409833a7edc08,three_way__path_shares_only,measurement_missingness_concentration,114bd7932e0008f8ef79,scale_band:scale_band=early AND seam_relative:seam_relative_region=near,True,selected_by_outcome_blind_record_predicate_top_k,1.0,300,within_object_class_support_label_permutation,0.0,4,3,0.0,0.0,0.0,300,215,0.0,0.0,0.0,object_cluster,leave-one-object-out sensitivity plus object-cluster bootstrap
790e748423c3fed931d45f33,three_way__path_shares_only,relation_separation_attenuation,f9c24c9c5b337d5bb270,transition:transition=5→6 AND seam_relative:seam_relative_region=far,True,selected_by_outcome_blind_record_predicate_top_k,0.9900332225913622,300,within_object_class_support_label_permutation,-0.16676438547849148,4,3,-0.213175738528406,-0.20712106521885643,0.0,300,171,-0.28166602796044604,-0.16097793524480364,0.0,object_cluster,leave-one-object-out sensitivity plus object-cluster bootstrap
52613f031cc3535932828b03,three_way__path_shares_only,local_criterion_breach,f9c24c9c5b337d5bb270,transition:transition=5→6 AND seam_relative:seam_relative_region=far,True,selected_by_outcome_blind_record_predicate_top_k,1.0,300,within_object_class_support_label_permutation,-0.12698412698412698,4,3,-0.1568627450980392,-0.1568627450980392,0.0,300,178,-0.21306865177832923,-0.12698412698412698,0.0,object_cluster,leave-one-object-out sensitivity plus object-cluster bootstrap
cb58eb52473459ae12b1c897,three_way__path_shares_only,log_loss_attenuation,f9c24c9c5b337d5bb270,transition:transition=5→6 AND seam_relative:seam_relative_region=far,True,selected_by_outcome_blind_record_predicate_top_k,0.9700996677740864,300,within_object_class_support_label_permutation,-0.3661458093724193,4,3,-0.45665278594013603,-0.4532501130701162,0.0,300,198,-0.622321776684554,-0.36291139423937185,0.0,object_cluster,leave-one-object-out sensitivity plus object-cluster bootstrap
4e70533b689b3873488194f9,three_way__path_shares_only,measurement_missingness_concentration,f9c24c9c5b337d5bb270,transition:transition=5→6 AND seam_relative:seam_relative_region=far,True,selected_by_outcome_blind_record_predicate_top_k,1.0,300,within_object_class_support_label_permutation,0.0,4,3,0.0,0.0,0.0,300,189,0.0,0.0,0.0,object_cluster,leave-one-object-out sensitivity plus object-cluster bootstrap
c6a80c79a2d7609bb7d6b7d8,three_way__path_shares_only,relation_separation_attenuation,ecfc3b8deab50f3dcb99,cohort:cohort=after AND seam_relative:seam_relative_region=far,True,selected_by_outcome_blind_record_predicate_top_k,0.8737541528239202,300,within_object_class_support_label_permutation,-0.19715422726470422,4,2,-0.23155645886811116,-0.0029048943396653426,0.0,300,201,-0.2759199767318703,-0.002804263884898739,0.0,object_cluster,leave-one-object-out sensitivity plus object-cluster bootstrap
0f7628e2734eb7499c528b33,three_way__path_shares_only,local_criterion_breach,ecfc3b8deab50f3dcb99,cohort:cohort=after AND seam_relative:seam_relative_region=far,True,selected_by_outcome_blind_record_predicate_top_k,1.0,300,within_object_class_support_label_permutation,-0.13333333333333333,4,2,-0.1568627450980392,0.0,0.0,300,200,-0.19047619047619047,0.0,0.0,object_cluster,leave-one-object-out sensitivity plus object-cluster bootstrap
70febbdcb6f4f3f99d428ab3,three_way__path_shares_only,log_loss_attenuation,ecfc3b8deab50f3dcb99,cohort:cohort=after AND seam_relative:seam_relative_region=far,True,selected_by_outcome_blind_record_predicate_top_k,0.8637873754152824,300,within_object_class_support_label_permutation,-0.3981309854304831,4,2,-0.46814261428662696,-0.0016252095529312172,0.0,300,203,-0.5653923698576824,-0.0015369960527933518,0.0,object_cluster,leave-one-object-out sensitivity plus object-cluster bootstrap
ab084966b2b0a59b42c69cb8,three_way__path_shares_only,measurement_missingness_concentration,ecfc3b8deab50f3dcb99,cohort:cohort=after AND seam_relative:seam_relative_region=far,True,selected_by_outcome_blind_record_predicate_top_k,1.0,300,within_object_class_support_label_permutation,0.0,4,2,0.0,0.0,0.0,300,199,0.0,0.0,0.0,object_cluster,leave-one-object-out sensitivity plus object-cluster bootstrap
72501bfc4dfd476920d8a706,three_way__stability_core_3,relation_separation_attenuation,8eb760d133ac749e3327,scale_band:scale_band=early,True,selected_by_outcome_blind_record_predicate_top_k,0.5149501661129569,300,within_object_class_support_label_permutation,0.1130013538561162,4,3,0.08668392290694465,0.0924084978807364,1.0,300,191,-0.004580110721802588,0.11478151629474809,0.9319371727748691,object_cluster,leave-one-object-out sensitivity plus object-cluster bootstrap
9734886ab6c93b037111c91e,three_way__stability_core_3,local_criterion_breach,8eb760d133ac749e3327,scale_band:scale_band=early,True,selected_by_outcome_blind_record_predicate_top_k,0.26578073089701,300,within_object_class_support_label_permutation,0.11111111111111113,4,3,0.10582010582010584,0.11507936507936506,1.0,300,178,0.10555555555555553,0.12037037037037035,1.0,object_cluster,leave-one-object-out sensitivity plus object-cluster bootstrap
5d73da405d65dd66a9d0c23d,three_way__stability_core_3,log_loss_attenuation,8eb760d133ac749e3327,scale_band:scale_band=early,True,selected_by_outcome_blind_record_predicate_top_k,0.3521594684385382,300,within_object_class_support_label_permutation,0.33226248671176684,4,3,0.3022095178716506,0.3044121162368353,1.0,300,175,0.25168442773326205,0.33226248671176684,1.0,object_cluster,leave-one-object-out sensitivity plus object-cluster bootstrap
bfc6fb85f4c17e084de18851,three_way__stability_core_3,measurement_missingness_concentration,8eb760d133ac749e3327,scale_band:scale_band=early,True,selected_by_outcome_blind_record_predicate_top_k,1.0,300,within_object_class_support_label_permutation,0.0,4,3,0.0,0.0,0.0,300,186,0.0,0.0,0.0,object_cluster,leave-one-object-out sensitivity plus object-cluster bootstrap
a26f675192631dd3025d2fdf,three_way__stability_core_3,relation_separation_attenuation,c683c10822cc59ae7587,seam_relative:seam_relative_region=far,True,selected_by_outcome_blind_record_predicate_top_k,0.36212624584717606,300,within_object_class_support_label_permutation,-0.11789453242121364,4,3,-0.12519362842117987,-0.08588396780089122,0.0,300,181,-0.14399829079870516,-0.0760207553114372,0.0,object_cluster,leave-one-object-out sensitivity plus object-cluster bootstrap
d184fff143e39f80ee0cd7c5,three_way__stability_core_3,local_criterion_breach,c683c10822cc59ae7587,seam_relative:seam_relative_region=far,True,selected_by_outcome_blind_record_predicate_top_k,0.009966777408637873,300,within_object_class_support_label_permutation,0.10395622895622898,4,3,0.06580687830687831,0.13047138047138046,1.0,300,172,0.03728956228956232,0.1425925925925926,1.0,object_cluster,leave-one-object-out sensitivity plus object-cluster bootstrap
fa6668e0d6a848235304b340,three_way__stability_core_3,log_loss_attenuation,c683c10822cc59ae7587,seam_relative:seam_relative_region=far,True,selected_by_outcome_blind_record_predicate_top_k,0.46511627906976744,300,within_object_class_support_label_permutation,-0.3104607289042478,4,3,-0.3208733062619314,-0.2780125295759974,0.0,300,179,-0.33912964155968045,-0.2716273917511566,0.0,object_cluster,leave-one-object-out sensitivity plus object-cluster bootstrap
8f35679dd4f2f90bc76402df,three_way__stability_core_3,measurement_missingness_concentration,c683c10822cc59ae7587,seam_relative:seam_relative_region=far,True,selected_by_outcome_blind_record_predicate_top_k,1.0,300,within_object_class_support_label_permutation,0.0,4,3,0.0,0.0,0.0,300,187,0.0,0.0,0.0,object_cluster,leave-one-object-out sensitivity plus object-cluster bootstrap
0f95848c44e1230598c4a924,three_way__stability_core_3,relation_separation_attenuation,4487ed03ba052140cc42,transition:transition=5→6,True,selected_by_outcome_blind_record_predicate_top_k,0.5681063122923588,300,within_object_class_support_label_permutation,0.1404582046778682,4,3,0.12147284470671685,0.13208930284623585,1.0,300,193,0.08832229750996876,0.1506880332718837,1.0,object_cluster,leave-one-object-out sensitivity plus object-cluster bootstrap
47ea56d45ce7c96662f85fe8,three_way__stability_core_3,local_criterion_breach,4487ed03ba052140cc42,transition:transition=5→6,True,selected_by_outcome_blind_record_predicate_top_k,0.7807308970099668,300,within_object_class_support_label_permutation,-0.037037037037037035,4,3,-0.0515873015873016,-0.042328042328042326,0.0,300,192,-0.07790824915824916,-0.03240740740740741,0.0,object_cluster,leave-one-object-out sensitivity plus object-cluster bootstrap
58269da389028ef6251d76f9,three_way__stability_core_3,log_loss_attenuation,4487ed03ba052140cc42,transition:transition=5→6,True,selected_by_outcome_blind_record_predicate_top_k,0.6411960132890365,300,within_object_class_support_label_permutation,0.11820237724242155,4,3,0.07739261339556702,0.08604240236668015,1.0,300,186,-0.06564209147384448,0.12659985013673758,0.9354838709677419,object_cluster,leave-one-object-out sensitivity plus object-cluster bootstrap
1c41e735b0ba80bc7361b6ea,three_way__stability_core_3,measurement_missingness_concentration,4487ed03ba052140cc42,transition:transition=5→6,True,selected_by_outcome_blind_record_predicate_top_k,1.0,300,within_object_class_support_label_permutation,0.0,4,3,0.0,0.0,0.0,300,188,0.0,0.0,0.0,object_cluster,leave-one-object-out sensitivity plus object-cluster bootstrap
76ae1f16db304a98cd44d98c,three_way__stability_core_3,relation_separation_attenuation,72b9f48eeec38e892701,cohort:cohort=after,True,selected_by_outcome_blind_record_predicate_top_k,0.5182724252491694,300,within_object_class_support_label_permutation,-0.044759359776036955,4,4,-0.05820197525339449,-0.01428272636761363,0.0,300,295,-0.05967626872969095,0.004789323391249767,0.08135593220338982,object_cluster,leave-one-object-out sensitivity plus object-cluster bootstrap
2874a8f90bc42607adabe453,three_way__stability_core_3,local_criterion_breach,72b9f48eeec38e892701,cohort:cohort=after,True,selected_by_outcome_blind_record_predicate_top_k,0.7541528239202658,300,within_object_class_support_label_permutation,-0.0750877192982456,4,4,-0.10000000000000002,-0.041666666666666685,0.0,300,296,-0.10000000000000002,0.019393939393939352,0.08783783783783784,object_cluster,leave-one-object-out sensitivity plus object-cluster bootstrap
c42b84c5bf9e118b6f5db0a5,three_way__stability_core_3,log_loss_attenuation,72b9f48eeec38e892701,cohort:cohort=after,True,selected_by_outcome_blind_record_predicate_top_k,0.6112956810631229,300,within_object_class_support_label_permutation,-0.1670122914949173,4,4,-0.2010858302079287,-0.023896109834152968,0.0,300,284,-0.2211639561328969,-0.020776419117930767,0.0,object_cluster,leave-one-object-out sensitivity plus object-cluster bootstrap
3456050dec7024cbbad0c979,three_way__stability_core_3,measurement_missingness_concentration,72b9f48eeec38e892701,cohort:cohort=after,True,selected_by_outcome_blind_record_predicate_top_k,1.0,300,within_object_class_support_label_permutation,0.0,4,4,0.0,0.0,0.0,300,294,0.0,0.0,0.0,object_cluster,leave-one-object-out sensitivity plus object-cluster bootstrap
5b3a7d821cd0073ca62e9022,three_way__stability_core_3,relation_separation_attenuation,6951c09dfc251bd9f7db,transition:transition=5→6 AND scale_band:scale_band=middle,True,selected_by_outcome_blind_record_predicate_top_k,0.5548172757475083,300,within_object_class_support_label_permutation,0.1404582046778682,4,3,0.12147284470671685,0.13208930284623585,1.0,300,192,0.09878165239564993,0.1506880332718837,1.0,object_cluster,leave-one-object-out sensitivity plus object-cluster bootstrap
54982a7cf847bd33f263b5f7,three_way__stability_core_3,local_criterion_breach,6951c09dfc251bd9f7db,transition:transition=5→6 AND scale_band:scale_band=middle,True,selected_by_outcome_blind_record_predicate_top_k,0.7574750830564784,300,within_object_class_support_label_permutation,-0.037037037037037035,4,3,-0.0515873015873016,-0.042328042328042326,0.0,300,186,-0.07037037037037039,-0.03240740740740741,0.0,object_cluster,leave-one-object-out sensitivity plus object-cluster bootstrap
0b232b93953d6afe520f608f,three_way__stability_core_3,log_loss_attenuation,6951c09dfc251bd9f7db,transition:transition=5→6 AND scale_band:scale_band=middle,True,selected_by_outcome_blind_record_predicate_top_k,0.6378737541528239,300,within_object_class_support_label_permutation,0.11820237724242155,4,3,0.07739261339556702,0.08604240236668015,1.0,300,171,-0.06564209147384448,0.12659985013673758,0.935672514619883,object_cluster,leave-one-object-out sensitivity plus object-cluster bootstrap
9d750c344abc1b9877b01b80,three_way__stability_core_3,measurement_missingness_concentration,6951c09dfc251bd9f7db,transition:transition=5→6 AND scale_band:scale_band=middle,True,selected_by_outcome_blind_record_predicate_top_k,1.0,300,within_object_class_support_label_permutation,0.0,4,3,0.0,0.0,0.0,300,179,0.0,0.0,0.0,object_cluster,leave-one-object-out sensitivity plus object-cluster bootstrap
eef0b20c21921b40eb4b5e32,three_way__stability_core_3,relation_separation_attenuation,114bd7932e0008f8ef79,scale_band:scale_band=early AND seam_relative:seam_relative_region=near,True,selected_by_outcome_blind_record_predicate_top_k,0.7674418604651163,300,within_object_class_support_label_permutation,-0.009556655390852542,4,3,-0.037373540895400015,-0.029930169918486793,0.0,300,195,-0.16779537765718888,-0.008272543963593504,0.0,object_cluster,leave-one-object-out sensitivity plus object-cluster bootstrap
b29ab82efed34658143ab95e,three_way__stability_core_3,local_criterion_breach,114bd7932e0008f8ef79,scale_band:scale_band=early AND seam_relative:seam_relative_region=near,True,selected_by_outcome_blind_record_predicate_top_k,0.9368770764119602,300,within_object_class_support_label_permutation,-0.037201979307242436,4,3,-0.04444444444444444,-0.032478632478632474,0.0,300,206,-0.16299840510366828,-0.027800269905533054,0.0,object_cluster,leave-one-object-out sensitivity plus object-cluster bootstrap
980ce3ac0289ba2530446ca7,three_way__stability_core_3,log_loss_attenuation,114bd7932e0008f8ef79,scale_band:scale_band=early AND seam_relative:seam_relative_region=near,True,selected_by_outcome_blind_record_predicate_top_k,0.4485049833887043,300,within_object_class_support_label_permutation,0.28123850765242964,4,3,0.2561404584456406,0.2563656624201682,1.0,300,216,0.1498597861504507,0.28123850765242964,1.0,object_cluster,leave-one-object-out sensitivity plus object-cluster bootstrap
6f02d74a1324561ab957725d,three_way__stability_core_3,measurement_missingness_concentration,114bd7932e0008f8ef79,scale_band:scale_band=early AND seam_relative:seam_relative_region=near,True,selected_by_outcome_blind_record_predicate_top_k,1.0,300,within_object_class_support_label_permutation,0.0,4,3,0.0,0.0,0.0,300,214,0.0,0.0,0.0,object_cluster,leave-one-object-out sensitivity plus object-cluster bootstrap
a172a09942ea2cb587752d70,three_way__stability_core_3,relation_separation_attenuation,f9c24c9c5b337d5bb270,transition:transition=5→6 AND seam_relative:seam_relative_region=far,True,selected_by_outcome_blind_record_predicate_top_k,0.6411960132890365,300,within_object_class_support_label_permutation,0.05079428639279354,4,3,0.028102008618110907,0.03431705845856392,1.0,300,202,-0.0022600417431528075,0.0570869571808566,0.806930693069307,object_cluster,leave-one-object-out sensitivity plus object-cluster bootstrap
52980358edfdba0e48380f38,three_way__stability_core_3,local_criterion_breach,f9c24c9c5b337d5bb270,transition:transition=5→6 AND seam_relative:seam_relative_region=far,True,selected_by_outcome_blind_record_predicate_top_k,0.4684385382059801,300,within_object_class_support_label_permutation,0.04197191697191696,4,3,0.019496434937611384,0.037707390648567096,1.0,300,186,-0.007992007992007999,0.051587301587301584,0.7903225806451613,object_cluster,leave-one-object-out sensitivity plus object-cluster bootstrap
97d194807c195ae336716278,three_way__stability_core_3,log_loss_attenuation,f9c24c9c5b337d5bb270,transition:transition=5→6 AND seam_relative:seam_relative_region=far,True,selected_by_outcome_blind_record_predicate_top_k,0.5614617940199336,300,within_object_class_support_label_permutation,-0.030818944189217268,4,3,-0.07321681583312412,-0.06885005483972573,0.0,300,180,-0.20150821683389952,-0.0263719791480731,0.0,object_cluster,leave-one-object-out sensitivity plus object-cluster bootstrap
1e810569992416906e82e8e7,three_way__stability_core_3,measurement_missingness_concentration,f9c24c9c5b337d5bb270,transition:transition=5→6 AND seam_relative:seam_relative_region=far,True,selected_by_outcome_blind_record_predicate_top_k,1.0,300,within_object_class_support_label_permutation,0.0,4,3,0.0,0.0,0.0,300,182,0.0,0.0,0.0,object_cluster,leave-one-object-out sensitivity plus object-cluster bootstrap
4ca53b89d27c78d67e97f355,three_way__stability_core_3,relation_separation_attenuation,ecfc3b8deab50f3dcb99,cohort:cohort=after AND seam_relative:seam_relative_region=far,True,selected_by_outcome_blind_record_predicate_top_k,0.7043189368770764,300,within_object_class_support_label_permutation,-0.09233741305664916,4,2,-0.11092370905587745,-0.001672597467026693,0.0,300,208,-0.12467775366218475,-0.0003870955266880305,0.0,object_cluster,leave-one-object-out sensitivity plus object-cluster bootstrap
416d9952ae299bbb8ef149db,three_way__stability_core_3,local_criterion_breach,ecfc3b8deab50f3dcb99,cohort:cohort=after AND seam_relative:seam_relative_region=far,True,selected_by_outcome_blind_record_predicate_top_k,1.0,300,within_object_class_support_label_permutation,-0.13977591036414566,4,2,-0.14635854341736695,-0.08982683982683982,0.0,300,197,-0.16526610644257703,-0.08912655971479501,0.0,object_cluster,leave-one-object-out sensitivity plus object-cluster bootstrap
a1c7971d09f53d2d75bb30d6,three_way__stability_core_3,log_loss_attenuation,ecfc3b8deab50f3dcb99,cohort:cohort=after AND seam_relative:seam_relative_region=far,True,selected_by_outcome_blind_record_predicate_top_k,0.7009966777408638,300,within_object_class_support_label_permutation,-0.19213919018463782,4,2,-0.22742418857904956,-0.009504165533512299,0.0,300,198,-0.26547134809251666,-0.007816910489366391,0.0,object_cluster,leave-one-object-out sensitivity plus object-cluster bootstrap
f658de5c74981f49ac18b290,three_way__stability_core_3,measurement_missingness_concentration,ecfc3b8deab50f3dcb99,cohort:cohort=after AND seam_relative:seam_relative_region=far,True,selected_by_outcome_blind_record_predicate_top_k,1.0,300,within_object_class_support_label_permutation,0.0,4,2,0.0,0.0,0.0,300,212,0.0,0.0,0.0,object_cluster,leave-one-object-out sensitivity plus object-cluster bootstrap
