failure_predicate,partition,simulator_id,delta,control_response_lambda,gate_name,replicates,pass_count,pass_probability,failure_probability
measurement_missingness_concentration,confirmation,joint_gaussian_regularized_cluster,0.0,0.0,support_available_pass,6000,6000,1.0,0.0
measurement_missingness_concentration,confirmation,joint_gaussian_regularized_cluster,0.0,0.0,complement_admissible_pass,6000,6000,1.0,0.0
measurement_missingness_concentration,confirmation,joint_gaussian_regularized_cluster,0.0,0.0,effect_direction_reproduced_pass,6000,0,0.0,1.0
measurement_missingness_concentration,confirmation,joint_gaussian_regularized_cluster,0.0,0.0,target_contrast_positive_pass,6000,0,0.0,1.0
measurement_missingness_concentration,confirmation,joint_gaussian_regularized_cluster,0.0,0.0,minimum_effect_pass,6000,0,0.0,1.0
measurement_missingness_concentration,confirmation,joint_gaussian_regularized_cluster,0.0,0.0,cluster_uncertainty_pass,6000,0,0.0,1.0
measurement_missingness_concentration,confirmation,joint_gaussian_regularized_cluster,0.0,0.0,raw_statistical_threshold_pass,6000,0,0.0,1.0
measurement_missingness_concentration,confirmation,joint_gaussian_regularized_cluster,0.0,0.0,multiplicity_adjusted_threshold_pass,6000,0,0.0,1.0
measurement_missingness_concentration,confirmation,joint_gaussian_regularized_cluster,0.0,0.0,control_adjusted_contrast_pass,6000,0,0.0,1.0
measurement_missingness_concentration,confirmation,joint_gaussian_regularized_cluster,0.0,0.0,control_specificity_pass,6000,0,0.0,1.0
measurement_missingness_concentration,confirmation,joint_gaussian_regularized_cluster,0.25,0.0,support_available_pass,6000,6000,1.0,0.0
measurement_missingness_concentration,confirmation,joint_gaussian_regularized_cluster,0.25,0.0,complement_admissible_pass,6000,6000,1.0,0.0
measurement_missingness_concentration,confirmation,joint_gaussian_regularized_cluster,0.25,0.0,effect_direction_reproduced_pass,6000,5533,0.9221666666666667,0.07783333333333331
measurement_missingness_concentration,confirmation,joint_gaussian_regularized_cluster,0.25,0.0,target_contrast_positive_pass,6000,5533,0.9221666666666667,0.07783333333333331
measurement_missingness_concentration,confirmation,joint_gaussian_regularized_cluster,0.25,0.0,minimum_effect_pass,6000,4482,0.747,0.253
measurement_missingness_concentration,confirmation,joint_gaussian_regularized_cluster,0.25,0.0,cluster_uncertainty_pass,6000,942,0.157,0.843
measurement_missingness_concentration,confirmation,joint_gaussian_regularized_cluster,0.25,0.0,raw_statistical_threshold_pass,6000,0,0.0,1.0
measurement_missingness_concentration,confirmation,joint_gaussian_regularized_cluster,0.25,0.0,multiplicity_adjusted_threshold_pass,6000,0,0.0,1.0
measurement_missingness_concentration,confirmation,joint_gaussian_regularized_cluster,0.25,0.0,control_adjusted_contrast_pass,6000,5378,0.8963333333333333,0.10366666666666668
measurement_missingness_concentration,confirmation,joint_gaussian_regularized_cluster,0.25,0.0,control_specificity_pass,6000,5533,0.9221666666666667,0.07783333333333331
measurement_missingness_concentration,confirmation,joint_gaussian_regularized_cluster,0.25,0.25,support_available_pass,6000,6000,1.0,0.0
measurement_missingness_concentration,confirmation,joint_gaussian_regularized_cluster,0.25,0.25,complement_admissible_pass,6000,6000,1.0,0.0
measurement_missingness_concentration,confirmation,joint_gaussian_regularized_cluster,0.25,0.25,effect_direction_reproduced_pass,6000,5532,0.922,0.07799999999999996
measurement_missingness_concentration,confirmation,joint_gaussian_regularized_cluster,0.25,0.25,target_contrast_positive_pass,6000,5532,0.922,0.07799999999999996
measurement_missingness_concentration,confirmation,joint_gaussian_regularized_cluster,0.25,0.25,minimum_effect_pass,6000,4507,0.7511666666666666,0.24883333333333335
measurement_missingness_concentration,confirmation,joint_gaussian_regularized_cluster,0.25,0.25,cluster_uncertainty_pass,6000,943,0.15716666666666668,0.8428333333333333
measurement_missingness_concentration,confirmation,joint_gaussian_regularized_cluster,0.25,0.25,raw_statistical_threshold_pass,6000,0,0.0,1.0
measurement_missingness_concentration,confirmation,joint_gaussian_regularized_cluster,0.25,0.25,multiplicity_adjusted_threshold_pass,6000,0,0.0,1.0
measurement_missingness_concentration,confirmation,joint_gaussian_regularized_cluster,0.25,0.25,control_adjusted_contrast_pass,6000,4747,0.7911666666666667,0.20883333333333332
measurement_missingness_concentration,confirmation,joint_gaussian_regularized_cluster,0.25,0.25,control_specificity_pass,6000,5316,0.886,0.11399999999999999
measurement_missingness_concentration,confirmation,joint_gaussian_regularized_cluster,0.25,0.5,support_available_pass,6000,6000,1.0,0.0
measurement_missingness_concentration,confirmation,joint_gaussian_regularized_cluster,0.25,0.5,complement_admissible_pass,6000,6000,1.0,0.0
measurement_missingness_concentration,confirmation,joint_gaussian_regularized_cluster,0.25,0.5,effect_direction_reproduced_pass,6000,5511,0.9185,0.08150000000000002
measurement_missingness_concentration,confirmation,joint_gaussian_regularized_cluster,0.25,0.5,target_contrast_positive_pass,6000,5511,0.9185,0.08150000000000002
measurement_missingness_concentration,confirmation,joint_gaussian_regularized_cluster,0.25,0.5,minimum_effect_pass,6000,4477,0.7461666666666666,0.25383333333333336
measurement_missingness_concentration,confirmation,joint_gaussian_regularized_cluster,0.25,0.5,cluster_uncertainty_pass,6000,951,0.1585,0.8415
measurement_missingness_concentration,confirmation,joint_gaussian_regularized_cluster,0.25,0.5,raw_statistical_threshold_pass,6000,0,0.0,1.0
measurement_missingness_concentration,confirmation,joint_gaussian_regularized_cluster,0.25,0.5,multiplicity_adjusted_threshold_pass,6000,0,0.0,1.0
measurement_missingness_concentration,confirmation,joint_gaussian_regularized_cluster,0.25,0.5,control_adjusted_contrast_pass,6000,3699,0.6165,0.38349999999999995
measurement_missingness_concentration,confirmation,joint_gaussian_regularized_cluster,0.25,0.5,control_specificity_pass,6000,4710,0.785,0.21499999999999997
measurement_missingness_concentration,confirmation,joint_gaussian_regularized_cluster,0.25,1.0,support_available_pass,6000,6000,1.0,0.0
measurement_missingness_concentration,confirmation,joint_gaussian_regularized_cluster,0.25,1.0,complement_admissible_pass,6000,6000,1.0,0.0
measurement_missingness_concentration,confirmation,joint_gaussian_regularized_cluster,0.25,1.0,effect_direction_reproduced_pass,6000,5564,0.9273333333333333,0.07266666666666666
measurement_missingness_concentration,confirmation,joint_gaussian_regularized_cluster,0.25,1.0,target_contrast_positive_pass,6000,5564,0.9273333333333333,0.07266666666666666
measurement_missingness_concentration,confirmation,joint_gaussian_regularized_cluster,0.25,1.0,minimum_effect_pass,6000,4530,0.755,0.245
measurement_missingness_concentration,confirmation,joint_gaussian_regularized_cluster,0.25,1.0,cluster_uncertainty_pass,6000,959,0.15983333333333333,0.8401666666666667
measurement_missingness_concentration,confirmation,joint_gaussian_regularized_cluster,0.25,1.0,raw_statistical_threshold_pass,6000,0,0.0,1.0
measurement_missingness_concentration,confirmation,joint_gaussian_regularized_cluster,0.25,1.0,multiplicity_adjusted_threshold_pass,6000,0,0.0,1.0
measurement_missingness_concentration,confirmation,joint_gaussian_regularized_cluster,0.25,1.0,control_adjusted_contrast_pass,6000,1970,0.3283333333333333,0.6716666666666666
measurement_missingness_concentration,confirmation,joint_gaussian_regularized_cluster,0.25,1.0,control_specificity_pass,6000,3242,0.5403333333333333,0.45966666666666667
measurement_missingness_concentration,confirmation,joint_gaussian_regularized_cluster,0.5,0.0,support_available_pass,6000,6000,1.0,0.0
measurement_missingness_concentration,confirmation,joint_gaussian_regularized_cluster,0.5,0.0,complement_admissible_pass,6000,6000,1.0,0.0
measurement_missingness_concentration,confirmation,joint_gaussian_regularized_cluster,0.5,0.0,effect_direction_reproduced_pass,6000,5933,0.9888333333333333,0.011166666666666658
measurement_missingness_concentration,confirmation,joint_gaussian_regularized_cluster,0.5,0.0,target_contrast_positive_pass,6000,5933,0.9888333333333333,0.011166666666666658
measurement_missingness_concentration,confirmation,joint_gaussian_regularized_cluster,0.5,0.0,minimum_effect_pass,6000,5767,0.9611666666666666,0.038833333333333386
measurement_missingness_concentration,confirmation,joint_gaussian_regularized_cluster,0.5,0.0,cluster_uncertainty_pass,6000,1612,0.26866666666666666,0.7313333333333334
measurement_missingness_concentration,confirmation,joint_gaussian_regularized_cluster,0.5,0.0,raw_statistical_threshold_pass,6000,0,0.0,1.0
measurement_missingness_concentration,confirmation,joint_gaussian_regularized_cluster,0.5,0.0,multiplicity_adjusted_threshold_pass,6000,0,0.0,1.0
measurement_missingness_concentration,confirmation,joint_gaussian_regularized_cluster,0.5,0.0,control_adjusted_contrast_pass,6000,5923,0.9871666666666666,0.012833333333333363
measurement_missingness_concentration,confirmation,joint_gaussian_regularized_cluster,0.5,0.0,control_specificity_pass,6000,5933,0.9888333333333333,0.011166666666666658
measurement_missingness_concentration,confirmation,joint_gaussian_regularized_cluster,0.5,0.25,support_available_pass,6000,6000,1.0,0.0
measurement_missingness_concentration,confirmation,joint_gaussian_regularized_cluster,0.5,0.25,complement_admissible_pass,6000,6000,1.0,0.0
measurement_missingness_concentration,confirmation,joint_gaussian_regularized_cluster,0.5,0.25,effect_direction_reproduced_pass,6000,5940,0.99,0.010000000000000009
measurement_missingness_concentration,confirmation,joint_gaussian_regularized_cluster,0.5,0.25,target_contrast_positive_pass,6000,5940,0.99,0.010000000000000009
measurement_missingness_concentration,confirmation,joint_gaussian_regularized_cluster,0.5,0.25,minimum_effect_pass,6000,5769,0.9615,0.03849999999999998
measurement_missingness_concentration,confirmation,joint_gaussian_regularized_cluster,0.5,0.25,cluster_uncertainty_pass,6000,1607,0.2678333333333333,0.7321666666666666
measurement_missingness_concentration,confirmation,joint_gaussian_regularized_cluster,0.5,0.25,raw_statistical_threshold_pass,6000,0,0.0,1.0
measurement_missingness_concentration,confirmation,joint_gaussian_regularized_cluster,0.5,0.25,multiplicity_adjusted_threshold_pass,6000,0,0.0,1.0
measurement_missingness_concentration,confirmation,joint_gaussian_regularized_cluster,0.5,0.25,control_adjusted_contrast_pass,6000,5479,0.9131666666666667,0.08683333333333332
measurement_missingness_concentration,confirmation,joint_gaussian_regularized_cluster,0.5,0.25,control_specificity_pass,6000,5771,0.9618333333333333,0.03816666666666668
measurement_missingness_concentration,confirmation,joint_gaussian_regularized_cluster,0.5,0.5,support_available_pass,6000,6000,1.0,0.0
measurement_missingness_concentration,confirmation,joint_gaussian_regularized_cluster,0.5,0.5,complement_admissible_pass,6000,6000,1.0,0.0
measurement_missingness_concentration,confirmation,joint_gaussian_regularized_cluster,0.5,0.5,effect_direction_reproduced_pass,6000,5936,0.9893333333333333,0.010666666666666713
measurement_missingness_concentration,confirmation,joint_gaussian_regularized_cluster,0.5,0.5,target_contrast_positive_pass,6000,5936,0.9893333333333333,0.010666666666666713
measurement_missingness_concentration,confirmation,joint_gaussian_regularized_cluster,0.5,0.5,minimum_effect_pass,6000,5769,0.9615,0.03849999999999998
measurement_missingness_concentration,confirmation,joint_gaussian_regularized_cluster,0.5,0.5,cluster_uncertainty_pass,6000,1587,0.2645,0.7355
measurement_missingness_concentration,confirmation,joint_gaussian_regularized_cluster,0.5,0.5,raw_statistical_threshold_pass,6000,0,0.0,1.0
measurement_missingness_concentration,confirmation,joint_gaussian_regularized_cluster,0.5,0.5,multiplicity_adjusted_threshold_pass,6000,0,0.0,1.0
measurement_missingness_concentration,confirmation,joint_gaussian_regularized_cluster,0.5,0.5,control_adjusted_contrast_pass,6000,4472,0.7453333333333333,0.2546666666666667
measurement_missingness_concentration,confirmation,joint_gaussian_regularized_cluster,0.5,0.5,control_specificity_pass,6000,5261,0.8768333333333334,0.12316666666666665
measurement_missingness_concentration,confirmation,joint_gaussian_regularized_cluster,0.5,1.0,support_available_pass,6000,6000,1.0,0.0
measurement_missingness_concentration,confirmation,joint_gaussian_regularized_cluster,0.5,1.0,complement_admissible_pass,6000,6000,1.0,0.0
measurement_missingness_concentration,confirmation,joint_gaussian_regularized_cluster,0.5,1.0,effect_direction_reproduced_pass,6000,5950,0.9916666666666667,0.008333333333333304
measurement_missingness_concentration,confirmation,joint_gaussian_regularized_cluster,0.5,1.0,target_contrast_positive_pass,6000,5950,0.9916666666666667,0.008333333333333304
measurement_missingness_concentration,confirmation,joint_gaussian_regularized_cluster,0.5,1.0,minimum_effect_pass,6000,5779,0.9631666666666666,0.036833333333333385
measurement_missingness_concentration,confirmation,joint_gaussian_regularized_cluster,0.5,1.0,cluster_uncertainty_pass,6000,1614,0.269,0.731
measurement_missingness_concentration,confirmation,joint_gaussian_regularized_cluster,0.5,1.0,raw_statistical_threshold_pass,6000,0,0.0,1.0
measurement_missingness_concentration,confirmation,joint_gaussian_regularized_cluster,0.5,1.0,multiplicity_adjusted_threshold_pass,6000,0,0.0,1.0
measurement_missingness_concentration,confirmation,joint_gaussian_regularized_cluster,0.5,1.0,control_adjusted_contrast_pass,6000,2093,0.34883333333333333,0.6511666666666667
measurement_missingness_concentration,confirmation,joint_gaussian_regularized_cluster,0.5,1.0,control_specificity_pass,6000,3295,0.5491666666666667,0.4508333333333333
measurement_missingness_concentration,confirmation,joint_gaussian_regularized_cluster,0.75,0.0,support_available_pass,6000,6000,1.0,0.0
measurement_missingness_concentration,confirmation,joint_gaussian_regularized_cluster,0.75,0.0,complement_admissible_pass,6000,6000,1.0,0.0
measurement_missingness_concentration,confirmation,joint_gaussian_regularized_cluster,0.75,0.0,effect_direction_reproduced_pass,6000,5991,0.9985,0.0014999999999999458
measurement_missingness_concentration,confirmation,joint_gaussian_regularized_cluster,0.75,0.0,target_contrast_positive_pass,6000,5991,0.9985,0.0014999999999999458
measurement_missingness_concentration,confirmation,joint_gaussian_regularized_cluster,0.75,0.0,minimum_effect_pass,6000,5963,0.9938333333333333,0.006166666666666654
measurement_missingness_concentration,confirmation,joint_gaussian_regularized_cluster,0.75,0.0,cluster_uncertainty_pass,6000,1870,0.31166666666666665,0.6883333333333334
measurement_missingness_concentration,confirmation,joint_gaussian_regularized_cluster,0.75,0.0,raw_statistical_threshold_pass,6000,0,0.0,1.0
measurement_missingness_concentration,confirmation,joint_gaussian_regularized_cluster,0.75,0.0,multiplicity_adjusted_threshold_pass,6000,0,0.0,1.0
measurement_missingness_concentration,confirmation,joint_gaussian_regularized_cluster,0.75,0.0,control_adjusted_contrast_pass,6000,5991,0.9985,0.0014999999999999458
measurement_missingness_concentration,confirmation,joint_gaussian_regularized_cluster,0.75,0.0,control_specificity_pass,6000,5991,0.9985,0.0014999999999999458
measurement_missingness_concentration,confirmation,joint_gaussian_regularized_cluster,0.75,0.25,support_available_pass,6000,6000,1.0,0.0
measurement_missingness_concentration,confirmation,joint_gaussian_regularized_cluster,0.75,0.25,complement_admissible_pass,6000,6000,1.0,0.0
measurement_missingness_concentration,confirmation,joint_gaussian_regularized_cluster,0.75,0.25,effect_direction_reproduced_pass,6000,5992,0.9986666666666667,0.0013333333333332975
measurement_missingness_concentration,confirmation,joint_gaussian_regularized_cluster,0.75,0.25,target_contrast_positive_pass,6000,5992,0.9986666666666667,0.0013333333333332975
measurement_missingness_concentration,confirmation,joint_gaussian_regularized_cluster,0.75,0.25,minimum_effect_pass,6000,5962,0.9936666666666667,0.006333333333333302
measurement_missingness_concentration,confirmation,joint_gaussian_regularized_cluster,0.75,0.25,cluster_uncertainty_pass,6000,1852,0.30866666666666664,0.6913333333333334
measurement_missingness_concentration,confirmation,joint_gaussian_regularized_cluster,0.75,0.25,raw_statistical_threshold_pass,6000,0,0.0,1.0
measurement_missingness_concentration,confirmation,joint_gaussian_regularized_cluster,0.75,0.25,multiplicity_adjusted_threshold_pass,6000,0,0.0,1.0
measurement_missingness_concentration,confirmation,joint_gaussian_regularized_cluster,0.75,0.25,control_adjusted_contrast_pass,6000,5758,0.9596666666666667,0.04033333333333333
measurement_missingness_concentration,confirmation,joint_gaussian_regularized_cluster,0.75,0.25,control_specificity_pass,6000,5898,0.983,0.017000000000000015
measurement_missingness_concentration,confirmation,joint_gaussian_regularized_cluster,0.75,0.5,support_available_pass,6000,6000,1.0,0.0
measurement_missingness_concentration,confirmation,joint_gaussian_regularized_cluster,0.75,0.5,complement_admissible_pass,6000,6000,1.0,0.0
measurement_missingness_concentration,confirmation,joint_gaussian_regularized_cluster,0.75,0.5,effect_direction_reproduced_pass,6000,5990,0.9983333333333333,0.0016666666666667052
measurement_missingness_concentration,confirmation,joint_gaussian_regularized_cluster,0.75,0.5,target_contrast_positive_pass,6000,5990,0.9983333333333333,0.0016666666666667052
measurement_missingness_concentration,confirmation,joint_gaussian_regularized_cluster,0.75,0.5,minimum_effect_pass,6000,5960,0.9933333333333333,0.00666666666666671
measurement_missingness_concentration,confirmation,joint_gaussian_regularized_cluster,0.75,0.5,cluster_uncertainty_pass,6000,1880,0.31333333333333335,0.6866666666666666
measurement_missingness_concentration,confirmation,joint_gaussian_regularized_cluster,0.75,0.5,raw_statistical_threshold_pass,6000,0,0.0,1.0
measurement_missingness_concentration,confirmation,joint_gaussian_regularized_cluster,0.75,0.5,multiplicity_adjusted_threshold_pass,6000,0,0.0,1.0
measurement_missingness_concentration,confirmation,joint_gaussian_regularized_cluster,0.75,0.5,control_adjusted_contrast_pass,6000,4965,0.8275,0.1725
measurement_missingness_concentration,confirmation,joint_gaussian_regularized_cluster,0.75,0.5,control_specificity_pass,6000,5480,0.9133333333333333,0.08666666666666667
measurement_missingness_concentration,confirmation,joint_gaussian_regularized_cluster,0.75,1.0,support_available_pass,6000,6000,1.0,0.0
measurement_missingness_concentration,confirmation,joint_gaussian_regularized_cluster,0.75,1.0,complement_admissible_pass,6000,6000,1.0,0.0
measurement_missingness_concentration,confirmation,joint_gaussian_regularized_cluster,0.75,1.0,effect_direction_reproduced_pass,6000,5992,0.9986666666666667,0.0013333333333332975
measurement_missingness_concentration,confirmation,joint_gaussian_regularized_cluster,0.75,1.0,target_contrast_positive_pass,6000,5992,0.9986666666666667,0.0013333333333332975
measurement_missingness_concentration,confirmation,joint_gaussian_regularized_cluster,0.75,1.0,minimum_effect_pass,6000,5960,0.9933333333333333,0.00666666666666671
measurement_missingness_concentration,confirmation,joint_gaussian_regularized_cluster,0.75,1.0,cluster_uncertainty_pass,6000,1873,0.31216666666666665,0.6878333333333333
measurement_missingness_concentration,confirmation,joint_gaussian_regularized_cluster,0.75,1.0,raw_statistical_threshold_pass,6000,0,0.0,1.0
measurement_missingness_concentration,confirmation,joint_gaussian_regularized_cluster,0.75,1.0,multiplicity_adjusted_threshold_pass,6000,0,0.0,1.0
measurement_missingness_concentration,confirmation,joint_gaussian_regularized_cluster,0.75,1.0,control_adjusted_contrast_pass,6000,2148,0.358,0.642
measurement_missingness_concentration,confirmation,joint_gaussian_regularized_cluster,0.75,1.0,control_specificity_pass,6000,3316,0.5526666666666666,0.44733333333333336
measurement_missingness_concentration,confirmation,joint_gaussian_regularized_cluster,1.0,0.0,support_available_pass,6000,6000,1.0,0.0
measurement_missingness_concentration,confirmation,joint_gaussian_regularized_cluster,1.0,0.0,complement_admissible_pass,6000,6000,1.0,0.0
measurement_missingness_concentration,confirmation,joint_gaussian_regularized_cluster,1.0,0.0,effect_direction_reproduced_pass,6000,6000,1.0,0.0
measurement_missingness_concentration,confirmation,joint_gaussian_regularized_cluster,1.0,0.0,target_contrast_positive_pass,6000,6000,1.0,0.0
measurement_missingness_concentration,confirmation,joint_gaussian_regularized_cluster,1.0,0.0,minimum_effect_pass,6000,5997,0.9995,0.0004999999999999449
measurement_missingness_concentration,confirmation,joint_gaussian_regularized_cluster,1.0,0.0,cluster_uncertainty_pass,6000,1958,0.3263333333333333,0.6736666666666666
measurement_missingness_concentration,confirmation,joint_gaussian_regularized_cluster,1.0,0.0,raw_statistical_threshold_pass,6000,0,0.0,1.0
measurement_missingness_concentration,confirmation,joint_gaussian_regularized_cluster,1.0,0.0,multiplicity_adjusted_threshold_pass,6000,0,0.0,1.0
measurement_missingness_concentration,confirmation,joint_gaussian_regularized_cluster,1.0,0.0,control_adjusted_contrast_pass,6000,6000,1.0,0.0
measurement_missingness_concentration,confirmation,joint_gaussian_regularized_cluster,1.0,0.0,control_specificity_pass,6000,6000,1.0,0.0
measurement_missingness_concentration,confirmation,joint_gaussian_regularized_cluster,1.0,0.25,support_available_pass,6000,6000,1.0,0.0
measurement_missingness_concentration,confirmation,joint_gaussian_regularized_cluster,1.0,0.25,complement_admissible_pass,6000,6000,1.0,0.0
measurement_missingness_concentration,confirmation,joint_gaussian_regularized_cluster,1.0,0.25,effect_direction_reproduced_pass,6000,5999,0.9998333333333334,0.0001666666666666483
measurement_missingness_concentration,confirmation,joint_gaussian_regularized_cluster,1.0,0.25,target_contrast_positive_pass,6000,5999,0.9998333333333334,0.0001666666666666483
measurement_missingness_concentration,confirmation,joint_gaussian_regularized_cluster,1.0,0.25,minimum_effect_pass,6000,5996,0.9993333333333333,0.0006666666666667043
measurement_missingness_concentration,confirmation,joint_gaussian_regularized_cluster,1.0,0.25,cluster_uncertainty_pass,6000,1948,0.32466666666666666,0.6753333333333333
measurement_missingness_concentration,confirmation,joint_gaussian_regularized_cluster,1.0,0.25,raw_statistical_threshold_pass,6000,0,0.0,1.0
measurement_missingness_concentration,confirmation,joint_gaussian_regularized_cluster,1.0,0.25,multiplicity_adjusted_threshold_pass,6000,0,0.0,1.0
measurement_missingness_concentration,confirmation,joint_gaussian_regularized_cluster,1.0,0.25,control_adjusted_contrast_pass,6000,5865,0.9775,0.022499999999999964
measurement_missingness_concentration,confirmation,joint_gaussian_regularized_cluster,1.0,0.25,control_specificity_pass,6000,5958,0.993,0.007000000000000006
measurement_missingness_concentration,confirmation,joint_gaussian_regularized_cluster,1.0,0.5,support_available_pass,6000,6000,1.0,0.0
measurement_missingness_concentration,confirmation,joint_gaussian_regularized_cluster,1.0,0.5,complement_admissible_pass,6000,6000,1.0,0.0
measurement_missingness_concentration,confirmation,joint_gaussian_regularized_cluster,1.0,0.5,effect_direction_reproduced_pass,6000,5998,0.9996666666666667,0.0003333333333332966
measurement_missingness_concentration,confirmation,joint_gaussian_regularized_cluster,1.0,0.5,target_contrast_positive_pass,6000,5998,0.9996666666666667,0.0003333333333332966
measurement_missingness_concentration,confirmation,joint_gaussian_regularized_cluster,1.0,0.5,minimum_effect_pass,6000,5989,0.9981666666666666,0.0018333333333333535
measurement_missingness_concentration,confirmation,joint_gaussian_regularized_cluster,1.0,0.5,cluster_uncertainty_pass,6000,1949,0.3248333333333333,0.6751666666666667
measurement_missingness_concentration,confirmation,joint_gaussian_regularized_cluster,1.0,0.5,raw_statistical_threshold_pass,6000,0,0.0,1.0
measurement_missingness_concentration,confirmation,joint_gaussian_regularized_cluster,1.0,0.5,multiplicity_adjusted_threshold_pass,6000,0,0.0,1.0
measurement_missingness_concentration,confirmation,joint_gaussian_regularized_cluster,1.0,0.5,control_adjusted_contrast_pass,6000,5198,0.8663333333333333,0.1336666666666667
measurement_missingness_concentration,confirmation,joint_gaussian_regularized_cluster,1.0,0.5,control_specificity_pass,6000,5641,0.9401666666666667,0.059833333333333294
measurement_missingness_concentration,confirmation,joint_gaussian_regularized_cluster,1.0,1.0,support_available_pass,6000,6000,1.0,0.0
measurement_missingness_concentration,confirmation,joint_gaussian_regularized_cluster,1.0,1.0,complement_admissible_pass,6000,6000,1.0,0.0
measurement_missingness_concentration,confirmation,joint_gaussian_regularized_cluster,1.0,1.0,effect_direction_reproduced_pass,6000,5998,0.9996666666666667,0.0003333333333332966
measurement_missingness_concentration,confirmation,joint_gaussian_regularized_cluster,1.0,1.0,target_contrast_positive_pass,6000,5998,0.9996666666666667,0.0003333333333332966
measurement_missingness_concentration,confirmation,joint_gaussian_regularized_cluster,1.0,1.0,minimum_effect_pass,6000,5993,0.9988333333333334,0.0011666666666666492
measurement_missingness_concentration,confirmation,joint_gaussian_regularized_cluster,1.0,1.0,cluster_uncertainty_pass,6000,1959,0.3265,0.6735
measurement_missingness_concentration,confirmation,joint_gaussian_regularized_cluster,1.0,1.0,raw_statistical_threshold_pass,6000,0,0.0,1.0
measurement_missingness_concentration,confirmation,joint_gaussian_regularized_cluster,1.0,1.0,multiplicity_adjusted_threshold_pass,6000,0,0.0,1.0
measurement_missingness_concentration,confirmation,joint_gaussian_regularized_cluster,1.0,1.0,control_adjusted_contrast_pass,6000,2167,0.3611666666666667,0.6388333333333334
measurement_missingness_concentration,confirmation,joint_gaussian_regularized_cluster,1.0,1.0,control_specificity_pass,6000,3361,0.5601666666666667,0.4398333333333333
measurement_missingness_concentration,confirmation,joint_gaussian_regularized_cluster,1.5,0.0,support_available_pass,6000,6000,1.0,0.0
measurement_missingness_concentration,confirmation,joint_gaussian_regularized_cluster,1.5,0.0,complement_admissible_pass,6000,6000,1.0,0.0
measurement_missingness_concentration,confirmation,joint_gaussian_regularized_cluster,1.5,0.0,effect_direction_reproduced_pass,6000,6000,1.0,0.0
measurement_missingness_concentration,confirmation,joint_gaussian_regularized_cluster,1.5,0.0,target_contrast_positive_pass,6000,6000,1.0,0.0
measurement_missingness_concentration,confirmation,joint_gaussian_regularized_cluster,1.5,0.0,minimum_effect_pass,6000,6000,1.0,0.0
measurement_missingness_concentration,confirmation,joint_gaussian_regularized_cluster,1.5,0.0,cluster_uncertainty_pass,6000,1997,0.3328333333333333,0.6671666666666667
measurement_missingness_concentration,confirmation,joint_gaussian_regularized_cluster,1.5,0.0,raw_statistical_threshold_pass,6000,0,0.0,1.0
measurement_missingness_concentration,confirmation,joint_gaussian_regularized_cluster,1.5,0.0,multiplicity_adjusted_threshold_pass,6000,0,0.0,1.0
measurement_missingness_concentration,confirmation,joint_gaussian_regularized_cluster,1.5,0.0,control_adjusted_contrast_pass,6000,6000,1.0,0.0
measurement_missingness_concentration,confirmation,joint_gaussian_regularized_cluster,1.5,0.0,control_specificity_pass,6000,6000,1.0,0.0
measurement_missingness_concentration,confirmation,joint_gaussian_regularized_cluster,1.5,0.25,support_available_pass,6000,6000,1.0,0.0
measurement_missingness_concentration,confirmation,joint_gaussian_regularized_cluster,1.5,0.25,complement_admissible_pass,6000,6000,1.0,0.0
measurement_missingness_concentration,confirmation,joint_gaussian_regularized_cluster,1.5,0.25,effect_direction_reproduced_pass,6000,6000,1.0,0.0
measurement_missingness_concentration,confirmation,joint_gaussian_regularized_cluster,1.5,0.25,target_contrast_positive_pass,6000,6000,1.0,0.0
measurement_missingness_concentration,confirmation,joint_gaussian_regularized_cluster,1.5,0.25,minimum_effect_pass,6000,6000,1.0,0.0
measurement_missingness_concentration,confirmation,joint_gaussian_regularized_cluster,1.5,0.25,cluster_uncertainty_pass,6000,1992,0.332,0.6679999999999999
measurement_missingness_concentration,confirmation,joint_gaussian_regularized_cluster,1.5,0.25,raw_statistical_threshold_pass,6000,0,0.0,1.0
measurement_missingness_concentration,confirmation,joint_gaussian_regularized_cluster,1.5,0.25,multiplicity_adjusted_threshold_pass,6000,0,0.0,1.0
measurement_missingness_concentration,confirmation,joint_gaussian_regularized_cluster,1.5,0.25,control_adjusted_contrast_pass,6000,5951,0.9918333333333333,0.008166666666666655
measurement_missingness_concentration,confirmation,joint_gaussian_regularized_cluster,1.5,0.25,control_specificity_pass,6000,5983,0.9971666666666666,0.0028333333333333544
measurement_missingness_concentration,confirmation,joint_gaussian_regularized_cluster,1.5,0.5,support_available_pass,6000,6000,1.0,0.0
measurement_missingness_concentration,confirmation,joint_gaussian_regularized_cluster,1.5,0.5,complement_admissible_pass,6000,6000,1.0,0.0
measurement_missingness_concentration,confirmation,joint_gaussian_regularized_cluster,1.5,0.5,effect_direction_reproduced_pass,6000,6000,1.0,0.0
measurement_missingness_concentration,confirmation,joint_gaussian_regularized_cluster,1.5,0.5,target_contrast_positive_pass,6000,6000,1.0,0.0
measurement_missingness_concentration,confirmation,joint_gaussian_regularized_cluster,1.5,0.5,minimum_effect_pass,6000,6000,1.0,0.0
measurement_missingness_concentration,confirmation,joint_gaussian_regularized_cluster,1.5,0.5,cluster_uncertainty_pass,6000,1997,0.3328333333333333,0.6671666666666667
measurement_missingness_concentration,confirmation,joint_gaussian_regularized_cluster,1.5,0.5,raw_statistical_threshold_pass,6000,0,0.0,1.0
measurement_missingness_concentration,confirmation,joint_gaussian_regularized_cluster,1.5,0.5,multiplicity_adjusted_threshold_pass,6000,0,0.0,1.0
measurement_missingness_concentration,confirmation,joint_gaussian_regularized_cluster,1.5,0.5,control_adjusted_contrast_pass,6000,5430,0.905,0.09499999999999997
measurement_missingness_concentration,confirmation,joint_gaussian_regularized_cluster,1.5,0.5,control_specificity_pass,6000,5740,0.9566666666666667,0.043333333333333335
measurement_missingness_concentration,confirmation,joint_gaussian_regularized_cluster,1.5,1.0,support_available_pass,6000,6000,1.0,0.0
measurement_missingness_concentration,confirmation,joint_gaussian_regularized_cluster,1.5,1.0,complement_admissible_pass,6000,6000,1.0,0.0
measurement_missingness_concentration,confirmation,joint_gaussian_regularized_cluster,1.5,1.0,effect_direction_reproduced_pass,6000,6000,1.0,0.0
measurement_missingness_concentration,confirmation,joint_gaussian_regularized_cluster,1.5,1.0,target_contrast_positive_pass,6000,6000,1.0,0.0
measurement_missingness_concentration,confirmation,joint_gaussian_regularized_cluster,1.5,1.0,minimum_effect_pass,6000,6000,1.0,0.0
measurement_missingness_concentration,confirmation,joint_gaussian_regularized_cluster,1.5,1.0,cluster_uncertainty_pass,6000,1995,0.3325,0.6675
measurement_missingness_concentration,confirmation,joint_gaussian_regularized_cluster,1.5,1.0,raw_statistical_threshold_pass,6000,0,0.0,1.0
measurement_missingness_concentration,confirmation,joint_gaussian_regularized_cluster,1.5,1.0,multiplicity_adjusted_threshold_pass,6000,0,0.0,1.0
measurement_missingness_concentration,confirmation,joint_gaussian_regularized_cluster,1.5,1.0,control_adjusted_contrast_pass,6000,2245,0.37416666666666665,0.6258333333333334
measurement_missingness_concentration,confirmation,joint_gaussian_regularized_cluster,1.5,1.0,control_specificity_pass,6000,3447,0.5745,0.4255
measurement_missingness_concentration,confirmation,joint_gaussian_regularized_cluster,2.0,0.0,support_available_pass,6000,6000,1.0,0.0
measurement_missingness_concentration,confirmation,joint_gaussian_regularized_cluster,2.0,0.0,complement_admissible_pass,6000,6000,1.0,0.0
measurement_missingness_concentration,confirmation,joint_gaussian_regularized_cluster,2.0,0.0,effect_direction_reproduced_pass,6000,6000,1.0,0.0
measurement_missingness_concentration,confirmation,joint_gaussian_regularized_cluster,2.0,0.0,target_contrast_positive_pass,6000,6000,1.0,0.0
measurement_missingness_concentration,confirmation,joint_gaussian_regularized_cluster,2.0,0.0,minimum_effect_pass,6000,6000,1.0,0.0
measurement_missingness_concentration,confirmation,joint_gaussian_regularized_cluster,2.0,0.0,cluster_uncertainty_pass,6000,1998,0.333,0.667
measurement_missingness_concentration,confirmation,joint_gaussian_regularized_cluster,2.0,0.0,raw_statistical_threshold_pass,6000,0,0.0,1.0
measurement_missingness_concentration,confirmation,joint_gaussian_regularized_cluster,2.0,0.0,multiplicity_adjusted_threshold_pass,6000,0,0.0,1.0
measurement_missingness_concentration,confirmation,joint_gaussian_regularized_cluster,2.0,0.0,control_adjusted_contrast_pass,6000,6000,1.0,0.0
measurement_missingness_concentration,confirmation,joint_gaussian_regularized_cluster,2.0,0.0,control_specificity_pass,6000,6000,1.0,0.0
measurement_missingness_concentration,confirmation,joint_gaussian_regularized_cluster,2.0,0.25,support_available_pass,6000,6000,1.0,0.0
measurement_missingness_concentration,confirmation,joint_gaussian_regularized_cluster,2.0,0.25,complement_admissible_pass,6000,6000,1.0,0.0
measurement_missingness_concentration,confirmation,joint_gaussian_regularized_cluster,2.0,0.25,effect_direction_reproduced_pass,6000,6000,1.0,0.0
measurement_missingness_concentration,confirmation,joint_gaussian_regularized_cluster,2.0,0.25,target_contrast_positive_pass,6000,6000,1.0,0.0
measurement_missingness_concentration,confirmation,joint_gaussian_regularized_cluster,2.0,0.25,minimum_effect_pass,6000,6000,1.0,0.0
measurement_missingness_concentration,confirmation,joint_gaussian_regularized_cluster,2.0,0.25,cluster_uncertainty_pass,6000,1999,0.33316666666666667,0.6668333333333334
measurement_missingness_concentration,confirmation,joint_gaussian_regularized_cluster,2.0,0.25,raw_statistical_threshold_pass,6000,0,0.0,1.0
measurement_missingness_concentration,confirmation,joint_gaussian_regularized_cluster,2.0,0.25,multiplicity_adjusted_threshold_pass,6000,0,0.0,1.0
measurement_missingness_concentration,confirmation,joint_gaussian_regularized_cluster,2.0,0.25,control_adjusted_contrast_pass,6000,5994,0.999,0.0010000000000000009
measurement_missingness_concentration,confirmation,joint_gaussian_regularized_cluster,2.0,0.25,control_specificity_pass,6000,5997,0.9995,0.0004999999999999449
measurement_missingness_concentration,confirmation,joint_gaussian_regularized_cluster,2.0,0.5,support_available_pass,6000,6000,1.0,0.0
measurement_missingness_concentration,confirmation,joint_gaussian_regularized_cluster,2.0,0.5,complement_admissible_pass,6000,6000,1.0,0.0
measurement_missingness_concentration,confirmation,joint_gaussian_regularized_cluster,2.0,0.5,effect_direction_reproduced_pass,6000,6000,1.0,0.0
measurement_missingness_concentration,confirmation,joint_gaussian_regularized_cluster,2.0,0.5,target_contrast_positive_pass,6000,6000,1.0,0.0
measurement_missingness_concentration,confirmation,joint_gaussian_regularized_cluster,2.0,0.5,minimum_effect_pass,6000,6000,1.0,0.0
measurement_missingness_concentration,confirmation,joint_gaussian_regularized_cluster,2.0,0.5,cluster_uncertainty_pass,6000,1998,0.333,0.667
measurement_missingness_concentration,confirmation,joint_gaussian_regularized_cluster,2.0,0.5,raw_statistical_threshold_pass,6000,0,0.0,1.0
measurement_missingness_concentration,confirmation,joint_gaussian_regularized_cluster,2.0,0.5,multiplicity_adjusted_threshold_pass,6000,0,0.0,1.0
measurement_missingness_concentration,confirmation,joint_gaussian_regularized_cluster,2.0,0.5,control_adjusted_contrast_pass,6000,5554,0.9256666666666666,0.07433333333333336
measurement_missingness_concentration,confirmation,joint_gaussian_regularized_cluster,2.0,0.5,control_specificity_pass,6000,5818,0.9696666666666667,0.030333333333333323
measurement_missingness_concentration,confirmation,joint_gaussian_regularized_cluster,2.0,1.0,support_available_pass,6000,6000,1.0,0.0
measurement_missingness_concentration,confirmation,joint_gaussian_regularized_cluster,2.0,1.0,complement_admissible_pass,6000,6000,1.0,0.0
measurement_missingness_concentration,confirmation,joint_gaussian_regularized_cluster,2.0,1.0,effect_direction_reproduced_pass,6000,6000,1.0,0.0
measurement_missingness_concentration,confirmation,joint_gaussian_regularized_cluster,2.0,1.0,target_contrast_positive_pass,6000,6000,1.0,0.0
measurement_missingness_concentration,confirmation,joint_gaussian_regularized_cluster,2.0,1.0,minimum_effect_pass,6000,6000,1.0,0.0
measurement_missingness_concentration,confirmation,joint_gaussian_regularized_cluster,2.0,1.0,cluster_uncertainty_pass,6000,1998,0.333,0.667
measurement_missingness_concentration,confirmation,joint_gaussian_regularized_cluster,2.0,1.0,raw_statistical_threshold_pass,6000,0,0.0,1.0
measurement_missingness_concentration,confirmation,joint_gaussian_regularized_cluster,2.0,1.0,multiplicity_adjusted_threshold_pass,6000,0,0.0,1.0
measurement_missingness_concentration,confirmation,joint_gaussian_regularized_cluster,2.0,1.0,control_adjusted_contrast_pass,6000,2075,0.3458333333333333,0.6541666666666667
measurement_missingness_concentration,confirmation,joint_gaussian_regularized_cluster,2.0,1.0,control_specificity_pass,6000,3340,0.5566666666666666,0.44333333333333336
measurement_missingness_concentration,confirmation,joint_wild_cluster_rademacher,0.0,0.0,support_available_pass,6000,6000,1.0,0.0
measurement_missingness_concentration,confirmation,joint_wild_cluster_rademacher,0.0,0.0,complement_admissible_pass,6000,6000,1.0,0.0
measurement_missingness_concentration,confirmation,joint_wild_cluster_rademacher,0.0,0.0,effect_direction_reproduced_pass,6000,0,0.0,1.0
measurement_missingness_concentration,confirmation,joint_wild_cluster_rademacher,0.0,0.0,target_contrast_positive_pass,6000,0,0.0,1.0
measurement_missingness_concentration,confirmation,joint_wild_cluster_rademacher,0.0,0.0,minimum_effect_pass,6000,0,0.0,1.0
measurement_missingness_concentration,confirmation,joint_wild_cluster_rademacher,0.0,0.0,cluster_uncertainty_pass,6000,0,0.0,1.0
measurement_missingness_concentration,confirmation,joint_wild_cluster_rademacher,0.0,0.0,raw_statistical_threshold_pass,6000,0,0.0,1.0
measurement_missingness_concentration,confirmation,joint_wild_cluster_rademacher,0.0,0.0,multiplicity_adjusted_threshold_pass,6000,0,0.0,1.0
measurement_missingness_concentration,confirmation,joint_wild_cluster_rademacher,0.0,0.0,control_adjusted_contrast_pass,6000,0,0.0,1.0
measurement_missingness_concentration,confirmation,joint_wild_cluster_rademacher,0.0,0.0,control_specificity_pass,6000,0,0.0,1.0
measurement_missingness_concentration,confirmation,joint_wild_cluster_rademacher,0.25,0.0,support_available_pass,6000,6000,1.0,0.0
measurement_missingness_concentration,confirmation,joint_wild_cluster_rademacher,0.25,0.0,complement_admissible_pass,6000,6000,1.0,0.0
measurement_missingness_concentration,confirmation,joint_wild_cluster_rademacher,0.25,0.0,effect_direction_reproduced_pass,6000,5493,0.9155,0.08450000000000002
measurement_missingness_concentration,confirmation,joint_wild_cluster_rademacher,0.25,0.0,target_contrast_positive_pass,6000,5493,0.9155,0.08450000000000002
measurement_missingness_concentration,confirmation,joint_wild_cluster_rademacher,0.25,0.0,minimum_effect_pass,6000,4526,0.7543333333333333,0.2456666666666667
measurement_missingness_concentration,confirmation,joint_wild_cluster_rademacher,0.25,0.0,cluster_uncertainty_pass,6000,978,0.163,0.837
measurement_missingness_concentration,confirmation,joint_wild_cluster_rademacher,0.25,0.0,raw_statistical_threshold_pass,6000,0,0.0,1.0
measurement_missingness_concentration,confirmation,joint_wild_cluster_rademacher,0.25,0.0,multiplicity_adjusted_threshold_pass,6000,0,0.0,1.0
measurement_missingness_concentration,confirmation,joint_wild_cluster_rademacher,0.25,0.0,control_adjusted_contrast_pass,6000,5356,0.8926666666666667,0.10733333333333328
measurement_missingness_concentration,confirmation,joint_wild_cluster_rademacher,0.25,0.0,control_specificity_pass,6000,5493,0.9155,0.08450000000000002
measurement_missingness_concentration,confirmation,joint_wild_cluster_rademacher,0.25,0.25,support_available_pass,6000,6000,1.0,0.0
measurement_missingness_concentration,confirmation,joint_wild_cluster_rademacher,0.25,0.25,complement_admissible_pass,6000,6000,1.0,0.0
measurement_missingness_concentration,confirmation,joint_wild_cluster_rademacher,0.25,0.25,effect_direction_reproduced_pass,6000,5545,0.9241666666666667,0.07583333333333331
measurement_missingness_concentration,confirmation,joint_wild_cluster_rademacher,0.25,0.25,target_contrast_positive_pass,6000,5545,0.9241666666666667,0.07583333333333331
measurement_missingness_concentration,confirmation,joint_wild_cluster_rademacher,0.25,0.25,minimum_effect_pass,6000,4586,0.7643333333333333,0.2356666666666667
measurement_missingness_concentration,confirmation,joint_wild_cluster_rademacher,0.25,0.25,cluster_uncertainty_pass,6000,951,0.1585,0.8415
measurement_missingness_concentration,confirmation,joint_wild_cluster_rademacher,0.25,0.25,raw_statistical_threshold_pass,6000,0,0.0,1.0
measurement_missingness_concentration,confirmation,joint_wild_cluster_rademacher,0.25,0.25,multiplicity_adjusted_threshold_pass,6000,0,0.0,1.0
measurement_missingness_concentration,confirmation,joint_wild_cluster_rademacher,0.25,0.25,control_adjusted_contrast_pass,6000,4747,0.7911666666666667,0.20883333333333332
measurement_missingness_concentration,confirmation,joint_wild_cluster_rademacher,0.25,0.25,control_specificity_pass,6000,5346,0.891,0.10899999999999999
measurement_missingness_concentration,confirmation,joint_wild_cluster_rademacher,0.25,0.5,support_available_pass,6000,6000,1.0,0.0
measurement_missingness_concentration,confirmation,joint_wild_cluster_rademacher,0.25,0.5,complement_admissible_pass,6000,6000,1.0,0.0
measurement_missingness_concentration,confirmation,joint_wild_cluster_rademacher,0.25,0.5,effect_direction_reproduced_pass,6000,5544,0.924,0.07599999999999996
measurement_missingness_concentration,confirmation,joint_wild_cluster_rademacher,0.25,0.5,target_contrast_positive_pass,6000,5544,0.924,0.07599999999999996
measurement_missingness_concentration,confirmation,joint_wild_cluster_rademacher,0.25,0.5,minimum_effect_pass,6000,4536,0.756,0.244
measurement_missingness_concentration,confirmation,joint_wild_cluster_rademacher,0.25,0.5,cluster_uncertainty_pass,6000,943,0.15716666666666668,0.8428333333333333
measurement_missingness_concentration,confirmation,joint_wild_cluster_rademacher,0.25,0.5,raw_statistical_threshold_pass,6000,0,0.0,1.0
measurement_missingness_concentration,confirmation,joint_wild_cluster_rademacher,0.25,0.5,multiplicity_adjusted_threshold_pass,6000,0,0.0,1.0
measurement_missingness_concentration,confirmation,joint_wild_cluster_rademacher,0.25,0.5,control_adjusted_contrast_pass,6000,3712,0.6186666666666667,0.3813333333333333
measurement_missingness_concentration,confirmation,joint_wild_cluster_rademacher,0.25,0.5,control_specificity_pass,6000,4742,0.7903333333333333,0.20966666666666667
measurement_missingness_concentration,confirmation,joint_wild_cluster_rademacher,0.25,1.0,support_available_pass,6000,6000,1.0,0.0
measurement_missingness_concentration,confirmation,joint_wild_cluster_rademacher,0.25,1.0,complement_admissible_pass,6000,6000,1.0,0.0
measurement_missingness_concentration,confirmation,joint_wild_cluster_rademacher,0.25,1.0,effect_direction_reproduced_pass,6000,5536,0.9226666666666666,0.07733333333333337
measurement_missingness_concentration,confirmation,joint_wild_cluster_rademacher,0.25,1.0,target_contrast_positive_pass,6000,5536,0.9226666666666666,0.07733333333333337
measurement_missingness_concentration,confirmation,joint_wild_cluster_rademacher,0.25,1.0,minimum_effect_pass,6000,4497,0.7495,0.25049999999999994
measurement_missingness_concentration,confirmation,joint_wild_cluster_rademacher,0.25,1.0,cluster_uncertainty_pass,6000,965,0.16083333333333333,0.8391666666666666
measurement_missingness_concentration,confirmation,joint_wild_cluster_rademacher,0.25,1.0,raw_statistical_threshold_pass,6000,0,0.0,1.0
measurement_missingness_concentration,confirmation,joint_wild_cluster_rademacher,0.25,1.0,multiplicity_adjusted_threshold_pass,6000,0,0.0,1.0
measurement_missingness_concentration,confirmation,joint_wild_cluster_rademacher,0.25,1.0,control_adjusted_contrast_pass,6000,1963,0.32716666666666666,0.6728333333333334
measurement_missingness_concentration,confirmation,joint_wild_cluster_rademacher,0.25,1.0,control_specificity_pass,6000,3215,0.5358333333333334,0.4641666666666666
measurement_missingness_concentration,confirmation,joint_wild_cluster_rademacher,0.5,0.0,support_available_pass,6000,6000,1.0,0.0
measurement_missingness_concentration,confirmation,joint_wild_cluster_rademacher,0.5,0.0,complement_admissible_pass,6000,6000,1.0,0.0
measurement_missingness_concentration,confirmation,joint_wild_cluster_rademacher,0.5,0.0,effect_direction_reproduced_pass,6000,5934,0.989,0.01100000000000001
measurement_missingness_concentration,confirmation,joint_wild_cluster_rademacher,0.5,0.0,target_contrast_positive_pass,6000,5934,0.989,0.01100000000000001
measurement_missingness_concentration,confirmation,joint_wild_cluster_rademacher,0.5,0.0,minimum_effect_pass,6000,5748,0.958,0.04200000000000004
measurement_missingness_concentration,confirmation,joint_wild_cluster_rademacher,0.5,0.0,cluster_uncertainty_pass,6000,1610,0.2683333333333333,0.7316666666666667
measurement_missingness_concentration,confirmation,joint_wild_cluster_rademacher,0.5,0.0,raw_statistical_threshold_pass,6000,0,0.0,1.0
measurement_missingness_concentration,confirmation,joint_wild_cluster_rademacher,0.5,0.0,multiplicity_adjusted_threshold_pass,6000,0,0.0,1.0
measurement_missingness_concentration,confirmation,joint_wild_cluster_rademacher,0.5,0.0,control_adjusted_contrast_pass,6000,5929,0.9881666666666666,0.011833333333333362
measurement_missingness_concentration,confirmation,joint_wild_cluster_rademacher,0.5,0.0,control_specificity_pass,6000,5934,0.989,0.01100000000000001
measurement_missingness_concentration,confirmation,joint_wild_cluster_rademacher,0.5,0.25,support_available_pass,6000,6000,1.0,0.0
measurement_missingness_concentration,confirmation,joint_wild_cluster_rademacher,0.5,0.25,complement_admissible_pass,6000,6000,1.0,0.0
measurement_missingness_concentration,confirmation,joint_wild_cluster_rademacher,0.5,0.25,effect_direction_reproduced_pass,6000,5947,0.9911666666666666,0.00883333333333336
measurement_missingness_concentration,confirmation,joint_wild_cluster_rademacher,0.5,0.25,target_contrast_positive_pass,6000,5947,0.9911666666666666,0.00883333333333336
measurement_missingness_concentration,confirmation,joint_wild_cluster_rademacher,0.5,0.25,minimum_effect_pass,6000,5772,0.962,0.038000000000000034
measurement_missingness_concentration,confirmation,joint_wild_cluster_rademacher,0.5,0.25,cluster_uncertainty_pass,6000,1607,0.2678333333333333,0.7321666666666666
measurement_missingness_concentration,confirmation,joint_wild_cluster_rademacher,0.5,0.25,raw_statistical_threshold_pass,6000,0,0.0,1.0
measurement_missingness_concentration,confirmation,joint_wild_cluster_rademacher,0.5,0.25,multiplicity_adjusted_threshold_pass,6000,0,0.0,1.0
measurement_missingness_concentration,confirmation,joint_wild_cluster_rademacher,0.5,0.25,control_adjusted_contrast_pass,6000,5505,0.9175,0.08250000000000002
measurement_missingness_concentration,confirmation,joint_wild_cluster_rademacher,0.5,0.25,control_specificity_pass,6000,5769,0.9615,0.03849999999999998
measurement_missingness_concentration,confirmation,joint_wild_cluster_rademacher,0.5,0.5,support_available_pass,6000,6000,1.0,0.0
measurement_missingness_concentration,confirmation,joint_wild_cluster_rademacher,0.5,0.5,complement_admissible_pass,6000,6000,1.0,0.0
measurement_missingness_concentration,confirmation,joint_wild_cluster_rademacher,0.5,0.5,effect_direction_reproduced_pass,6000,5929,0.9881666666666666,0.011833333333333362
measurement_missingness_concentration,confirmation,joint_wild_cluster_rademacher,0.5,0.5,target_contrast_positive_pass,6000,5929,0.9881666666666666,0.011833333333333362
measurement_missingness_concentration,confirmation,joint_wild_cluster_rademacher,0.5,0.5,minimum_effect_pass,6000,5763,0.9605,0.03949999999999998
measurement_missingness_concentration,confirmation,joint_wild_cluster_rademacher,0.5,0.5,cluster_uncertainty_pass,6000,1603,0.26716666666666666,0.7328333333333333
measurement_missingness_concentration,confirmation,joint_wild_cluster_rademacher,0.5,0.5,raw_statistical_threshold_pass,6000,0,0.0,1.0
measurement_missingness_concentration,confirmation,joint_wild_cluster_rademacher,0.5,0.5,multiplicity_adjusted_threshold_pass,6000,0,0.0,1.0
measurement_missingness_concentration,confirmation,joint_wild_cluster_rademacher,0.5,0.5,control_adjusted_contrast_pass,6000,4488,0.748,0.252
measurement_missingness_concentration,confirmation,joint_wild_cluster_rademacher,0.5,0.5,control_specificity_pass,6000,5201,0.8668333333333333,0.13316666666666666
measurement_missingness_concentration,confirmation,joint_wild_cluster_rademacher,0.5,1.0,support_available_pass,6000,6000,1.0,0.0
measurement_missingness_concentration,confirmation,joint_wild_cluster_rademacher,0.5,1.0,complement_admissible_pass,6000,6000,1.0,0.0
measurement_missingness_concentration,confirmation,joint_wild_cluster_rademacher,0.5,1.0,effect_direction_reproduced_pass,6000,5945,0.9908333333333333,0.009166666666666656
measurement_missingness_concentration,confirmation,joint_wild_cluster_rademacher,0.5,1.0,target_contrast_positive_pass,6000,5945,0.9908333333333333,0.009166666666666656
measurement_missingness_concentration,confirmation,joint_wild_cluster_rademacher,0.5,1.0,minimum_effect_pass,6000,5773,0.9621666666666666,0.037833333333333385
measurement_missingness_concentration,confirmation,joint_wild_cluster_rademacher,0.5,1.0,cluster_uncertainty_pass,6000,1612,0.26866666666666666,0.7313333333333334
measurement_missingness_concentration,confirmation,joint_wild_cluster_rademacher,0.5,1.0,raw_statistical_threshold_pass,6000,0,0.0,1.0
measurement_missingness_concentration,confirmation,joint_wild_cluster_rademacher,0.5,1.0,multiplicity_adjusted_threshold_pass,6000,0,0.0,1.0
measurement_missingness_concentration,confirmation,joint_wild_cluster_rademacher,0.5,1.0,control_adjusted_contrast_pass,6000,2101,0.3501666666666667,0.6498333333333333
measurement_missingness_concentration,confirmation,joint_wild_cluster_rademacher,0.5,1.0,control_specificity_pass,6000,3328,0.5546666666666666,0.44533333333333336
measurement_missingness_concentration,confirmation,joint_wild_cluster_rademacher,0.75,0.0,support_available_pass,6000,6000,1.0,0.0
measurement_missingness_concentration,confirmation,joint_wild_cluster_rademacher,0.75,0.0,complement_admissible_pass,6000,6000,1.0,0.0
measurement_missingness_concentration,confirmation,joint_wild_cluster_rademacher,0.75,0.0,effect_direction_reproduced_pass,6000,5994,0.999,0.0010000000000000009
measurement_missingness_concentration,confirmation,joint_wild_cluster_rademacher,0.75,0.0,target_contrast_positive_pass,6000,5994,0.999,0.0010000000000000009
measurement_missingness_concentration,confirmation,joint_wild_cluster_rademacher,0.75,0.0,minimum_effect_pass,6000,5960,0.9933333333333333,0.00666666666666671
measurement_missingness_concentration,confirmation,joint_wild_cluster_rademacher,0.75,0.0,cluster_uncertainty_pass,6000,1865,0.31083333333333335,0.6891666666666667
measurement_missingness_concentration,confirmation,joint_wild_cluster_rademacher,0.75,0.0,raw_statistical_threshold_pass,6000,0,0.0,1.0
measurement_missingness_concentration,confirmation,joint_wild_cluster_rademacher,0.75,0.0,multiplicity_adjusted_threshold_pass,6000,0,0.0,1.0
measurement_missingness_concentration,confirmation,joint_wild_cluster_rademacher,0.75,0.0,control_adjusted_contrast_pass,6000,5994,0.999,0.0010000000000000009
measurement_missingness_concentration,confirmation,joint_wild_cluster_rademacher,0.75,0.0,control_specificity_pass,6000,5994,0.999,0.0010000000000000009
measurement_missingness_concentration,confirmation,joint_wild_cluster_rademacher,0.75,0.25,support_available_pass,6000,6000,1.0,0.0
measurement_missingness_concentration,confirmation,joint_wild_cluster_rademacher,0.75,0.25,complement_admissible_pass,6000,6000,1.0,0.0
measurement_missingness_concentration,confirmation,joint_wild_cluster_rademacher,0.75,0.25,effect_direction_reproduced_pass,6000,5992,0.9986666666666667,0.0013333333333332975
measurement_missingness_concentration,confirmation,joint_wild_cluster_rademacher,0.75,0.25,target_contrast_positive_pass,6000,5992,0.9986666666666667,0.0013333333333332975
measurement_missingness_concentration,confirmation,joint_wild_cluster_rademacher,0.75,0.25,minimum_effect_pass,6000,5956,0.9926666666666667,0.007333333333333303
measurement_missingness_concentration,confirmation,joint_wild_cluster_rademacher,0.75,0.25,cluster_uncertainty_pass,6000,1865,0.31083333333333335,0.6891666666666667
measurement_missingness_concentration,confirmation,joint_wild_cluster_rademacher,0.75,0.25,raw_statistical_threshold_pass,6000,0,0.0,1.0
measurement_missingness_concentration,confirmation,joint_wild_cluster_rademacher,0.75,0.25,multiplicity_adjusted_threshold_pass,6000,0,0.0,1.0
measurement_missingness_concentration,confirmation,joint_wild_cluster_rademacher,0.75,0.25,control_adjusted_contrast_pass,6000,5740,0.9566666666666667,0.043333333333333335
measurement_missingness_concentration,confirmation,joint_wild_cluster_rademacher,0.75,0.25,control_specificity_pass,6000,5901,0.9835,0.01649999999999996
measurement_missingness_concentration,confirmation,joint_wild_cluster_rademacher,0.75,0.5,support_available_pass,6000,6000,1.0,0.0
measurement_missingness_concentration,confirmation,joint_wild_cluster_rademacher,0.75,0.5,complement_admissible_pass,6000,6000,1.0,0.0
measurement_missingness_concentration,confirmation,joint_wild_cluster_rademacher,0.75,0.5,effect_direction_reproduced_pass,6000,5990,0.9983333333333333,0.0016666666666667052
measurement_missingness_concentration,confirmation,joint_wild_cluster_rademacher,0.75,0.5,target_contrast_positive_pass,6000,5990,0.9983333333333333,0.0016666666666667052
measurement_missingness_concentration,confirmation,joint_wild_cluster_rademacher,0.75,0.5,minimum_effect_pass,6000,5959,0.9931666666666666,0.006833333333333358
measurement_missingness_concentration,confirmation,joint_wild_cluster_rademacher,0.75,0.5,cluster_uncertainty_pass,6000,1858,0.30966666666666665,0.6903333333333334
measurement_missingness_concentration,confirmation,joint_wild_cluster_rademacher,0.75,0.5,raw_statistical_threshold_pass,6000,0,0.0,1.0
measurement_missingness_concentration,confirmation,joint_wild_cluster_rademacher,0.75,0.5,multiplicity_adjusted_threshold_pass,6000,0,0.0,1.0
measurement_missingness_concentration,confirmation,joint_wild_cluster_rademacher,0.75,0.5,control_adjusted_contrast_pass,6000,4944,0.824,0.17600000000000005
measurement_missingness_concentration,confirmation,joint_wild_cluster_rademacher,0.75,0.5,control_specificity_pass,6000,5468,0.9113333333333333,0.08866666666666667
measurement_missingness_concentration,confirmation,joint_wild_cluster_rademacher,0.75,1.0,support_available_pass,6000,6000,1.0,0.0
measurement_missingness_concentration,confirmation,joint_wild_cluster_rademacher,0.75,1.0,complement_admissible_pass,6000,6000,1.0,0.0
measurement_missingness_concentration,confirmation,joint_wild_cluster_rademacher,0.75,1.0,effect_direction_reproduced_pass,6000,5988,0.998,0.0020000000000000018
measurement_missingness_concentration,confirmation,joint_wild_cluster_rademacher,0.75,1.0,target_contrast_positive_pass,6000,5988,0.998,0.0020000000000000018
measurement_missingness_concentration,confirmation,joint_wild_cluster_rademacher,0.75,1.0,minimum_effect_pass,6000,5957,0.9928333333333333,0.0071666666666666545
measurement_missingness_concentration,confirmation,joint_wild_cluster_rademacher,0.75,1.0,cluster_uncertainty_pass,6000,1870,0.31166666666666665,0.6883333333333334
measurement_missingness_concentration,confirmation,joint_wild_cluster_rademacher,0.75,1.0,raw_statistical_threshold_pass,6000,0,0.0,1.0
measurement_missingness_concentration,confirmation,joint_wild_cluster_rademacher,0.75,1.0,multiplicity_adjusted_threshold_pass,6000,0,0.0,1.0
measurement_missingness_concentration,confirmation,joint_wild_cluster_rademacher,0.75,1.0,control_adjusted_contrast_pass,6000,2221,0.37016666666666664,0.6298333333333334
measurement_missingness_concentration,confirmation,joint_wild_cluster_rademacher,0.75,1.0,control_specificity_pass,6000,3424,0.5706666666666667,0.42933333333333334
measurement_missingness_concentration,confirmation,joint_wild_cluster_rademacher,1.0,0.0,support_available_pass,6000,6000,1.0,0.0
measurement_missingness_concentration,confirmation,joint_wild_cluster_rademacher,1.0,0.0,complement_admissible_pass,6000,6000,1.0,0.0
measurement_missingness_concentration,confirmation,joint_wild_cluster_rademacher,1.0,0.0,effect_direction_reproduced_pass,6000,5999,0.9998333333333334,0.0001666666666666483
measurement_missingness_concentration,confirmation,joint_wild_cluster_rademacher,1.0,0.0,target_contrast_positive_pass,6000,5999,0.9998333333333334,0.0001666666666666483
measurement_missingness_concentration,confirmation,joint_wild_cluster_rademacher,1.0,0.0,minimum_effect_pass,6000,5993,0.9988333333333334,0.0011666666666666492
measurement_missingness_concentration,confirmation,joint_wild_cluster_rademacher,1.0,0.0,cluster_uncertainty_pass,6000,1948,0.32466666666666666,0.6753333333333333
measurement_missingness_concentration,confirmation,joint_wild_cluster_rademacher,1.0,0.0,raw_statistical_threshold_pass,6000,0,0.0,1.0
measurement_missingness_concentration,confirmation,joint_wild_cluster_rademacher,1.0,0.0,multiplicity_adjusted_threshold_pass,6000,0,0.0,1.0
measurement_missingness_concentration,confirmation,joint_wild_cluster_rademacher,1.0,0.0,control_adjusted_contrast_pass,6000,5999,0.9998333333333334,0.0001666666666666483
measurement_missingness_concentration,confirmation,joint_wild_cluster_rademacher,1.0,0.0,control_specificity_pass,6000,5999,0.9998333333333334,0.0001666666666666483
measurement_missingness_concentration,confirmation,joint_wild_cluster_rademacher,1.0,0.25,support_available_pass,6000,6000,1.0,0.0
measurement_missingness_concentration,confirmation,joint_wild_cluster_rademacher,1.0,0.25,complement_admissible_pass,6000,6000,1.0,0.0
measurement_missingness_concentration,confirmation,joint_wild_cluster_rademacher,1.0,0.25,effect_direction_reproduced_pass,6000,5999,0.9998333333333334,0.0001666666666666483
measurement_missingness_concentration,confirmation,joint_wild_cluster_rademacher,1.0,0.25,target_contrast_positive_pass,6000,5999,0.9998333333333334,0.0001666666666666483
measurement_missingness_concentration,confirmation,joint_wild_cluster_rademacher,1.0,0.25,minimum_effect_pass,6000,5994,0.999,0.0010000000000000009
measurement_missingness_concentration,confirmation,joint_wild_cluster_rademacher,1.0,0.25,cluster_uncertainty_pass,6000,1957,0.32616666666666666,0.6738333333333333
measurement_missingness_concentration,confirmation,joint_wild_cluster_rademacher,1.0,0.25,raw_statistical_threshold_pass,6000,0,0.0,1.0
measurement_missingness_concentration,confirmation,joint_wild_cluster_rademacher,1.0,0.25,multiplicity_adjusted_threshold_pass,6000,0,0.0,1.0
measurement_missingness_concentration,confirmation,joint_wild_cluster_rademacher,1.0,0.25,control_adjusted_contrast_pass,6000,5893,0.9821666666666666,0.017833333333333368
measurement_missingness_concentration,confirmation,joint_wild_cluster_rademacher,1.0,0.25,control_specificity_pass,6000,5954,0.9923333333333333,0.0076666666666667105
measurement_missingness_concentration,confirmation,joint_wild_cluster_rademacher,1.0,0.5,support_available_pass,6000,6000,1.0,0.0
measurement_missingness_concentration,confirmation,joint_wild_cluster_rademacher,1.0,0.5,complement_admissible_pass,6000,6000,1.0,0.0
measurement_missingness_concentration,confirmation,joint_wild_cluster_rademacher,1.0,0.5,effect_direction_reproduced_pass,6000,5998,0.9996666666666667,0.0003333333333332966
measurement_missingness_concentration,confirmation,joint_wild_cluster_rademacher,1.0,0.5,target_contrast_positive_pass,6000,5998,0.9996666666666667,0.0003333333333332966
measurement_missingness_concentration,confirmation,joint_wild_cluster_rademacher,1.0,0.5,minimum_effect_pass,6000,5992,0.9986666666666667,0.0013333333333332975
measurement_missingness_concentration,confirmation,joint_wild_cluster_rademacher,1.0,0.5,cluster_uncertainty_pass,6000,1947,0.3245,0.6755
measurement_missingness_concentration,confirmation,joint_wild_cluster_rademacher,1.0,0.5,raw_statistical_threshold_pass,6000,0,0.0,1.0
measurement_missingness_concentration,confirmation,joint_wild_cluster_rademacher,1.0,0.5,multiplicity_adjusted_threshold_pass,6000,0,0.0,1.0
measurement_missingness_concentration,confirmation,joint_wild_cluster_rademacher,1.0,0.5,control_adjusted_contrast_pass,6000,5155,0.8591666666666666,0.14083333333333337
measurement_missingness_concentration,confirmation,joint_wild_cluster_rademacher,1.0,0.5,control_specificity_pass,6000,5609,0.9348333333333333,0.0651666666666667
measurement_missingness_concentration,confirmation,joint_wild_cluster_rademacher,1.0,1.0,support_available_pass,6000,6000,1.0,0.0
measurement_missingness_concentration,confirmation,joint_wild_cluster_rademacher,1.0,1.0,complement_admissible_pass,6000,6000,1.0,0.0
measurement_missingness_concentration,confirmation,joint_wild_cluster_rademacher,1.0,1.0,effect_direction_reproduced_pass,6000,5999,0.9998333333333334,0.0001666666666666483
measurement_missingness_concentration,confirmation,joint_wild_cluster_rademacher,1.0,1.0,target_contrast_positive_pass,6000,5999,0.9998333333333334,0.0001666666666666483
measurement_missingness_concentration,confirmation,joint_wild_cluster_rademacher,1.0,1.0,minimum_effect_pass,6000,5998,0.9996666666666667,0.0003333333333332966
measurement_missingness_concentration,confirmation,joint_wild_cluster_rademacher,1.0,1.0,cluster_uncertainty_pass,6000,1943,0.3238333333333333,0.6761666666666667
measurement_missingness_concentration,confirmation,joint_wild_cluster_rademacher,1.0,1.0,raw_statistical_threshold_pass,6000,0,0.0,1.0
measurement_missingness_concentration,confirmation,joint_wild_cluster_rademacher,1.0,1.0,multiplicity_adjusted_threshold_pass,6000,0,0.0,1.0
measurement_missingness_concentration,confirmation,joint_wild_cluster_rademacher,1.0,1.0,control_adjusted_contrast_pass,6000,2239,0.37316666666666665,0.6268333333333334
measurement_missingness_concentration,confirmation,joint_wild_cluster_rademacher,1.0,1.0,control_specificity_pass,6000,3384,0.564,0.43600000000000005
measurement_missingness_concentration,confirmation,joint_wild_cluster_rademacher,1.5,0.0,support_available_pass,6000,6000,1.0,0.0
measurement_missingness_concentration,confirmation,joint_wild_cluster_rademacher,1.5,0.0,complement_admissible_pass,6000,6000,1.0,0.0
measurement_missingness_concentration,confirmation,joint_wild_cluster_rademacher,1.5,0.0,effect_direction_reproduced_pass,6000,6000,1.0,0.0
measurement_missingness_concentration,confirmation,joint_wild_cluster_rademacher,1.5,0.0,target_contrast_positive_pass,6000,6000,1.0,0.0
measurement_missingness_concentration,confirmation,joint_wild_cluster_rademacher,1.5,0.0,minimum_effect_pass,6000,6000,1.0,0.0
measurement_missingness_concentration,confirmation,joint_wild_cluster_rademacher,1.5,0.0,cluster_uncertainty_pass,6000,1990,0.33166666666666667,0.6683333333333333
measurement_missingness_concentration,confirmation,joint_wild_cluster_rademacher,1.5,0.0,raw_statistical_threshold_pass,6000,0,0.0,1.0
measurement_missingness_concentration,confirmation,joint_wild_cluster_rademacher,1.5,0.0,multiplicity_adjusted_threshold_pass,6000,0,0.0,1.0
measurement_missingness_concentration,confirmation,joint_wild_cluster_rademacher,1.5,0.0,control_adjusted_contrast_pass,6000,6000,1.0,0.0
measurement_missingness_concentration,confirmation,joint_wild_cluster_rademacher,1.5,0.0,control_specificity_pass,6000,6000,1.0,0.0
measurement_missingness_concentration,confirmation,joint_wild_cluster_rademacher,1.5,0.25,support_available_pass,6000,6000,1.0,0.0
measurement_missingness_concentration,confirmation,joint_wild_cluster_rademacher,1.5,0.25,complement_admissible_pass,6000,6000,1.0,0.0
measurement_missingness_concentration,confirmation,joint_wild_cluster_rademacher,1.5,0.25,effect_direction_reproduced_pass,6000,6000,1.0,0.0
measurement_missingness_concentration,confirmation,joint_wild_cluster_rademacher,1.5,0.25,target_contrast_positive_pass,6000,6000,1.0,0.0
measurement_missingness_concentration,confirmation,joint_wild_cluster_rademacher,1.5,0.25,minimum_effect_pass,6000,6000,1.0,0.0
measurement_missingness_concentration,confirmation,joint_wild_cluster_rademacher,1.5,0.25,cluster_uncertainty_pass,6000,1998,0.333,0.667
measurement_missingness_concentration,confirmation,joint_wild_cluster_rademacher,1.5,0.25,raw_statistical_threshold_pass,6000,0,0.0,1.0
measurement_missingness_concentration,confirmation,joint_wild_cluster_rademacher,1.5,0.25,multiplicity_adjusted_threshold_pass,6000,0,0.0,1.0
measurement_missingness_concentration,confirmation,joint_wild_cluster_rademacher,1.5,0.25,control_adjusted_contrast_pass,6000,5963,0.9938333333333333,0.006166666666666654
measurement_missingness_concentration,confirmation,joint_wild_cluster_rademacher,1.5,0.25,control_specificity_pass,6000,5982,0.997,0.0030000000000000027
measurement_missingness_concentration,confirmation,joint_wild_cluster_rademacher,1.5,0.5,support_available_pass,6000,6000,1.0,0.0
measurement_missingness_concentration,confirmation,joint_wild_cluster_rademacher,1.5,0.5,complement_admissible_pass,6000,6000,1.0,0.0
measurement_missingness_concentration,confirmation,joint_wild_cluster_rademacher,1.5,0.5,effect_direction_reproduced_pass,6000,6000,1.0,0.0
measurement_missingness_concentration,confirmation,joint_wild_cluster_rademacher,1.5,0.5,target_contrast_positive_pass,6000,6000,1.0,0.0
measurement_missingness_concentration,confirmation,joint_wild_cluster_rademacher,1.5,0.5,minimum_effect_pass,6000,5999,0.9998333333333334,0.0001666666666666483
measurement_missingness_concentration,confirmation,joint_wild_cluster_rademacher,1.5,0.5,cluster_uncertainty_pass,6000,1991,0.3318333333333333,0.6681666666666667
measurement_missingness_concentration,confirmation,joint_wild_cluster_rademacher,1.5,0.5,raw_statistical_threshold_pass,6000,0,0.0,1.0
measurement_missingness_concentration,confirmation,joint_wild_cluster_rademacher,1.5,0.5,multiplicity_adjusted_threshold_pass,6000,0,0.0,1.0
measurement_missingness_concentration,confirmation,joint_wild_cluster_rademacher,1.5,0.5,control_adjusted_contrast_pass,6000,5436,0.906,0.09399999999999997
measurement_missingness_concentration,confirmation,joint_wild_cluster_rademacher,1.5,0.5,control_specificity_pass,6000,5735,0.9558333333333333,0.04416666666666669
measurement_missingness_concentration,confirmation,joint_wild_cluster_rademacher,1.5,1.0,support_available_pass,6000,6000,1.0,0.0
measurement_missingness_concentration,confirmation,joint_wild_cluster_rademacher,1.5,1.0,complement_admissible_pass,6000,6000,1.0,0.0
measurement_missingness_concentration,confirmation,joint_wild_cluster_rademacher,1.5,1.0,effect_direction_reproduced_pass,6000,6000,1.0,0.0
measurement_missingness_concentration,confirmation,joint_wild_cluster_rademacher,1.5,1.0,target_contrast_positive_pass,6000,6000,1.0,0.0
measurement_missingness_concentration,confirmation,joint_wild_cluster_rademacher,1.5,1.0,minimum_effect_pass,6000,5999,0.9998333333333334,0.0001666666666666483
measurement_missingness_concentration,confirmation,joint_wild_cluster_rademacher,1.5,1.0,cluster_uncertainty_pass,6000,1999,0.33316666666666667,0.6668333333333334
measurement_missingness_concentration,confirmation,joint_wild_cluster_rademacher,1.5,1.0,raw_statistical_threshold_pass,6000,0,0.0,1.0
measurement_missingness_concentration,confirmation,joint_wild_cluster_rademacher,1.5,1.0,multiplicity_adjusted_threshold_pass,6000,0,0.0,1.0
measurement_missingness_concentration,confirmation,joint_wild_cluster_rademacher,1.5,1.0,control_adjusted_contrast_pass,6000,2174,0.36233333333333334,0.6376666666666666
measurement_missingness_concentration,confirmation,joint_wild_cluster_rademacher,1.5,1.0,control_specificity_pass,6000,3458,0.5763333333333334,0.42366666666666664
measurement_missingness_concentration,confirmation,joint_wild_cluster_rademacher,2.0,0.0,support_available_pass,6000,6000,1.0,0.0
measurement_missingness_concentration,confirmation,joint_wild_cluster_rademacher,2.0,0.0,complement_admissible_pass,6000,6000,1.0,0.0
measurement_missingness_concentration,confirmation,joint_wild_cluster_rademacher,2.0,0.0,effect_direction_reproduced_pass,6000,6000,1.0,0.0
measurement_missingness_concentration,confirmation,joint_wild_cluster_rademacher,2.0,0.0,target_contrast_positive_pass,6000,6000,1.0,0.0
measurement_missingness_concentration,confirmation,joint_wild_cluster_rademacher,2.0,0.0,minimum_effect_pass,6000,6000,1.0,0.0
measurement_missingness_concentration,confirmation,joint_wild_cluster_rademacher,2.0,0.0,cluster_uncertainty_pass,6000,1999,0.33316666666666667,0.6668333333333334
measurement_missingness_concentration,confirmation,joint_wild_cluster_rademacher,2.0,0.0,raw_statistical_threshold_pass,6000,0,0.0,1.0
measurement_missingness_concentration,confirmation,joint_wild_cluster_rademacher,2.0,0.0,multiplicity_adjusted_threshold_pass,6000,0,0.0,1.0
measurement_missingness_concentration,confirmation,joint_wild_cluster_rademacher,2.0,0.0,control_adjusted_contrast_pass,6000,6000,1.0,0.0
measurement_missingness_concentration,confirmation,joint_wild_cluster_rademacher,2.0,0.0,control_specificity_pass,6000,6000,1.0,0.0
measurement_missingness_concentration,confirmation,joint_wild_cluster_rademacher,2.0,0.25,support_available_pass,6000,6000,1.0,0.0
measurement_missingness_concentration,confirmation,joint_wild_cluster_rademacher,2.0,0.25,complement_admissible_pass,6000,6000,1.0,0.0
measurement_missingness_concentration,confirmation,joint_wild_cluster_rademacher,2.0,0.25,effect_direction_reproduced_pass,6000,6000,1.0,0.0
measurement_missingness_concentration,confirmation,joint_wild_cluster_rademacher,2.0,0.25,target_contrast_positive_pass,6000,6000,1.0,0.0
measurement_missingness_concentration,confirmation,joint_wild_cluster_rademacher,2.0,0.25,minimum_effect_pass,6000,6000,1.0,0.0
measurement_missingness_concentration,confirmation,joint_wild_cluster_rademacher,2.0,0.25,cluster_uncertainty_pass,6000,2000,0.3333333333333333,0.6666666666666667
measurement_missingness_concentration,confirmation,joint_wild_cluster_rademacher,2.0,0.25,raw_statistical_threshold_pass,6000,0,0.0,1.0
measurement_missingness_concentration,confirmation,joint_wild_cluster_rademacher,2.0,0.25,multiplicity_adjusted_threshold_pass,6000,0,0.0,1.0
measurement_missingness_concentration,confirmation,joint_wild_cluster_rademacher,2.0,0.25,control_adjusted_contrast_pass,6000,5984,0.9973333333333333,0.002666666666666706
measurement_missingness_concentration,confirmation,joint_wild_cluster_rademacher,2.0,0.25,control_specificity_pass,6000,5996,0.9993333333333333,0.0006666666666667043
measurement_missingness_concentration,confirmation,joint_wild_cluster_rademacher,2.0,0.5,support_available_pass,6000,6000,1.0,0.0
measurement_missingness_concentration,confirmation,joint_wild_cluster_rademacher,2.0,0.5,complement_admissible_pass,6000,6000,1.0,0.0
measurement_missingness_concentration,confirmation,joint_wild_cluster_rademacher,2.0,0.5,effect_direction_reproduced_pass,6000,6000,1.0,0.0
measurement_missingness_concentration,confirmation,joint_wild_cluster_rademacher,2.0,0.5,target_contrast_positive_pass,6000,6000,1.0,0.0
measurement_missingness_concentration,confirmation,joint_wild_cluster_rademacher,2.0,0.5,minimum_effect_pass,6000,6000,1.0,0.0
measurement_missingness_concentration,confirmation,joint_wild_cluster_rademacher,2.0,0.5,cluster_uncertainty_pass,6000,1999,0.33316666666666667,0.6668333333333334
measurement_missingness_concentration,confirmation,joint_wild_cluster_rademacher,2.0,0.5,raw_statistical_threshold_pass,6000,0,0.0,1.0
measurement_missingness_concentration,confirmation,joint_wild_cluster_rademacher,2.0,0.5,multiplicity_adjusted_threshold_pass,6000,0,0.0,1.0
measurement_missingness_concentration,confirmation,joint_wild_cluster_rademacher,2.0,0.5,control_adjusted_contrast_pass,6000,5551,0.9251666666666667,0.07483333333333331
measurement_missingness_concentration,confirmation,joint_wild_cluster_rademacher,2.0,0.5,control_specificity_pass,6000,5793,0.9655,0.034499999999999975
measurement_missingness_concentration,confirmation,joint_wild_cluster_rademacher,2.0,1.0,support_available_pass,6000,6000,1.0,0.0
measurement_missingness_concentration,confirmation,joint_wild_cluster_rademacher,2.0,1.0,complement_admissible_pass,6000,6000,1.0,0.0
measurement_missingness_concentration,confirmation,joint_wild_cluster_rademacher,2.0,1.0,effect_direction_reproduced_pass,6000,6000,1.0,0.0
measurement_missingness_concentration,confirmation,joint_wild_cluster_rademacher,2.0,1.0,target_contrast_positive_pass,6000,6000,1.0,0.0
measurement_missingness_concentration,confirmation,joint_wild_cluster_rademacher,2.0,1.0,minimum_effect_pass,6000,6000,1.0,0.0
measurement_missingness_concentration,confirmation,joint_wild_cluster_rademacher,2.0,1.0,cluster_uncertainty_pass,6000,1998,0.333,0.667
measurement_missingness_concentration,confirmation,joint_wild_cluster_rademacher,2.0,1.0,raw_statistical_threshold_pass,6000,0,0.0,1.0
measurement_missingness_concentration,confirmation,joint_wild_cluster_rademacher,2.0,1.0,multiplicity_adjusted_threshold_pass,6000,0,0.0,1.0
measurement_missingness_concentration,confirmation,joint_wild_cluster_rademacher,2.0,1.0,control_adjusted_contrast_pass,6000,2086,0.3476666666666667,0.6523333333333333
measurement_missingness_concentration,confirmation,joint_wild_cluster_rademacher,2.0,1.0,control_specificity_pass,6000,3339,0.5565,0.4435
measurement_missingness_concentration,discovery,joint_gaussian_regularized_cluster,0.0,0.0,support_available_pass,6000,6000,1.0,0.0
measurement_missingness_concentration,discovery,joint_gaussian_regularized_cluster,0.0,0.0,complement_admissible_pass,6000,6000,1.0,0.0
measurement_missingness_concentration,discovery,joint_gaussian_regularized_cluster,0.0,0.0,effect_direction_reproduced_pass,6000,0,0.0,1.0
measurement_missingness_concentration,discovery,joint_gaussian_regularized_cluster,0.0,0.0,target_contrast_positive_pass,6000,0,0.0,1.0
measurement_missingness_concentration,discovery,joint_gaussian_regularized_cluster,0.0,0.0,minimum_effect_pass,6000,0,0.0,1.0
measurement_missingness_concentration,discovery,joint_gaussian_regularized_cluster,0.0,0.0,cluster_uncertainty_pass,6000,0,0.0,1.0
measurement_missingness_concentration,discovery,joint_gaussian_regularized_cluster,0.0,0.0,raw_statistical_threshold_pass,6000,0,0.0,1.0
measurement_missingness_concentration,discovery,joint_gaussian_regularized_cluster,0.0,0.0,multiplicity_adjusted_threshold_pass,6000,0,0.0,1.0
measurement_missingness_concentration,discovery,joint_gaussian_regularized_cluster,0.0,0.0,control_adjusted_contrast_pass,6000,0,0.0,1.0
measurement_missingness_concentration,discovery,joint_gaussian_regularized_cluster,0.0,0.0,control_specificity_pass,6000,0,0.0,1.0
measurement_missingness_concentration,discovery,joint_gaussian_regularized_cluster,0.25,0.0,support_available_pass,6000,6000,1.0,0.0
measurement_missingness_concentration,discovery,joint_gaussian_regularized_cluster,0.25,0.0,complement_admissible_pass,6000,6000,1.0,0.0
measurement_missingness_concentration,discovery,joint_gaussian_regularized_cluster,0.25,0.0,effect_direction_reproduced_pass,6000,5650,0.9416666666666667,0.05833333333333335
measurement_missingness_concentration,discovery,joint_gaussian_regularized_cluster,0.25,0.0,target_contrast_positive_pass,6000,5650,0.9416666666666667,0.05833333333333335
measurement_missingness_concentration,discovery,joint_gaussian_regularized_cluster,0.25,0.0,minimum_effect_pass,6000,4742,0.7903333333333333,0.20966666666666667
measurement_missingness_concentration,discovery,joint_gaussian_regularized_cluster,0.25,0.0,cluster_uncertainty_pass,6000,1171,0.19516666666666665,0.8048333333333333
measurement_missingness_concentration,discovery,joint_gaussian_regularized_cluster,0.25,0.0,raw_statistical_threshold_pass,6000,0,0.0,1.0
measurement_missingness_concentration,discovery,joint_gaussian_regularized_cluster,0.25,0.0,multiplicity_adjusted_threshold_pass,6000,0,0.0,1.0
measurement_missingness_concentration,discovery,joint_gaussian_regularized_cluster,0.25,0.0,control_adjusted_contrast_pass,6000,5470,0.9116666666666666,0.08833333333333337
measurement_missingness_concentration,discovery,joint_gaussian_regularized_cluster,0.25,0.0,control_specificity_pass,6000,5650,0.9416666666666667,0.05833333333333335
measurement_missingness_concentration,discovery,joint_gaussian_regularized_cluster,0.25,0.25,support_available_pass,6000,6000,1.0,0.0
measurement_missingness_concentration,discovery,joint_gaussian_regularized_cluster,0.25,0.25,complement_admissible_pass,6000,6000,1.0,0.0
measurement_missingness_concentration,discovery,joint_gaussian_regularized_cluster,0.25,0.25,effect_direction_reproduced_pass,6000,5653,0.9421666666666667,0.05783333333333329
measurement_missingness_concentration,discovery,joint_gaussian_regularized_cluster,0.25,0.25,target_contrast_positive_pass,6000,5653,0.9421666666666667,0.05783333333333329
measurement_missingness_concentration,discovery,joint_gaussian_regularized_cluster,0.25,0.25,minimum_effect_pass,6000,4775,0.7958333333333333,0.20416666666666672
measurement_missingness_concentration,discovery,joint_gaussian_regularized_cluster,0.25,0.25,cluster_uncertainty_pass,6000,1193,0.19883333333333333,0.8011666666666667
measurement_missingness_concentration,discovery,joint_gaussian_regularized_cluster,0.25,0.25,raw_statistical_threshold_pass,6000,0,0.0,1.0
measurement_missingness_concentration,discovery,joint_gaussian_regularized_cluster,0.25,0.25,multiplicity_adjusted_threshold_pass,6000,0,0.0,1.0
measurement_missingness_concentration,discovery,joint_gaussian_regularized_cluster,0.25,0.25,control_adjusted_contrast_pass,6000,4833,0.8055,0.1945
measurement_missingness_concentration,discovery,joint_gaussian_regularized_cluster,0.25,0.25,control_specificity_pass,6000,5442,0.907,0.09299999999999997
measurement_missingness_concentration,discovery,joint_gaussian_regularized_cluster,0.25,0.5,support_available_pass,6000,6000,1.0,0.0
measurement_missingness_concentration,discovery,joint_gaussian_regularized_cluster,0.25,0.5,complement_admissible_pass,6000,6000,1.0,0.0
measurement_missingness_concentration,discovery,joint_gaussian_regularized_cluster,0.25,0.5,effect_direction_reproduced_pass,6000,5691,0.9485,0.05149999999999999
measurement_missingness_concentration,discovery,joint_gaussian_regularized_cluster,0.25,0.5,target_contrast_positive_pass,6000,5691,0.9485,0.05149999999999999
measurement_missingness_concentration,discovery,joint_gaussian_regularized_cluster,0.25,0.5,minimum_effect_pass,6000,4797,0.7995,0.2005
measurement_missingness_concentration,discovery,joint_gaussian_regularized_cluster,0.25,0.5,cluster_uncertainty_pass,6000,1169,0.19483333333333333,0.8051666666666667
measurement_missingness_concentration,discovery,joint_gaussian_regularized_cluster,0.25,0.5,raw_statistical_threshold_pass,6000,0,0.0,1.0
measurement_missingness_concentration,discovery,joint_gaussian_regularized_cluster,0.25,0.5,multiplicity_adjusted_threshold_pass,6000,0,0.0,1.0
measurement_missingness_concentration,discovery,joint_gaussian_regularized_cluster,0.25,0.5,control_adjusted_contrast_pass,6000,3737,0.6228333333333333,0.37716666666666665
measurement_missingness_concentration,discovery,joint_gaussian_regularized_cluster,0.25,0.5,control_specificity_pass,6000,4846,0.8076666666666666,0.19233333333333336
measurement_missingness_concentration,discovery,joint_gaussian_regularized_cluster,0.25,1.0,support_available_pass,6000,6000,1.0,0.0
measurement_missingness_concentration,discovery,joint_gaussian_regularized_cluster,0.25,1.0,complement_admissible_pass,6000,6000,1.0,0.0
measurement_missingness_concentration,discovery,joint_gaussian_regularized_cluster,0.25,1.0,effect_direction_reproduced_pass,6000,5685,0.9475,0.05249999999999999
measurement_missingness_concentration,discovery,joint_gaussian_regularized_cluster,0.25,1.0,target_contrast_positive_pass,6000,5685,0.9475,0.05249999999999999
measurement_missingness_concentration,discovery,joint_gaussian_regularized_cluster,0.25,1.0,minimum_effect_pass,6000,4737,0.7895,0.21050000000000002
measurement_missingness_concentration,discovery,joint_gaussian_regularized_cluster,0.25,1.0,cluster_uncertainty_pass,6000,1165,0.19416666666666665,0.8058333333333334
measurement_missingness_concentration,discovery,joint_gaussian_regularized_cluster,0.25,1.0,raw_statistical_threshold_pass,6000,0,0.0,1.0
measurement_missingness_concentration,discovery,joint_gaussian_regularized_cluster,0.25,1.0,multiplicity_adjusted_threshold_pass,6000,0,0.0,1.0
measurement_missingness_concentration,discovery,joint_gaussian_regularized_cluster,0.25,1.0,control_adjusted_contrast_pass,6000,1934,0.32233333333333336,0.6776666666666666
measurement_missingness_concentration,discovery,joint_gaussian_regularized_cluster,0.25,1.0,control_specificity_pass,6000,3214,0.5356666666666666,0.4643333333333334
measurement_missingness_concentration,discovery,joint_gaussian_regularized_cluster,0.5,0.0,support_available_pass,6000,6000,1.0,0.0
measurement_missingness_concentration,discovery,joint_gaussian_regularized_cluster,0.5,0.0,complement_admissible_pass,6000,6000,1.0,0.0
measurement_missingness_concentration,discovery,joint_gaussian_regularized_cluster,0.5,0.0,effect_direction_reproduced_pass,6000,5966,0.9943333333333333,0.005666666666666709
measurement_missingness_concentration,discovery,joint_gaussian_regularized_cluster,0.5,0.0,target_contrast_positive_pass,6000,5966,0.9943333333333333,0.005666666666666709
measurement_missingness_concentration,discovery,joint_gaussian_regularized_cluster,0.5,0.0,minimum_effect_pass,6000,5886,0.981,0.019000000000000017
measurement_missingness_concentration,discovery,joint_gaussian_regularized_cluster,0.5,0.0,cluster_uncertainty_pass,6000,1732,0.2886666666666667,0.7113333333333334
measurement_missingness_concentration,discovery,joint_gaussian_regularized_cluster,0.5,0.0,raw_statistical_threshold_pass,6000,0,0.0,1.0
measurement_missingness_concentration,discovery,joint_gaussian_regularized_cluster,0.5,0.0,multiplicity_adjusted_threshold_pass,6000,0,0.0,1.0
measurement_missingness_concentration,discovery,joint_gaussian_regularized_cluster,0.5,0.0,control_adjusted_contrast_pass,6000,5956,0.9926666666666667,0.007333333333333303
measurement_missingness_concentration,discovery,joint_gaussian_regularized_cluster,0.5,0.0,control_specificity_pass,6000,5966,0.9943333333333333,0.005666666666666709
measurement_missingness_concentration,discovery,joint_gaussian_regularized_cluster,0.5,0.25,support_available_pass,6000,6000,1.0,0.0
measurement_missingness_concentration,discovery,joint_gaussian_regularized_cluster,0.5,0.25,complement_admissible_pass,6000,6000,1.0,0.0
measurement_missingness_concentration,discovery,joint_gaussian_regularized_cluster,0.5,0.25,effect_direction_reproduced_pass,6000,5970,0.995,0.0050000000000000044
measurement_missingness_concentration,discovery,joint_gaussian_regularized_cluster,0.5,0.25,target_contrast_positive_pass,6000,5970,0.995,0.0050000000000000044
measurement_missingness_concentration,discovery,joint_gaussian_regularized_cluster,0.5,0.25,minimum_effect_pass,6000,5862,0.977,0.02300000000000002
measurement_missingness_concentration,discovery,joint_gaussian_regularized_cluster,0.5,0.25,cluster_uncertainty_pass,6000,1744,0.2906666666666667,0.7093333333333334
measurement_missingness_concentration,discovery,joint_gaussian_regularized_cluster,0.5,0.25,raw_statistical_threshold_pass,6000,0,0.0,1.0
measurement_missingness_concentration,discovery,joint_gaussian_regularized_cluster,0.5,0.25,multiplicity_adjusted_threshold_pass,6000,0,0.0,1.0
measurement_missingness_concentration,discovery,joint_gaussian_regularized_cluster,0.5,0.25,control_adjusted_contrast_pass,6000,5568,0.928,0.07199999999999995
measurement_missingness_concentration,discovery,joint_gaussian_regularized_cluster,0.5,0.25,control_specificity_pass,6000,5825,0.9708333333333333,0.029166666666666674
measurement_missingness_concentration,discovery,joint_gaussian_regularized_cluster,0.5,0.5,support_available_pass,6000,6000,1.0,0.0
measurement_missingness_concentration,discovery,joint_gaussian_regularized_cluster,0.5,0.5,complement_admissible_pass,6000,6000,1.0,0.0
measurement_missingness_concentration,discovery,joint_gaussian_regularized_cluster,0.5,0.5,effect_direction_reproduced_pass,6000,5967,0.9945,0.005499999999999949
measurement_missingness_concentration,discovery,joint_gaussian_regularized_cluster,0.5,0.5,target_contrast_positive_pass,6000,5967,0.9945,0.005499999999999949
measurement_missingness_concentration,discovery,joint_gaussian_regularized_cluster,0.5,0.5,minimum_effect_pass,6000,5867,0.9778333333333333,0.022166666666666668
measurement_missingness_concentration,discovery,joint_gaussian_regularized_cluster,0.5,0.5,cluster_uncertainty_pass,6000,1748,0.29133333333333333,0.7086666666666667
measurement_missingness_concentration,discovery,joint_gaussian_regularized_cluster,0.5,0.5,raw_statistical_threshold_pass,6000,0,0.0,1.0
measurement_missingness_concentration,discovery,joint_gaussian_regularized_cluster,0.5,0.5,multiplicity_adjusted_threshold_pass,6000,0,0.0,1.0
measurement_missingness_concentration,discovery,joint_gaussian_regularized_cluster,0.5,0.5,control_adjusted_contrast_pass,6000,4654,0.7756666666666666,0.22433333333333338
measurement_missingness_concentration,discovery,joint_gaussian_regularized_cluster,0.5,0.5,control_specificity_pass,6000,5337,0.8895,0.11050000000000004
measurement_missingness_concentration,discovery,joint_gaussian_regularized_cluster,0.5,1.0,support_available_pass,6000,6000,1.0,0.0
measurement_missingness_concentration,discovery,joint_gaussian_regularized_cluster,0.5,1.0,complement_admissible_pass,6000,6000,1.0,0.0
measurement_missingness_concentration,discovery,joint_gaussian_regularized_cluster,0.5,1.0,effect_direction_reproduced_pass,6000,5973,0.9955,0.0044999999999999485
measurement_missingness_concentration,discovery,joint_gaussian_regularized_cluster,0.5,1.0,target_contrast_positive_pass,6000,5973,0.9955,0.0044999999999999485
measurement_missingness_concentration,discovery,joint_gaussian_regularized_cluster,0.5,1.0,minimum_effect_pass,6000,5867,0.9778333333333333,0.022166666666666668
measurement_missingness_concentration,discovery,joint_gaussian_regularized_cluster,0.5,1.0,cluster_uncertainty_pass,6000,1740,0.29,0.71
measurement_missingness_concentration,discovery,joint_gaussian_regularized_cluster,0.5,1.0,raw_statistical_threshold_pass,6000,0,0.0,1.0
measurement_missingness_concentration,discovery,joint_gaussian_regularized_cluster,0.5,1.0,multiplicity_adjusted_threshold_pass,6000,0,0.0,1.0
measurement_missingness_concentration,discovery,joint_gaussian_regularized_cluster,0.5,1.0,control_adjusted_contrast_pass,6000,2189,0.36483333333333334,0.6351666666666667
measurement_missingness_concentration,discovery,joint_gaussian_regularized_cluster,0.5,1.0,control_specificity_pass,6000,3351,0.5585,0.4415
measurement_missingness_concentration,discovery,joint_gaussian_regularized_cluster,0.75,0.0,support_available_pass,6000,6000,1.0,0.0
measurement_missingness_concentration,discovery,joint_gaussian_regularized_cluster,0.75,0.0,complement_admissible_pass,6000,6000,1.0,0.0
measurement_missingness_concentration,discovery,joint_gaussian_regularized_cluster,0.75,0.0,effect_direction_reproduced_pass,6000,5997,0.9995,0.0004999999999999449
measurement_missingness_concentration,discovery,joint_gaussian_regularized_cluster,0.75,0.0,target_contrast_positive_pass,6000,5997,0.9995,0.0004999999999999449
measurement_missingness_concentration,discovery,joint_gaussian_regularized_cluster,0.75,0.0,minimum_effect_pass,6000,5987,0.9978333333333333,0.00216666666666665
measurement_missingness_concentration,discovery,joint_gaussian_regularized_cluster,0.75,0.0,cluster_uncertainty_pass,6000,1904,0.31733333333333336,0.6826666666666666
measurement_missingness_concentration,discovery,joint_gaussian_regularized_cluster,0.75,0.0,raw_statistical_threshold_pass,6000,0,0.0,1.0
measurement_missingness_concentration,discovery,joint_gaussian_regularized_cluster,0.75,0.0,multiplicity_adjusted_threshold_pass,6000,0,0.0,1.0
measurement_missingness_concentration,discovery,joint_gaussian_regularized_cluster,0.75,0.0,control_adjusted_contrast_pass,6000,5996,0.9993333333333333,0.0006666666666667043
measurement_missingness_concentration,discovery,joint_gaussian_regularized_cluster,0.75,0.0,control_specificity_pass,6000,5997,0.9995,0.0004999999999999449
measurement_missingness_concentration,discovery,joint_gaussian_regularized_cluster,0.75,0.25,support_available_pass,6000,6000,1.0,0.0
measurement_missingness_concentration,discovery,joint_gaussian_regularized_cluster,0.75,0.25,complement_admissible_pass,6000,6000,1.0,0.0
measurement_missingness_concentration,discovery,joint_gaussian_regularized_cluster,0.75,0.25,effect_direction_reproduced_pass,6000,5994,0.999,0.0010000000000000009
measurement_missingness_concentration,discovery,joint_gaussian_regularized_cluster,0.75,0.25,target_contrast_positive_pass,6000,5994,0.999,0.0010000000000000009
measurement_missingness_concentration,discovery,joint_gaussian_regularized_cluster,0.75,0.25,minimum_effect_pass,6000,5982,0.997,0.0030000000000000027
measurement_missingness_concentration,discovery,joint_gaussian_regularized_cluster,0.75,0.25,cluster_uncertainty_pass,6000,1896,0.316,0.6839999999999999
measurement_missingness_concentration,discovery,joint_gaussian_regularized_cluster,0.75,0.25,raw_statistical_threshold_pass,6000,0,0.0,1.0
measurement_missingness_concentration,discovery,joint_gaussian_regularized_cluster,0.75,0.25,multiplicity_adjusted_threshold_pass,6000,0,0.0,1.0
measurement_missingness_concentration,discovery,joint_gaussian_regularized_cluster,0.75,0.25,control_adjusted_contrast_pass,6000,5801,0.9668333333333333,0.03316666666666668
measurement_missingness_concentration,discovery,joint_gaussian_regularized_cluster,0.75,0.25,control_specificity_pass,6000,5913,0.9855,0.014499999999999957
measurement_missingness_concentration,discovery,joint_gaussian_regularized_cluster,0.75,0.5,support_available_pass,6000,6000,1.0,0.0
measurement_missingness_concentration,discovery,joint_gaussian_regularized_cluster,0.75,0.5,complement_admissible_pass,6000,6000,1.0,0.0
measurement_missingness_concentration,discovery,joint_gaussian_regularized_cluster,0.75,0.5,effect_direction_reproduced_pass,6000,5995,0.9991666666666666,0.0008333333333333526
measurement_missingness_concentration,discovery,joint_gaussian_regularized_cluster,0.75,0.5,target_contrast_positive_pass,6000,5995,0.9991666666666666,0.0008333333333333526
measurement_missingness_concentration,discovery,joint_gaussian_regularized_cluster,0.75,0.5,minimum_effect_pass,6000,5982,0.997,0.0030000000000000027
measurement_missingness_concentration,discovery,joint_gaussian_regularized_cluster,0.75,0.5,cluster_uncertainty_pass,6000,1910,0.31833333333333336,0.6816666666666666
measurement_missingness_concentration,discovery,joint_gaussian_regularized_cluster,0.75,0.5,raw_statistical_threshold_pass,6000,0,0.0,1.0
measurement_missingness_concentration,discovery,joint_gaussian_regularized_cluster,0.75,0.5,multiplicity_adjusted_threshold_pass,6000,0,0.0,1.0
measurement_missingness_concentration,discovery,joint_gaussian_regularized_cluster,0.75,0.5,control_adjusted_contrast_pass,6000,4987,0.8311666666666667,0.16883333333333328
measurement_missingness_concentration,discovery,joint_gaussian_regularized_cluster,0.75,0.5,control_specificity_pass,6000,5518,0.9196666666666666,0.08033333333333337
measurement_missingness_concentration,discovery,joint_gaussian_regularized_cluster,0.75,1.0,support_available_pass,6000,6000,1.0,0.0
measurement_missingness_concentration,discovery,joint_gaussian_regularized_cluster,0.75,1.0,complement_admissible_pass,6000,6000,1.0,0.0
measurement_missingness_concentration,discovery,joint_gaussian_regularized_cluster,0.75,1.0,effect_direction_reproduced_pass,6000,5996,0.9993333333333333,0.0006666666666667043
measurement_missingness_concentration,discovery,joint_gaussian_regularized_cluster,0.75,1.0,target_contrast_positive_pass,6000,5996,0.9993333333333333,0.0006666666666667043
measurement_missingness_concentration,discovery,joint_gaussian_regularized_cluster,0.75,1.0,minimum_effect_pass,6000,5988,0.998,0.0020000000000000018
measurement_missingness_concentration,discovery,joint_gaussian_regularized_cluster,0.75,1.0,cluster_uncertainty_pass,6000,1919,0.31983333333333336,0.6801666666666666
measurement_missingness_concentration,discovery,joint_gaussian_regularized_cluster,0.75,1.0,raw_statistical_threshold_pass,6000,0,0.0,1.0
measurement_missingness_concentration,discovery,joint_gaussian_regularized_cluster,0.75,1.0,multiplicity_adjusted_threshold_pass,6000,0,0.0,1.0
measurement_missingness_concentration,discovery,joint_gaussian_regularized_cluster,0.75,1.0,control_adjusted_contrast_pass,6000,2089,0.3481666666666667,0.6518333333333333
measurement_missingness_concentration,discovery,joint_gaussian_regularized_cluster,0.75,1.0,control_specificity_pass,6000,3303,0.5505,0.4495
measurement_missingness_concentration,discovery,joint_gaussian_regularized_cluster,1.0,0.0,support_available_pass,6000,6000,1.0,0.0
measurement_missingness_concentration,discovery,joint_gaussian_regularized_cluster,1.0,0.0,complement_admissible_pass,6000,6000,1.0,0.0
measurement_missingness_concentration,discovery,joint_gaussian_regularized_cluster,1.0,0.0,effect_direction_reproduced_pass,6000,6000,1.0,0.0
measurement_missingness_concentration,discovery,joint_gaussian_regularized_cluster,1.0,0.0,target_contrast_positive_pass,6000,6000,1.0,0.0
measurement_missingness_concentration,discovery,joint_gaussian_regularized_cluster,1.0,0.0,minimum_effect_pass,6000,5998,0.9996666666666667,0.0003333333333332966
measurement_missingness_concentration,discovery,joint_gaussian_regularized_cluster,1.0,0.0,cluster_uncertainty_pass,6000,1961,0.3268333333333333,0.6731666666666667
measurement_missingness_concentration,discovery,joint_gaussian_regularized_cluster,1.0,0.0,raw_statistical_threshold_pass,6000,0,0.0,1.0
measurement_missingness_concentration,discovery,joint_gaussian_regularized_cluster,1.0,0.0,multiplicity_adjusted_threshold_pass,6000,0,0.0,1.0
measurement_missingness_concentration,discovery,joint_gaussian_regularized_cluster,1.0,0.0,control_adjusted_contrast_pass,6000,6000,1.0,0.0
measurement_missingness_concentration,discovery,joint_gaussian_regularized_cluster,1.0,0.0,control_specificity_pass,6000,6000,1.0,0.0
measurement_missingness_concentration,discovery,joint_gaussian_regularized_cluster,1.0,0.25,support_available_pass,6000,6000,1.0,0.0
measurement_missingness_concentration,discovery,joint_gaussian_regularized_cluster,1.0,0.25,complement_admissible_pass,6000,6000,1.0,0.0
measurement_missingness_concentration,discovery,joint_gaussian_regularized_cluster,1.0,0.25,effect_direction_reproduced_pass,6000,6000,1.0,0.0
measurement_missingness_concentration,discovery,joint_gaussian_regularized_cluster,1.0,0.25,target_contrast_positive_pass,6000,6000,1.0,0.0
measurement_missingness_concentration,discovery,joint_gaussian_regularized_cluster,1.0,0.25,minimum_effect_pass,6000,5996,0.9993333333333333,0.0006666666666667043
measurement_missingness_concentration,discovery,joint_gaussian_regularized_cluster,1.0,0.25,cluster_uncertainty_pass,6000,1973,0.3288333333333333,0.6711666666666667
measurement_missingness_concentration,discovery,joint_gaussian_regularized_cluster,1.0,0.25,raw_statistical_threshold_pass,6000,0,0.0,1.0
measurement_missingness_concentration,discovery,joint_gaussian_regularized_cluster,1.0,0.25,multiplicity_adjusted_threshold_pass,6000,0,0.0,1.0
measurement_missingness_concentration,discovery,joint_gaussian_regularized_cluster,1.0,0.25,control_adjusted_contrast_pass,6000,5933,0.9888333333333333,0.011166666666666658
measurement_missingness_concentration,discovery,joint_gaussian_regularized_cluster,1.0,0.25,control_specificity_pass,6000,5975,0.9958333333333333,0.004166666666666652
measurement_missingness_concentration,discovery,joint_gaussian_regularized_cluster,1.0,0.5,support_available_pass,6000,6000,1.0,0.0
measurement_missingness_concentration,discovery,joint_gaussian_regularized_cluster,1.0,0.5,complement_admissible_pass,6000,6000,1.0,0.0
measurement_missingness_concentration,discovery,joint_gaussian_regularized_cluster,1.0,0.5,effect_direction_reproduced_pass,6000,5997,0.9995,0.0004999999999999449
measurement_missingness_concentration,discovery,joint_gaussian_regularized_cluster,1.0,0.5,target_contrast_positive_pass,6000,5997,0.9995,0.0004999999999999449
measurement_missingness_concentration,discovery,joint_gaussian_regularized_cluster,1.0,0.5,minimum_effect_pass,6000,5997,0.9995,0.0004999999999999449
measurement_missingness_concentration,discovery,joint_gaussian_regularized_cluster,1.0,0.5,cluster_uncertainty_pass,6000,1971,0.3285,0.6715
measurement_missingness_concentration,discovery,joint_gaussian_regularized_cluster,1.0,0.5,raw_statistical_threshold_pass,6000,0,0.0,1.0
measurement_missingness_concentration,discovery,joint_gaussian_regularized_cluster,1.0,0.5,multiplicity_adjusted_threshold_pass,6000,0,0.0,1.0
measurement_missingness_concentration,discovery,joint_gaussian_regularized_cluster,1.0,0.5,control_adjusted_contrast_pass,6000,5257,0.8761666666666666,0.12383333333333335
measurement_missingness_concentration,discovery,joint_gaussian_regularized_cluster,1.0,0.5,control_specificity_pass,6000,5661,0.9435,0.056499999999999995
measurement_missingness_concentration,discovery,joint_gaussian_regularized_cluster,1.0,1.0,support_available_pass,6000,6000,1.0,0.0
measurement_missingness_concentration,discovery,joint_gaussian_regularized_cluster,1.0,1.0,complement_admissible_pass,6000,6000,1.0,0.0
measurement_missingness_concentration,discovery,joint_gaussian_regularized_cluster,1.0,1.0,effect_direction_reproduced_pass,6000,6000,1.0,0.0
measurement_missingness_concentration,discovery,joint_gaussian_regularized_cluster,1.0,1.0,target_contrast_positive_pass,6000,6000,1.0,0.0
measurement_missingness_concentration,discovery,joint_gaussian_regularized_cluster,1.0,1.0,minimum_effect_pass,6000,5998,0.9996666666666667,0.0003333333333332966
measurement_missingness_concentration,discovery,joint_gaussian_regularized_cluster,1.0,1.0,cluster_uncertainty_pass,6000,1964,0.3273333333333333,0.6726666666666667
measurement_missingness_concentration,discovery,joint_gaussian_regularized_cluster,1.0,1.0,raw_statistical_threshold_pass,6000,0,0.0,1.0
measurement_missingness_concentration,discovery,joint_gaussian_regularized_cluster,1.0,1.0,multiplicity_adjusted_threshold_pass,6000,0,0.0,1.0
measurement_missingness_concentration,discovery,joint_gaussian_regularized_cluster,1.0,1.0,control_adjusted_contrast_pass,6000,2187,0.3645,0.6355
measurement_missingness_concentration,discovery,joint_gaussian_regularized_cluster,1.0,1.0,control_specificity_pass,6000,3348,0.558,0.44199999999999995
measurement_missingness_concentration,discovery,joint_gaussian_regularized_cluster,1.5,0.0,support_available_pass,6000,6000,1.0,0.0
measurement_missingness_concentration,discovery,joint_gaussian_regularized_cluster,1.5,0.0,complement_admissible_pass,6000,6000,1.0,0.0
measurement_missingness_concentration,discovery,joint_gaussian_regularized_cluster,1.5,0.0,effect_direction_reproduced_pass,6000,6000,1.0,0.0
measurement_missingness_concentration,discovery,joint_gaussian_regularized_cluster,1.5,0.0,target_contrast_positive_pass,6000,6000,1.0,0.0
measurement_missingness_concentration,discovery,joint_gaussian_regularized_cluster,1.5,0.0,minimum_effect_pass,6000,6000,1.0,0.0
measurement_missingness_concentration,discovery,joint_gaussian_regularized_cluster,1.5,0.0,cluster_uncertainty_pass,6000,1997,0.3328333333333333,0.6671666666666667
measurement_missingness_concentration,discovery,joint_gaussian_regularized_cluster,1.5,0.0,raw_statistical_threshold_pass,6000,0,0.0,1.0
measurement_missingness_concentration,discovery,joint_gaussian_regularized_cluster,1.5,0.0,multiplicity_adjusted_threshold_pass,6000,0,0.0,1.0
measurement_missingness_concentration,discovery,joint_gaussian_regularized_cluster,1.5,0.0,control_adjusted_contrast_pass,6000,6000,1.0,0.0
measurement_missingness_concentration,discovery,joint_gaussian_regularized_cluster,1.5,0.0,control_specificity_pass,6000,6000,1.0,0.0
measurement_missingness_concentration,discovery,joint_gaussian_regularized_cluster,1.5,0.25,support_available_pass,6000,6000,1.0,0.0
measurement_missingness_concentration,discovery,joint_gaussian_regularized_cluster,1.5,0.25,complement_admissible_pass,6000,6000,1.0,0.0
measurement_missingness_concentration,discovery,joint_gaussian_regularized_cluster,1.5,0.25,effect_direction_reproduced_pass,6000,6000,1.0,0.0
measurement_missingness_concentration,discovery,joint_gaussian_regularized_cluster,1.5,0.25,target_contrast_positive_pass,6000,6000,1.0,0.0
measurement_missingness_concentration,discovery,joint_gaussian_regularized_cluster,1.5,0.25,minimum_effect_pass,6000,6000,1.0,0.0
measurement_missingness_concentration,discovery,joint_gaussian_regularized_cluster,1.5,0.25,cluster_uncertainty_pass,6000,1997,0.3328333333333333,0.6671666666666667
measurement_missingness_concentration,discovery,joint_gaussian_regularized_cluster,1.5,0.25,raw_statistical_threshold_pass,6000,0,0.0,1.0
measurement_missingness_concentration,discovery,joint_gaussian_regularized_cluster,1.5,0.25,multiplicity_adjusted_threshold_pass,6000,0,0.0,1.0
measurement_missingness_concentration,discovery,joint_gaussian_regularized_cluster,1.5,0.25,control_adjusted_contrast_pass,6000,5965,0.9941666666666666,0.005833333333333357
measurement_missingness_concentration,discovery,joint_gaussian_regularized_cluster,1.5,0.25,control_specificity_pass,6000,5988,0.998,0.0020000000000000018
measurement_missingness_concentration,discovery,joint_gaussian_regularized_cluster,1.5,0.5,support_available_pass,6000,6000,1.0,0.0
measurement_missingness_concentration,discovery,joint_gaussian_regularized_cluster,1.5,0.5,complement_admissible_pass,6000,6000,1.0,0.0
measurement_missingness_concentration,discovery,joint_gaussian_regularized_cluster,1.5,0.5,effect_direction_reproduced_pass,6000,6000,1.0,0.0
measurement_missingness_concentration,discovery,joint_gaussian_regularized_cluster,1.5,0.5,target_contrast_positive_pass,6000,6000,1.0,0.0
measurement_missingness_concentration,discovery,joint_gaussian_regularized_cluster,1.5,0.5,minimum_effect_pass,6000,6000,1.0,0.0
measurement_missingness_concentration,discovery,joint_gaussian_regularized_cluster,1.5,0.5,cluster_uncertainty_pass,6000,1996,0.33266666666666667,0.6673333333333333
measurement_missingness_concentration,discovery,joint_gaussian_regularized_cluster,1.5,0.5,raw_statistical_threshold_pass,6000,0,0.0,1.0
measurement_missingness_concentration,discovery,joint_gaussian_regularized_cluster,1.5,0.5,multiplicity_adjusted_threshold_pass,6000,0,0.0,1.0
measurement_missingness_concentration,discovery,joint_gaussian_regularized_cluster,1.5,0.5,control_adjusted_contrast_pass,6000,5513,0.9188333333333333,0.08116666666666672
measurement_missingness_concentration,discovery,joint_gaussian_regularized_cluster,1.5,0.5,control_specificity_pass,6000,5784,0.964,0.03600000000000003
measurement_missingness_concentration,discovery,joint_gaussian_regularized_cluster,1.5,1.0,support_available_pass,6000,6000,1.0,0.0
measurement_missingness_concentration,discovery,joint_gaussian_regularized_cluster,1.5,1.0,complement_admissible_pass,6000,6000,1.0,0.0
measurement_missingness_concentration,discovery,joint_gaussian_regularized_cluster,1.5,1.0,effect_direction_reproduced_pass,6000,6000,1.0,0.0
measurement_missingness_concentration,discovery,joint_gaussian_regularized_cluster,1.5,1.0,target_contrast_positive_pass,6000,6000,1.0,0.0
measurement_missingness_concentration,discovery,joint_gaussian_regularized_cluster,1.5,1.0,minimum_effect_pass,6000,6000,1.0,0.0
measurement_missingness_concentration,discovery,joint_gaussian_regularized_cluster,1.5,1.0,cluster_uncertainty_pass,6000,1996,0.33266666666666667,0.6673333333333333
measurement_missingness_concentration,discovery,joint_gaussian_regularized_cluster,1.5,1.0,raw_statistical_threshold_pass,6000,0,0.0,1.0
measurement_missingness_concentration,discovery,joint_gaussian_regularized_cluster,1.5,1.0,multiplicity_adjusted_threshold_pass,6000,0,0.0,1.0
measurement_missingness_concentration,discovery,joint_gaussian_regularized_cluster,1.5,1.0,control_adjusted_contrast_pass,6000,2124,0.354,0.646
measurement_missingness_concentration,discovery,joint_gaussian_regularized_cluster,1.5,1.0,control_specificity_pass,6000,3328,0.5546666666666666,0.44533333333333336
measurement_missingness_concentration,discovery,joint_gaussian_regularized_cluster,2.0,0.0,support_available_pass,6000,6000,1.0,0.0
measurement_missingness_concentration,discovery,joint_gaussian_regularized_cluster,2.0,0.0,complement_admissible_pass,6000,6000,1.0,0.0
measurement_missingness_concentration,discovery,joint_gaussian_regularized_cluster,2.0,0.0,effect_direction_reproduced_pass,6000,6000,1.0,0.0
measurement_missingness_concentration,discovery,joint_gaussian_regularized_cluster,2.0,0.0,target_contrast_positive_pass,6000,6000,1.0,0.0
measurement_missingness_concentration,discovery,joint_gaussian_regularized_cluster,2.0,0.0,minimum_effect_pass,6000,6000,1.0,0.0
measurement_missingness_concentration,discovery,joint_gaussian_regularized_cluster,2.0,0.0,cluster_uncertainty_pass,6000,2000,0.3333333333333333,0.6666666666666667
measurement_missingness_concentration,discovery,joint_gaussian_regularized_cluster,2.0,0.0,raw_statistical_threshold_pass,6000,0,0.0,1.0
measurement_missingness_concentration,discovery,joint_gaussian_regularized_cluster,2.0,0.0,multiplicity_adjusted_threshold_pass,6000,0,0.0,1.0
measurement_missingness_concentration,discovery,joint_gaussian_regularized_cluster,2.0,0.0,control_adjusted_contrast_pass,6000,6000,1.0,0.0
measurement_missingness_concentration,discovery,joint_gaussian_regularized_cluster,2.0,0.0,control_specificity_pass,6000,6000,1.0,0.0
measurement_missingness_concentration,discovery,joint_gaussian_regularized_cluster,2.0,0.25,support_available_pass,6000,6000,1.0,0.0
measurement_missingness_concentration,discovery,joint_gaussian_regularized_cluster,2.0,0.25,complement_admissible_pass,6000,6000,1.0,0.0
measurement_missingness_concentration,discovery,joint_gaussian_regularized_cluster,2.0,0.25,effect_direction_reproduced_pass,6000,6000,1.0,0.0
measurement_missingness_concentration,discovery,joint_gaussian_regularized_cluster,2.0,0.25,target_contrast_positive_pass,6000,6000,1.0,0.0
measurement_missingness_concentration,discovery,joint_gaussian_regularized_cluster,2.0,0.25,minimum_effect_pass,6000,6000,1.0,0.0
measurement_missingness_concentration,discovery,joint_gaussian_regularized_cluster,2.0,0.25,cluster_uncertainty_pass,6000,2000,0.3333333333333333,0.6666666666666667
measurement_missingness_concentration,discovery,joint_gaussian_regularized_cluster,2.0,0.25,raw_statistical_threshold_pass,6000,0,0.0,1.0
measurement_missingness_concentration,discovery,joint_gaussian_regularized_cluster,2.0,0.25,multiplicity_adjusted_threshold_pass,6000,0,0.0,1.0
measurement_missingness_concentration,discovery,joint_gaussian_regularized_cluster,2.0,0.25,control_adjusted_contrast_pass,6000,5991,0.9985,0.0014999999999999458
measurement_missingness_concentration,discovery,joint_gaussian_regularized_cluster,2.0,0.25,control_specificity_pass,6000,5996,0.9993333333333333,0.0006666666666667043
measurement_missingness_concentration,discovery,joint_gaussian_regularized_cluster,2.0,0.5,support_available_pass,6000,6000,1.0,0.0
measurement_missingness_concentration,discovery,joint_gaussian_regularized_cluster,2.0,0.5,complement_admissible_pass,6000,6000,1.0,0.0
measurement_missingness_concentration,discovery,joint_gaussian_regularized_cluster,2.0,0.5,effect_direction_reproduced_pass,6000,6000,1.0,0.0
measurement_missingness_concentration,discovery,joint_gaussian_regularized_cluster,2.0,0.5,target_contrast_positive_pass,6000,6000,1.0,0.0
measurement_missingness_concentration,discovery,joint_gaussian_regularized_cluster,2.0,0.5,minimum_effect_pass,6000,6000,1.0,0.0
measurement_missingness_concentration,discovery,joint_gaussian_regularized_cluster,2.0,0.5,cluster_uncertainty_pass,6000,2000,0.3333333333333333,0.6666666666666667
measurement_missingness_concentration,discovery,joint_gaussian_regularized_cluster,2.0,0.5,raw_statistical_threshold_pass,6000,0,0.0,1.0
measurement_missingness_concentration,discovery,joint_gaussian_regularized_cluster,2.0,0.5,multiplicity_adjusted_threshold_pass,6000,0,0.0,1.0
measurement_missingness_concentration,discovery,joint_gaussian_regularized_cluster,2.0,0.5,control_adjusted_contrast_pass,6000,5581,0.9301666666666667,0.0698333333333333
measurement_missingness_concentration,discovery,joint_gaussian_regularized_cluster,2.0,0.5,control_specificity_pass,6000,5843,0.9738333333333333,0.02616666666666667
measurement_missingness_concentration,discovery,joint_gaussian_regularized_cluster,2.0,1.0,support_available_pass,6000,6000,1.0,0.0
measurement_missingness_concentration,discovery,joint_gaussian_regularized_cluster,2.0,1.0,complement_admissible_pass,6000,6000,1.0,0.0
measurement_missingness_concentration,discovery,joint_gaussian_regularized_cluster,2.0,1.0,effect_direction_reproduced_pass,6000,6000,1.0,0.0
measurement_missingness_concentration,discovery,joint_gaussian_regularized_cluster,2.0,1.0,target_contrast_positive_pass,6000,6000,1.0,0.0
measurement_missingness_concentration,discovery,joint_gaussian_regularized_cluster,2.0,1.0,minimum_effect_pass,6000,6000,1.0,0.0
measurement_missingness_concentration,discovery,joint_gaussian_regularized_cluster,2.0,1.0,cluster_uncertainty_pass,6000,2000,0.3333333333333333,0.6666666666666667
measurement_missingness_concentration,discovery,joint_gaussian_regularized_cluster,2.0,1.0,raw_statistical_threshold_pass,6000,0,0.0,1.0
measurement_missingness_concentration,discovery,joint_gaussian_regularized_cluster,2.0,1.0,multiplicity_adjusted_threshold_pass,6000,0,0.0,1.0
measurement_missingness_concentration,discovery,joint_gaussian_regularized_cluster,2.0,1.0,control_adjusted_contrast_pass,6000,2029,0.33816666666666667,0.6618333333333333
measurement_missingness_concentration,discovery,joint_gaussian_regularized_cluster,2.0,1.0,control_specificity_pass,6000,3286,0.5476666666666666,0.45233333333333337
measurement_missingness_concentration,discovery,joint_wild_cluster_rademacher,0.0,0.0,support_available_pass,6000,6000,1.0,0.0
measurement_missingness_concentration,discovery,joint_wild_cluster_rademacher,0.0,0.0,complement_admissible_pass,6000,6000,1.0,0.0
measurement_missingness_concentration,discovery,joint_wild_cluster_rademacher,0.0,0.0,effect_direction_reproduced_pass,6000,0,0.0,1.0
measurement_missingness_concentration,discovery,joint_wild_cluster_rademacher,0.0,0.0,target_contrast_positive_pass,6000,0,0.0,1.0
measurement_missingness_concentration,discovery,joint_wild_cluster_rademacher,0.0,0.0,minimum_effect_pass,6000,0,0.0,1.0
measurement_missingness_concentration,discovery,joint_wild_cluster_rademacher,0.0,0.0,cluster_uncertainty_pass,6000,0,0.0,1.0
measurement_missingness_concentration,discovery,joint_wild_cluster_rademacher,0.0,0.0,raw_statistical_threshold_pass,6000,0,0.0,1.0
measurement_missingness_concentration,discovery,joint_wild_cluster_rademacher,0.0,0.0,multiplicity_adjusted_threshold_pass,6000,0,0.0,1.0
measurement_missingness_concentration,discovery,joint_wild_cluster_rademacher,0.0,0.0,control_adjusted_contrast_pass,6000,0,0.0,1.0
measurement_missingness_concentration,discovery,joint_wild_cluster_rademacher,0.0,0.0,control_specificity_pass,6000,0,0.0,1.0
measurement_missingness_concentration,discovery,joint_wild_cluster_rademacher,0.25,0.0,support_available_pass,6000,6000,1.0,0.0
measurement_missingness_concentration,discovery,joint_wild_cluster_rademacher,0.25,0.0,complement_admissible_pass,6000,6000,1.0,0.0
measurement_missingness_concentration,discovery,joint_wild_cluster_rademacher,0.25,0.0,effect_direction_reproduced_pass,6000,5699,0.9498333333333333,0.05016666666666669
measurement_missingness_concentration,discovery,joint_wild_cluster_rademacher,0.25,0.0,target_contrast_positive_pass,6000,5699,0.9498333333333333,0.05016666666666669
measurement_missingness_concentration,discovery,joint_wild_cluster_rademacher,0.25,0.0,minimum_effect_pass,6000,4737,0.7895,0.21050000000000002
measurement_missingness_concentration,discovery,joint_wild_cluster_rademacher,0.25,0.0,cluster_uncertainty_pass,6000,1170,0.195,0.8049999999999999
measurement_missingness_concentration,discovery,joint_wild_cluster_rademacher,0.25,0.0,raw_statistical_threshold_pass,6000,0,0.0,1.0
measurement_missingness_concentration,discovery,joint_wild_cluster_rademacher,0.25,0.0,multiplicity_adjusted_threshold_pass,6000,0,0.0,1.0
measurement_missingness_concentration,discovery,joint_wild_cluster_rademacher,0.25,0.0,control_adjusted_contrast_pass,6000,5488,0.9146666666666666,0.08533333333333337
measurement_missingness_concentration,discovery,joint_wild_cluster_rademacher,0.25,0.0,control_specificity_pass,6000,5699,0.9498333333333333,0.05016666666666669
measurement_missingness_concentration,discovery,joint_wild_cluster_rademacher,0.25,0.25,support_available_pass,6000,6000,1.0,0.0
measurement_missingness_concentration,discovery,joint_wild_cluster_rademacher,0.25,0.25,complement_admissible_pass,6000,6000,1.0,0.0
measurement_missingness_concentration,discovery,joint_wild_cluster_rademacher,0.25,0.25,effect_direction_reproduced_pass,6000,5682,0.947,0.05300000000000005
measurement_missingness_concentration,discovery,joint_wild_cluster_rademacher,0.25,0.25,target_contrast_positive_pass,6000,5682,0.947,0.05300000000000005
measurement_missingness_concentration,discovery,joint_wild_cluster_rademacher,0.25,0.25,minimum_effect_pass,6000,4753,0.7921666666666667,0.20783333333333331
measurement_missingness_concentration,discovery,joint_wild_cluster_rademacher,0.25,0.25,cluster_uncertainty_pass,6000,1181,0.19683333333333333,0.8031666666666667
measurement_missingness_concentration,discovery,joint_wild_cluster_rademacher,0.25,0.25,raw_statistical_threshold_pass,6000,0,0.0,1.0
measurement_missingness_concentration,discovery,joint_wild_cluster_rademacher,0.25,0.25,multiplicity_adjusted_threshold_pass,6000,0,0.0,1.0
measurement_missingness_concentration,discovery,joint_wild_cluster_rademacher,0.25,0.25,control_adjusted_contrast_pass,6000,4813,0.8021666666666667,0.1978333333333333
measurement_missingness_concentration,discovery,joint_wild_cluster_rademacher,0.25,0.25,control_specificity_pass,6000,5463,0.9105,0.08950000000000002
measurement_missingness_concentration,discovery,joint_wild_cluster_rademacher,0.25,0.5,support_available_pass,6000,6000,1.0,0.0
measurement_missingness_concentration,discovery,joint_wild_cluster_rademacher,0.25,0.5,complement_admissible_pass,6000,6000,1.0,0.0
measurement_missingness_concentration,discovery,joint_wild_cluster_rademacher,0.25,0.5,effect_direction_reproduced_pass,6000,5687,0.9478333333333333,0.052166666666666694
measurement_missingness_concentration,discovery,joint_wild_cluster_rademacher,0.25,0.5,target_contrast_positive_pass,6000,5687,0.9478333333333333,0.052166666666666694
measurement_missingness_concentration,discovery,joint_wild_cluster_rademacher,0.25,0.5,minimum_effect_pass,6000,4762,0.7936666666666666,0.20633333333333337
measurement_missingness_concentration,discovery,joint_wild_cluster_rademacher,0.25,0.5,cluster_uncertainty_pass,6000,1169,0.19483333333333333,0.8051666666666667
measurement_missingness_concentration,discovery,joint_wild_cluster_rademacher,0.25,0.5,raw_statistical_threshold_pass,6000,0,0.0,1.0
measurement_missingness_concentration,discovery,joint_wild_cluster_rademacher,0.25,0.5,multiplicity_adjusted_threshold_pass,6000,0,0.0,1.0
measurement_missingness_concentration,discovery,joint_wild_cluster_rademacher,0.25,0.5,control_adjusted_contrast_pass,6000,3839,0.6398333333333334,0.36016666666666663
measurement_missingness_concentration,discovery,joint_wild_cluster_rademacher,0.25,0.5,control_specificity_pass,6000,4880,0.8133333333333334,0.18666666666666665
measurement_missingness_concentration,discovery,joint_wild_cluster_rademacher,0.25,1.0,support_available_pass,6000,6000,1.0,0.0
measurement_missingness_concentration,discovery,joint_wild_cluster_rademacher,0.25,1.0,complement_admissible_pass,6000,6000,1.0,0.0
measurement_missingness_concentration,discovery,joint_wild_cluster_rademacher,0.25,1.0,effect_direction_reproduced_pass,6000,5644,0.9406666666666667,0.05933333333333335
measurement_missingness_concentration,discovery,joint_wild_cluster_rademacher,0.25,1.0,target_contrast_positive_pass,6000,5644,0.9406666666666667,0.05933333333333335
measurement_missingness_concentration,discovery,joint_wild_cluster_rademacher,0.25,1.0,minimum_effect_pass,6000,4682,0.7803333333333333,0.21966666666666668
measurement_missingness_concentration,discovery,joint_wild_cluster_rademacher,0.25,1.0,cluster_uncertainty_pass,6000,1194,0.199,0.8009999999999999
measurement_missingness_concentration,discovery,joint_wild_cluster_rademacher,0.25,1.0,raw_statistical_threshold_pass,6000,0,0.0,1.0
measurement_missingness_concentration,discovery,joint_wild_cluster_rademacher,0.25,1.0,multiplicity_adjusted_threshold_pass,6000,0,0.0,1.0
measurement_missingness_concentration,discovery,joint_wild_cluster_rademacher,0.25,1.0,control_adjusted_contrast_pass,6000,1910,0.31833333333333336,0.6816666666666666
measurement_missingness_concentration,discovery,joint_wild_cluster_rademacher,0.25,1.0,control_specificity_pass,6000,3198,0.533,0.46699999999999997
measurement_missingness_concentration,discovery,joint_wild_cluster_rademacher,0.5,0.0,support_available_pass,6000,6000,1.0,0.0
measurement_missingness_concentration,discovery,joint_wild_cluster_rademacher,0.5,0.0,complement_admissible_pass,6000,6000,1.0,0.0
measurement_missingness_concentration,discovery,joint_wild_cluster_rademacher,0.5,0.0,effect_direction_reproduced_pass,6000,5949,0.9915,0.008499999999999952
measurement_missingness_concentration,discovery,joint_wild_cluster_rademacher,0.5,0.0,target_contrast_positive_pass,6000,5949,0.9915,0.008499999999999952
measurement_missingness_concentration,discovery,joint_wild_cluster_rademacher,0.5,0.0,minimum_effect_pass,6000,5841,0.9735,0.026499999999999968
measurement_missingness_concentration,discovery,joint_wild_cluster_rademacher,0.5,0.0,cluster_uncertainty_pass,6000,1729,0.2881666666666667,0.7118333333333333
measurement_missingness_concentration,discovery,joint_wild_cluster_rademacher,0.5,0.0,raw_statistical_threshold_pass,6000,0,0.0,1.0
measurement_missingness_concentration,discovery,joint_wild_cluster_rademacher,0.5,0.0,multiplicity_adjusted_threshold_pass,6000,0,0.0,1.0
measurement_missingness_concentration,discovery,joint_wild_cluster_rademacher,0.5,0.0,control_adjusted_contrast_pass,6000,5937,0.9895,0.010499999999999954
measurement_missingness_concentration,discovery,joint_wild_cluster_rademacher,0.5,0.0,control_specificity_pass,6000,5949,0.9915,0.008499999999999952
measurement_missingness_concentration,discovery,joint_wild_cluster_rademacher,0.5,0.25,support_available_pass,6000,6000,1.0,0.0
measurement_missingness_concentration,discovery,joint_wild_cluster_rademacher,0.5,0.25,complement_admissible_pass,6000,6000,1.0,0.0
measurement_missingness_concentration,discovery,joint_wild_cluster_rademacher,0.5,0.25,effect_direction_reproduced_pass,6000,5961,0.9935,0.00649999999999995
measurement_missingness_concentration,discovery,joint_wild_cluster_rademacher,0.5,0.25,target_contrast_positive_pass,6000,5961,0.9935,0.00649999999999995
measurement_missingness_concentration,discovery,joint_wild_cluster_rademacher,0.5,0.25,minimum_effect_pass,6000,5863,0.9771666666666666,0.022833333333333372
measurement_missingness_concentration,discovery,joint_wild_cluster_rademacher,0.5,0.25,cluster_uncertainty_pass,6000,1743,0.2905,0.7095
measurement_missingness_concentration,discovery,joint_wild_cluster_rademacher,0.5,0.25,raw_statistical_threshold_pass,6000,0,0.0,1.0
measurement_missingness_concentration,discovery,joint_wild_cluster_rademacher,0.5,0.25,multiplicity_adjusted_threshold_pass,6000,0,0.0,1.0
measurement_missingness_concentration,discovery,joint_wild_cluster_rademacher,0.5,0.25,control_adjusted_contrast_pass,6000,5562,0.927,0.07299999999999995
measurement_missingness_concentration,discovery,joint_wild_cluster_rademacher,0.5,0.25,control_specificity_pass,6000,5815,0.9691666666666666,0.03083333333333338
measurement_missingness_concentration,discovery,joint_wild_cluster_rademacher,0.5,0.5,support_available_pass,6000,6000,1.0,0.0
measurement_missingness_concentration,discovery,joint_wild_cluster_rademacher,0.5,0.5,complement_admissible_pass,6000,6000,1.0,0.0
measurement_missingness_concentration,discovery,joint_wild_cluster_rademacher,0.5,0.5,effect_direction_reproduced_pass,6000,5968,0.9946666666666667,0.005333333333333301
measurement_missingness_concentration,discovery,joint_wild_cluster_rademacher,0.5,0.5,target_contrast_positive_pass,6000,5968,0.9946666666666667,0.005333333333333301
measurement_missingness_concentration,discovery,joint_wild_cluster_rademacher,0.5,0.5,minimum_effect_pass,6000,5860,0.9766666666666667,0.023333333333333317
measurement_missingness_concentration,discovery,joint_wild_cluster_rademacher,0.5,0.5,cluster_uncertainty_pass,6000,1713,0.2855,0.7145
measurement_missingness_concentration,discovery,joint_wild_cluster_rademacher,0.5,0.5,raw_statistical_threshold_pass,6000,0,0.0,1.0
measurement_missingness_concentration,discovery,joint_wild_cluster_rademacher,0.5,0.5,multiplicity_adjusted_threshold_pass,6000,0,0.0,1.0
measurement_missingness_concentration,discovery,joint_wild_cluster_rademacher,0.5,0.5,control_adjusted_contrast_pass,6000,4610,0.7683333333333333,0.2316666666666667
measurement_missingness_concentration,discovery,joint_wild_cluster_rademacher,0.5,0.5,control_specificity_pass,6000,5315,0.8858333333333334,0.11416666666666664
measurement_missingness_concentration,discovery,joint_wild_cluster_rademacher,0.5,1.0,support_available_pass,6000,6000,1.0,0.0
measurement_missingness_concentration,discovery,joint_wild_cluster_rademacher,0.5,1.0,complement_admissible_pass,6000,6000,1.0,0.0
measurement_missingness_concentration,discovery,joint_wild_cluster_rademacher,0.5,1.0,effect_direction_reproduced_pass,6000,5956,0.9926666666666667,0.007333333333333303
measurement_missingness_concentration,discovery,joint_wild_cluster_rademacher,0.5,1.0,target_contrast_positive_pass,6000,5956,0.9926666666666667,0.007333333333333303
measurement_missingness_concentration,discovery,joint_wild_cluster_rademacher,0.5,1.0,minimum_effect_pass,6000,5848,0.9746666666666667,0.02533333333333332
measurement_missingness_concentration,discovery,joint_wild_cluster_rademacher,0.5,1.0,cluster_uncertainty_pass,6000,1733,0.28883333333333333,0.7111666666666667
measurement_missingness_concentration,discovery,joint_wild_cluster_rademacher,0.5,1.0,raw_statistical_threshold_pass,6000,0,0.0,1.0
measurement_missingness_concentration,discovery,joint_wild_cluster_rademacher,0.5,1.0,multiplicity_adjusted_threshold_pass,6000,0,0.0,1.0
measurement_missingness_concentration,discovery,joint_wild_cluster_rademacher,0.5,1.0,control_adjusted_contrast_pass,6000,2170,0.3616666666666667,0.6383333333333333
measurement_missingness_concentration,discovery,joint_wild_cluster_rademacher,0.5,1.0,control_specificity_pass,6000,3385,0.5641666666666667,0.4358333333333333
measurement_missingness_concentration,discovery,joint_wild_cluster_rademacher,0.75,0.0,support_available_pass,6000,6000,1.0,0.0
measurement_missingness_concentration,discovery,joint_wild_cluster_rademacher,0.75,0.0,complement_admissible_pass,6000,6000,1.0,0.0
measurement_missingness_concentration,discovery,joint_wild_cluster_rademacher,0.75,0.0,effect_direction_reproduced_pass,6000,5997,0.9995,0.0004999999999999449
measurement_missingness_concentration,discovery,joint_wild_cluster_rademacher,0.75,0.0,target_contrast_positive_pass,6000,5997,0.9995,0.0004999999999999449
measurement_missingness_concentration,discovery,joint_wild_cluster_rademacher,0.75,0.0,minimum_effect_pass,6000,5983,0.9971666666666666,0.0028333333333333544
measurement_missingness_concentration,discovery,joint_wild_cluster_rademacher,0.75,0.0,cluster_uncertainty_pass,6000,1910,0.31833333333333336,0.6816666666666666
measurement_missingness_concentration,discovery,joint_wild_cluster_rademacher,0.75,0.0,raw_statistical_threshold_pass,6000,0,0.0,1.0
measurement_missingness_concentration,discovery,joint_wild_cluster_rademacher,0.75,0.0,multiplicity_adjusted_threshold_pass,6000,0,0.0,1.0
measurement_missingness_concentration,discovery,joint_wild_cluster_rademacher,0.75,0.0,control_adjusted_contrast_pass,6000,5996,0.9993333333333333,0.0006666666666667043
measurement_missingness_concentration,discovery,joint_wild_cluster_rademacher,0.75,0.0,control_specificity_pass,6000,5997,0.9995,0.0004999999999999449
measurement_missingness_concentration,discovery,joint_wild_cluster_rademacher,0.75,0.25,support_available_pass,6000,6000,1.0,0.0
measurement_missingness_concentration,discovery,joint_wild_cluster_rademacher,0.75,0.25,complement_admissible_pass,6000,6000,1.0,0.0
measurement_missingness_concentration,discovery,joint_wild_cluster_rademacher,0.75,0.25,effect_direction_reproduced_pass,6000,5992,0.9986666666666667,0.0013333333333332975
measurement_missingness_concentration,discovery,joint_wild_cluster_rademacher,0.75,0.25,target_contrast_positive_pass,6000,5992,0.9986666666666667,0.0013333333333332975
measurement_missingness_concentration,discovery,joint_wild_cluster_rademacher,0.75,0.25,minimum_effect_pass,6000,5979,0.9965,0.0034999999999999476
measurement_missingness_concentration,discovery,joint_wild_cluster_rademacher,0.75,0.25,cluster_uncertainty_pass,6000,1901,0.31683333333333336,0.6831666666666667
measurement_missingness_concentration,discovery,joint_wild_cluster_rademacher,0.75,0.25,raw_statistical_threshold_pass,6000,0,0.0,1.0
measurement_missingness_concentration,discovery,joint_wild_cluster_rademacher,0.75,0.25,multiplicity_adjusted_threshold_pass,6000,0,0.0,1.0
measurement_missingness_concentration,discovery,joint_wild_cluster_rademacher,0.75,0.25,control_adjusted_contrast_pass,6000,5818,0.9696666666666667,0.030333333333333323
measurement_missingness_concentration,discovery,joint_wild_cluster_rademacher,0.75,0.25,control_specificity_pass,6000,5914,0.9856666666666667,0.014333333333333309
measurement_missingness_concentration,discovery,joint_wild_cluster_rademacher,0.75,0.5,support_available_pass,6000,6000,1.0,0.0
measurement_missingness_concentration,discovery,joint_wild_cluster_rademacher,0.75,0.5,complement_admissible_pass,6000,6000,1.0,0.0
measurement_missingness_concentration,discovery,joint_wild_cluster_rademacher,0.75,0.5,effect_direction_reproduced_pass,6000,5994,0.999,0.0010000000000000009
measurement_missingness_concentration,discovery,joint_wild_cluster_rademacher,0.75,0.5,target_contrast_positive_pass,6000,5994,0.999,0.0010000000000000009
measurement_missingness_concentration,discovery,joint_wild_cluster_rademacher,0.75,0.5,minimum_effect_pass,6000,5988,0.998,0.0020000000000000018
measurement_missingness_concentration,discovery,joint_wild_cluster_rademacher,0.75,0.5,cluster_uncertainty_pass,6000,1909,0.31816666666666665,0.6818333333333333
measurement_missingness_concentration,discovery,joint_wild_cluster_rademacher,0.75,0.5,raw_statistical_threshold_pass,6000,0,0.0,1.0
measurement_missingness_concentration,discovery,joint_wild_cluster_rademacher,0.75,0.5,multiplicity_adjusted_threshold_pass,6000,0,0.0,1.0
measurement_missingness_concentration,discovery,joint_wild_cluster_rademacher,0.75,0.5,control_adjusted_contrast_pass,6000,4988,0.8313333333333334,0.16866666666666663
measurement_missingness_concentration,discovery,joint_wild_cluster_rademacher,0.75,0.5,control_specificity_pass,6000,5513,0.9188333333333333,0.08116666666666672
measurement_missingness_concentration,discovery,joint_wild_cluster_rademacher,0.75,1.0,support_available_pass,6000,6000,1.0,0.0
measurement_missingness_concentration,discovery,joint_wild_cluster_rademacher,0.75,1.0,complement_admissible_pass,6000,6000,1.0,0.0
measurement_missingness_concentration,discovery,joint_wild_cluster_rademacher,0.75,1.0,effect_direction_reproduced_pass,6000,5995,0.9991666666666666,0.0008333333333333526
measurement_missingness_concentration,discovery,joint_wild_cluster_rademacher,0.75,1.0,target_contrast_positive_pass,6000,5995,0.9991666666666666,0.0008333333333333526
measurement_missingness_concentration,discovery,joint_wild_cluster_rademacher,0.75,1.0,minimum_effect_pass,6000,5983,0.9971666666666666,0.0028333333333333544
measurement_missingness_concentration,discovery,joint_wild_cluster_rademacher,0.75,1.0,cluster_uncertainty_pass,6000,1895,0.31583333333333335,0.6841666666666666
measurement_missingness_concentration,discovery,joint_wild_cluster_rademacher,0.75,1.0,raw_statistical_threshold_pass,6000,0,0.0,1.0
measurement_missingness_concentration,discovery,joint_wild_cluster_rademacher,0.75,1.0,multiplicity_adjusted_threshold_pass,6000,0,0.0,1.0
measurement_missingness_concentration,discovery,joint_wild_cluster_rademacher,0.75,1.0,control_adjusted_contrast_pass,6000,2197,0.36616666666666664,0.6338333333333334
measurement_missingness_concentration,discovery,joint_wild_cluster_rademacher,0.75,1.0,control_specificity_pass,6000,3395,0.5658333333333333,0.4341666666666667
measurement_missingness_concentration,discovery,joint_wild_cluster_rademacher,1.0,0.0,support_available_pass,6000,6000,1.0,0.0
measurement_missingness_concentration,discovery,joint_wild_cluster_rademacher,1.0,0.0,complement_admissible_pass,6000,6000,1.0,0.0
measurement_missingness_concentration,discovery,joint_wild_cluster_rademacher,1.0,0.0,effect_direction_reproduced_pass,6000,5998,0.9996666666666667,0.0003333333333332966
measurement_missingness_concentration,discovery,joint_wild_cluster_rademacher,1.0,0.0,target_contrast_positive_pass,6000,5998,0.9996666666666667,0.0003333333333332966
measurement_missingness_concentration,discovery,joint_wild_cluster_rademacher,1.0,0.0,minimum_effect_pass,6000,5998,0.9996666666666667,0.0003333333333332966
measurement_missingness_concentration,discovery,joint_wild_cluster_rademacher,1.0,0.0,cluster_uncertainty_pass,6000,1966,0.32766666666666666,0.6723333333333333
measurement_missingness_concentration,discovery,joint_wild_cluster_rademacher,1.0,0.0,raw_statistical_threshold_pass,6000,0,0.0,1.0
measurement_missingness_concentration,discovery,joint_wild_cluster_rademacher,1.0,0.0,multiplicity_adjusted_threshold_pass,6000,0,0.0,1.0
measurement_missingness_concentration,discovery,joint_wild_cluster_rademacher,1.0,0.0,control_adjusted_contrast_pass,6000,5998,0.9996666666666667,0.0003333333333332966
measurement_missingness_concentration,discovery,joint_wild_cluster_rademacher,1.0,0.0,control_specificity_pass,6000,5998,0.9996666666666667,0.0003333333333332966
measurement_missingness_concentration,discovery,joint_wild_cluster_rademacher,1.0,0.25,support_available_pass,6000,6000,1.0,0.0
measurement_missingness_concentration,discovery,joint_wild_cluster_rademacher,1.0,0.25,complement_admissible_pass,6000,6000,1.0,0.0
measurement_missingness_concentration,discovery,joint_wild_cluster_rademacher,1.0,0.25,effect_direction_reproduced_pass,6000,6000,1.0,0.0
measurement_missingness_concentration,discovery,joint_wild_cluster_rademacher,1.0,0.25,target_contrast_positive_pass,6000,6000,1.0,0.0
measurement_missingness_concentration,discovery,joint_wild_cluster_rademacher,1.0,0.25,minimum_effect_pass,6000,5999,0.9998333333333334,0.0001666666666666483
measurement_missingness_concentration,discovery,joint_wild_cluster_rademacher,1.0,0.25,cluster_uncertainty_pass,6000,1974,0.329,0.671
measurement_missingness_concentration,discovery,joint_wild_cluster_rademacher,1.0,0.25,raw_statistical_threshold_pass,6000,0,0.0,1.0
measurement_missingness_concentration,discovery,joint_wild_cluster_rademacher,1.0,0.25,multiplicity_adjusted_threshold_pass,6000,0,0.0,1.0
measurement_missingness_concentration,discovery,joint_wild_cluster_rademacher,1.0,0.25,control_adjusted_contrast_pass,6000,5919,0.9865,0.013499999999999956
measurement_missingness_concentration,discovery,joint_wild_cluster_rademacher,1.0,0.25,control_specificity_pass,6000,5965,0.9941666666666666,0.005833333333333357
measurement_missingness_concentration,discovery,joint_wild_cluster_rademacher,1.0,0.5,support_available_pass,6000,6000,1.0,0.0
measurement_missingness_concentration,discovery,joint_wild_cluster_rademacher,1.0,0.5,complement_admissible_pass,6000,6000,1.0,0.0
measurement_missingness_concentration,discovery,joint_wild_cluster_rademacher,1.0,0.5,effect_direction_reproduced_pass,6000,5999,0.9998333333333334,0.0001666666666666483
measurement_missingness_concentration,discovery,joint_wild_cluster_rademacher,1.0,0.5,target_contrast_positive_pass,6000,5999,0.9998333333333334,0.0001666666666666483
measurement_missingness_concentration,discovery,joint_wild_cluster_rademacher,1.0,0.5,minimum_effect_pass,6000,5999,0.9998333333333334,0.0001666666666666483
measurement_missingness_concentration,discovery,joint_wild_cluster_rademacher,1.0,0.5,cluster_uncertainty_pass,6000,1971,0.3285,0.6715
measurement_missingness_concentration,discovery,joint_wild_cluster_rademacher,1.0,0.5,raw_statistical_threshold_pass,6000,0,0.0,1.0
measurement_missingness_concentration,discovery,joint_wild_cluster_rademacher,1.0,0.5,multiplicity_adjusted_threshold_pass,6000,0,0.0,1.0
measurement_missingness_concentration,discovery,joint_wild_cluster_rademacher,1.0,0.5,control_adjusted_contrast_pass,6000,5253,0.8755,0.12450000000000006
measurement_missingness_concentration,discovery,joint_wild_cluster_rademacher,1.0,0.5,control_specificity_pass,6000,5673,0.9455,0.05449999999999999
measurement_missingness_concentration,discovery,joint_wild_cluster_rademacher,1.0,1.0,support_available_pass,6000,6000,1.0,0.0
measurement_missingness_concentration,discovery,joint_wild_cluster_rademacher,1.0,1.0,complement_admissible_pass,6000,6000,1.0,0.0
measurement_missingness_concentration,discovery,joint_wild_cluster_rademacher,1.0,1.0,effect_direction_reproduced_pass,6000,6000,1.0,0.0
measurement_missingness_concentration,discovery,joint_wild_cluster_rademacher,1.0,1.0,target_contrast_positive_pass,6000,6000,1.0,0.0
measurement_missingness_concentration,discovery,joint_wild_cluster_rademacher,1.0,1.0,minimum_effect_pass,6000,5998,0.9996666666666667,0.0003333333333332966
measurement_missingness_concentration,discovery,joint_wild_cluster_rademacher,1.0,1.0,cluster_uncertainty_pass,6000,1959,0.3265,0.6735
measurement_missingness_concentration,discovery,joint_wild_cluster_rademacher,1.0,1.0,raw_statistical_threshold_pass,6000,0,0.0,1.0
measurement_missingness_concentration,discovery,joint_wild_cluster_rademacher,1.0,1.0,multiplicity_adjusted_threshold_pass,6000,0,0.0,1.0
measurement_missingness_concentration,discovery,joint_wild_cluster_rademacher,1.0,1.0,control_adjusted_contrast_pass,6000,2171,0.36183333333333334,0.6381666666666667
measurement_missingness_concentration,discovery,joint_wild_cluster_rademacher,1.0,1.0,control_specificity_pass,6000,3354,0.559,0.44099999999999995
measurement_missingness_concentration,discovery,joint_wild_cluster_rademacher,1.5,0.0,support_available_pass,6000,6000,1.0,0.0
measurement_missingness_concentration,discovery,joint_wild_cluster_rademacher,1.5,0.0,complement_admissible_pass,6000,6000,1.0,0.0
measurement_missingness_concentration,discovery,joint_wild_cluster_rademacher,1.5,0.0,effect_direction_reproduced_pass,6000,6000,1.0,0.0
measurement_missingness_concentration,discovery,joint_wild_cluster_rademacher,1.5,0.0,target_contrast_positive_pass,6000,6000,1.0,0.0
measurement_missingness_concentration,discovery,joint_wild_cluster_rademacher,1.5,0.0,minimum_effect_pass,6000,6000,1.0,0.0
measurement_missingness_concentration,discovery,joint_wild_cluster_rademacher,1.5,0.0,cluster_uncertainty_pass,6000,1998,0.333,0.667
measurement_missingness_concentration,discovery,joint_wild_cluster_rademacher,1.5,0.0,raw_statistical_threshold_pass,6000,0,0.0,1.0
measurement_missingness_concentration,discovery,joint_wild_cluster_rademacher,1.5,0.0,multiplicity_adjusted_threshold_pass,6000,0,0.0,1.0
measurement_missingness_concentration,discovery,joint_wild_cluster_rademacher,1.5,0.0,control_adjusted_contrast_pass,6000,6000,1.0,0.0
measurement_missingness_concentration,discovery,joint_wild_cluster_rademacher,1.5,0.0,control_specificity_pass,6000,6000,1.0,0.0
measurement_missingness_concentration,discovery,joint_wild_cluster_rademacher,1.5,0.25,support_available_pass,6000,6000,1.0,0.0
measurement_missingness_concentration,discovery,joint_wild_cluster_rademacher,1.5,0.25,complement_admissible_pass,6000,6000,1.0,0.0
measurement_missingness_concentration,discovery,joint_wild_cluster_rademacher,1.5,0.25,effect_direction_reproduced_pass,6000,6000,1.0,0.0
measurement_missingness_concentration,discovery,joint_wild_cluster_rademacher,1.5,0.25,target_contrast_positive_pass,6000,6000,1.0,0.0
measurement_missingness_concentration,discovery,joint_wild_cluster_rademacher,1.5,0.25,minimum_effect_pass,6000,6000,1.0,0.0
measurement_missingness_concentration,discovery,joint_wild_cluster_rademacher,1.5,0.25,cluster_uncertainty_pass,6000,1997,0.3328333333333333,0.6671666666666667
measurement_missingness_concentration,discovery,joint_wild_cluster_rademacher,1.5,0.25,raw_statistical_threshold_pass,6000,0,0.0,1.0
measurement_missingness_concentration,discovery,joint_wild_cluster_rademacher,1.5,0.25,multiplicity_adjusted_threshold_pass,6000,0,0.0,1.0
measurement_missingness_concentration,discovery,joint_wild_cluster_rademacher,1.5,0.25,control_adjusted_contrast_pass,6000,5974,0.9956666666666667,0.0043333333333333
measurement_missingness_concentration,discovery,joint_wild_cluster_rademacher,1.5,0.25,control_specificity_pass,6000,5990,0.9983333333333333,0.0016666666666667052
measurement_missingness_concentration,discovery,joint_wild_cluster_rademacher,1.5,0.5,support_available_pass,6000,6000,1.0,0.0
measurement_missingness_concentration,discovery,joint_wild_cluster_rademacher,1.5,0.5,complement_admissible_pass,6000,6000,1.0,0.0
measurement_missingness_concentration,discovery,joint_wild_cluster_rademacher,1.5,0.5,effect_direction_reproduced_pass,6000,6000,1.0,0.0
measurement_missingness_concentration,discovery,joint_wild_cluster_rademacher,1.5,0.5,target_contrast_positive_pass,6000,6000,1.0,0.0
measurement_missingness_concentration,discovery,joint_wild_cluster_rademacher,1.5,0.5,minimum_effect_pass,6000,6000,1.0,0.0
measurement_missingness_concentration,discovery,joint_wild_cluster_rademacher,1.5,0.5,cluster_uncertainty_pass,6000,1996,0.33266666666666667,0.6673333333333333
measurement_missingness_concentration,discovery,joint_wild_cluster_rademacher,1.5,0.5,raw_statistical_threshold_pass,6000,0,0.0,1.0
measurement_missingness_concentration,discovery,joint_wild_cluster_rademacher,1.5,0.5,multiplicity_adjusted_threshold_pass,6000,0,0.0,1.0
measurement_missingness_concentration,discovery,joint_wild_cluster_rademacher,1.5,0.5,control_adjusted_contrast_pass,6000,5474,0.9123333333333333,0.08766666666666667
measurement_missingness_concentration,discovery,joint_wild_cluster_rademacher,1.5,0.5,control_specificity_pass,6000,5769,0.9615,0.03849999999999998
measurement_missingness_concentration,discovery,joint_wild_cluster_rademacher,1.5,1.0,support_available_pass,6000,6000,1.0,0.0
measurement_missingness_concentration,discovery,joint_wild_cluster_rademacher,1.5,1.0,complement_admissible_pass,6000,6000,1.0,0.0
measurement_missingness_concentration,discovery,joint_wild_cluster_rademacher,1.5,1.0,effect_direction_reproduced_pass,6000,6000,1.0,0.0
measurement_missingness_concentration,discovery,joint_wild_cluster_rademacher,1.5,1.0,target_contrast_positive_pass,6000,6000,1.0,0.0
measurement_missingness_concentration,discovery,joint_wild_cluster_rademacher,1.5,1.0,minimum_effect_pass,6000,6000,1.0,0.0
measurement_missingness_concentration,discovery,joint_wild_cluster_rademacher,1.5,1.0,cluster_uncertainty_pass,6000,1999,0.33316666666666667,0.6668333333333334
measurement_missingness_concentration,discovery,joint_wild_cluster_rademacher,1.5,1.0,raw_statistical_threshold_pass,6000,0,0.0,1.0
measurement_missingness_concentration,discovery,joint_wild_cluster_rademacher,1.5,1.0,multiplicity_adjusted_threshold_pass,6000,0,0.0,1.0
measurement_missingness_concentration,discovery,joint_wild_cluster_rademacher,1.5,1.0,control_adjusted_contrast_pass,6000,2135,0.35583333333333333,0.6441666666666667
measurement_missingness_concentration,discovery,joint_wild_cluster_rademacher,1.5,1.0,control_specificity_pass,6000,3369,0.5615,0.4385
measurement_missingness_concentration,discovery,joint_wild_cluster_rademacher,2.0,0.0,support_available_pass,6000,6000,1.0,0.0
measurement_missingness_concentration,discovery,joint_wild_cluster_rademacher,2.0,0.0,complement_admissible_pass,6000,6000,1.0,0.0
measurement_missingness_concentration,discovery,joint_wild_cluster_rademacher,2.0,0.0,effect_direction_reproduced_pass,6000,6000,1.0,0.0
measurement_missingness_concentration,discovery,joint_wild_cluster_rademacher,2.0,0.0,target_contrast_positive_pass,6000,6000,1.0,0.0
measurement_missingness_concentration,discovery,joint_wild_cluster_rademacher,2.0,0.0,minimum_effect_pass,6000,6000,1.0,0.0
measurement_missingness_concentration,discovery,joint_wild_cluster_rademacher,2.0,0.0,cluster_uncertainty_pass,6000,1999,0.33316666666666667,0.6668333333333334
measurement_missingness_concentration,discovery,joint_wild_cluster_rademacher,2.0,0.0,raw_statistical_threshold_pass,6000,0,0.0,1.0
measurement_missingness_concentration,discovery,joint_wild_cluster_rademacher,2.0,0.0,multiplicity_adjusted_threshold_pass,6000,0,0.0,1.0
measurement_missingness_concentration,discovery,joint_wild_cluster_rademacher,2.0,0.0,control_adjusted_contrast_pass,6000,6000,1.0,0.0
measurement_missingness_concentration,discovery,joint_wild_cluster_rademacher,2.0,0.0,control_specificity_pass,6000,6000,1.0,0.0
measurement_missingness_concentration,discovery,joint_wild_cluster_rademacher,2.0,0.25,support_available_pass,6000,6000,1.0,0.0
measurement_missingness_concentration,discovery,joint_wild_cluster_rademacher,2.0,0.25,complement_admissible_pass,6000,6000,1.0,0.0
measurement_missingness_concentration,discovery,joint_wild_cluster_rademacher,2.0,0.25,effect_direction_reproduced_pass,6000,6000,1.0,0.0
measurement_missingness_concentration,discovery,joint_wild_cluster_rademacher,2.0,0.25,target_contrast_positive_pass,6000,6000,1.0,0.0
measurement_missingness_concentration,discovery,joint_wild_cluster_rademacher,2.0,0.25,minimum_effect_pass,6000,6000,1.0,0.0
measurement_missingness_concentration,discovery,joint_wild_cluster_rademacher,2.0,0.25,cluster_uncertainty_pass,6000,2000,0.3333333333333333,0.6666666666666667
measurement_missingness_concentration,discovery,joint_wild_cluster_rademacher,2.0,0.25,raw_statistical_threshold_pass,6000,0,0.0,1.0
measurement_missingness_concentration,discovery,joint_wild_cluster_rademacher,2.0,0.25,multiplicity_adjusted_threshold_pass,6000,0,0.0,1.0
measurement_missingness_concentration,discovery,joint_wild_cluster_rademacher,2.0,0.25,control_adjusted_contrast_pass,6000,5984,0.9973333333333333,0.002666666666666706
measurement_missingness_concentration,discovery,joint_wild_cluster_rademacher,2.0,0.25,control_specificity_pass,6000,5994,0.999,0.0010000000000000009
measurement_missingness_concentration,discovery,joint_wild_cluster_rademacher,2.0,0.5,support_available_pass,6000,6000,1.0,0.0
measurement_missingness_concentration,discovery,joint_wild_cluster_rademacher,2.0,0.5,complement_admissible_pass,6000,6000,1.0,0.0
measurement_missingness_concentration,discovery,joint_wild_cluster_rademacher,2.0,0.5,effect_direction_reproduced_pass,6000,6000,1.0,0.0
measurement_missingness_concentration,discovery,joint_wild_cluster_rademacher,2.0,0.5,target_contrast_positive_pass,6000,6000,1.0,0.0
measurement_missingness_concentration,discovery,joint_wild_cluster_rademacher,2.0,0.5,minimum_effect_pass,6000,6000,1.0,0.0
measurement_missingness_concentration,discovery,joint_wild_cluster_rademacher,2.0,0.5,cluster_uncertainty_pass,6000,1999,0.33316666666666667,0.6668333333333334
measurement_missingness_concentration,discovery,joint_wild_cluster_rademacher,2.0,0.5,raw_statistical_threshold_pass,6000,0,0.0,1.0
measurement_missingness_concentration,discovery,joint_wild_cluster_rademacher,2.0,0.5,multiplicity_adjusted_threshold_pass,6000,0,0.0,1.0
measurement_missingness_concentration,discovery,joint_wild_cluster_rademacher,2.0,0.5,control_adjusted_contrast_pass,6000,5582,0.9303333333333333,0.06966666666666665
measurement_missingness_concentration,discovery,joint_wild_cluster_rademacher,2.0,0.5,control_specificity_pass,6000,5847,0.9745,0.025499999999999967
measurement_missingness_concentration,discovery,joint_wild_cluster_rademacher,2.0,1.0,support_available_pass,6000,6000,1.0,0.0
measurement_missingness_concentration,discovery,joint_wild_cluster_rademacher,2.0,1.0,complement_admissible_pass,6000,6000,1.0,0.0
measurement_missingness_concentration,discovery,joint_wild_cluster_rademacher,2.0,1.0,effect_direction_reproduced_pass,6000,6000,1.0,0.0
measurement_missingness_concentration,discovery,joint_wild_cluster_rademacher,2.0,1.0,target_contrast_positive_pass,6000,6000,1.0,0.0
measurement_missingness_concentration,discovery,joint_wild_cluster_rademacher,2.0,1.0,minimum_effect_pass,6000,6000,1.0,0.0
measurement_missingness_concentration,discovery,joint_wild_cluster_rademacher,2.0,1.0,cluster_uncertainty_pass,6000,1999,0.33316666666666667,0.6668333333333334
measurement_missingness_concentration,discovery,joint_wild_cluster_rademacher,2.0,1.0,raw_statistical_threshold_pass,6000,0,0.0,1.0
measurement_missingness_concentration,discovery,joint_wild_cluster_rademacher,2.0,1.0,multiplicity_adjusted_threshold_pass,6000,0,0.0,1.0
measurement_missingness_concentration,discovery,joint_wild_cluster_rademacher,2.0,1.0,control_adjusted_contrast_pass,6000,2012,0.3353333333333333,0.6646666666666667
measurement_missingness_concentration,discovery,joint_wild_cluster_rademacher,2.0,1.0,control_specificity_pass,6000,3318,0.553,0.44699999999999995
