address_id,record_id,support_id,relation,carrier,entitlement_status,partition,simulator_id,failure_predicate,delta,control_response_lambda,trajectory_class,probability_shape,first_empirically_passable_k,empirically_passable,maximum_gate_passage_probability,final_tested_gate_passage_probability,k_at_maximum_probability,minimum_k_for_probability_0_50,minimum_k_for_probability_0_80,minimum_k_for_probability_0_90,material_nonmonotone,probability_improving_without_0_50_reliability,late_probability_increment,late_probability_plateau_within_epsilon,late_gain_from_k6_to_max,final_mean_effective_cluster_count,probability_vector_json,mean_effective_cluster_vector_json,probability_k03,probability_k04,probability_k05,probability_k06,probability_k08,probability_k10,probability_k12,trajectory_hash
03ef63db7584762143dc3914,three_way__no_window,114bd7932e0008f8ef79,three_way,no_window,fl3_entitlement_capped,confirmation,joint_gaussian_regularized_cluster,measurement_missingness_concentration,0.0,0.0,empirically_never_passable,all_zero,,False,0.0,0.0,3,,,,False,False,0.0,True,0.0,6.067,"{""10"":0.0,""12"":0.0,""3"":0.0,""4"":0.0,""5"":0.0,""6"":0.0,""8"":0.0}","{""10"":5.033,""12"":6.067,""3"":1.497,""4"":2.017,""5"":2.522,""6"":3.02,""8"":4.028}",0.0,0.0,0.0,0.0,0.0,0.0,0.0,790d2aa0703e8d6426d25cbb0806c847e32c13e119b926d46b2110ff03fdd5f0
03ef63db7584762143dc3914,three_way__no_window,114bd7932e0008f8ef79,three_way,no_window,fl3_entitlement_capped,confirmation,joint_gaussian_regularized_cluster,measurement_missingness_concentration,0.25,0.0,early_passable,observed_non_decreasing,4.0,True,0.659,0.659,12,10.0,,,False,False,0.15600000000000003,False,0.525,5.836,"{""10"":0.503,""12"":0.659,""3"":0.0,""4"":0.022,""5"":0.051,""6"":0.134,""8"":0.31}","{""10"":4.853,""12"":5.836,""3"":1.451,""4"":1.932,""5"":2.429,""6"":2.92,""8"":3.882}",0.0,0.022,0.051,0.134,0.31,0.503,0.659,61a147998b5c040f3348af181a00f6f43d8fb27e6c9c31826a7d3b914c3f3558
03ef63db7584762143dc3914,three_way__no_window,114bd7932e0008f8ef79,three_way,no_window,fl3_entitlement_capped,confirmation,joint_gaussian_regularized_cluster,measurement_missingness_concentration,0.5,0.0,early_passable,observed_non_decreasing,4.0,True,0.897,0.897,12,8.0,12.0,,False,False,0.11099999999999999,False,0.6020000000000001,6.063,"{""10"":0.786,""12"":0.897,""3"":0.0,""4"":0.049,""5"":0.149,""6"":0.295,""8"":0.578}","{""10"":5.048,""12"":6.063,""3"":1.528,""4"":2.025,""5"":2.52,""6"":3.03,""8"":4.039}",0.0,0.049,0.149,0.295,0.578,0.786,0.897,6b2d48534e2cbb67dda547c88a471da357ecce06d6e56703a2605b03b654b744
03ef63db7584762143dc3914,three_way__no_window,114bd7932e0008f8ef79,three_way,no_window,fl3_entitlement_capped,confirmation,joint_gaussian_regularized_cluster,measurement_missingness_concentration,0.75,0.0,early_passable,observed_non_decreasing,4.0,True,0.917,0.917,12,8.0,10.0,12.0,False,False,0.10000000000000009,False,0.5780000000000001,6.047,"{""10"":0.817,""12"":0.917,""3"":0.0,""4"":0.069,""5"":0.185,""6"":0.339,""8"":0.635}","{""10"":5.043,""12"":6.047,""3"":1.525,""4"":2.029,""5"":2.519,""6"":3.053,""8"":4.066}",0.0,0.069,0.185,0.339,0.635,0.817,0.917,8d50acb3659082f00bb18abbce846d1f5ef137cffd5b5c25515f152e9bce31ba
03ef63db7584762143dc3914,three_way__no_window,114bd7932e0008f8ef79,three_way,no_window,fl3_entitlement_capped,confirmation,joint_gaussian_regularized_cluster,measurement_missingness_concentration,1.0,0.0,early_passable,observed_non_decreasing,4.0,True,0.932,0.932,12,8.0,10.0,12.0,False,False,0.08900000000000008,False,0.5940000000000001,5.995,"{""10"":0.843,""12"":0.932,""3"":0.0,""4"":0.07,""5"":0.187,""6"":0.338,""8"":0.64}","{""10"":5.017,""12"":5.995,""3"":1.518,""4"":2.032,""5"":2.527,""6"":3.026,""8"":4.018}",0.0,0.07,0.187,0.338,0.64,0.843,0.932,cc324c3558219fff6580a934cf456fd4ecb0a090b3ce6ddc2204607104d7ed38
03ef63db7584762143dc3914,three_way__no_window,114bd7932e0008f8ef79,three_way,no_window,fl3_entitlement_capped,confirmation,joint_gaussian_regularized_cluster,measurement_missingness_concentration,1.5,0.0,early_passable,observed_non_decreasing,4.0,True,0.93,0.93,12,8.0,10.0,12.0,False,False,0.1120000000000001,False,0.5830000000000001,5.978,"{""10"":0.818,""12"":0.93,""3"":0.0,""4"":0.056,""5"":0.186,""6"":0.347,""8"":0.614}","{""10"":4.995,""12"":5.978,""3"":1.497,""4"":1.994,""5"":2.495,""6"":3.004,""8"":3.978}",0.0,0.056,0.186,0.347,0.614,0.818,0.93,12aba00351faa633f9a950de1118dadc35aa6a5af242fe9066fd1f18b7e7265f
03ef63db7584762143dc3914,three_way__no_window,114bd7932e0008f8ef79,three_way,no_window,fl3_entitlement_capped,confirmation,joint_gaussian_regularized_cluster,measurement_missingness_concentration,2.0,0.0,early_passable,observed_non_decreasing,4.0,True,0.926,0.926,12,8.0,10.0,12.0,False,False,0.10300000000000009,False,0.5810000000000001,5.944,"{""10"":0.823,""12"":0.926,""3"":0.0,""4"":0.059,""5"":0.181,""6"":0.345,""8"":0.623}","{""10"":4.947,""12"":5.944,""3"":1.495,""4"":1.986,""5"":2.476,""6"":2.983,""8"":3.978}",0.0,0.059,0.181,0.345,0.623,0.823,0.926,bdff56a694c4fee5f5ce52f87da91399a646ae5f701bbee340deedc183fc0177
03ef63db7584762143dc3914,three_way__no_window,114bd7932e0008f8ef79,three_way,no_window,fl3_entitlement_capped,confirmation,joint_gaussian_regularized_cluster,measurement_missingness_concentration,0.25,0.25,early_passable,observed_non_decreasing,4.0,True,0.665,0.665,12,10.0,,,False,False,0.14400000000000002,False,0.543,6.011,"{""10"":0.521,""12"":0.665,""3"":0.0,""4"":0.017,""5"":0.063,""6"":0.122,""8"":0.348}","{""10"":5.031,""12"":6.011,""3"":1.501,""4"":1.998,""5"":2.479,""6"":2.998,""8"":4.007}",0.0,0.017,0.063,0.122,0.348,0.521,0.665,1ea38f102ff09aa8c2e111292f8f9a808754d8bbe61898def8b44586044ad0ff
03ef63db7584762143dc3914,three_way__no_window,114bd7932e0008f8ef79,three_way,no_window,fl3_entitlement_capped,confirmation,joint_gaussian_regularized_cluster,measurement_missingness_concentration,0.5,0.25,early_passable,observed_non_decreasing,4.0,True,0.88,0.88,12,8.0,12.0,,False,False,0.11399999999999999,False,0.593,6.012,"{""10"":0.766,""12"":0.88,""3"":0.0,""4"":0.042,""5"":0.143,""6"":0.287,""8"":0.548}","{""10"":5.057,""12"":6.012,""3"":1.497,""4"":2.012,""5"":2.53,""6"":3.021,""8"":4.025}",0.0,0.042,0.143,0.287,0.548,0.766,0.88,b221a494cb5f4efb04e21b5699eeb3b335269c8fc7d1d4125cd03d7d3fc29c42
03ef63db7584762143dc3914,three_way__no_window,114bd7932e0008f8ef79,three_way,no_window,fl3_entitlement_capped,confirmation,joint_gaussian_regularized_cluster,measurement_missingness_concentration,0.75,0.25,early_passable,observed_non_decreasing,4.0,True,0.918,0.918,12,8.0,10.0,12.0,False,False,0.09200000000000008,False,0.6180000000000001,5.975,"{""10"":0.826,""12"":0.918,""3"":0.0,""4"":0.055,""5"":0.166,""6"":0.3,""8"":0.603}","{""10"":5.0,""12"":5.975,""3"":1.47,""4"":1.963,""5"":2.45,""6"":2.951,""8"":3.976}",0.0,0.055,0.166,0.3,0.603,0.826,0.918,d22f3323c42767a1faac3dc90f6b15ee46deb20806c0803f056c156b989132df
03ef63db7584762143dc3914,three_way__no_window,114bd7932e0008f8ef79,three_way,no_window,fl3_entitlement_capped,confirmation,joint_gaussian_regularized_cluster,measurement_missingness_concentration,1.0,0.25,early_passable,observed_non_decreasing,4.0,True,0.93,0.93,12,8.0,10.0,12.0,False,False,0.125,False,0.607,5.939,"{""10"":0.805,""12"":0.93,""3"":0.0,""4"":0.053,""5"":0.169,""6"":0.323,""8"":0.623}","{""10"":4.922,""12"":5.939,""3"":1.498,""4"":1.978,""5"":2.479,""6"":2.969,""8"":3.911}",0.0,0.053,0.169,0.323,0.623,0.805,0.93,fd5ab9eef4cac5abfa07ea66f1b3518af42283e17aab375c6ee44be81fa45743
03ef63db7584762143dc3914,three_way__no_window,114bd7932e0008f8ef79,three_way,no_window,fl3_entitlement_capped,confirmation,joint_gaussian_regularized_cluster,measurement_missingness_concentration,1.5,0.25,early_passable,observed_non_decreasing,4.0,True,0.926,0.926,12,8.0,10.0,12.0,False,False,0.09600000000000009,False,0.5710000000000001,6.0,"{""10"":0.83,""12"":0.926,""3"":0.0,""4"":0.061,""5"":0.186,""6"":0.355,""8"":0.639}","{""10"":5.003,""12"":6.0,""3"":1.541,""4"":2.054,""5"":2.564,""6"":3.045,""8"":4.004}",0.0,0.061,0.186,0.355,0.639,0.83,0.926,da79bd722691275bec05156f77e46ab59e3fbe9de313081d655dc7ae23b12766
03ef63db7584762143dc3914,three_way__no_window,114bd7932e0008f8ef79,three_way,no_window,fl3_entitlement_capped,confirmation,joint_gaussian_regularized_cluster,measurement_missingness_concentration,2.0,0.25,early_passable,observed_non_decreasing,4.0,True,0.919,0.919,12,8.0,10.0,12.0,False,False,0.08300000000000007,False,0.5630000000000001,6.021,"{""10"":0.836,""12"":0.919,""3"":0.0,""4"":0.062,""5"":0.192,""6"":0.356,""8"":0.658}","{""10"":5.043,""12"":6.021,""3"":1.512,""4"":2.032,""5"":2.538,""6"":3.051,""8"":4.056}",0.0,0.062,0.192,0.356,0.658,0.836,0.919,d8abafd49032694f75ebf881daf9c70e17532671f363d0cc21a8338f0ab7959e
03ef63db7584762143dc3914,three_way__no_window,114bd7932e0008f8ef79,three_way,no_window,fl3_entitlement_capped,confirmation,joint_gaussian_regularized_cluster,measurement_missingness_concentration,0.25,0.5,early_passable,observed_non_decreasing,4.0,True,0.563,0.563,12,12.0,,,False,False,0.11899999999999994,False,0.44299999999999995,5.963,"{""10"":0.444,""12"":0.563,""3"":0.0,""4"":0.014,""5"":0.056,""6"":0.12,""8"":0.272}","{""10"":4.976,""12"":5.963,""3"":1.445,""4"":1.963,""5"":2.453,""6"":2.958,""8"":3.958}",0.0,0.014,0.056,0.12,0.272,0.444,0.563,361c7b0aa59cc96098fd0673fe4913a2f37be97c4dc14d942a674acacf3b1ffb
03ef63db7584762143dc3914,three_way__no_window,114bd7932e0008f8ef79,three_way,no_window,fl3_entitlement_capped,confirmation,joint_gaussian_regularized_cluster,measurement_missingness_concentration,0.5,0.5,early_passable,observed_non_decreasing,4.0,True,0.787,0.787,12,10.0,,,False,False,0.122,False,0.55,6.001,"{""10"":0.665,""12"":0.787,""3"":0.0,""4"":0.024,""5"":0.116,""6"":0.237,""8"":0.487}","{""10"":4.993,""12"":6.001,""3"":1.488,""4"":1.998,""5"":2.482,""6"":2.983,""8"":3.969}",0.0,0.024,0.116,0.237,0.487,0.665,0.787,82968b9eef6320d551e960d5c34c7cc4c0bbb377f7f751a5eb0ebc6f5f3e7e9d
03ef63db7584762143dc3914,three_way__no_window,114bd7932e0008f8ef79,three_way,no_window,fl3_entitlement_capped,confirmation,joint_gaussian_regularized_cluster,measurement_missingness_concentration,0.75,0.5,early_passable,observed_non_decreasing,4.0,True,0.85,0.85,12,8.0,12.0,,False,False,0.09699999999999998,False,0.5589999999999999,5.996,"{""10"":0.753,""12"":0.85,""3"":0.0,""4"":0.053,""5"":0.154,""6"":0.291,""8"":0.576}","{""10"":4.972,""12"":5.996,""3"":1.543,""4"":2.027,""5"":2.526,""6"":3.019,""8"":4.003}",0.0,0.053,0.154,0.291,0.576,0.753,0.85,0946bd102d61f83ce6910fadbb53aee833502b9e2e16a6caf35375c4a6bcf36b
03ef63db7584762143dc3914,three_way__no_window,114bd7932e0008f8ef79,three_way,no_window,fl3_entitlement_capped,confirmation,joint_gaussian_regularized_cluster,measurement_missingness_concentration,1.0,0.5,early_passable,observed_non_decreasing,4.0,True,0.892,0.892,12,8.0,12.0,,False,False,0.12,False,0.5980000000000001,5.967,"{""10"":0.772,""12"":0.892,""3"":0.0,""4"":0.051,""5"":0.172,""6"":0.294,""8"":0.594}","{""10"":4.965,""12"":5.967,""3"":1.468,""4"":1.973,""5"":2.475,""6"":2.99,""8"":3.99}",0.0,0.051,0.172,0.294,0.594,0.772,0.892,42931a67c36df6696c068e0358798f9dfe87d5b40afc48fa157d4801a87fab7f
03ef63db7584762143dc3914,three_way__no_window,114bd7932e0008f8ef79,three_way,no_window,fl3_entitlement_capped,confirmation,joint_gaussian_regularized_cluster,measurement_missingness_concentration,1.5,0.5,early_passable,observed_non_decreasing,4.0,True,0.912,0.912,12,8.0,12.0,12.0,False,False,0.11499999999999999,False,0.5760000000000001,5.989,"{""10"":0.797,""12"":0.912,""3"":0.0,""4"":0.058,""5"":0.18,""6"":0.336,""8"":0.597}","{""10"":4.989,""12"":5.989,""3"":1.522,""4"":2.022,""5"":2.497,""6"":2.996,""8"":3.994}",0.0,0.058,0.18,0.336,0.597,0.797,0.912,81f577ee5aa1ec3bef3b241beb7d51afe32c38b9f1437e574b8312bc3989cbab
03ef63db7584762143dc3914,three_way__no_window,114bd7932e0008f8ef79,three_way,no_window,fl3_entitlement_capped,confirmation,joint_gaussian_regularized_cluster,measurement_missingness_concentration,2.0,0.5,early_passable,observed_non_decreasing,4.0,True,0.923,0.923,12,8.0,10.0,12.0,False,False,0.11499999999999999,False,0.5770000000000001,6.038,"{""10"":0.808,""12"":0.923,""3"":0.0,""4"":0.058,""5"":0.195,""6"":0.346,""8"":0.626}","{""10"":5.035,""12"":6.038,""3"":1.512,""4"":2.053,""5"":2.581,""6"":3.07,""8"":4.034}",0.0,0.058,0.195,0.346,0.626,0.808,0.923,9c5727aed7dbf59900a19c5530931ccb8c48811d82ad08e0244d1010faa7acb3
03ef63db7584762143dc3914,three_way__no_window,114bd7932e0008f8ef79,three_way,no_window,fl3_entitlement_capped,confirmation,joint_gaussian_regularized_cluster,measurement_missingness_concentration,0.25,1.0,early_passable,observed_non_decreasing,4.0,True,0.19,0.19,12,,,,False,True,0.04000000000000001,False,0.133,5.948,"{""10"":0.15,""12"":0.19,""3"":0.0,""4"":0.012,""5"":0.025,""6"":0.057,""8"":0.111}","{""10"":4.975,""12"":5.948,""3"":1.474,""4"":1.986,""5"":2.483,""6"":2.959,""8"":4.0}",0.0,0.012,0.025,0.057,0.111,0.15,0.19,7113dd82351cbd3ce6cef0fd87a63e01506fba7bfed8d19379288a56cb098487
03ef63db7584762143dc3914,three_way__no_window,114bd7932e0008f8ef79,three_way,no_window,fl3_entitlement_capped,confirmation,joint_gaussian_regularized_cluster,measurement_missingness_concentration,0.5,1.0,early_passable,observed_non_decreasing,4.0,True,0.268,0.268,12,,,,False,True,0.034,False,0.16300000000000003,5.915,"{""10"":0.234,""12"":0.268,""3"":0.0,""4"":0.018,""5"":0.068,""6"":0.105,""8"":0.202}","{""10"":4.932,""12"":5.915,""3"":1.469,""4"":1.947,""5"":2.454,""6"":2.957,""8"":3.925}",0.0,0.018,0.068,0.105,0.202,0.234,0.268,e347891405e20c83fa18c795c31a8ace769aeadc6a7231888d0c3029aae821da
03ef63db7584762143dc3914,three_way__no_window,114bd7932e0008f8ef79,three_way,no_window,fl3_entitlement_capped,confirmation,joint_gaussian_regularized_cluster,measurement_missingness_concentration,0.75,1.0,early_passable,observed_non_decreasing,4.0,True,0.275,0.275,12,,,,False,True,0.018000000000000016,False,0.17100000000000004,5.977,"{""10"":0.257,""12"":0.275,""3"":0.0,""4"":0.023,""5"":0.059,""6"":0.104,""8"":0.206}","{""10"":4.966,""12"":5.977,""3"":1.568,""4"":2.06,""5"":2.532,""6"":3.017,""8"":3.984}",0.0,0.023,0.059,0.104,0.206,0.257,0.275,3c3faccdd995cbffd16168a406eff722a282257319dff57790696e7b5701ceba
03ef63db7584762143dc3914,three_way__no_window,114bd7932e0008f8ef79,three_way,no_window,fl3_entitlement_capped,confirmation,joint_gaussian_regularized_cluster,measurement_missingness_concentration,1.0,1.0,early_passable,observed_non_decreasing,4.0,True,0.261,0.261,10,,,,False,True,0.0,True,0.14200000000000002,5.9,"{""10"":0.261,""12"":0.261,""3"":0.0,""4"":0.024,""5"":0.058,""6"":0.119,""8"":0.193}","{""10"":4.922,""12"":5.9,""3"":1.483,""4"":1.978,""5"":2.494,""6"":3.014,""8"":3.981}",0.0,0.024,0.058,0.119,0.193,0.261,0.261,6866171ec0b944ad57ada918eec645eff6044d69581f477528b4a9f5c359bd73
03ef63db7584762143dc3914,three_way__no_window,114bd7932e0008f8ef79,three_way,no_window,fl3_entitlement_capped,confirmation,joint_gaussian_regularized_cluster,measurement_missingness_concentration,1.5,1.0,early_passable,observed_non_decreasing,4.0,True,0.258,0.258,12,,,,False,True,0.015000000000000013,False,0.133,6.03,"{""10"":0.243,""12"":0.258,""3"":0.0,""4"":0.023,""5"":0.063,""6"":0.125,""8"":0.216}","{""10"":5.023,""12"":6.03,""3"":1.52,""4"":2.015,""5"":2.506,""6"":3.007,""8"":4.013}",0.0,0.023,0.063,0.125,0.216,0.243,0.258,31ebad41aab66e32d3bd51374f6fba8abcdc00986741ebc9cb8a6c9d89291c80
03ef63db7584762143dc3914,three_way__no_window,114bd7932e0008f8ef79,three_way,no_window,fl3_entitlement_capped,confirmation,joint_gaussian_regularized_cluster,measurement_missingness_concentration,2.0,1.0,early_passable,observed_non_decreasing,4.0,True,0.239,0.239,12,,,,False,True,0.004999999999999977,True,0.132,5.944,"{""10"":0.234,""12"":0.239,""3"":0.0,""4"":0.028,""5"":0.074,""6"":0.107,""8"":0.186}","{""10"":4.965,""12"":5.944,""3"":1.529,""4"":2.025,""5"":2.499,""6"":3.002,""8"":3.972}",0.0,0.028,0.074,0.107,0.186,0.234,0.239,5e5236fa07027999a40b8ecdc078373886811d33faa47f27b6c952cfa8788b92
1cce3e5fe7c50070e58676c9,Cp2_vs_Cp3__strict_numeric_all,0262d70dda595cb6cda6,Cp2_vs_Cp3,strict_numeric_all,fl3_entitlement_capped,confirmation,joint_gaussian_regularized_cluster,measurement_missingness_concentration,0.0,0.0,empirically_never_passable,all_zero,,False,0.0,0.0,3,,,,False,False,0.0,True,0.0,0.0,"{""10"":0.0,""12"":0.0,""3"":0.0,""4"":0.0,""5"":0.0,""6"":0.0,""8"":0.0}","{""10"":0.0,""12"":0.0,""3"":0.0,""4"":0.0,""5"":0.0,""6"":0.0,""8"":0.0}",0.0,0.0,0.0,0.0,0.0,0.0,0.0,9cbb79c4d5fec4da365b62b18c99bd0e348574d9ddbf8209fe2706c1469461d1
1cce3e5fe7c50070e58676c9,Cp2_vs_Cp3__strict_numeric_all,0262d70dda595cb6cda6,Cp2_vs_Cp3,strict_numeric_all,fl3_entitlement_capped,confirmation,joint_gaussian_regularized_cluster,measurement_missingness_concentration,0.25,0.0,empirically_never_passable,all_zero,,False,0.0,0.0,3,,,,False,False,0.0,True,0.0,0.0,"{""10"":0.0,""12"":0.0,""3"":0.0,""4"":0.0,""5"":0.0,""6"":0.0,""8"":0.0}","{""10"":0.0,""12"":0.0,""3"":0.0,""4"":0.0,""5"":0.0,""6"":0.0,""8"":0.0}",0.0,0.0,0.0,0.0,0.0,0.0,0.0,401702c7a635b9ef4a3cf352d51b96d2f46e6d3524e4aaab89ba9fc4e8164ad0
1cce3e5fe7c50070e58676c9,Cp2_vs_Cp3__strict_numeric_all,0262d70dda595cb6cda6,Cp2_vs_Cp3,strict_numeric_all,fl3_entitlement_capped,confirmation,joint_gaussian_regularized_cluster,measurement_missingness_concentration,0.5,0.0,empirically_never_passable,all_zero,,False,0.0,0.0,3,,,,False,False,0.0,True,0.0,0.0,"{""10"":0.0,""12"":0.0,""3"":0.0,""4"":0.0,""5"":0.0,""6"":0.0,""8"":0.0}","{""10"":0.0,""12"":0.0,""3"":0.0,""4"":0.0,""5"":0.0,""6"":0.0,""8"":0.0}",0.0,0.0,0.0,0.0,0.0,0.0,0.0,1f8f9c615ce00edd7aa836de5cc56b91cc4267b451866c37b7f97bb5f557afd1
1cce3e5fe7c50070e58676c9,Cp2_vs_Cp3__strict_numeric_all,0262d70dda595cb6cda6,Cp2_vs_Cp3,strict_numeric_all,fl3_entitlement_capped,confirmation,joint_gaussian_regularized_cluster,measurement_missingness_concentration,0.75,0.0,empirically_never_passable,all_zero,,False,0.0,0.0,3,,,,False,False,0.0,True,0.0,0.0,"{""10"":0.0,""12"":0.0,""3"":0.0,""4"":0.0,""5"":0.0,""6"":0.0,""8"":0.0}","{""10"":0.0,""12"":0.0,""3"":0.0,""4"":0.0,""5"":0.0,""6"":0.0,""8"":0.0}",0.0,0.0,0.0,0.0,0.0,0.0,0.0,cc2b1185336958ecd972dc173bde5b99fd4e7d032eee050496ee5307bca5ec94
1cce3e5fe7c50070e58676c9,Cp2_vs_Cp3__strict_numeric_all,0262d70dda595cb6cda6,Cp2_vs_Cp3,strict_numeric_all,fl3_entitlement_capped,confirmation,joint_gaussian_regularized_cluster,measurement_missingness_concentration,1.0,0.0,empirically_never_passable,all_zero,,False,0.0,0.0,3,,,,False,False,0.0,True,0.0,0.0,"{""10"":0.0,""12"":0.0,""3"":0.0,""4"":0.0,""5"":0.0,""6"":0.0,""8"":0.0}","{""10"":0.0,""12"":0.0,""3"":0.0,""4"":0.0,""5"":0.0,""6"":0.0,""8"":0.0}",0.0,0.0,0.0,0.0,0.0,0.0,0.0,15dbb4e4d116f4b2fef95c86b5914fcc8d152f21c12feb1e90ecbe45bd5ab7cc
1cce3e5fe7c50070e58676c9,Cp2_vs_Cp3__strict_numeric_all,0262d70dda595cb6cda6,Cp2_vs_Cp3,strict_numeric_all,fl3_entitlement_capped,confirmation,joint_gaussian_regularized_cluster,measurement_missingness_concentration,1.5,0.0,empirically_never_passable,all_zero,,False,0.0,0.0,3,,,,False,False,0.0,True,0.0,0.0,"{""10"":0.0,""12"":0.0,""3"":0.0,""4"":0.0,""5"":0.0,""6"":0.0,""8"":0.0}","{""10"":0.0,""12"":0.0,""3"":0.0,""4"":0.0,""5"":0.0,""6"":0.0,""8"":0.0}",0.0,0.0,0.0,0.0,0.0,0.0,0.0,63078b9d2474e2e0570f4edaa3d598583a256db8c865b61dc0b61649a2829404
1cce3e5fe7c50070e58676c9,Cp2_vs_Cp3__strict_numeric_all,0262d70dda595cb6cda6,Cp2_vs_Cp3,strict_numeric_all,fl3_entitlement_capped,confirmation,joint_gaussian_regularized_cluster,measurement_missingness_concentration,2.0,0.0,empirically_never_passable,all_zero,,False,0.0,0.0,3,,,,False,False,0.0,True,0.0,0.0,"{""10"":0.0,""12"":0.0,""3"":0.0,""4"":0.0,""5"":0.0,""6"":0.0,""8"":0.0}","{""10"":0.0,""12"":0.0,""3"":0.0,""4"":0.0,""5"":0.0,""6"":0.0,""8"":0.0}",0.0,0.0,0.0,0.0,0.0,0.0,0.0,06fd358fed72de4f81ab38cce926097a5bc2ee7d21f3d13b1b90558ef44039a2
1cce3e5fe7c50070e58676c9,Cp2_vs_Cp3__strict_numeric_all,0262d70dda595cb6cda6,Cp2_vs_Cp3,strict_numeric_all,fl3_entitlement_capped,confirmation,joint_gaussian_regularized_cluster,measurement_missingness_concentration,0.25,0.25,empirically_never_passable,all_zero,,False,0.0,0.0,3,,,,False,False,0.0,True,0.0,0.0,"{""10"":0.0,""12"":0.0,""3"":0.0,""4"":0.0,""5"":0.0,""6"":0.0,""8"":0.0}","{""10"":0.0,""12"":0.0,""3"":0.0,""4"":0.0,""5"":0.0,""6"":0.0,""8"":0.0}",0.0,0.0,0.0,0.0,0.0,0.0,0.0,5c51de8011375f28d18cf5e75a82492d060c0b629ad30b83754dd3adc4eeea0d
1cce3e5fe7c50070e58676c9,Cp2_vs_Cp3__strict_numeric_all,0262d70dda595cb6cda6,Cp2_vs_Cp3,strict_numeric_all,fl3_entitlement_capped,confirmation,joint_gaussian_regularized_cluster,measurement_missingness_concentration,0.5,0.25,empirically_never_passable,all_zero,,False,0.0,0.0,3,,,,False,False,0.0,True,0.0,0.0,"{""10"":0.0,""12"":0.0,""3"":0.0,""4"":0.0,""5"":0.0,""6"":0.0,""8"":0.0}","{""10"":0.0,""12"":0.0,""3"":0.0,""4"":0.0,""5"":0.0,""6"":0.0,""8"":0.0}",0.0,0.0,0.0,0.0,0.0,0.0,0.0,ccbc454ff1731776ec4068965e9b2484bc1f9a33bb3891b7e663ab7f75741822
1cce3e5fe7c50070e58676c9,Cp2_vs_Cp3__strict_numeric_all,0262d70dda595cb6cda6,Cp2_vs_Cp3,strict_numeric_all,fl3_entitlement_capped,confirmation,joint_gaussian_regularized_cluster,measurement_missingness_concentration,0.75,0.25,empirically_never_passable,all_zero,,False,0.0,0.0,3,,,,False,False,0.0,True,0.0,0.0,"{""10"":0.0,""12"":0.0,""3"":0.0,""4"":0.0,""5"":0.0,""6"":0.0,""8"":0.0}","{""10"":0.0,""12"":0.0,""3"":0.0,""4"":0.0,""5"":0.0,""6"":0.0,""8"":0.0}",0.0,0.0,0.0,0.0,0.0,0.0,0.0,717ef9aaff86bd2a4dbbfc7ce1b37096058950bd8b918214ec61c335f5a7e2f4
1cce3e5fe7c50070e58676c9,Cp2_vs_Cp3__strict_numeric_all,0262d70dda595cb6cda6,Cp2_vs_Cp3,strict_numeric_all,fl3_entitlement_capped,confirmation,joint_gaussian_regularized_cluster,measurement_missingness_concentration,1.0,0.25,empirically_never_passable,all_zero,,False,0.0,0.0,3,,,,False,False,0.0,True,0.0,0.0,"{""10"":0.0,""12"":0.0,""3"":0.0,""4"":0.0,""5"":0.0,""6"":0.0,""8"":0.0}","{""10"":0.0,""12"":0.0,""3"":0.0,""4"":0.0,""5"":0.0,""6"":0.0,""8"":0.0}",0.0,0.0,0.0,0.0,0.0,0.0,0.0,cfc86f19759a4035ce8520a333184f21bcfc29edc828be045445dc1562859e2e
1cce3e5fe7c50070e58676c9,Cp2_vs_Cp3__strict_numeric_all,0262d70dda595cb6cda6,Cp2_vs_Cp3,strict_numeric_all,fl3_entitlement_capped,confirmation,joint_gaussian_regularized_cluster,measurement_missingness_concentration,1.5,0.25,empirically_never_passable,all_zero,,False,0.0,0.0,3,,,,False,False,0.0,True,0.0,0.0,"{""10"":0.0,""12"":0.0,""3"":0.0,""4"":0.0,""5"":0.0,""6"":0.0,""8"":0.0}","{""10"":0.0,""12"":0.0,""3"":0.0,""4"":0.0,""5"":0.0,""6"":0.0,""8"":0.0}",0.0,0.0,0.0,0.0,0.0,0.0,0.0,d3e726b84bceb262b9e2d2caf9cf3c833efc3e2d4f13a48d8413c19b07305f72
1cce3e5fe7c50070e58676c9,Cp2_vs_Cp3__strict_numeric_all,0262d70dda595cb6cda6,Cp2_vs_Cp3,strict_numeric_all,fl3_entitlement_capped,confirmation,joint_gaussian_regularized_cluster,measurement_missingness_concentration,2.0,0.25,empirically_never_passable,all_zero,,False,0.0,0.0,3,,,,False,False,0.0,True,0.0,0.0,"{""10"":0.0,""12"":0.0,""3"":0.0,""4"":0.0,""5"":0.0,""6"":0.0,""8"":0.0}","{""10"":0.0,""12"":0.0,""3"":0.0,""4"":0.0,""5"":0.0,""6"":0.0,""8"":0.0}",0.0,0.0,0.0,0.0,0.0,0.0,0.0,89515c9478a0b5e299fdda9bfd406f6a167bb4777610bdfb0dd245deba34a551
1cce3e5fe7c50070e58676c9,Cp2_vs_Cp3__strict_numeric_all,0262d70dda595cb6cda6,Cp2_vs_Cp3,strict_numeric_all,fl3_entitlement_capped,confirmation,joint_gaussian_regularized_cluster,measurement_missingness_concentration,0.25,0.5,empirically_never_passable,all_zero,,False,0.0,0.0,3,,,,False,False,0.0,True,0.0,0.0,"{""10"":0.0,""12"":0.0,""3"":0.0,""4"":0.0,""5"":0.0,""6"":0.0,""8"":0.0}","{""10"":0.0,""12"":0.0,""3"":0.0,""4"":0.0,""5"":0.0,""6"":0.0,""8"":0.0}",0.0,0.0,0.0,0.0,0.0,0.0,0.0,a9bb05d9e09c74ee0d6244bb467a3c0922a2bc61b008d07eda84c6611ffc1dc4
1cce3e5fe7c50070e58676c9,Cp2_vs_Cp3__strict_numeric_all,0262d70dda595cb6cda6,Cp2_vs_Cp3,strict_numeric_all,fl3_entitlement_capped,confirmation,joint_gaussian_regularized_cluster,measurement_missingness_concentration,0.5,0.5,empirically_never_passable,all_zero,,False,0.0,0.0,3,,,,False,False,0.0,True,0.0,0.0,"{""10"":0.0,""12"":0.0,""3"":0.0,""4"":0.0,""5"":0.0,""6"":0.0,""8"":0.0}","{""10"":0.0,""12"":0.0,""3"":0.0,""4"":0.0,""5"":0.0,""6"":0.0,""8"":0.0}",0.0,0.0,0.0,0.0,0.0,0.0,0.0,9c5940093b3d9806c2a5def94f3df8ef360c56b201e9d2598b6526419926f5a9
1cce3e5fe7c50070e58676c9,Cp2_vs_Cp3__strict_numeric_all,0262d70dda595cb6cda6,Cp2_vs_Cp3,strict_numeric_all,fl3_entitlement_capped,confirmation,joint_gaussian_regularized_cluster,measurement_missingness_concentration,0.75,0.5,empirically_never_passable,all_zero,,False,0.0,0.0,3,,,,False,False,0.0,True,0.0,0.0,"{""10"":0.0,""12"":0.0,""3"":0.0,""4"":0.0,""5"":0.0,""6"":0.0,""8"":0.0}","{""10"":0.0,""12"":0.0,""3"":0.0,""4"":0.0,""5"":0.0,""6"":0.0,""8"":0.0}",0.0,0.0,0.0,0.0,0.0,0.0,0.0,4c9339159fc53f92bbdacbc8373d1370becb1ccc86eacd2479f06240aa819c39
1cce3e5fe7c50070e58676c9,Cp2_vs_Cp3__strict_numeric_all,0262d70dda595cb6cda6,Cp2_vs_Cp3,strict_numeric_all,fl3_entitlement_capped,confirmation,joint_gaussian_regularized_cluster,measurement_missingness_concentration,1.0,0.5,empirically_never_passable,all_zero,,False,0.0,0.0,3,,,,False,False,0.0,True,0.0,0.0,"{""10"":0.0,""12"":0.0,""3"":0.0,""4"":0.0,""5"":0.0,""6"":0.0,""8"":0.0}","{""10"":0.0,""12"":0.0,""3"":0.0,""4"":0.0,""5"":0.0,""6"":0.0,""8"":0.0}",0.0,0.0,0.0,0.0,0.0,0.0,0.0,0a8c24f839c770e478a9bc28717e12e9cff5bd150759d73177c5b1600753c418
1cce3e5fe7c50070e58676c9,Cp2_vs_Cp3__strict_numeric_all,0262d70dda595cb6cda6,Cp2_vs_Cp3,strict_numeric_all,fl3_entitlement_capped,confirmation,joint_gaussian_regularized_cluster,measurement_missingness_concentration,1.5,0.5,empirically_never_passable,all_zero,,False,0.0,0.0,3,,,,False,False,0.0,True,0.0,0.0,"{""10"":0.0,""12"":0.0,""3"":0.0,""4"":0.0,""5"":0.0,""6"":0.0,""8"":0.0}","{""10"":0.0,""12"":0.0,""3"":0.0,""4"":0.0,""5"":0.0,""6"":0.0,""8"":0.0}",0.0,0.0,0.0,0.0,0.0,0.0,0.0,383bad8d0817d1e9d5d9182eeeff8132659bedc76481b2798b22b2d9a9198b74
1cce3e5fe7c50070e58676c9,Cp2_vs_Cp3__strict_numeric_all,0262d70dda595cb6cda6,Cp2_vs_Cp3,strict_numeric_all,fl3_entitlement_capped,confirmation,joint_gaussian_regularized_cluster,measurement_missingness_concentration,2.0,0.5,empirically_never_passable,all_zero,,False,0.0,0.0,3,,,,False,False,0.0,True,0.0,0.0,"{""10"":0.0,""12"":0.0,""3"":0.0,""4"":0.0,""5"":0.0,""6"":0.0,""8"":0.0}","{""10"":0.0,""12"":0.0,""3"":0.0,""4"":0.0,""5"":0.0,""6"":0.0,""8"":0.0}",0.0,0.0,0.0,0.0,0.0,0.0,0.0,35772787db49230888635bbf5d3a3efc1b47b9d0248d9f562669f1d9c1c0128c
1cce3e5fe7c50070e58676c9,Cp2_vs_Cp3__strict_numeric_all,0262d70dda595cb6cda6,Cp2_vs_Cp3,strict_numeric_all,fl3_entitlement_capped,confirmation,joint_gaussian_regularized_cluster,measurement_missingness_concentration,0.25,1.0,empirically_never_passable,all_zero,,False,0.0,0.0,3,,,,False,False,0.0,True,0.0,0.0,"{""10"":0.0,""12"":0.0,""3"":0.0,""4"":0.0,""5"":0.0,""6"":0.0,""8"":0.0}","{""10"":0.0,""12"":0.0,""3"":0.0,""4"":0.0,""5"":0.0,""6"":0.0,""8"":0.0}",0.0,0.0,0.0,0.0,0.0,0.0,0.0,f38eb86cc38802e3eea57f8128999f99d006de10b282cfee4488c57816c99f34
1cce3e5fe7c50070e58676c9,Cp2_vs_Cp3__strict_numeric_all,0262d70dda595cb6cda6,Cp2_vs_Cp3,strict_numeric_all,fl3_entitlement_capped,confirmation,joint_gaussian_regularized_cluster,measurement_missingness_concentration,0.5,1.0,empirically_never_passable,all_zero,,False,0.0,0.0,3,,,,False,False,0.0,True,0.0,0.0,"{""10"":0.0,""12"":0.0,""3"":0.0,""4"":0.0,""5"":0.0,""6"":0.0,""8"":0.0}","{""10"":0.0,""12"":0.0,""3"":0.0,""4"":0.0,""5"":0.0,""6"":0.0,""8"":0.0}",0.0,0.0,0.0,0.0,0.0,0.0,0.0,f94734522bae5322a93f00dce0859f47f30e9891fb28ea2443d2a947bdd9a3c6
1cce3e5fe7c50070e58676c9,Cp2_vs_Cp3__strict_numeric_all,0262d70dda595cb6cda6,Cp2_vs_Cp3,strict_numeric_all,fl3_entitlement_capped,confirmation,joint_gaussian_regularized_cluster,measurement_missingness_concentration,0.75,1.0,empirically_never_passable,all_zero,,False,0.0,0.0,3,,,,False,False,0.0,True,0.0,0.0,"{""10"":0.0,""12"":0.0,""3"":0.0,""4"":0.0,""5"":0.0,""6"":0.0,""8"":0.0}","{""10"":0.0,""12"":0.0,""3"":0.0,""4"":0.0,""5"":0.0,""6"":0.0,""8"":0.0}",0.0,0.0,0.0,0.0,0.0,0.0,0.0,be28eec8668562cde9655e70cc4631d5183aa7455dbaf8d69c0e7321cb0fb7a4
1cce3e5fe7c50070e58676c9,Cp2_vs_Cp3__strict_numeric_all,0262d70dda595cb6cda6,Cp2_vs_Cp3,strict_numeric_all,fl3_entitlement_capped,confirmation,joint_gaussian_regularized_cluster,measurement_missingness_concentration,1.0,1.0,empirically_never_passable,all_zero,,False,0.0,0.0,3,,,,False,False,0.0,True,0.0,0.0,"{""10"":0.0,""12"":0.0,""3"":0.0,""4"":0.0,""5"":0.0,""6"":0.0,""8"":0.0}","{""10"":0.0,""12"":0.0,""3"":0.0,""4"":0.0,""5"":0.0,""6"":0.0,""8"":0.0}",0.0,0.0,0.0,0.0,0.0,0.0,0.0,57f2ef536c31a9275993b2102da66fa2e68eb608d9fd9ecdd5ab7bbab60015c5
1cce3e5fe7c50070e58676c9,Cp2_vs_Cp3__strict_numeric_all,0262d70dda595cb6cda6,Cp2_vs_Cp3,strict_numeric_all,fl3_entitlement_capped,confirmation,joint_gaussian_regularized_cluster,measurement_missingness_concentration,1.5,1.0,empirically_never_passable,all_zero,,False,0.0,0.0,3,,,,False,False,0.0,True,0.0,0.0,"{""10"":0.0,""12"":0.0,""3"":0.0,""4"":0.0,""5"":0.0,""6"":0.0,""8"":0.0}","{""10"":0.0,""12"":0.0,""3"":0.0,""4"":0.0,""5"":0.0,""6"":0.0,""8"":0.0}",0.0,0.0,0.0,0.0,0.0,0.0,0.0,77106b6f6590f6cb6ca96a5da0fb3a787d401c7bb7579bf4739c9ead9b4aabc7
1cce3e5fe7c50070e58676c9,Cp2_vs_Cp3__strict_numeric_all,0262d70dda595cb6cda6,Cp2_vs_Cp3,strict_numeric_all,fl3_entitlement_capped,confirmation,joint_gaussian_regularized_cluster,measurement_missingness_concentration,2.0,1.0,empirically_never_passable,all_zero,,False,0.0,0.0,3,,,,False,False,0.0,True,0.0,0.0,"{""10"":0.0,""12"":0.0,""3"":0.0,""4"":0.0,""5"":0.0,""6"":0.0,""8"":0.0}","{""10"":0.0,""12"":0.0,""3"":0.0,""4"":0.0,""5"":0.0,""6"":0.0,""8"":0.0}",0.0,0.0,0.0,0.0,0.0,0.0,0.0,3d54ba44ca418462fa3214cd7c0ff3c050635a8ad5c2eace732b631556e640b5
1dbc920edffba9363b404b4e,Cp2_vs_Cp3__stability_plus_geometry,3e971f0bc08c8189f389,Cp2_vs_Cp3,stability_plus_geometry,fl3_entitled,confirmation,joint_gaussian_regularized_cluster,measurement_missingness_concentration,0.0,0.0,empirically_never_passable,all_zero,,False,0.0,0.0,3,,,,False,False,0.0,True,0.0,0.0,"{""10"":0.0,""12"":0.0,""3"":0.0,""4"":0.0,""5"":0.0,""6"":0.0,""8"":0.0}","{""10"":0.0,""12"":0.0,""3"":0.0,""4"":0.0,""5"":0.0,""6"":0.0,""8"":0.0}",0.0,0.0,0.0,0.0,0.0,0.0,0.0,c44d6cec75ebdfba6edecf2b291880c5ca3f56cbe13a438c7da49295d0ad2acb
1dbc920edffba9363b404b4e,Cp2_vs_Cp3__stability_plus_geometry,3e971f0bc08c8189f389,Cp2_vs_Cp3,stability_plus_geometry,fl3_entitled,confirmation,joint_gaussian_regularized_cluster,measurement_missingness_concentration,0.25,0.0,empirically_never_passable,all_zero,,False,0.0,0.0,3,,,,False,False,0.0,True,0.0,0.0,"{""10"":0.0,""12"":0.0,""3"":0.0,""4"":0.0,""5"":0.0,""6"":0.0,""8"":0.0}","{""10"":0.0,""12"":0.0,""3"":0.0,""4"":0.0,""5"":0.0,""6"":0.0,""8"":0.0}",0.0,0.0,0.0,0.0,0.0,0.0,0.0,a7225d63e5d775ea2946180db1f9907486ffbcb46e7061423a3c3e65572f66e8
1dbc920edffba9363b404b4e,Cp2_vs_Cp3__stability_plus_geometry,3e971f0bc08c8189f389,Cp2_vs_Cp3,stability_plus_geometry,fl3_entitled,confirmation,joint_gaussian_regularized_cluster,measurement_missingness_concentration,0.5,0.0,empirically_never_passable,all_zero,,False,0.0,0.0,3,,,,False,False,0.0,True,0.0,0.0,"{""10"":0.0,""12"":0.0,""3"":0.0,""4"":0.0,""5"":0.0,""6"":0.0,""8"":0.0}","{""10"":0.0,""12"":0.0,""3"":0.0,""4"":0.0,""5"":0.0,""6"":0.0,""8"":0.0}",0.0,0.0,0.0,0.0,0.0,0.0,0.0,91a6e5a8d2b93467f55517be81958a4429c7d7d60c6fc0fe675676730d11e5b6
1dbc920edffba9363b404b4e,Cp2_vs_Cp3__stability_plus_geometry,3e971f0bc08c8189f389,Cp2_vs_Cp3,stability_plus_geometry,fl3_entitled,confirmation,joint_gaussian_regularized_cluster,measurement_missingness_concentration,0.75,0.0,empirically_never_passable,all_zero,,False,0.0,0.0,3,,,,False,False,0.0,True,0.0,0.0,"{""10"":0.0,""12"":0.0,""3"":0.0,""4"":0.0,""5"":0.0,""6"":0.0,""8"":0.0}","{""10"":0.0,""12"":0.0,""3"":0.0,""4"":0.0,""5"":0.0,""6"":0.0,""8"":0.0}",0.0,0.0,0.0,0.0,0.0,0.0,0.0,73d698ab98ec737f333be1cee46725cdb24378d9a43a64bce1dfc5168ed15d94
1dbc920edffba9363b404b4e,Cp2_vs_Cp3__stability_plus_geometry,3e971f0bc08c8189f389,Cp2_vs_Cp3,stability_plus_geometry,fl3_entitled,confirmation,joint_gaussian_regularized_cluster,measurement_missingness_concentration,1.0,0.0,empirically_never_passable,all_zero,,False,0.0,0.0,3,,,,False,False,0.0,True,0.0,0.0,"{""10"":0.0,""12"":0.0,""3"":0.0,""4"":0.0,""5"":0.0,""6"":0.0,""8"":0.0}","{""10"":0.0,""12"":0.0,""3"":0.0,""4"":0.0,""5"":0.0,""6"":0.0,""8"":0.0}",0.0,0.0,0.0,0.0,0.0,0.0,0.0,ed3e6db0a567c618a0e0e1d301e992826715cc82dea8e6010b64d2e3d1364461
1dbc920edffba9363b404b4e,Cp2_vs_Cp3__stability_plus_geometry,3e971f0bc08c8189f389,Cp2_vs_Cp3,stability_plus_geometry,fl3_entitled,confirmation,joint_gaussian_regularized_cluster,measurement_missingness_concentration,1.5,0.0,empirically_never_passable,all_zero,,False,0.0,0.0,3,,,,False,False,0.0,True,0.0,0.0,"{""10"":0.0,""12"":0.0,""3"":0.0,""4"":0.0,""5"":0.0,""6"":0.0,""8"":0.0}","{""10"":0.0,""12"":0.0,""3"":0.0,""4"":0.0,""5"":0.0,""6"":0.0,""8"":0.0}",0.0,0.0,0.0,0.0,0.0,0.0,0.0,32429280f417474c90a442c31164380736b13273e29943d7e304e8a1bbbffdf4
1dbc920edffba9363b404b4e,Cp2_vs_Cp3__stability_plus_geometry,3e971f0bc08c8189f389,Cp2_vs_Cp3,stability_plus_geometry,fl3_entitled,confirmation,joint_gaussian_regularized_cluster,measurement_missingness_concentration,2.0,0.0,empirically_never_passable,all_zero,,False,0.0,0.0,3,,,,False,False,0.0,True,0.0,0.0,"{""10"":0.0,""12"":0.0,""3"":0.0,""4"":0.0,""5"":0.0,""6"":0.0,""8"":0.0}","{""10"":0.0,""12"":0.0,""3"":0.0,""4"":0.0,""5"":0.0,""6"":0.0,""8"":0.0}",0.0,0.0,0.0,0.0,0.0,0.0,0.0,f0bbb4e6208d809ff9d9b16d6fdf65ad7481780bb5aae292fd0f8f29955cf6eb
1dbc920edffba9363b404b4e,Cp2_vs_Cp3__stability_plus_geometry,3e971f0bc08c8189f389,Cp2_vs_Cp3,stability_plus_geometry,fl3_entitled,confirmation,joint_gaussian_regularized_cluster,measurement_missingness_concentration,0.25,0.25,empirically_never_passable,all_zero,,False,0.0,0.0,3,,,,False,False,0.0,True,0.0,0.0,"{""10"":0.0,""12"":0.0,""3"":0.0,""4"":0.0,""5"":0.0,""6"":0.0,""8"":0.0}","{""10"":0.0,""12"":0.0,""3"":0.0,""4"":0.0,""5"":0.0,""6"":0.0,""8"":0.0}",0.0,0.0,0.0,0.0,0.0,0.0,0.0,b230d67c52e170ad613026da285c4eb6a44e546f405f036d84ac805e226bc689
1dbc920edffba9363b404b4e,Cp2_vs_Cp3__stability_plus_geometry,3e971f0bc08c8189f389,Cp2_vs_Cp3,stability_plus_geometry,fl3_entitled,confirmation,joint_gaussian_regularized_cluster,measurement_missingness_concentration,0.5,0.25,empirically_never_passable,all_zero,,False,0.0,0.0,3,,,,False,False,0.0,True,0.0,0.0,"{""10"":0.0,""12"":0.0,""3"":0.0,""4"":0.0,""5"":0.0,""6"":0.0,""8"":0.0}","{""10"":0.0,""12"":0.0,""3"":0.0,""4"":0.0,""5"":0.0,""6"":0.0,""8"":0.0}",0.0,0.0,0.0,0.0,0.0,0.0,0.0,83e5f50d821ca47134c82ee94dfe2fddbe93c78e9f6e6dc67ac9e028b021b54e
1dbc920edffba9363b404b4e,Cp2_vs_Cp3__stability_plus_geometry,3e971f0bc08c8189f389,Cp2_vs_Cp3,stability_plus_geometry,fl3_entitled,confirmation,joint_gaussian_regularized_cluster,measurement_missingness_concentration,0.75,0.25,empirically_never_passable,all_zero,,False,0.0,0.0,3,,,,False,False,0.0,True,0.0,0.0,"{""10"":0.0,""12"":0.0,""3"":0.0,""4"":0.0,""5"":0.0,""6"":0.0,""8"":0.0}","{""10"":0.0,""12"":0.0,""3"":0.0,""4"":0.0,""5"":0.0,""6"":0.0,""8"":0.0}",0.0,0.0,0.0,0.0,0.0,0.0,0.0,619370ead4c2daf9e8e85759518bb15350b9ffc7d4a2a0f18892a7bcbfc648a4
1dbc920edffba9363b404b4e,Cp2_vs_Cp3__stability_plus_geometry,3e971f0bc08c8189f389,Cp2_vs_Cp3,stability_plus_geometry,fl3_entitled,confirmation,joint_gaussian_regularized_cluster,measurement_missingness_concentration,1.0,0.25,empirically_never_passable,all_zero,,False,0.0,0.0,3,,,,False,False,0.0,True,0.0,0.0,"{""10"":0.0,""12"":0.0,""3"":0.0,""4"":0.0,""5"":0.0,""6"":0.0,""8"":0.0}","{""10"":0.0,""12"":0.0,""3"":0.0,""4"":0.0,""5"":0.0,""6"":0.0,""8"":0.0}",0.0,0.0,0.0,0.0,0.0,0.0,0.0,9522bd73266be6be4e6817e7ce3450a0a275fabdb2477716d953e5fac1e1e4e9
1dbc920edffba9363b404b4e,Cp2_vs_Cp3__stability_plus_geometry,3e971f0bc08c8189f389,Cp2_vs_Cp3,stability_plus_geometry,fl3_entitled,confirmation,joint_gaussian_regularized_cluster,measurement_missingness_concentration,1.5,0.25,empirically_never_passable,all_zero,,False,0.0,0.0,3,,,,False,False,0.0,True,0.0,0.0,"{""10"":0.0,""12"":0.0,""3"":0.0,""4"":0.0,""5"":0.0,""6"":0.0,""8"":0.0}","{""10"":0.0,""12"":0.0,""3"":0.0,""4"":0.0,""5"":0.0,""6"":0.0,""8"":0.0}",0.0,0.0,0.0,0.0,0.0,0.0,0.0,3ca273ad7a36d61676c808ebffe4678f2964a24908cb99b8693b1efd06c29150
1dbc920edffba9363b404b4e,Cp2_vs_Cp3__stability_plus_geometry,3e971f0bc08c8189f389,Cp2_vs_Cp3,stability_plus_geometry,fl3_entitled,confirmation,joint_gaussian_regularized_cluster,measurement_missingness_concentration,2.0,0.25,empirically_never_passable,all_zero,,False,0.0,0.0,3,,,,False,False,0.0,True,0.0,0.0,"{""10"":0.0,""12"":0.0,""3"":0.0,""4"":0.0,""5"":0.0,""6"":0.0,""8"":0.0}","{""10"":0.0,""12"":0.0,""3"":0.0,""4"":0.0,""5"":0.0,""6"":0.0,""8"":0.0}",0.0,0.0,0.0,0.0,0.0,0.0,0.0,b6afc44ff56dcc1db936d542845229165afaa689fce98fbbb83d07d52137e965
1dbc920edffba9363b404b4e,Cp2_vs_Cp3__stability_plus_geometry,3e971f0bc08c8189f389,Cp2_vs_Cp3,stability_plus_geometry,fl3_entitled,confirmation,joint_gaussian_regularized_cluster,measurement_missingness_concentration,0.25,0.5,empirically_never_passable,all_zero,,False,0.0,0.0,3,,,,False,False,0.0,True,0.0,0.0,"{""10"":0.0,""12"":0.0,""3"":0.0,""4"":0.0,""5"":0.0,""6"":0.0,""8"":0.0}","{""10"":0.0,""12"":0.0,""3"":0.0,""4"":0.0,""5"":0.0,""6"":0.0,""8"":0.0}",0.0,0.0,0.0,0.0,0.0,0.0,0.0,b354da266c3fc3b0da4185be986ff768adedc79a982219b4b3f74044a160b7b6
1dbc920edffba9363b404b4e,Cp2_vs_Cp3__stability_plus_geometry,3e971f0bc08c8189f389,Cp2_vs_Cp3,stability_plus_geometry,fl3_entitled,confirmation,joint_gaussian_regularized_cluster,measurement_missingness_concentration,0.5,0.5,empirically_never_passable,all_zero,,False,0.0,0.0,3,,,,False,False,0.0,True,0.0,0.0,"{""10"":0.0,""12"":0.0,""3"":0.0,""4"":0.0,""5"":0.0,""6"":0.0,""8"":0.0}","{""10"":0.0,""12"":0.0,""3"":0.0,""4"":0.0,""5"":0.0,""6"":0.0,""8"":0.0}",0.0,0.0,0.0,0.0,0.0,0.0,0.0,323a90ecefa99524a5db491eba8f9808d15fc8eda296765d9ec7e379204be2c9
1dbc920edffba9363b404b4e,Cp2_vs_Cp3__stability_plus_geometry,3e971f0bc08c8189f389,Cp2_vs_Cp3,stability_plus_geometry,fl3_entitled,confirmation,joint_gaussian_regularized_cluster,measurement_missingness_concentration,0.75,0.5,empirically_never_passable,all_zero,,False,0.0,0.0,3,,,,False,False,0.0,True,0.0,0.0,"{""10"":0.0,""12"":0.0,""3"":0.0,""4"":0.0,""5"":0.0,""6"":0.0,""8"":0.0}","{""10"":0.0,""12"":0.0,""3"":0.0,""4"":0.0,""5"":0.0,""6"":0.0,""8"":0.0}",0.0,0.0,0.0,0.0,0.0,0.0,0.0,a866743476184b25c49f66fd18482e99c1447aa0eed2be59a91d0ac6d5b2ea05
1dbc920edffba9363b404b4e,Cp2_vs_Cp3__stability_plus_geometry,3e971f0bc08c8189f389,Cp2_vs_Cp3,stability_plus_geometry,fl3_entitled,confirmation,joint_gaussian_regularized_cluster,measurement_missingness_concentration,1.0,0.5,empirically_never_passable,all_zero,,False,0.0,0.0,3,,,,False,False,0.0,True,0.0,0.0,"{""10"":0.0,""12"":0.0,""3"":0.0,""4"":0.0,""5"":0.0,""6"":0.0,""8"":0.0}","{""10"":0.0,""12"":0.0,""3"":0.0,""4"":0.0,""5"":0.0,""6"":0.0,""8"":0.0}",0.0,0.0,0.0,0.0,0.0,0.0,0.0,af3074814e64e8bf055c677a432e562310fd18ecb8355fce1ddf2b893821d63e
1dbc920edffba9363b404b4e,Cp2_vs_Cp3__stability_plus_geometry,3e971f0bc08c8189f389,Cp2_vs_Cp3,stability_plus_geometry,fl3_entitled,confirmation,joint_gaussian_regularized_cluster,measurement_missingness_concentration,1.5,0.5,empirically_never_passable,all_zero,,False,0.0,0.0,3,,,,False,False,0.0,True,0.0,0.0,"{""10"":0.0,""12"":0.0,""3"":0.0,""4"":0.0,""5"":0.0,""6"":0.0,""8"":0.0}","{""10"":0.0,""12"":0.0,""3"":0.0,""4"":0.0,""5"":0.0,""6"":0.0,""8"":0.0}",0.0,0.0,0.0,0.0,0.0,0.0,0.0,402f22a0b49043c44b760698622fbc398ffbb145d51cba7479db839a9617780c
1dbc920edffba9363b404b4e,Cp2_vs_Cp3__stability_plus_geometry,3e971f0bc08c8189f389,Cp2_vs_Cp3,stability_plus_geometry,fl3_entitled,confirmation,joint_gaussian_regularized_cluster,measurement_missingness_concentration,2.0,0.5,empirically_never_passable,all_zero,,False,0.0,0.0,3,,,,False,False,0.0,True,0.0,0.0,"{""10"":0.0,""12"":0.0,""3"":0.0,""4"":0.0,""5"":0.0,""6"":0.0,""8"":0.0}","{""10"":0.0,""12"":0.0,""3"":0.0,""4"":0.0,""5"":0.0,""6"":0.0,""8"":0.0}",0.0,0.0,0.0,0.0,0.0,0.0,0.0,69e2c92c901a6eec3fd706bb8bd4dbd97aad94672d5639ec0a654e9696e778bc
1dbc920edffba9363b404b4e,Cp2_vs_Cp3__stability_plus_geometry,3e971f0bc08c8189f389,Cp2_vs_Cp3,stability_plus_geometry,fl3_entitled,confirmation,joint_gaussian_regularized_cluster,measurement_missingness_concentration,0.25,1.0,empirically_never_passable,all_zero,,False,0.0,0.0,3,,,,False,False,0.0,True,0.0,0.0,"{""10"":0.0,""12"":0.0,""3"":0.0,""4"":0.0,""5"":0.0,""6"":0.0,""8"":0.0}","{""10"":0.0,""12"":0.0,""3"":0.0,""4"":0.0,""5"":0.0,""6"":0.0,""8"":0.0}",0.0,0.0,0.0,0.0,0.0,0.0,0.0,6d7dcbd33e4185ec92de6be30545bbbe6b3bf7382c0e71a624899a6981877a22
1dbc920edffba9363b404b4e,Cp2_vs_Cp3__stability_plus_geometry,3e971f0bc08c8189f389,Cp2_vs_Cp3,stability_plus_geometry,fl3_entitled,confirmation,joint_gaussian_regularized_cluster,measurement_missingness_concentration,0.5,1.0,empirically_never_passable,all_zero,,False,0.0,0.0,3,,,,False,False,0.0,True,0.0,0.0,"{""10"":0.0,""12"":0.0,""3"":0.0,""4"":0.0,""5"":0.0,""6"":0.0,""8"":0.0}","{""10"":0.0,""12"":0.0,""3"":0.0,""4"":0.0,""5"":0.0,""6"":0.0,""8"":0.0}",0.0,0.0,0.0,0.0,0.0,0.0,0.0,ab3d1b3da0823ee5d6249f66d6d5fc26978a0471d94910892817656e7e68692d
1dbc920edffba9363b404b4e,Cp2_vs_Cp3__stability_plus_geometry,3e971f0bc08c8189f389,Cp2_vs_Cp3,stability_plus_geometry,fl3_entitled,confirmation,joint_gaussian_regularized_cluster,measurement_missingness_concentration,0.75,1.0,empirically_never_passable,all_zero,,False,0.0,0.0,3,,,,False,False,0.0,True,0.0,0.0,"{""10"":0.0,""12"":0.0,""3"":0.0,""4"":0.0,""5"":0.0,""6"":0.0,""8"":0.0}","{""10"":0.0,""12"":0.0,""3"":0.0,""4"":0.0,""5"":0.0,""6"":0.0,""8"":0.0}",0.0,0.0,0.0,0.0,0.0,0.0,0.0,c0696ca0b78fc1c98ef2b93744baa6e28899ff0e94f323300b9efc6e57de6e77
1dbc920edffba9363b404b4e,Cp2_vs_Cp3__stability_plus_geometry,3e971f0bc08c8189f389,Cp2_vs_Cp3,stability_plus_geometry,fl3_entitled,confirmation,joint_gaussian_regularized_cluster,measurement_missingness_concentration,1.0,1.0,empirically_never_passable,all_zero,,False,0.0,0.0,3,,,,False,False,0.0,True,0.0,0.0,"{""10"":0.0,""12"":0.0,""3"":0.0,""4"":0.0,""5"":0.0,""6"":0.0,""8"":0.0}","{""10"":0.0,""12"":0.0,""3"":0.0,""4"":0.0,""5"":0.0,""6"":0.0,""8"":0.0}",0.0,0.0,0.0,0.0,0.0,0.0,0.0,2d8bc12db6695ac2619724e79f3203ae8483f9fd8c805c52c7913e7d713bce6d
1dbc920edffba9363b404b4e,Cp2_vs_Cp3__stability_plus_geometry,3e971f0bc08c8189f389,Cp2_vs_Cp3,stability_plus_geometry,fl3_entitled,confirmation,joint_gaussian_regularized_cluster,measurement_missingness_concentration,1.5,1.0,empirically_never_passable,all_zero,,False,0.0,0.0,3,,,,False,False,0.0,True,0.0,0.0,"{""10"":0.0,""12"":0.0,""3"":0.0,""4"":0.0,""5"":0.0,""6"":0.0,""8"":0.0}","{""10"":0.0,""12"":0.0,""3"":0.0,""4"":0.0,""5"":0.0,""6"":0.0,""8"":0.0}",0.0,0.0,0.0,0.0,0.0,0.0,0.0,ffcbbc505f7e0ae672d4a086128f20a51679586b6bbec0a5e54add4abc379368
1dbc920edffba9363b404b4e,Cp2_vs_Cp3__stability_plus_geometry,3e971f0bc08c8189f389,Cp2_vs_Cp3,stability_plus_geometry,fl3_entitled,confirmation,joint_gaussian_regularized_cluster,measurement_missingness_concentration,2.0,1.0,empirically_never_passable,all_zero,,False,0.0,0.0,3,,,,False,False,0.0,True,0.0,0.0,"{""10"":0.0,""12"":0.0,""3"":0.0,""4"":0.0,""5"":0.0,""6"":0.0,""8"":0.0}","{""10"":0.0,""12"":0.0,""3"":0.0,""4"":0.0,""5"":0.0,""6"":0.0,""8"":0.0}",0.0,0.0,0.0,0.0,0.0,0.0,0.0,e3b71027e747018cbc272716592c38b1ee2e6e6ada102872301f544505396d9c
bfa569fbae807b7f50c3389f,C_vs_Cp2__stability_core_3,c683c10822cc59ae7587,C_vs_Cp2,stability_core_3,fl3_entitled,confirmation,joint_gaussian_regularized_cluster,measurement_missingness_concentration,0.0,0.0,empirically_never_passable,all_zero,,False,0.0,0.0,3,,,,False,False,0.0,True,0.0,2.959,"{""10"":0.0,""12"":0.0,""3"":0.0,""4"":0.0,""5"":0.0,""6"":0.0,""8"":0.0}","{""10"":2.478,""12"":2.959,""3"":0.701,""4"":0.959,""5"":1.219,""6"":1.463,""8"":2.004}",0.0,0.0,0.0,0.0,0.0,0.0,0.0,9214d9e95ef748164be8ff725a9b71a2b3d9ceea316dbfeda5f3d93f10a7ea1a
bfa569fbae807b7f50c3389f,C_vs_Cp2__stability_core_3,c683c10822cc59ae7587,C_vs_Cp2,stability_core_3,fl3_entitled,confirmation,joint_gaussian_regularized_cluster,measurement_missingness_concentration,0.25,0.0,early_passable,observed_non_decreasing,5.0,True,0.103,0.103,12,,,,False,True,0.04699999999999999,False,0.09999999999999999,2.982,"{""10"":0.056,""12"":0.103,""3"":0.0,""4"":0.0,""5"":0.001,""6"":0.003,""8"":0.017}","{""10"":2.486,""12"":2.982,""3"":0.737,""4"":0.974,""5"":1.219,""6"":1.474,""8"":1.984}",0.0,0.0,0.001,0.003,0.017,0.056,0.103,8e459b36944e2618ff10147f97b9c24018e2bab1f64397ab52388767046e1b66
bfa569fbae807b7f50c3389f,C_vs_Cp2__stability_core_3,c683c10822cc59ae7587,C_vs_Cp2,stability_core_3,fl3_entitled,confirmation,joint_gaussian_regularized_cluster,measurement_missingness_concentration,0.5,0.0,early_passable,observed_non_decreasing,5.0,True,0.243,0.243,12,,,,False,True,0.087,False,0.225,3.03,"{""10"":0.156,""12"":0.243,""3"":0.0,""4"":0.0,""5"":0.008,""6"":0.018,""8"":0.075}","{""10"":2.543,""12"":3.03,""3"":0.77,""4"":1.022,""5"":1.285,""6"":1.544,""8"":2.048}",0.0,0.0,0.008,0.018,0.075,0.156,0.243,8ddd67b39920c52b13e3d415cb6bcb6c3c9fa20ffaa97c73dfb8e90f0cd370fb
bfa569fbae807b7f50c3389f,C_vs_Cp2__stability_core_3,c683c10822cc59ae7587,C_vs_Cp2,stability_core_3,fl3_entitled,confirmation,joint_gaussian_regularized_cluster,measurement_missingness_concentration,0.75,0.0,early_passable,observed_non_decreasing,4.0,True,0.319,0.319,12,,,,False,True,0.11500000000000002,False,0.28500000000000003,3.065,"{""10"":0.204,""12"":0.319,""3"":0.0,""4"":0.005,""5"":0.012,""6"":0.034,""8"":0.09}","{""10"":2.55,""12"":3.065,""3"":0.79,""4"":1.025,""5"":1.287,""6"":1.553,""8"":2.051}",0.0,0.005,0.012,0.034,0.09,0.204,0.319,a74c0788c1b5f62f93e956b443f3766daa6db9b6d6eeffd37ad2c733c719f5a0
bfa569fbae807b7f50c3389f,C_vs_Cp2__stability_core_3,c683c10822cc59ae7587,C_vs_Cp2,stability_core_3,fl3_entitled,confirmation,joint_gaussian_regularized_cluster,measurement_missingness_concentration,1.0,0.0,early_passable,observed_non_decreasing,4.0,True,0.327,0.327,12,,,,False,True,0.135,False,0.29300000000000004,2.979,"{""10"":0.192,""12"":0.327,""3"":0.0,""4"":0.002,""5"":0.012,""6"":0.034,""8"":0.107}","{""10"":2.485,""12"":2.979,""3"":0.74,""4"":0.979,""5"":1.246,""6"":1.516,""8"":2.014}",0.0,0.002,0.012,0.034,0.107,0.192,0.327,a4b733f6092f59066fdc6ea3b5d5e8f75472f7ad2273be81aed9a5de6f63208f
bfa569fbae807b7f50c3389f,C_vs_Cp2__stability_core_3,c683c10822cc59ae7587,C_vs_Cp2,stability_core_3,fl3_entitled,confirmation,joint_gaussian_regularized_cluster,measurement_missingness_concentration,1.5,0.0,early_passable,observed_non_decreasing,4.0,True,0.368,0.368,12,,,,False,True,0.13899999999999998,False,0.33399999999999996,3.047,"{""10"":0.229,""12"":0.368,""3"":0.0,""4"":0.003,""5"":0.017,""6"":0.034,""8"":0.102}","{""10"":2.528,""12"":3.047,""3"":0.791,""4"":1.044,""5"":1.278,""6"":1.517,""8"":2.029}",0.0,0.003,0.017,0.034,0.102,0.229,0.368,afe5204a8343a4a9bc07975817df598f04acd6b546a763ce6ddfb60c0d6b2cd1
bfa569fbae807b7f50c3389f,C_vs_Cp2__stability_core_3,c683c10822cc59ae7587,C_vs_Cp2,stability_core_3,fl3_entitled,confirmation,joint_gaussian_regularized_cluster,measurement_missingness_concentration,2.0,0.0,early_passable,observed_non_decreasing,4.0,True,0.345,0.345,12,,,,False,True,0.12699999999999997,False,0.307,2.953,"{""10"":0.218,""12"":0.345,""3"":0.0,""4"":0.004,""5"":0.014,""6"":0.038,""8"":0.116}","{""10"":2.492,""12"":2.953,""3"":0.765,""4"":1.014,""5"":1.25,""6"":1.493,""8"":2.002}",0.0,0.004,0.014,0.038,0.116,0.218,0.345,c965a9e3a45bc4e7fb1682544ee700329cb4d5df933b7174b23603eda919662c
bfa569fbae807b7f50c3389f,C_vs_Cp2__stability_core_3,c683c10822cc59ae7587,C_vs_Cp2,stability_core_3,fl3_entitled,confirmation,joint_gaussian_regularized_cluster,measurement_missingness_concentration,0.25,0.25,early_passable,observed_non_decreasing,5.0,True,0.077,0.077,12,,,,False,True,0.034,False,0.074,2.944,"{""10"":0.043,""12"":0.077,""3"":0.0,""4"":0.0,""5"":0.001,""6"":0.003,""8"":0.022}","{""10"":2.457,""12"":2.944,""3"":0.724,""4"":0.982,""5"":1.22,""6"":1.467,""8"":1.951}",0.0,0.0,0.001,0.003,0.022,0.043,0.077,447c58c2e781cde50f12d20b1297f08d9e39a1756e14d756c49647604c3a6a96
bfa569fbae807b7f50c3389f,C_vs_Cp2__stability_core_3,c683c10822cc59ae7587,C_vs_Cp2,stability_core_3,fl3_entitled,confirmation,joint_gaussian_regularized_cluster,measurement_missingness_concentration,0.5,0.25,early_passable,observed_non_decreasing,4.0,True,0.226,0.226,12,,,,False,True,0.086,False,0.20900000000000002,3.024,"{""10"":0.14,""12"":0.226,""3"":0.0,""4"":0.003,""5"":0.01,""6"":0.017,""8"":0.062}","{""10"":2.511,""12"":3.024,""3"":0.738,""4"":1.018,""5"":1.253,""6"":1.491,""8"":2.004}",0.0,0.003,0.01,0.017,0.062,0.14,0.226,d8db364092366167df65bb27292efd4f937d203cb31c9e294e8efc673d4353c4
bfa569fbae807b7f50c3389f,C_vs_Cp2__stability_core_3,c683c10822cc59ae7587,C_vs_Cp2,stability_core_3,fl3_entitled,confirmation,joint_gaussian_regularized_cluster,measurement_missingness_concentration,0.75,0.25,early_passable,observed_non_decreasing,5.0,True,0.265,0.265,12,,,,False,True,0.11300000000000002,False,0.24200000000000002,2.917,"{""10"":0.152,""12"":0.265,""3"":0.0,""4"":0.0,""5"":0.006,""6"":0.023,""8"":0.08}","{""10"":2.423,""12"":2.917,""3"":0.746,""4"":0.972,""5"":1.214,""6"":1.44,""8"":1.924}",0.0,0.0,0.006,0.023,0.08,0.152,0.265,e8bc1ef23f46146ff4540646d1d113af041f5b0e3799c0626ef41aac2387cb9b
bfa569fbae807b7f50c3389f,C_vs_Cp2__stability_core_3,c683c10822cc59ae7587,C_vs_Cp2,stability_core_3,fl3_entitled,confirmation,joint_gaussian_regularized_cluster,measurement_missingness_concentration,1.0,0.25,early_passable,observed_non_decreasing,4.0,True,0.323,0.323,12,,,,False,True,0.11000000000000001,False,0.28500000000000003,3.006,"{""10"":0.213,""12"":0.323,""3"":0.0,""4"":0.001,""5"":0.017,""6"":0.038,""8"":0.118}","{""10"":2.511,""12"":3.006,""3"":0.793,""4"":1.047,""5"":1.282,""6"":1.532,""8"":2.033}",0.0,0.001,0.017,0.038,0.118,0.213,0.323,b523fda27939e3359ecd0f81c3e4e3d3818d7df21b22fd782c95b71885d6d162
bfa569fbae807b7f50c3389f,C_vs_Cp2__stability_core_3,c683c10822cc59ae7587,C_vs_Cp2,stability_core_3,fl3_entitled,confirmation,joint_gaussian_regularized_cluster,measurement_missingness_concentration,1.5,0.25,early_passable,observed_non_decreasing,4.0,True,0.343,0.343,12,,,,False,True,0.14200000000000002,False,0.30500000000000005,2.985,"{""10"":0.201,""12"":0.343,""3"":0.0,""4"":0.006,""5"":0.019,""6"":0.038,""8"":0.112}","{""10"":2.487,""12"":2.985,""3"":0.756,""4"":1.012,""5"":1.261,""6"":1.504,""8"":2.008}",0.0,0.006,0.019,0.038,0.112,0.201,0.343,d094fed3a13207476a9d1ad9138caeaa4fc652d49ac1f18f16070291c7bf70c0
bfa569fbae807b7f50c3389f,C_vs_Cp2__stability_core_3,c683c10822cc59ae7587,C_vs_Cp2,stability_core_3,fl3_entitled,confirmation,joint_gaussian_regularized_cluster,measurement_missingness_concentration,2.0,0.25,early_passable,observed_non_decreasing,4.0,True,0.356,0.356,12,,,,False,True,0.12699999999999997,False,0.32299999999999995,2.99,"{""10"":0.229,""12"":0.356,""3"":0.0,""4"":0.007,""5"":0.021,""6"":0.033,""8"":0.124}","{""10"":2.482,""12"":2.99,""3"":0.715,""4"":0.973,""5"":1.232,""6"":1.481,""8"":2.005}",0.0,0.007,0.021,0.033,0.124,0.229,0.356,ef0501ac6079c6c4e6978a1771105a32fb7ab793c8adbfe2eba97ec55982e65f
bfa569fbae807b7f50c3389f,C_vs_Cp2__stability_core_3,c683c10822cc59ae7587,C_vs_Cp2,stability_core_3,fl3_entitled,confirmation,joint_gaussian_regularized_cluster,measurement_missingness_concentration,0.25,0.5,early_passable,observed_non_decreasing,5.0,True,0.093,0.093,12,,,,False,True,0.055,False,0.086,3.075,"{""10"":0.038,""12"":0.093,""3"":0.0,""4"":0.0,""5"":0.002,""6"":0.007,""8"":0.013}","{""10"":2.582,""12"":3.075,""3"":0.8,""4"":1.068,""5"":1.311,""6"":1.55,""8"":2.053}",0.0,0.0,0.002,0.007,0.013,0.038,0.093,dba220119a8dd09e0945b0589afcaf9aa1107cf21d5e62086a64a54bc3d316c8
bfa569fbae807b7f50c3389f,C_vs_Cp2__stability_core_3,c683c10822cc59ae7587,C_vs_Cp2,stability_core_3,fl3_entitled,confirmation,joint_gaussian_regularized_cluster,measurement_missingness_concentration,0.5,0.5,early_passable,observed_non_decreasing,4.0,True,0.234,0.234,12,,,,False,True,0.1,False,0.20900000000000002,3.001,"{""10"":0.134,""12"":0.234,""3"":0.0,""4"":0.001,""5"":0.005,""6"":0.025,""8"":0.06}","{""10"":2.468,""12"":3.001,""3"":0.764,""4"":1.005,""5"":1.244,""6"":1.491,""8"":1.982}",0.0,0.001,0.005,0.025,0.06,0.134,0.234,a14396f94c0df68f68242424c5a14da8e382133e5e1fb728b0504c4f49f7e222
bfa569fbae807b7f50c3389f,C_vs_Cp2__stability_core_3,c683c10822cc59ae7587,C_vs_Cp2,stability_core_3,fl3_entitled,confirmation,joint_gaussian_regularized_cluster,measurement_missingness_concentration,0.75,0.5,early_passable,observed_non_decreasing,4.0,True,0.301,0.301,12,,,,False,True,0.126,False,0.283,2.96,"{""10"":0.175,""12"":0.301,""3"":0.0,""4"":0.002,""5"":0.007,""6"":0.018,""8"":0.087}","{""10"":2.458,""12"":2.96,""3"":0.739,""4"":0.985,""5"":1.242,""6"":1.486,""8"":1.955}",0.0,0.002,0.007,0.018,0.087,0.175,0.301,ad5c3182a3e8398d2d8de18e25a8e6cda6fec5cae6df16a356b05443db93d906
bfa569fbae807b7f50c3389f,C_vs_Cp2__stability_core_3,c683c10822cc59ae7587,C_vs_Cp2,stability_core_3,fl3_entitled,confirmation,joint_gaussian_regularized_cluster,measurement_missingness_concentration,1.0,0.5,early_passable,observed_non_decreasing,4.0,True,0.34,0.34,12,,,,False,True,0.13000000000000003,False,0.30400000000000005,2.981,"{""10"":0.21,""12"":0.34,""3"":0.0,""4"":0.001,""5"":0.01,""6"":0.036,""8"":0.106}","{""10"":2.505,""12"":2.981,""3"":0.723,""4"":0.99,""5"":1.246,""6"":1.508,""8"":1.994}",0.0,0.001,0.01,0.036,0.106,0.21,0.34,e52f0187694c9c36a86a8b88b49209f792cf98abfe21fabcb5ab444b8e45ea2d
bfa569fbae807b7f50c3389f,C_vs_Cp2__stability_core_3,c683c10822cc59ae7587,C_vs_Cp2,stability_core_3,fl3_entitled,confirmation,joint_gaussian_regularized_cluster,measurement_missingness_concentration,1.5,0.5,early_passable,observed_non_decreasing,4.0,True,0.344,0.344,12,,,,False,True,0.12899999999999998,False,0.304,2.978,"{""10"":0.215,""12"":0.344,""3"":0.0,""4"":0.004,""5"":0.014,""6"":0.04,""8"":0.104}","{""10"":2.471,""12"":2.978,""3"":0.742,""4"":0.999,""5"":1.244,""6"":1.494,""8"":1.991}",0.0,0.004,0.014,0.04,0.104,0.215,0.344,596cedc8cd60618fecaa0bcf660e7e86496edb39c0194baad120f484e4c66914
bfa569fbae807b7f50c3389f,C_vs_Cp2__stability_core_3,c683c10822cc59ae7587,C_vs_Cp2,stability_core_3,fl3_entitled,confirmation,joint_gaussian_regularized_cluster,measurement_missingness_concentration,2.0,0.5,early_passable,observed_non_decreasing,5.0,True,0.34,0.34,12,,,,False,True,0.14400000000000002,False,0.30900000000000005,2.952,"{""10"":0.196,""12"":0.34,""3"":0.0,""4"":0.0,""5"":0.008,""6"":0.031,""8"":0.094}","{""10"":2.442,""12"":2.952,""3"":0.728,""4"":0.963,""5"":1.168,""6"":1.43,""8"":1.946}",0.0,0.0,0.008,0.031,0.094,0.196,0.34,1c3facd4e31ff481f9eefa13c058c18c32cf91d34305c67a866ed35fb8d8397e
bfa569fbae807b7f50c3389f,C_vs_Cp2__stability_core_3,c683c10822cc59ae7587,C_vs_Cp2,stability_core_3,fl3_entitled,confirmation,joint_gaussian_regularized_cluster,measurement_missingness_concentration,0.25,1.0,early_passable,observed_non_decreasing,5.0,True,0.035,0.035,12,,,,False,True,0.008000000000000004,True,0.032,3.103,"{""10"":0.027,""12"":0.035,""3"":0.0,""4"":0.0,""5"":0.001,""6"":0.003,""8"":0.012}","{""10"":2.586,""12"":3.103,""3"":0.777,""4"":1.03,""5"":1.3,""6"":1.564,""8"":2.06}",0.0,0.0,0.001,0.003,0.012,0.027,0.035,65bd36f79df096c7423189f86e6a08b78bd17effb323849df3102e5f3fe7da9d
bfa569fbae807b7f50c3389f,C_vs_Cp2__stability_core_3,c683c10822cc59ae7587,C_vs_Cp2,stability_core_3,fl3_entitled,confirmation,joint_gaussian_regularized_cluster,measurement_missingness_concentration,0.5,1.0,early_passable,observed_non_decreasing,4.0,True,0.07,0.07,12,,,,False,True,0.016000000000000007,False,0.061000000000000006,3.019,"{""10"":0.054,""12"":0.07,""3"":0.0,""4"":0.001,""5"":0.005,""6"":0.009,""8"":0.026}","{""10"":2.486,""12"":3.019,""3"":0.737,""4"":0.973,""5"":1.213,""6"":1.469,""8"":1.972}",0.0,0.001,0.005,0.009,0.026,0.054,0.07,512d9f184e057c4a8517b4ba9329a913ad02d3797684a40cfb7b5071e88fca52
bfa569fbae807b7f50c3389f,C_vs_Cp2__stability_core_3,c683c10822cc59ae7587,C_vs_Cp2,stability_core_3,fl3_entitled,confirmation,joint_gaussian_regularized_cluster,measurement_missingness_concentration,0.75,1.0,early_passable,observed_non_decreasing,4.0,True,0.097,0.097,12,,,,False,True,0.045000000000000005,False,0.08700000000000001,3.103,"{""10"":0.052,""12"":0.097,""3"":0.0,""4"":0.002,""5"":0.006,""6"":0.01,""8"":0.037}","{""10"":2.573,""12"":3.103,""3"":0.764,""4"":1.019,""5"":1.28,""6"":1.548,""8"":2.061}",0.0,0.002,0.006,0.01,0.037,0.052,0.097,dbf54f45b5580afb055a678da7ff2a118e435d172609eb6eb892c078cefb9396
bfa569fbae807b7f50c3389f,C_vs_Cp2__stability_core_3,c683c10822cc59ae7587,C_vs_Cp2,stability_core_3,fl3_entitled,confirmation,joint_gaussian_regularized_cluster,measurement_missingness_concentration,1.0,1.0,early_passable,observed_non_decreasing,4.0,True,0.088,0.088,12,,,,False,True,0.01999999999999999,False,0.073,2.992,"{""10"":0.068,""12"":0.088,""3"":0.0,""4"":0.002,""5"":0.006,""6"":0.015,""8"":0.039}","{""10"":2.496,""12"":2.992,""3"":0.752,""4"":0.976,""5"":1.234,""6"":1.477,""8"":1.968}",0.0,0.002,0.006,0.015,0.039,0.068,0.088,fc4858fff949f6ce9b8685f550a92c11783ce3b53eb54f8f137dfefdcb3050de
bfa569fbae807b7f50c3389f,C_vs_Cp2__stability_core_3,c683c10822cc59ae7587,C_vs_Cp2,stability_core_3,fl3_entitled,confirmation,joint_gaussian_regularized_cluster,measurement_missingness_concentration,1.5,1.0,early_passable,observed_non_decreasing,5.0,True,0.068,0.068,12,,,,False,True,0.021000000000000005,False,0.058,2.939,"{""10"":0.047,""12"":0.068,""3"":0.0,""4"":0.0,""5"":0.007,""6"":0.01,""8"":0.03}","{""10"":2.457,""12"":2.939,""3"":0.716,""4"":0.96,""5"":1.197,""6"":1.469,""8"":1.963}",0.0,0.0,0.007,0.01,0.03,0.047,0.068,5e8c1571d1fd2bef5c40d3f0943937483ffbd813eb15ce85c5f70f71e9d37839
bfa569fbae807b7f50c3389f,C_vs_Cp2__stability_core_3,c683c10822cc59ae7587,C_vs_Cp2,stability_core_3,fl3_entitled,confirmation,joint_gaussian_regularized_cluster,measurement_missingness_concentration,2.0,1.0,early_passable,observed_non_decreasing,5.0,True,0.082,0.082,12,,,,False,True,0.012999999999999998,False,0.069,3.062,"{""10"":0.069,""12"":0.082,""3"":0.0,""4"":0.0,""5"":0.005,""6"":0.013,""8"":0.037}","{""10"":2.59,""12"":3.062,""3"":0.82,""4"":1.073,""5"":1.301,""6"":1.562,""8"":2.091}",0.0,0.0,0.005,0.013,0.037,0.069,0.082,ee69c2a6fb34f09d7df220703fdef468ad8adc34bcccb98c6aba085dbd0f396a
d10b3aec4edc47fefb2bd92f,C_vs_Cp3__geometry_scores_only,8eb760d133ac749e3327,C_vs_Cp3,geometry_scores_only,fl3_entitlement_capped,confirmation,joint_gaussian_regularized_cluster,measurement_missingness_concentration,0.0,0.0,empirically_never_passable,all_zero,,False,0.0,0.0,3,,,,False,False,0.0,True,0.0,2.99,"{""10"":0.0,""12"":0.0,""3"":0.0,""4"":0.0,""5"":0.0,""6"":0.0,""8"":0.0}","{""10"":2.502,""12"":2.99,""3"":0.748,""4"":0.987,""5"":1.247,""6"":1.51,""8"":2.039}",0.0,0.0,0.0,0.0,0.0,0.0,0.0,965e1da930fe7623cc88f5982c45aa53d684e9b6db62f2f8a48b0bde5dab1f1f
d10b3aec4edc47fefb2bd92f,C_vs_Cp3__geometry_scores_only,8eb760d133ac749e3327,C_vs_Cp3,geometry_scores_only,fl3_entitlement_capped,confirmation,joint_gaussian_regularized_cluster,measurement_missingness_concentration,0.25,0.0,early_passable,observed_non_decreasing,4.0,True,0.254,0.254,12,,,,False,True,0.093,False,0.226,2.931,"{""10"":0.161,""12"":0.254,""3"":0.0,""4"":0.001,""5"":0.008,""6"":0.028,""8"":0.083}","{""10"":2.459,""12"":2.931,""3"":0.736,""4"":1.005,""5"":1.258,""6"":1.498,""8"":2.003}",0.0,0.001,0.008,0.028,0.083,0.161,0.254,b22d44aee3578bc3d40f923436398343be481656657517dbade801d25b3e499c
d10b3aec4edc47fefb2bd92f,C_vs_Cp3__geometry_scores_only,8eb760d133ac749e3327,C_vs_Cp3,geometry_scores_only,fl3_entitlement_capped,confirmation,joint_gaussian_regularized_cluster,measurement_missingness_concentration,0.5,0.0,early_passable,observed_non_decreasing,4.0,True,0.303,0.303,12,,,,False,True,0.12,False,0.268,2.894,"{""10"":0.183,""12"":0.303,""3"":0.0,""4"":0.004,""5"":0.013,""6"":0.035,""8"":0.109}","{""10"":2.421,""12"":2.894,""3"":0.731,""4"":0.965,""5"":1.233,""6"":1.477,""8"":1.948}",0.0,0.004,0.013,0.035,0.109,0.183,0.303,e5be4c10b4b0c18a987814040bf60a2f48108f77bd0955d9bb28bc91d608c252
d10b3aec4edc47fefb2bd92f,C_vs_Cp3__geometry_scores_only,8eb760d133ac749e3327,C_vs_Cp3,geometry_scores_only,fl3_entitlement_capped,confirmation,joint_gaussian_regularized_cluster,measurement_missingness_concentration,0.75,0.0,early_passable,observed_non_decreasing,4.0,True,0.3,0.3,12,,,,False,True,0.10699999999999998,False,0.27199999999999996,2.87,"{""10"":0.193,""12"":0.3,""3"":0.0,""4"":0.005,""5"":0.011,""6"":0.028,""8"":0.1}","{""10"":2.407,""12"":2.87,""3"":0.72,""4"":0.956,""5"":1.184,""6"":1.419,""8"":1.916}",0.0,0.005,0.011,0.028,0.1,0.193,0.3,bd3e7d2fbe11bea21062dbba82843d56e07d99cf787e0848048bf62915165025
d10b3aec4edc47fefb2bd92f,C_vs_Cp3__geometry_scores_only,8eb760d133ac749e3327,C_vs_Cp3,geometry_scores_only,fl3_entitlement_capped,confirmation,joint_gaussian_regularized_cluster,measurement_missingness_concentration,1.0,0.0,early_passable,observed_non_decreasing,5.0,True,0.351,0.351,12,,,,False,True,0.12999999999999998,False,0.309,3.017,"{""10"":0.221,""12"":0.351,""3"":0.0,""4"":0.0,""5"":0.013,""6"":0.042,""8"":0.111}","{""10"":2.517,""12"":3.017,""3"":0.737,""4"":1.011,""5"":1.272,""6"":1.53,""8"":2.015}",0.0,0.0,0.013,0.042,0.111,0.221,0.351,f53229d9b03c8d4be3991244a8c853ce0c05ad3eb8c6daa1f60ba6b0fef93a0a
d10b3aec4edc47fefb2bd92f,C_vs_Cp3__geometry_scores_only,8eb760d133ac749e3327,C_vs_Cp3,geometry_scores_only,fl3_entitlement_capped,confirmation,joint_gaussian_regularized_cluster,measurement_missingness_concentration,1.5,0.0,early_passable,observed_non_decreasing,4.0,True,0.35,0.35,12,,,,False,True,0.10599999999999998,False,0.307,3.018,"{""10"":0.244,""12"":0.35,""3"":0.0,""4"":0.005,""5"":0.012,""6"":0.043,""8"":0.119}","{""10"":2.541,""12"":3.018,""3"":0.763,""4"":1.027,""5"":1.27,""6"":1.54,""8"":2.043}",0.0,0.005,0.012,0.043,0.119,0.244,0.35,612b731021197553d23332318b21da225b68e3e21d4720fa7c2fe427d2d9adda
d10b3aec4edc47fefb2bd92f,C_vs_Cp3__geometry_scores_only,8eb760d133ac749e3327,C_vs_Cp3,geometry_scores_only,fl3_entitlement_capped,confirmation,joint_gaussian_regularized_cluster,measurement_missingness_concentration,2.0,0.0,early_passable,observed_non_decreasing,4.0,True,0.346,0.346,12,,,,False,True,0.12099999999999997,False,0.31099999999999994,2.995,"{""10"":0.225,""12"":0.346,""3"":0.0,""4"":0.002,""5"":0.012,""6"":0.035,""8"":0.111}","{""10"":2.501,""12"":2.995,""3"":0.754,""4"":0.993,""5"":1.226,""6"":1.486,""8"":1.975}",0.0,0.002,0.012,0.035,0.111,0.225,0.346,d6d6c9e5f740d141bf4cb2912abe150ea9f26acecfef69941ff080938748416c
d10b3aec4edc47fefb2bd92f,C_vs_Cp3__geometry_scores_only,8eb760d133ac749e3327,C_vs_Cp3,geometry_scores_only,fl3_entitlement_capped,confirmation,joint_gaussian_regularized_cluster,measurement_missingness_concentration,0.25,0.25,early_passable,observed_non_decreasing,4.0,True,0.244,0.244,12,,,,False,True,0.089,False,0.221,3.035,"{""10"":0.155,""12"":0.244,""3"":0.0,""4"":0.002,""5"":0.01,""6"":0.023,""8"":0.082}","{""10"":2.512,""12"":3.035,""3"":0.738,""4"":0.991,""5"":1.237,""6"":1.486,""8"":1.995}",0.0,0.002,0.01,0.023,0.082,0.155,0.244,30f4c84ba73438157c778e1aa689adce6721ae5cd82aa33b7740e2645d93999b
d10b3aec4edc47fefb2bd92f,C_vs_Cp3__geometry_scores_only,8eb760d133ac749e3327,C_vs_Cp3,geometry_scores_only,fl3_entitlement_capped,confirmation,joint_gaussian_regularized_cluster,measurement_missingness_concentration,0.5,0.25,early_passable,observed_non_decreasing,4.0,True,0.323,0.323,12,,,,False,True,0.11900000000000002,False,0.296,2.992,"{""10"":0.204,""12"":0.323,""3"":0.0,""4"":0.002,""5"":0.011,""6"":0.027,""8"":0.094}","{""10"":2.509,""12"":2.992,""3"":0.731,""4"":0.974,""5"":1.233,""6"":1.471,""8"":1.993}",0.0,0.002,0.011,0.027,0.094,0.204,0.323,7c3a1ce5647bf0757b33659ad9d9ea79a574379e2dd36c583bfc40531daf219f
d10b3aec4edc47fefb2bd92f,C_vs_Cp3__geometry_scores_only,8eb760d133ac749e3327,C_vs_Cp3,geometry_scores_only,fl3_entitlement_capped,confirmation,joint_gaussian_regularized_cluster,measurement_missingness_concentration,0.75,0.25,early_passable,observed_non_decreasing,4.0,True,0.345,0.345,12,,,,False,True,0.12499999999999997,False,0.301,2.999,"{""10"":0.22,""12"":0.345,""3"":0.0,""4"":0.005,""5"":0.017,""6"":0.044,""8"":0.11}","{""10"":2.489,""12"":2.999,""3"":0.786,""4"":1.045,""5"":1.296,""6"":1.542,""8"":2.007}",0.0,0.005,0.017,0.044,0.11,0.22,0.345,e6d85195c98b3172bf808c46ef282ca07f6b857193ff7ab6e4c7335f803f92b5
d10b3aec4edc47fefb2bd92f,C_vs_Cp3__geometry_scores_only,8eb760d133ac749e3327,C_vs_Cp3,geometry_scores_only,fl3_entitlement_capped,confirmation,joint_gaussian_regularized_cluster,measurement_missingness_concentration,1.0,0.25,early_passable,observed_non_decreasing,4.0,True,0.359,0.359,12,,,,False,True,0.147,False,0.32499999999999996,2.985,"{""10"":0.212,""12"":0.359,""3"":0.0,""4"":0.005,""5"":0.013,""6"":0.034,""8"":0.114}","{""10"":2.465,""12"":2.985,""3"":0.73,""4"":0.97,""5"":1.217,""6"":1.467,""8"":1.966}",0.0,0.005,0.013,0.034,0.114,0.212,0.359,5a2ea54d57aaa22d0dbad86e37f4c5f65e97152023e7ace159edbd75493f3dc3
d10b3aec4edc47fefb2bd92f,C_vs_Cp3__geometry_scores_only,8eb760d133ac749e3327,C_vs_Cp3,geometry_scores_only,fl3_entitlement_capped,confirmation,joint_gaussian_regularized_cluster,measurement_missingness_concentration,1.5,0.25,early_passable,observed_non_decreasing,4.0,True,0.356,0.356,12,,,,False,True,0.12399999999999997,False,0.314,3.012,"{""10"":0.232,""12"":0.356,""3"":0.0,""4"":0.002,""5"":0.016,""6"":0.042,""8"":0.116}","{""10"":2.495,""12"":3.012,""3"":0.737,""4"":0.984,""5"":1.236,""6"":1.506,""8"":2.014}",0.0,0.002,0.016,0.042,0.116,0.232,0.356,79f29b81b5d7af3e36c2b93200ecd81127dfcf6a36dfc11a94045074d72c2f03
d10b3aec4edc47fefb2bd92f,C_vs_Cp3__geometry_scores_only,8eb760d133ac749e3327,C_vs_Cp3,geometry_scores_only,fl3_entitlement_capped,confirmation,joint_gaussian_regularized_cluster,measurement_missingness_concentration,2.0,0.25,early_passable,observed_non_decreasing,4.0,True,0.342,0.342,12,,,,False,True,0.13800000000000004,False,0.30200000000000005,2.953,"{""10"":0.204,""12"":0.342,""3"":0.0,""4"":0.006,""5"":0.016,""6"":0.04,""8"":0.1}","{""10"":2.485,""12"":2.953,""3"":0.751,""4"":0.984,""5"":1.251,""6"":1.485,""8"":1.966}",0.0,0.006,0.016,0.04,0.1,0.204,0.342,48c3188aad7edd058c25d8a453591866c959da28edd542fadc9abe3ae13680bf
d10b3aec4edc47fefb2bd92f,C_vs_Cp3__geometry_scores_only,8eb760d133ac749e3327,C_vs_Cp3,geometry_scores_only,fl3_entitlement_capped,confirmation,joint_gaussian_regularized_cluster,measurement_missingness_concentration,0.25,0.5,early_passable,observed_non_decreasing,5.0,True,0.215,0.215,12,,,,False,True,0.08499999999999999,False,0.20099999999999998,3.041,"{""10"":0.13,""12"":0.215,""3"":0.0,""4"":0.0,""5"":0.004,""6"":0.014,""8"":0.06}","{""10"":2.558,""12"":3.041,""3"":0.77,""4"":1.032,""5"":1.287,""6"":1.551,""8"":2.043}",0.0,0.0,0.004,0.014,0.06,0.13,0.215,7f1292686d4ab6d995f6023861473148c01be073189418f2703f57227a8c7b9d
d10b3aec4edc47fefb2bd92f,C_vs_Cp3__geometry_scores_only,8eb760d133ac749e3327,C_vs_Cp3,geometry_scores_only,fl3_entitlement_capped,confirmation,joint_gaussian_regularized_cluster,measurement_missingness_concentration,0.5,0.5,early_passable,observed_non_decreasing,4.0,True,0.337,0.337,12,,,,False,True,0.12000000000000002,False,0.308,3.023,"{""10"":0.217,""12"":0.337,""3"":0.0,""4"":0.004,""5"":0.012,""6"":0.029,""8"":0.092}","{""10"":2.498,""12"":3.023,""3"":0.76,""4"":1.012,""5"":1.265,""6"":1.508,""8"":1.993}",0.0,0.004,0.012,0.029,0.092,0.217,0.337,fb7ba6939e6948ce0a94ceafff9650fd52faa6eb6190e61f342ec35c12b10d64
d10b3aec4edc47fefb2bd92f,C_vs_Cp3__geometry_scores_only,8eb760d133ac749e3327,C_vs_Cp3,geometry_scores_only,fl3_entitlement_capped,confirmation,joint_gaussian_regularized_cluster,measurement_missingness_concentration,0.75,0.5,early_passable,observed_non_decreasing,4.0,True,0.355,0.355,12,,,,False,True,0.12899999999999998,False,0.318,3.047,"{""10"":0.226,""12"":0.355,""3"":0.0,""4"":0.003,""5"":0.02,""6"":0.037,""8"":0.118}","{""10"":2.538,""12"":3.047,""3"":0.787,""4"":1.053,""5"":1.299,""6"":1.544,""8"":2.027}",0.0,0.003,0.02,0.037,0.118,0.226,0.355,42ea351d9742f5acc9a8ddde933dec6d4e1ec1c95b768e7dcaba8ffabc24e6de
d10b3aec4edc47fefb2bd92f,C_vs_Cp3__geometry_scores_only,8eb760d133ac749e3327,C_vs_Cp3,geometry_scores_only,fl3_entitlement_capped,confirmation,joint_gaussian_regularized_cluster,measurement_missingness_concentration,1.0,0.5,early_passable,observed_non_decreasing,4.0,True,0.365,0.365,12,,,,False,True,0.13699999999999998,False,0.33399999999999996,3.065,"{""10"":0.228,""12"":0.365,""3"":0.0,""4"":0.001,""5"":0.011,""6"":0.031,""8"":0.108}","{""10"":2.546,""12"":3.065,""3"":0.754,""4"":1.028,""5"":1.278,""6"":1.51,""8"":2.033}",0.0,0.001,0.011,0.031,0.108,0.228,0.365,1cd489f8a854b7bf56acecd7f0e1bb274d29d9ba3b03c480c833f21a2598e968
d10b3aec4edc47fefb2bd92f,C_vs_Cp3__geometry_scores_only,8eb760d133ac749e3327,C_vs_Cp3,geometry_scores_only,fl3_entitlement_capped,confirmation,joint_gaussian_regularized_cluster,measurement_missingness_concentration,1.5,0.5,early_passable,observed_non_decreasing,4.0,True,0.333,0.333,12,,,,False,True,0.11900000000000002,False,0.305,2.958,"{""10"":0.214,""12"":0.333,""3"":0.0,""4"":0.001,""5"":0.006,""6"":0.028,""8"":0.109}","{""10"":2.453,""12"":2.958,""3"":0.749,""4"":0.991,""5"":1.207,""6"":1.435,""8"":1.965}",0.0,0.001,0.006,0.028,0.109,0.214,0.333,b6424b9a6a1574e1d078c3de7481e227169434d245f65a81a201ea9e8700e576
d10b3aec4edc47fefb2bd92f,C_vs_Cp3__geometry_scores_only,8eb760d133ac749e3327,C_vs_Cp3,geometry_scores_only,fl3_entitlement_capped,confirmation,joint_gaussian_regularized_cluster,measurement_missingness_concentration,2.0,0.5,early_passable,observed_non_decreasing,4.0,True,0.317,0.317,12,,,,False,True,0.10400000000000001,False,0.29,2.911,"{""10"":0.213,""12"":0.317,""3"":0.0,""4"":0.005,""5"":0.01,""6"":0.027,""8"":0.097}","{""10"":2.451,""12"":2.911,""3"":0.715,""4"":0.962,""5"":1.233,""6"":1.466,""8"":1.968}",0.0,0.005,0.01,0.027,0.097,0.213,0.317,b274e94e5cd6c54288ab0d228ce6680c5b709e819541bf077fd2b89467040b09
d10b3aec4edc47fefb2bd92f,C_vs_Cp3__geometry_scores_only,8eb760d133ac749e3327,C_vs_Cp3,geometry_scores_only,fl3_entitlement_capped,confirmation,joint_gaussian_regularized_cluster,measurement_missingness_concentration,0.25,1.0,early_passable,minor_nonmonotonicity_within_tolerance,4.0,True,0.035,0.035,12,,,,False,True,0.012000000000000004,False,0.028000000000000004,2.885,"{""10"":0.023,""12"":0.035,""3"":0.0,""4"":0.001,""5"":0.0,""6"":0.007,""8"":0.017}","{""10"":2.392,""12"":2.885,""3"":0.718,""4"":0.977,""5"":1.227,""6"":1.448,""8"":1.921}",0.0,0.001,0.0,0.007,0.017,0.023,0.035,930b92b8587fc663f8ae5d7872c371b93362ba8aaf170a5c186b3a9f30d952be
d10b3aec4edc47fefb2bd92f,C_vs_Cp3__geometry_scores_only,8eb760d133ac749e3327,C_vs_Cp3,geometry_scores_only,fl3_entitlement_capped,confirmation,joint_gaussian_regularized_cluster,measurement_missingness_concentration,0.5,1.0,early_passable,observed_non_decreasing,5.0,True,0.063,0.063,12,,,,False,True,0.013999999999999999,False,0.055,3.025,"{""10"":0.049,""12"":0.063,""3"":0.0,""4"":0.0,""5"":0.002,""6"":0.008,""8"":0.024}","{""10"":2.511,""12"":3.025,""3"":0.739,""4"":0.976,""5"":1.207,""6"":1.461,""8"":1.994}",0.0,0.0,0.002,0.008,0.024,0.049,0.063,221b4c1b563ce706ba38e1d76b9708cf6d3b7489dd277082fb20d74ca74f9af8
d10b3aec4edc47fefb2bd92f,C_vs_Cp3__geometry_scores_only,8eb760d133ac749e3327,C_vs_Cp3,geometry_scores_only,fl3_entitlement_capped,confirmation,joint_gaussian_regularized_cluster,measurement_missingness_concentration,0.75,1.0,early_passable,observed_non_decreasing,5.0,True,0.056,0.056,12,,,,False,True,0.008,True,0.041,2.982,"{""10"":0.048,""12"":0.056,""3"":0.0,""4"":0.0,""5"":0.008,""6"":0.015,""8"":0.031}","{""10"":2.482,""12"":2.982,""3"":0.725,""4"":0.985,""5"":1.238,""6"":1.482,""8"":2.005}",0.0,0.0,0.008,0.015,0.031,0.048,0.056,60905d99d5fec36ae0b0c12196949364f5cd150791ba4d6ce23a12ccbf62a24f
d10b3aec4edc47fefb2bd92f,C_vs_Cp3__geometry_scores_only,8eb760d133ac749e3327,C_vs_Cp3,geometry_scores_only,fl3_entitlement_capped,confirmation,joint_gaussian_regularized_cluster,measurement_missingness_concentration,1.0,1.0,early_passable,observed_non_decreasing,5.0,True,0.054,0.054,12,,,,False,True,0.009000000000000001,True,0.046,2.986,"{""10"":0.045,""12"":0.054,""3"":0.0,""4"":0.0,""5"":0.006,""6"":0.008,""8"":0.027}","{""10"":2.48,""12"":2.986,""3"":0.75,""4"":0.991,""5"":1.236,""6"":1.483,""8"":1.983}",0.0,0.0,0.006,0.008,0.027,0.045,0.054,0fb45e9318b599d53596c979a9842944a8344528ee00d842c4d3dd6983fbccef
d10b3aec4edc47fefb2bd92f,C_vs_Cp3__geometry_scores_only,8eb760d133ac749e3327,C_vs_Cp3,geometry_scores_only,fl3_entitlement_capped,confirmation,joint_gaussian_regularized_cluster,measurement_missingness_concentration,1.5,1.0,late_passable,observed_non_decreasing,6.0,True,0.08,0.08,12,,,,False,True,0.024,False,0.07200000000000001,2.982,"{""10"":0.056,""12"":0.08,""3"":0.0,""4"":0.0,""5"":0.0,""6"":0.008,""8"":0.029}","{""10"":2.519,""12"":2.982,""3"":0.719,""4"":0.962,""5"":1.216,""6"":1.489,""8"":2.015}",0.0,0.0,0.0,0.008,0.029,0.056,0.08,ffe7fd0f321a22ccea8d4c13ddf2f674ba8a8c3bacfd5cdb06f1d343545202fb
d10b3aec4edc47fefb2bd92f,C_vs_Cp3__geometry_scores_only,8eb760d133ac749e3327,C_vs_Cp3,geometry_scores_only,fl3_entitlement_capped,confirmation,joint_gaussian_regularized_cluster,measurement_missingness_concentration,2.0,1.0,early_passable,observed_non_decreasing,4.0,True,0.05,0.05,12,,,,False,True,0.014000000000000005,False,0.041,2.969,"{""10"":0.036,""12"":0.05,""3"":0.0,""4"":0.002,""5"":0.005,""6"":0.009,""8"":0.02}","{""10"":2.489,""12"":2.969,""3"":0.749,""4"":0.992,""5"":1.248,""6"":1.503,""8"":2.011}",0.0,0.002,0.005,0.009,0.02,0.036,0.05,d55e8e6deb0cc6c9e24bfb7b5ff5bc17c10c065fae956aa35c64629ec290a17a
fe17c18b39eb86c6e9f982bd,C_vs_Cp3__path_shares_only,28ecf7e42b861405b6b3,C_vs_Cp3,path_shares_only,fl3_entitled,confirmation,joint_gaussian_regularized_cluster,measurement_missingness_concentration,0.0,0.0,empirically_never_passable,all_zero,,False,0.0,0.0,3,,,,False,False,0.0,True,0.0,8.926,"{""10"":0.0,""12"":0.0,""3"":0.0,""4"":0.0,""5"":0.0,""6"":0.0,""8"":0.0}","{""10"":7.416,""12"":8.926,""3"":2.214,""4"":2.965,""5"":3.708,""6"":4.453,""8"":5.939}",0.0,0.0,0.0,0.0,0.0,0.0,0.0,27c9848ce9208a16c2b51f6ec39959416b6167629574b88c2f667d1340bb9665
fe17c18b39eb86c6e9f982bd,C_vs_Cp3__path_shares_only,28ecf7e42b861405b6b3,C_vs_Cp3,path_shares_only,fl3_entitled,confirmation,joint_gaussian_regularized_cluster,measurement_missingness_concentration,0.25,0.0,early_passable,observed_non_decreasing,4.0,True,0.549,0.549,12,12.0,,,False,False,0.16000000000000003,False,0.465,8.958,"{""10"":0.389,""12"":0.549,""3"":0.0,""4"":0.015,""5"":0.042,""6"":0.084,""8"":0.236}","{""10"":7.45,""12"":8.958,""3"":2.236,""4"":2.979,""5"":3.709,""6"":4.453,""8"":5.951}",0.0,0.015,0.042,0.084,0.236,0.389,0.549,7ba165c4703217324c6e0f79afafe047d8c5e89d76245a69c9e44194bc626979
fe17c18b39eb86c6e9f982bd,C_vs_Cp3__path_shares_only,28ecf7e42b861405b6b3,C_vs_Cp3,path_shares_only,fl3_entitled,confirmation,joint_gaussian_regularized_cluster,measurement_missingness_concentration,0.5,0.0,early_passable,observed_non_decreasing,4.0,True,0.916,0.916,12,8.0,10.0,12.0,False,False,0.11399999999999999,False,0.6020000000000001,8.974,"{""10"":0.802,""12"":0.916,""3"":0.0,""4"":0.05,""5"":0.16,""6"":0.314,""8"":0.588}","{""10"":7.467,""12"":8.974,""3"":2.21,""4"":2.961,""5"":3.719,""6"":4.482,""8"":5.969}",0.0,0.05,0.16,0.314,0.588,0.802,0.916,2ab434a2d021a55c1f51f2f8a008171752d9e1f3e7ca02513c3d58d70198fbfb
fe17c18b39eb86c6e9f982bd,C_vs_Cp3__path_shares_only,28ecf7e42b861405b6b3,C_vs_Cp3,path_shares_only,fl3_entitled,confirmation,joint_gaussian_regularized_cluster,measurement_missingness_concentration,0.75,0.0,early_passable,observed_non_decreasing,4.0,True,0.986,0.986,12,6.0,8.0,10.0,False,False,0.04800000000000004,False,0.44299999999999995,8.996,"{""10"":0.938,""12"":0.986,""3"":0.0,""4"":0.132,""5"":0.347,""6"":0.543,""8"":0.812}","{""10"":7.495,""12"":8.996,""3"":2.276,""4"":3.031,""5"":3.787,""6"":4.525,""8"":6.004}",0.0,0.132,0.347,0.543,0.812,0.938,0.986,f24a779dbf3057b7cc83c4ac65a1572a37b3efa1a3f78aa8a676e96769a1f435
fe17c18b39eb86c6e9f982bd,C_vs_Cp3__path_shares_only,28ecf7e42b861405b6b3,C_vs_Cp3,path_shares_only,fl3_entitled,confirmation,joint_gaussian_regularized_cluster,measurement_missingness_concentration,1.0,0.0,early_passable,observed_non_decreasing,4.0,True,0.995,0.995,12,6.0,8.0,8.0,False,False,0.02200000000000002,False,0.33599999999999997,9.029,"{""10"":0.973,""12"":0.995,""3"":0.0,""4"":0.184,""5"":0.427,""6"":0.659,""8"":0.909}","{""10"":7.525,""12"":9.029,""3"":2.254,""4"":3.012,""5"":3.769,""6"":4.511,""8"":6.027}",0.0,0.184,0.427,0.659,0.909,0.973,0.995,595f4d72e6214cd42e71d2b824face5fe8c4d018c1f2b3e829e6cf6d37b7c1c1
fe17c18b39eb86c6e9f982bd,C_vs_Cp3__path_shares_only,28ecf7e42b861405b6b3,C_vs_Cp3,path_shares_only,fl3_entitled,confirmation,joint_gaussian_regularized_cluster,measurement_missingness_concentration,1.5,0.0,early_passable,observed_non_decreasing,4.0,True,0.999,0.999,12,5.0,8.0,8.0,False,False,0.008000000000000007,True,0.22499999999999998,8.95,"{""10"":0.991,""12"":0.999,""3"":0.0,""4"":0.225,""5"":0.528,""6"":0.774,""8"":0.943}","{""10"":7.464,""12"":8.95,""3"":2.23,""4"":2.96,""5"":3.717,""6"":4.477,""8"":5.964}",0.0,0.225,0.528,0.774,0.943,0.991,0.999,72757fa8eb0b38856e8627ab9171265346353b04928ad3a353ff10db500cead9
fe17c18b39eb86c6e9f982bd,C_vs_Cp3__path_shares_only,28ecf7e42b861405b6b3,C_vs_Cp3,path_shares_only,fl3_entitled,confirmation,joint_gaussian_regularized_cluster,measurement_missingness_concentration,2.0,0.0,early_passable,observed_non_decreasing,4.0,True,1.0,1.0,12,5.0,6.0,8.0,False,False,0.0030000000000000027,True,0.18300000000000005,9.078,"{""10"":0.997,""12"":1.0,""3"":0.0,""4"":0.304,""5"":0.62,""6"":0.817,""8"":0.974}","{""10"":7.584,""12"":9.078,""3"":2.278,""4"":3.047,""5"":3.799,""6"":4.567,""8"":6.092}",0.0,0.304,0.62,0.817,0.974,0.997,1.0,bf8117454f168b05374e5382bc00f09174453a3137818c68a5cac2f4d14ad274
fe17c18b39eb86c6e9f982bd,C_vs_Cp3__path_shares_only,28ecf7e42b861405b6b3,C_vs_Cp3,path_shares_only,fl3_entitled,confirmation,joint_gaussian_regularized_cluster,measurement_missingness_concentration,0.25,0.25,early_passable,observed_non_decreasing,4.0,True,0.562,0.562,12,12.0,,,False,False,0.14100000000000007,False,0.48000000000000004,9.035,"{""10"":0.421,""12"":0.562,""3"":0.0,""4"":0.009,""5"":0.034,""6"":0.082,""8"":0.23}","{""10"":7.509,""12"":9.035,""3"":2.26,""4"":3.014,""5"":3.764,""6"":4.511,""8"":6.009}",0.0,0.009,0.034,0.082,0.23,0.421,0.562,5c1652a56dd89a93ea386892c1f94375f15fa74f93398ba026c923bb251551d6
fe17c18b39eb86c6e9f982bd,C_vs_Cp3__path_shares_only,28ecf7e42b861405b6b3,C_vs_Cp3,path_shares_only,fl3_entitled,confirmation,joint_gaussian_regularized_cluster,measurement_missingness_concentration,0.5,0.25,early_passable,observed_non_decreasing,4.0,True,0.898,0.898,12,8.0,10.0,,False,False,0.08999999999999997,False,0.562,8.951,"{""10"":0.808,""12"":0.898,""3"":0.0,""4"":0.061,""5"":0.196,""6"":0.336,""8"":0.606}","{""10"":7.45,""12"":8.951,""3"":2.235,""4"":3.002,""5"":3.762,""6"":4.513,""8"":5.965}",0.0,0.061,0.196,0.336,0.606,0.808,0.898,d2daad33095bcce873b1d20c2d925106e28c759818116680ca6ed9a8fb3e6607
fe17c18b39eb86c6e9f982bd,C_vs_Cp3__path_shares_only,28ecf7e42b861405b6b3,C_vs_Cp3,path_shares_only,fl3_entitled,confirmation,joint_gaussian_regularized_cluster,measurement_missingness_concentration,0.75,0.25,early_passable,observed_non_decreasing,4.0,True,0.977,0.977,12,6.0,8.0,10.0,False,False,0.038000000000000034,False,0.44299999999999995,8.98,"{""10"":0.939,""12"":0.977,""3"":0.0,""4"":0.132,""5"":0.334,""6"":0.534,""8"":0.837}","{""10"":7.505,""12"":8.98,""3"":2.232,""4"":2.978,""5"":3.727,""6"":4.464,""8"":5.981}",0.0,0.132,0.334,0.534,0.837,0.939,0.977,0b1dd4883e7ee6fb675c2d6f3c4b3375f53b034e413bea35d14a82ac873896a6
fe17c18b39eb86c6e9f982bd,C_vs_Cp3__path_shares_only,28ecf7e42b861405b6b3,C_vs_Cp3,path_shares_only,fl3_entitled,confirmation,joint_gaussian_regularized_cluster,measurement_missingness_concentration,1.0,0.25,early_passable,observed_non_decreasing,4.0,True,0.996,0.996,12,6.0,8.0,10.0,False,False,0.019000000000000017,False,0.351,9.074,"{""10"":0.977,""12"":0.996,""3"":0.0,""4"":0.191,""5"":0.424,""6"":0.645,""8"":0.898}","{""10"":7.573,""12"":9.074,""3"":2.26,""4"":3.028,""5"":3.741,""6"":4.499,""8"":6.038}",0.0,0.191,0.424,0.645,0.898,0.977,0.996,9f3c5d1069449e4b3cf9eaaa5c082b8ef49e29a1028fb17f1ee23b2d90d2ba38
fe17c18b39eb86c6e9f982bd,C_vs_Cp3__path_shares_only,28ecf7e42b861405b6b3,C_vs_Cp3,path_shares_only,fl3_entitled,confirmation,joint_gaussian_regularized_cluster,measurement_missingness_concentration,1.5,0.25,early_passable,observed_non_decreasing,4.0,True,0.996,0.996,12,5.0,8.0,8.0,False,False,0.008000000000000007,True,0.22299999999999998,9.02,"{""10"":0.988,""12"":0.996,""3"":0.0,""4"":0.273,""5"":0.544,""6"":0.773,""8"":0.948}","{""10"":7.53,""12"":9.02,""3"":2.238,""4"":3.008,""5"":3.756,""6"":4.511,""8"":6.041}",0.0,0.273,0.544,0.773,0.948,0.988,0.996,13991d3dc39f790978b95d24d1b8bc5b604a0b40d2cae0a1aa460e9e369d6819
fe17c18b39eb86c6e9f982bd,C_vs_Cp3__path_shares_only,28ecf7e42b861405b6b3,C_vs_Cp3,path_shares_only,fl3_entitled,confirmation,joint_gaussian_regularized_cluster,measurement_missingness_concentration,2.0,0.25,early_passable,observed_non_decreasing,4.0,True,0.999,0.999,12,5.0,6.0,8.0,False,False,0.0050000000000000044,True,0.18999999999999995,9.005,"{""10"":0.994,""12"":0.999,""3"":0.0,""4"":0.298,""5"":0.608,""6"":0.809,""8"":0.964}","{""10"":7.496,""12"":9.005,""3"":2.249,""4"":3.003,""5"":3.763,""6"":4.517,""8"":6.02}",0.0,0.298,0.608,0.809,0.964,0.994,0.999,173d690a526e3524db450bd487c2782f83898e994094e0689d813ab4bc23639c
fe17c18b39eb86c6e9f982bd,C_vs_Cp3__path_shares_only,28ecf7e42b861405b6b3,C_vs_Cp3,path_shares_only,fl3_entitled,confirmation,joint_gaussian_regularized_cluster,measurement_missingness_concentration,0.25,0.5,early_passable,observed_non_decreasing,4.0,True,0.486,0.486,12,,,,False,True,0.118,False,0.393,8.976,"{""10"":0.368,""12"":0.486,""3"":0.0,""4"":0.01,""5"":0.039,""6"":0.093,""8"":0.22}","{""10"":7.47,""12"":8.976,""3"":2.239,""4"":3.013,""5"":3.77,""6"":4.527,""8"":5.988}",0.0,0.01,0.039,0.093,0.22,0.368,0.486,f5a4571c7641279914a54390cb386c79554395916219862ba6ca2c83684b7488
fe17c18b39eb86c6e9f982bd,C_vs_Cp3__path_shares_only,28ecf7e42b861405b6b3,C_vs_Cp3,path_shares_only,fl3_entitled,confirmation,joint_gaussian_regularized_cluster,measurement_missingness_concentration,0.5,0.5,early_passable,observed_non_decreasing,4.0,True,0.822,0.822,12,8.0,12.0,,False,False,0.08099999999999996,False,0.48699999999999993,9.051,"{""10"":0.741,""12"":0.822,""3"":0.0,""4"":0.063,""5"":0.202,""6"":0.335,""8"":0.588}","{""10"":7.541,""12"":9.051,""3"":2.252,""4"":3.011,""5"":3.765,""6"":4.522,""8"":6.032}",0.0,0.063,0.202,0.335,0.588,0.741,0.822,3e9f514522648ddce5a5302f71f976f7b946a940bc9ab4c969d1cea4684e5c45
fe17c18b39eb86c6e9f982bd,C_vs_Cp3__path_shares_only,28ecf7e42b861405b6b3,C_vs_Cp3,path_shares_only,fl3_entitled,confirmation,joint_gaussian_regularized_cluster,measurement_missingness_concentration,0.75,0.5,early_passable,observed_non_decreasing,4.0,True,0.904,0.904,12,6.0,10.0,12.0,False,False,0.04500000000000004,False,0.384,8.975,"{""10"":0.859,""12"":0.904,""3"":0.0,""4"":0.126,""5"":0.34,""6"":0.52,""8"":0.75}","{""10"":7.471,""12"":8.975,""3"":2.245,""4"":3.022,""5"":3.805,""6"":4.523,""8"":6.006}",0.0,0.126,0.34,0.52,0.75,0.859,0.904,c12be6542bef789f9d8953db717375c90f02e7e3bd6f36d1bc9e0f1f5a7f3b6a
fe17c18b39eb86c6e9f982bd,C_vs_Cp3__path_shares_only,28ecf7e42b861405b6b3,C_vs_Cp3,path_shares_only,fl3_entitled,confirmation,joint_gaussian_regularized_cluster,measurement_missingness_concentration,1.0,0.5,early_passable,observed_non_decreasing,4.0,True,0.944,0.944,12,6.0,8.0,10.0,False,False,0.03499999999999992,False,0.33599999999999997,8.997,"{""10"":0.909,""12"":0.944,""3"":0.0,""4"":0.186,""5"":0.415,""6"":0.608,""8"":0.829}","{""10"":7.5,""12"":8.997,""3"":2.224,""4"":2.997,""5"":3.735,""6"":4.477,""8"":5.996}",0.0,0.186,0.415,0.608,0.829,0.909,0.944,f1b3e20c7d1f30ba2b0c4ff057fbbd63eced9cb8e84716316a8baf6cb5399f48
fe17c18b39eb86c6e9f982bd,C_vs_Cp3__path_shares_only,28ecf7e42b861405b6b3,C_vs_Cp3,path_shares_only,fl3_entitled,confirmation,joint_gaussian_regularized_cluster,measurement_missingness_concentration,1.5,0.5,early_passable,observed_non_decreasing,4.0,True,0.967,0.967,12,5.0,8.0,8.0,False,False,0.01200000000000001,False,0.23199999999999998,9.024,"{""10"":0.955,""12"":0.967,""3"":0.0,""4"":0.252,""5"":0.533,""6"":0.735,""8"":0.912}","{""10"":7.563,""12"":9.024,""3"":2.273,""4"":3.051,""5"":3.807,""6"":4.56,""8"":6.092}",0.0,0.252,0.533,0.735,0.912,0.955,0.967,c59b9d4b280fdc617ddc4b0905bd7e18a977a0c5af9d766239ff6484fe5abbff
fe17c18b39eb86c6e9f982bd,C_vs_Cp3__path_shares_only,28ecf7e42b861405b6b3,C_vs_Cp3,path_shares_only,fl3_entitled,confirmation,joint_gaussian_regularized_cluster,measurement_missingness_concentration,2.0,0.5,early_passable,observed_non_decreasing,4.0,True,0.979,0.979,12,5.0,8.0,8.0,False,False,0.02100000000000002,False,0.242,8.927,"{""10"":0.958,""12"":0.979,""3"":0.0,""4"":0.28,""5"":0.545,""6"":0.737,""8"":0.919}","{""10"":7.456,""12"":8.927,""3"":2.23,""4"":2.993,""5"":3.716,""6"":4.466,""8"":5.993}",0.0,0.28,0.545,0.737,0.919,0.958,0.979,9b57c917054142c6afc9d42bdf593c1417f90d231b66d12fd7635a07cf820926
fe17c18b39eb86c6e9f982bd,C_vs_Cp3__path_shares_only,28ecf7e42b861405b6b3,C_vs_Cp3,path_shares_only,fl3_entitled,confirmation,joint_gaussian_regularized_cluster,measurement_missingness_concentration,0.25,1.0,early_passable,observed_non_decreasing,4.0,True,0.245,0.245,12,,,,False,True,0.014999999999999986,False,0.17099999999999999,9.108,"{""10"":0.23,""12"":0.245,""3"":0.0,""4"":0.013,""5"":0.044,""6"":0.074,""8"":0.165}","{""10"":7.594,""12"":9.108,""3"":2.322,""4"":3.086,""5"":3.828,""6"":4.599,""8"":6.086}",0.0,0.013,0.044,0.074,0.165,0.23,0.245,2c411c214defcaabdd35143208f1cddfbba6777eba035b4d053131fbe8317e28
fe17c18b39eb86c6e9f982bd,C_vs_Cp3__path_shares_only,28ecf7e42b861405b6b3,C_vs_Cp3,path_shares_only,fl3_entitled,confirmation,joint_gaussian_regularized_cluster,measurement_missingness_concentration,0.5,1.0,early_passable,materially_nonmonotone,4.0,True,0.318,0.298,10,,,,True,True,-0.020000000000000018,False,0.11699999999999999,9.064,"{""10"":0.318,""12"":0.298,""3"":0.0,""4"":0.04,""5"":0.105,""6"":0.181,""8"":0.273}","{""10"":7.538,""12"":9.064,""3"":2.256,""4"":2.999,""5"":3.746,""6"":4.512,""8"":6.011}",0.0,0.04,0.105,0.181,0.273,0.318,0.298,b4a6026ffe427acc4c1b57bbe21afe2af16cb5382a16b99c52e547302dcc75b0
fe17c18b39eb86c6e9f982bd,C_vs_Cp3__path_shares_only,28ecf7e42b861405b6b3,C_vs_Cp3,path_shares_only,fl3_entitled,confirmation,joint_gaussian_regularized_cluster,measurement_missingness_concentration,0.75,1.0,early_passable,minor_nonmonotonicity_within_tolerance,4.0,True,0.32,0.304,10,,,,False,True,-0.016000000000000014,False,0.04899999999999999,8.91,"{""10"":0.32,""12"":0.304,""3"":0.0,""4"":0.066,""5"":0.164,""6"":0.255,""8"":0.307}","{""10"":7.423,""12"":8.91,""3"":2.211,""4"":2.956,""5"":3.683,""6"":4.431,""8"":5.903}",0.0,0.066,0.164,0.255,0.307,0.32,0.304,98ffad05839cf228ba7b14d4569ddbe6d0688f60e35251306f8db38208101c2c
fe17c18b39eb86c6e9f982bd,C_vs_Cp3__path_shares_only,28ecf7e42b861405b6b3,C_vs_Cp3,path_shares_only,fl3_entitled,confirmation,joint_gaussian_regularized_cluster,measurement_missingness_concentration,1.0,1.0,early_passable,minor_nonmonotonicity_within_tolerance,4.0,True,0.344,0.331,10,,,,False,True,-0.012999999999999956,False,0.040000000000000036,8.951,"{""10"":0.344,""12"":0.331,""3"":0.0,""4"":0.11,""5"":0.21,""6"":0.291,""8"":0.337}","{""10"":7.447,""12"":8.951,""3"":2.232,""4"":2.977,""5"":3.724,""6"":4.488,""8"":5.966}",0.0,0.11,0.21,0.291,0.337,0.344,0.331,c14aa5c331be6eb24f4ba0fcca53ebf614161a024dad499c1fd2a0998a558b30
fe17c18b39eb86c6e9f982bd,C_vs_Cp3__path_shares_only,28ecf7e42b861405b6b3,C_vs_Cp3,path_shares_only,fl3_entitled,confirmation,joint_gaussian_regularized_cluster,measurement_missingness_concentration,1.5,1.0,early_passable,materially_nonmonotone,4.0,True,0.344,0.308,8,,,,True,True,-0.025000000000000022,False,0.02799999999999997,8.971,"{""10"":0.333,""12"":0.308,""3"":0.0,""4"":0.093,""5"":0.203,""6"":0.28,""8"":0.344}","{""10"":7.482,""12"":8.971,""3"":2.236,""4"":2.99,""5"":3.749,""6"":4.518,""8"":5.997}",0.0,0.093,0.203,0.28,0.344,0.333,0.308,730c15075ca174a95b98baece016c73ee0526a8d96c6f19df4a9e9476a20e7d5
fe17c18b39eb86c6e9f982bd,C_vs_Cp3__path_shares_only,28ecf7e42b861405b6b3,C_vs_Cp3,path_shares_only,fl3_entitled,confirmation,joint_gaussian_regularized_cluster,measurement_missingness_concentration,2.0,1.0,early_passable,minor_nonmonotonicity_within_tolerance,4.0,True,0.288,0.278,8,,,,False,True,0.0040000000000000036,True,0.0,8.954,"{""10"":0.274,""12"":0.278,""3"":0.0,""4"":0.107,""5"":0.211,""6"":0.278,""8"":0.288}","{""10"":7.48,""12"":8.954,""3"":2.283,""4"":3.015,""5"":3.748,""6"":4.512,""8"":6.006}",0.0,0.107,0.211,0.278,0.288,0.274,0.278,af9ee79ecac01a8e489c1eeb2d3a57957225f5fbcd136c65993c6af3e30c52c4
03ef63db7584762143dc3914,three_way__no_window,114bd7932e0008f8ef79,three_way,no_window,fl3_entitlement_capped,confirmation,joint_wild_cluster_rademacher,measurement_missingness_concentration,0.0,0.0,empirically_never_passable,all_zero,,False,0.0,0.0,3,,,,False,False,0.0,True,0.0,5.939,"{""10"":0.0,""12"":0.0,""3"":0.0,""4"":0.0,""5"":0.0,""6"":0.0,""8"":0.0}","{""10"":4.944,""12"":5.939,""3"":1.472,""4"":1.996,""5"":2.48,""6"":2.978,""8"":3.961}",0.0,0.0,0.0,0.0,0.0,0.0,0.0,4a2026cee9fede6c045a1591e1d37804f1e41090294def58433a64383960f37d
03ef63db7584762143dc3914,three_way__no_window,114bd7932e0008f8ef79,three_way,no_window,fl3_entitlement_capped,confirmation,joint_wild_cluster_rademacher,measurement_missingness_concentration,0.25,0.0,early_passable,observed_non_decreasing,4.0,True,0.677,0.677,12,10.0,,,False,False,0.15700000000000003,False,0.519,6.028,"{""10"":0.52,""12"":0.677,""3"":0.0,""4"":0.026,""5"":0.078,""6"":0.158,""8"":0.342}","{""10"":5.038,""12"":6.028,""3"":1.516,""4"":2.007,""5"":2.48,""6"":3.013,""8"":4.059}",0.0,0.026,0.078,0.158,0.342,0.52,0.677,f94246f8c8f18c302652c3d8204706a4139f28b0f070cb4c08c86ccb260cc5cf
03ef63db7584762143dc3914,three_way__no_window,114bd7932e0008f8ef79,three_way,no_window,fl3_entitlement_capped,confirmation,joint_wild_cluster_rademacher,measurement_missingness_concentration,0.5,0.0,early_passable,observed_non_decreasing,4.0,True,0.895,0.895,12,8.0,12.0,,False,False,0.119,False,0.618,6.025,"{""10"":0.776,""12"":0.895,""3"":0.0,""4"":0.041,""5"":0.143,""6"":0.277,""8"":0.57}","{""10"":5.029,""12"":6.025,""3"":1.511,""4"":1.997,""5"":2.504,""6"":3.0,""8"":4.01}",0.0,0.041,0.143,0.277,0.57,0.776,0.895,3a4220e2bda6de264eef56773aed77cebbbdd78953c49a904e04fd8a27b09bad
03ef63db7584762143dc3914,three_way__no_window,114bd7932e0008f8ef79,three_way,no_window,fl3_entitlement_capped,confirmation,joint_wild_cluster_rademacher,measurement_missingness_concentration,0.75,0.0,early_passable,observed_non_decreasing,4.0,True,0.905,0.905,12,8.0,10.0,12.0,False,False,0.10299999999999998,False,0.554,5.988,"{""10"":0.802,""12"":0.905,""3"":0.0,""4"":0.058,""5"":0.184,""6"":0.351,""8"":0.611}","{""10"":5.016,""12"":5.988,""3"":1.504,""4"":2.013,""5"":2.536,""6"":3.034,""8"":4.025}",0.0,0.058,0.184,0.351,0.611,0.802,0.905,0b72bbdedf14deeb97c74ac00bee22b10328d9684b09869926e3da891847fbd1
03ef63db7584762143dc3914,three_way__no_window,114bd7932e0008f8ef79,three_way,no_window,fl3_entitlement_capped,confirmation,joint_wild_cluster_rademacher,measurement_missingness_concentration,1.0,0.0,early_passable,observed_non_decreasing,4.0,True,0.917,0.917,12,8.0,10.0,12.0,False,False,0.10899999999999999,False,0.599,5.923,"{""10"":0.808,""12"":0.917,""3"":0.0,""4"":0.06,""5"":0.162,""6"":0.318,""8"":0.624}","{""10"":4.941,""12"":5.923,""3"":1.47,""4"":1.963,""5"":2.435,""6"":2.941,""8"":3.959}",0.0,0.06,0.162,0.318,0.624,0.808,0.917,caafa87106fb7b228da57417ea84f9dd64db79041769cfbaa711c2bf829b71d8
03ef63db7584762143dc3914,three_way__no_window,114bd7932e0008f8ef79,three_way,no_window,fl3_entitlement_capped,confirmation,joint_wild_cluster_rademacher,measurement_missingness_concentration,1.5,0.0,early_passable,observed_non_decreasing,4.0,True,0.927,0.927,12,8.0,10.0,12.0,False,False,0.09200000000000008,False,0.601,5.968,"{""10"":0.835,""12"":0.927,""3"":0.0,""4"":0.065,""5"":0.18,""6"":0.326,""8"":0.62}","{""10"":4.983,""12"":5.968,""3"":1.501,""4"":1.979,""5"":2.464,""6"":2.964,""8"":3.969}",0.0,0.065,0.18,0.326,0.62,0.835,0.927,b47096f077742036c6e25e2571afc8d40de4dc5bee17dc890784482ce37a7224
03ef63db7584762143dc3914,three_way__no_window,114bd7932e0008f8ef79,three_way,no_window,fl3_entitlement_capped,confirmation,joint_wild_cluster_rademacher,measurement_missingness_concentration,2.0,0.0,early_passable,observed_non_decreasing,4.0,True,0.922,0.922,12,8.0,10.0,12.0,False,False,0.1090000000000001,False,0.591,5.887,"{""10"":0.813,""12"":0.922,""3"":0.0,""4"":0.045,""5"":0.172,""6"":0.331,""8"":0.62}","{""10"":4.926,""12"":5.887,""3"":1.432,""4"":1.911,""5"":2.411,""6"":2.917,""8"":3.926}",0.0,0.045,0.172,0.331,0.62,0.813,0.922,5c9ffd0b015c765764b992144e8f5abbcef33f028f0e9e4953d7ecd8aa76f94f
03ef63db7584762143dc3914,three_way__no_window,114bd7932e0008f8ef79,three_way,no_window,fl3_entitlement_capped,confirmation,joint_wild_cluster_rademacher,measurement_missingness_concentration,0.25,0.25,early_passable,observed_non_decreasing,4.0,True,0.682,0.682,12,10.0,,,False,False,0.14200000000000002,False,0.545,6.023,"{""10"":0.54,""12"":0.682,""3"":0.0,""4"":0.022,""5"":0.073,""6"":0.137,""8"":0.324}","{""10"":5.0,""12"":6.023,""3"":1.518,""4"":1.99,""5"":2.478,""6"":2.952,""8"":3.963}",0.0,0.022,0.073,0.137,0.324,0.54,0.682,a40fee4650ca4df35fd2b11d19f9831ee04440190a7e21da1874d8f3d4c971ee
03ef63db7584762143dc3914,three_way__no_window,114bd7932e0008f8ef79,three_way,no_window,fl3_entitlement_capped,confirmation,joint_wild_cluster_rademacher,measurement_missingness_concentration,0.5,0.25,early_passable,observed_non_decreasing,4.0,True,0.902,0.902,12,8.0,12.0,12.0,False,False,0.11699999999999999,False,0.6140000000000001,5.99,"{""10"":0.785,""12"":0.902,""3"":0.0,""4"":0.047,""5"":0.146,""6"":0.288,""8"":0.585}","{""10"":5.027,""12"":5.99,""3"":1.507,""4"":2.022,""5"":2.53,""6"":3.014,""8"":4.047}",0.0,0.047,0.146,0.288,0.585,0.785,0.902,f16703b2ec8bb0f0d282da3eb38baaedbd79cced716420e090dced01ceb72f00
03ef63db7584762143dc3914,three_way__no_window,114bd7932e0008f8ef79,three_way,no_window,fl3_entitlement_capped,confirmation,joint_wild_cluster_rademacher,measurement_missingness_concentration,0.75,0.25,early_passable,observed_non_decreasing,4.0,True,0.922,0.922,12,8.0,10.0,12.0,False,False,0.1070000000000001,False,0.603,6.018,"{""10"":0.815,""12"":0.922,""3"":0.0,""4"":0.066,""5"":0.182,""6"":0.319,""8"":0.603}","{""10"":5.011,""12"":6.018,""3"":1.503,""4"":2.022,""5"":2.527,""6"":3.019,""8"":4.011}",0.0,0.066,0.182,0.319,0.603,0.815,0.922,90a653e9bcab82987732cd1e911cc5cff3141e5e8f31af7d80b372c347410211
03ef63db7584762143dc3914,three_way__no_window,114bd7932e0008f8ef79,three_way,no_window,fl3_entitlement_capped,confirmation,joint_wild_cluster_rademacher,measurement_missingness_concentration,1.0,0.25,early_passable,observed_non_decreasing,4.0,True,0.924,0.924,12,8.0,10.0,12.0,False,False,0.09100000000000008,False,0.5700000000000001,5.998,"{""10"":0.833,""12"":0.924,""3"":0.0,""4"":0.078,""5"":0.212,""6"":0.354,""8"":0.625}","{""10"":5.014,""12"":5.998,""3"":1.536,""4"":2.067,""5"":2.561,""6"":3.051,""8"":4.014}",0.0,0.078,0.212,0.354,0.625,0.833,0.924,b0e240a44c810a872895953287658a92ba39de8b3249aca8a25dc640a70030cf
03ef63db7584762143dc3914,three_way__no_window,114bd7932e0008f8ef79,three_way,no_window,fl3_entitlement_capped,confirmation,joint_wild_cluster_rademacher,measurement_missingness_concentration,1.5,0.25,early_passable,observed_non_decreasing,4.0,True,0.933,0.933,12,8.0,10.0,12.0,False,False,0.1060000000000001,False,0.5820000000000001,6.014,"{""10"":0.827,""12"":0.933,""3"":0.0,""4"":0.071,""5"":0.204,""6"":0.351,""8"":0.619}","{""10"":4.983,""12"":6.014,""3"":1.517,""4"":2.035,""5"":2.519,""6"":3.021,""8"":3.974}",0.0,0.071,0.204,0.351,0.619,0.827,0.933,9c1c4085d71ce541f54457979cfcd179b18316655cbb74705b3ec2888d506c21
03ef63db7584762143dc3914,three_way__no_window,114bd7932e0008f8ef79,three_way,no_window,fl3_entitlement_capped,confirmation,joint_wild_cluster_rademacher,measurement_missingness_concentration,2.0,0.25,early_passable,observed_non_decreasing,4.0,True,0.925,0.925,12,8.0,10.0,12.0,False,False,0.1090000000000001,False,0.603,5.984,"{""10"":0.816,""12"":0.925,""3"":0.0,""4"":0.069,""5"":0.195,""6"":0.322,""8"":0.612}","{""10"":4.965,""12"":5.984,""3"":1.508,""4"":2.003,""5"":2.491,""6"":2.971,""8"":3.981}",0.0,0.069,0.195,0.322,0.612,0.816,0.925,4f93e0173779dde90d60fd8422b5d166051f0bf98ab8933394df43eb4e57112d
03ef63db7584762143dc3914,three_way__no_window,114bd7932e0008f8ef79,three_way,no_window,fl3_entitlement_capped,confirmation,joint_wild_cluster_rademacher,measurement_missingness_concentration,0.25,0.5,early_passable,observed_non_decreasing,4.0,True,0.552,0.552,12,12.0,,,False,False,0.12500000000000006,False,0.41800000000000004,5.987,"{""10"":0.427,""12"":0.552,""3"":0.0,""4"":0.019,""5"":0.057,""6"":0.134,""8"":0.269}","{""10"":4.954,""12"":5.987,""3"":1.506,""4"":2.014,""5"":2.478,""6"":2.974,""8"":3.959}",0.0,0.019,0.057,0.134,0.269,0.427,0.552,a61a2478f2f193d89e8daa504c1640ebcfe1f664f77c9afb2d93c9c1d3e8439a
03ef63db7584762143dc3914,three_way__no_window,114bd7932e0008f8ef79,three_way,no_window,fl3_entitlement_capped,confirmation,joint_wild_cluster_rademacher,measurement_missingness_concentration,0.5,0.5,early_passable,observed_non_decreasing,4.0,True,0.761,0.761,12,10.0,,,False,False,0.08899999999999997,False,0.511,6.029,"{""10"":0.672,""12"":0.761,""3"":0.0,""4"":0.036,""5"":0.128,""6"":0.25,""8"":0.492}","{""10"":5.024,""12"":6.029,""3"":1.475,""4"":1.974,""5"":2.469,""6"":2.991,""8"":3.985}",0.0,0.036,0.128,0.25,0.492,0.672,0.761,ce56a026a8ee2dd4ff9c437501a17811bb236134b46ec09330fc9ca04bffb673
03ef63db7584762143dc3914,three_way__no_window,114bd7932e0008f8ef79,three_way,no_window,fl3_entitlement_capped,confirmation,joint_wild_cluster_rademacher,measurement_missingness_concentration,0.75,0.5,early_passable,observed_non_decreasing,4.0,True,0.863,0.863,12,8.0,12.0,,False,False,0.10999999999999999,False,0.587,6.018,"{""10"":0.753,""12"":0.863,""3"":0.0,""4"":0.038,""5"":0.141,""6"":0.276,""8"":0.573}","{""10"":5.005,""12"":6.018,""3"":1.474,""4"":1.955,""5"":2.484,""6"":3.005,""8"":3.992}",0.0,0.038,0.141,0.276,0.573,0.753,0.863,737d1e528593e04d533f853b32c85c01db81b144e5fbc164338b100cc9d1ad70
03ef63db7584762143dc3914,three_way__no_window,114bd7932e0008f8ef79,three_way,no_window,fl3_entitlement_capped,confirmation,joint_wild_cluster_rademacher,measurement_missingness_concentration,1.0,0.5,early_passable,observed_non_decreasing,4.0,True,0.902,0.902,12,8.0,12.0,12.0,False,False,0.11699999999999999,False,0.589,6.007,"{""10"":0.785,""12"":0.902,""3"":0.0,""4"":0.066,""5"":0.17,""6"":0.313,""8"":0.586}","{""10"":5.046,""12"":6.007,""3"":1.538,""4"":2.053,""5"":2.527,""6"":3.009,""8"":4.016}",0.0,0.066,0.17,0.313,0.586,0.785,0.902,52376de1aee52765aefd981f2d2bb2d7dde872a0eef80c1747fae7e5066d17e8
03ef63db7584762143dc3914,three_way__no_window,114bd7932e0008f8ef79,three_way,no_window,fl3_entitlement_capped,confirmation,joint_wild_cluster_rademacher,measurement_missingness_concentration,1.5,0.5,early_passable,observed_non_decreasing,4.0,True,0.919,0.919,12,8.0,10.0,12.0,False,False,0.1050000000000001,False,0.6000000000000001,6.095,"{""10"":0.814,""12"":0.919,""3"":0.0,""4"":0.069,""5"":0.173,""6"":0.319,""8"":0.623}","{""10"":5.077,""12"":6.095,""3"":1.5,""4"":2.002,""5"":2.493,""6"":3.022,""8"":4.08}",0.0,0.069,0.173,0.319,0.623,0.814,0.919,6e62bb5493336d884630d259c74aea62f8852094bf1ea06cf4a3c746e7c4a33f
03ef63db7584762143dc3914,three_way__no_window,114bd7932e0008f8ef79,three_way,no_window,fl3_entitlement_capped,confirmation,joint_wild_cluster_rademacher,measurement_missingness_concentration,2.0,0.5,early_passable,observed_non_decreasing,4.0,True,0.922,0.922,12,8.0,10.0,12.0,False,False,0.1060000000000001,False,0.587,6.029,"{""10"":0.816,""12"":0.922,""3"":0.0,""4"":0.065,""5"":0.173,""6"":0.335,""8"":0.627}","{""10"":5.056,""12"":6.029,""3"":1.55,""4"":2.052,""5"":2.556,""6"":3.062,""8"":4.028}",0.0,0.065,0.173,0.335,0.627,0.816,0.922,c09b77ba445174b68164d236cf04c462abb48de2c555a45ac857060ee56584ff
03ef63db7584762143dc3914,three_way__no_window,114bd7932e0008f8ef79,three_way,no_window,fl3_entitlement_capped,confirmation,joint_wild_cluster_rademacher,measurement_missingness_concentration,0.25,1.0,early_passable,observed_non_decreasing,4.0,True,0.206,0.206,12,,,,False,True,0.025999999999999995,False,0.12499999999999999,5.966,"{""10"":0.18,""12"":0.206,""3"":0.0,""4"":0.011,""5"":0.036,""6"":0.081,""8"":0.127}","{""10"":4.975,""12"":5.966,""3"":1.535,""4"":2.023,""5"":2.49,""6"":3.001,""8"":3.979}",0.0,0.011,0.036,0.081,0.127,0.18,0.206,a9c9d9d7e455765b3ecd4e838f0136b6354f5e79eff1d73d22506b74e6a3714d
03ef63db7584762143dc3914,three_way__no_window,114bd7932e0008f8ef79,three_way,no_window,fl3_entitlement_capped,confirmation,joint_wild_cluster_rademacher,measurement_missingness_concentration,0.5,1.0,early_passable,observed_non_decreasing,4.0,True,0.23,0.23,12,,,,False,True,0.006000000000000005,True,0.11800000000000001,5.992,"{""10"":0.224,""12"":0.23,""3"":0.0,""4"":0.023,""5"":0.061,""6"":0.112,""8"":0.193}","{""10"":4.98,""12"":5.992,""3"":1.493,""4"":1.984,""5"":2.498,""6"":3.008,""8"":3.972}",0.0,0.023,0.061,0.112,0.193,0.224,0.23,363f037a03b00ce13196fd98e592df2369e0fa63d394cdda72cf61457931366d
03ef63db7584762143dc3914,three_way__no_window,114bd7932e0008f8ef79,three_way,no_window,fl3_entitlement_capped,confirmation,joint_wild_cluster_rademacher,measurement_missingness_concentration,0.75,1.0,early_passable,minor_nonmonotonicity_within_tolerance,4.0,True,0.264,0.261,10,,,,False,True,-0.0030000000000000027,True,0.135,6.065,"{""10"":0.264,""12"":0.261,""3"":0.0,""4"":0.024,""5"":0.07,""6"":0.126,""8"":0.212}","{""10"":5.029,""12"":6.065,""3"":1.48,""4"":2.001,""5"":2.517,""6"":3.042,""8"":4.017}",0.0,0.024,0.07,0.126,0.212,0.264,0.261,a2a79650c497a0a70a068b8e7fcfc1e1265bff96af35c9a76a19c0c061c119e8
03ef63db7584762143dc3914,three_way__no_window,114bd7932e0008f8ef79,three_way,no_window,fl3_entitlement_capped,confirmation,joint_wild_cluster_rademacher,measurement_missingness_concentration,1.0,1.0,early_passable,observed_non_decreasing,4.0,True,0.27,0.27,12,,,,False,True,0.029000000000000026,False,0.14900000000000002,5.95,"{""10"":0.241,""12"":0.27,""3"":0.0,""4"":0.021,""5"":0.05,""6"":0.121,""8"":0.213}","{""10"":4.944,""12"":5.95,""3"":1.487,""4"":1.981,""5"":2.461,""6"":2.936,""8"":3.933}",0.0,0.021,0.05,0.121,0.213,0.241,0.27,22dd8eb0e0afc18f4377135b000641bde4a3116693e1e397f95ba81408e903ca
03ef63db7584762143dc3914,three_way__no_window,114bd7932e0008f8ef79,three_way,no_window,fl3_entitlement_capped,confirmation,joint_wild_cluster_rademacher,measurement_missingness_concentration,1.5,1.0,early_passable,observed_non_decreasing,4.0,True,0.267,0.267,12,,,,False,True,0.014000000000000012,False,0.16100000000000003,6.058,"{""10"":0.253,""12"":0.267,""3"":0.0,""4"":0.021,""5"":0.065,""6"":0.106,""8"":0.203}","{""10"":5.054,""12"":6.058,""3"":1.512,""4"":2.02,""5"":2.528,""6"":3.028,""8"":4.032}",0.0,0.021,0.065,0.106,0.203,0.253,0.267,f8b0f4ce10742aefedc26b71e3b40c8e984b2f112c6d96260e5172987a301203
03ef63db7584762143dc3914,three_way__no_window,114bd7932e0008f8ef79,three_way,no_window,fl3_entitlement_capped,confirmation,joint_wild_cluster_rademacher,measurement_missingness_concentration,2.0,1.0,early_passable,observed_non_decreasing,4.0,True,0.242,0.242,12,,,,False,True,0.016999999999999987,False,0.121,6.109,"{""10"":0.225,""12"":0.242,""3"":0.0,""4"":0.017,""5"":0.067,""6"":0.121,""8"":0.198}","{""10"":5.106,""12"":6.109,""3"":1.542,""4"":2.041,""5"":2.585,""6"":3.091,""8"":4.075}",0.0,0.017,0.067,0.121,0.198,0.225,0.242,2a2a0319b74228bf958bae5458b749717160dc61630c43043ccef8a5ce909930
1cce3e5fe7c50070e58676c9,Cp2_vs_Cp3__strict_numeric_all,0262d70dda595cb6cda6,Cp2_vs_Cp3,strict_numeric_all,fl3_entitlement_capped,confirmation,joint_wild_cluster_rademacher,measurement_missingness_concentration,0.0,0.0,empirically_never_passable,all_zero,,False,0.0,0.0,3,,,,False,False,0.0,True,0.0,0.0,"{""10"":0.0,""12"":0.0,""3"":0.0,""4"":0.0,""5"":0.0,""6"":0.0,""8"":0.0}","{""10"":0.0,""12"":0.0,""3"":0.0,""4"":0.0,""5"":0.0,""6"":0.0,""8"":0.0}",0.0,0.0,0.0,0.0,0.0,0.0,0.0,b8c2039c78d5d46f406a92fc05c27bc920aca49ccdff07ffdb4be06a2937469b
1cce3e5fe7c50070e58676c9,Cp2_vs_Cp3__strict_numeric_all,0262d70dda595cb6cda6,Cp2_vs_Cp3,strict_numeric_all,fl3_entitlement_capped,confirmation,joint_wild_cluster_rademacher,measurement_missingness_concentration,0.25,0.0,empirically_never_passable,all_zero,,False,0.0,0.0,3,,,,False,False,0.0,True,0.0,0.0,"{""10"":0.0,""12"":0.0,""3"":0.0,""4"":0.0,""5"":0.0,""6"":0.0,""8"":0.0}","{""10"":0.0,""12"":0.0,""3"":0.0,""4"":0.0,""5"":0.0,""6"":0.0,""8"":0.0}",0.0,0.0,0.0,0.0,0.0,0.0,0.0,3455c9f9407a9d5ead61f85cb2b0227d50427da368d138d9313cb2f42c9b25ab
1cce3e5fe7c50070e58676c9,Cp2_vs_Cp3__strict_numeric_all,0262d70dda595cb6cda6,Cp2_vs_Cp3,strict_numeric_all,fl3_entitlement_capped,confirmation,joint_wild_cluster_rademacher,measurement_missingness_concentration,0.5,0.0,empirically_never_passable,all_zero,,False,0.0,0.0,3,,,,False,False,0.0,True,0.0,0.0,"{""10"":0.0,""12"":0.0,""3"":0.0,""4"":0.0,""5"":0.0,""6"":0.0,""8"":0.0}","{""10"":0.0,""12"":0.0,""3"":0.0,""4"":0.0,""5"":0.0,""6"":0.0,""8"":0.0}",0.0,0.0,0.0,0.0,0.0,0.0,0.0,baf2a35f9a06e8e78dd5050ca2a51fc9e13177b2a27ee26efb79fc6a266d5e6d
1cce3e5fe7c50070e58676c9,Cp2_vs_Cp3__strict_numeric_all,0262d70dda595cb6cda6,Cp2_vs_Cp3,strict_numeric_all,fl3_entitlement_capped,confirmation,joint_wild_cluster_rademacher,measurement_missingness_concentration,0.75,0.0,empirically_never_passable,all_zero,,False,0.0,0.0,3,,,,False,False,0.0,True,0.0,0.0,"{""10"":0.0,""12"":0.0,""3"":0.0,""4"":0.0,""5"":0.0,""6"":0.0,""8"":0.0}","{""10"":0.0,""12"":0.0,""3"":0.0,""4"":0.0,""5"":0.0,""6"":0.0,""8"":0.0}",0.0,0.0,0.0,0.0,0.0,0.0,0.0,340406a24723d59a9997d6cb1e2ccb45ae517fa6d63fc970a126ce1a9d143596
1cce3e5fe7c50070e58676c9,Cp2_vs_Cp3__strict_numeric_all,0262d70dda595cb6cda6,Cp2_vs_Cp3,strict_numeric_all,fl3_entitlement_capped,confirmation,joint_wild_cluster_rademacher,measurement_missingness_concentration,1.0,0.0,empirically_never_passable,all_zero,,False,0.0,0.0,3,,,,False,False,0.0,True,0.0,0.0,"{""10"":0.0,""12"":0.0,""3"":0.0,""4"":0.0,""5"":0.0,""6"":0.0,""8"":0.0}","{""10"":0.0,""12"":0.0,""3"":0.0,""4"":0.0,""5"":0.0,""6"":0.0,""8"":0.0}",0.0,0.0,0.0,0.0,0.0,0.0,0.0,1f4ef47ec294d0ec90c5dce6e4c803f0bd8b41bb5ffa987b7d89c5e49d65dbd7
1cce3e5fe7c50070e58676c9,Cp2_vs_Cp3__strict_numeric_all,0262d70dda595cb6cda6,Cp2_vs_Cp3,strict_numeric_all,fl3_entitlement_capped,confirmation,joint_wild_cluster_rademacher,measurement_missingness_concentration,1.5,0.0,empirically_never_passable,all_zero,,False,0.0,0.0,3,,,,False,False,0.0,True,0.0,0.0,"{""10"":0.0,""12"":0.0,""3"":0.0,""4"":0.0,""5"":0.0,""6"":0.0,""8"":0.0}","{""10"":0.0,""12"":0.0,""3"":0.0,""4"":0.0,""5"":0.0,""6"":0.0,""8"":0.0}",0.0,0.0,0.0,0.0,0.0,0.0,0.0,26117d38072b4dda4ca8baf0b9885478dc095fc3bc6fa8abfbd95226b886c799
1cce3e5fe7c50070e58676c9,Cp2_vs_Cp3__strict_numeric_all,0262d70dda595cb6cda6,Cp2_vs_Cp3,strict_numeric_all,fl3_entitlement_capped,confirmation,joint_wild_cluster_rademacher,measurement_missingness_concentration,2.0,0.0,empirically_never_passable,all_zero,,False,0.0,0.0,3,,,,False,False,0.0,True,0.0,0.0,"{""10"":0.0,""12"":0.0,""3"":0.0,""4"":0.0,""5"":0.0,""6"":0.0,""8"":0.0}","{""10"":0.0,""12"":0.0,""3"":0.0,""4"":0.0,""5"":0.0,""6"":0.0,""8"":0.0}",0.0,0.0,0.0,0.0,0.0,0.0,0.0,9fc7b6fb9a909ae9ecaee8386e3000d61ec9f363fbfa9f4ce3631be0d9b97cad
1cce3e5fe7c50070e58676c9,Cp2_vs_Cp3__strict_numeric_all,0262d70dda595cb6cda6,Cp2_vs_Cp3,strict_numeric_all,fl3_entitlement_capped,confirmation,joint_wild_cluster_rademacher,measurement_missingness_concentration,0.25,0.25,empirically_never_passable,all_zero,,False,0.0,0.0,3,,,,False,False,0.0,True,0.0,0.0,"{""10"":0.0,""12"":0.0,""3"":0.0,""4"":0.0,""5"":0.0,""6"":0.0,""8"":0.0}","{""10"":0.0,""12"":0.0,""3"":0.0,""4"":0.0,""5"":0.0,""6"":0.0,""8"":0.0}",0.0,0.0,0.0,0.0,0.0,0.0,0.0,f74536529b8dab55309874e7afb8a80d8b88615f4f9b0f8c7385e6fe4f9541cb
1cce3e5fe7c50070e58676c9,Cp2_vs_Cp3__strict_numeric_all,0262d70dda595cb6cda6,Cp2_vs_Cp3,strict_numeric_all,fl3_entitlement_capped,confirmation,joint_wild_cluster_rademacher,measurement_missingness_concentration,0.5,0.25,empirically_never_passable,all_zero,,False,0.0,0.0,3,,,,False,False,0.0,True,0.0,0.0,"{""10"":0.0,""12"":0.0,""3"":0.0,""4"":0.0,""5"":0.0,""6"":0.0,""8"":0.0}","{""10"":0.0,""12"":0.0,""3"":0.0,""4"":0.0,""5"":0.0,""6"":0.0,""8"":0.0}",0.0,0.0,0.0,0.0,0.0,0.0,0.0,a01d5cfdd4f3067936ae0b85caf3fed3fa4f9ae43d5540964c0dab76c89d87f4
1cce3e5fe7c50070e58676c9,Cp2_vs_Cp3__strict_numeric_all,0262d70dda595cb6cda6,Cp2_vs_Cp3,strict_numeric_all,fl3_entitlement_capped,confirmation,joint_wild_cluster_rademacher,measurement_missingness_concentration,0.75,0.25,empirically_never_passable,all_zero,,False,0.0,0.0,3,,,,False,False,0.0,True,0.0,0.0,"{""10"":0.0,""12"":0.0,""3"":0.0,""4"":0.0,""5"":0.0,""6"":0.0,""8"":0.0}","{""10"":0.0,""12"":0.0,""3"":0.0,""4"":0.0,""5"":0.0,""6"":0.0,""8"":0.0}",0.0,0.0,0.0,0.0,0.0,0.0,0.0,463077b06b4d181ce83eb6cd8a0a4a75f6c01021b6004dd32d87c7dfa0f869d5
1cce3e5fe7c50070e58676c9,Cp2_vs_Cp3__strict_numeric_all,0262d70dda595cb6cda6,Cp2_vs_Cp3,strict_numeric_all,fl3_entitlement_capped,confirmation,joint_wild_cluster_rademacher,measurement_missingness_concentration,1.0,0.25,empirically_never_passable,all_zero,,False,0.0,0.0,3,,,,False,False,0.0,True,0.0,0.0,"{""10"":0.0,""12"":0.0,""3"":0.0,""4"":0.0,""5"":0.0,""6"":0.0,""8"":0.0}","{""10"":0.0,""12"":0.0,""3"":0.0,""4"":0.0,""5"":0.0,""6"":0.0,""8"":0.0}",0.0,0.0,0.0,0.0,0.0,0.0,0.0,3fea562bdbeacdea380bf24813ab6d51c71603d44d6f3e7645566d4751678044
1cce3e5fe7c50070e58676c9,Cp2_vs_Cp3__strict_numeric_all,0262d70dda595cb6cda6,Cp2_vs_Cp3,strict_numeric_all,fl3_entitlement_capped,confirmation,joint_wild_cluster_rademacher,measurement_missingness_concentration,1.5,0.25,empirically_never_passable,all_zero,,False,0.0,0.0,3,,,,False,False,0.0,True,0.0,0.0,"{""10"":0.0,""12"":0.0,""3"":0.0,""4"":0.0,""5"":0.0,""6"":0.0,""8"":0.0}","{""10"":0.0,""12"":0.0,""3"":0.0,""4"":0.0,""5"":0.0,""6"":0.0,""8"":0.0}",0.0,0.0,0.0,0.0,0.0,0.0,0.0,1e8e8ec7b304020577885bf09388e634cbe1fcd12e2f2e6e2c6414e492c6618d
1cce3e5fe7c50070e58676c9,Cp2_vs_Cp3__strict_numeric_all,0262d70dda595cb6cda6,Cp2_vs_Cp3,strict_numeric_all,fl3_entitlement_capped,confirmation,joint_wild_cluster_rademacher,measurement_missingness_concentration,2.0,0.25,empirically_never_passable,all_zero,,False,0.0,0.0,3,,,,False,False,0.0,True,0.0,0.0,"{""10"":0.0,""12"":0.0,""3"":0.0,""4"":0.0,""5"":0.0,""6"":0.0,""8"":0.0}","{""10"":0.0,""12"":0.0,""3"":0.0,""4"":0.0,""5"":0.0,""6"":0.0,""8"":0.0}",0.0,0.0,0.0,0.0,0.0,0.0,0.0,6df612c1cd4db67fc968bf06c2c30bb67d1cda4efc4431071deef4827008a4fb
1cce3e5fe7c50070e58676c9,Cp2_vs_Cp3__strict_numeric_all,0262d70dda595cb6cda6,Cp2_vs_Cp3,strict_numeric_all,fl3_entitlement_capped,confirmation,joint_wild_cluster_rademacher,measurement_missingness_concentration,0.25,0.5,empirically_never_passable,all_zero,,False,0.0,0.0,3,,,,False,False,0.0,True,0.0,0.0,"{""10"":0.0,""12"":0.0,""3"":0.0,""4"":0.0,""5"":0.0,""6"":0.0,""8"":0.0}","{""10"":0.0,""12"":0.0,""3"":0.0,""4"":0.0,""5"":0.0,""6"":0.0,""8"":0.0}",0.0,0.0,0.0,0.0,0.0,0.0,0.0,a3057f0fe3900b771330a40fff05fe788321384652f911f50de1ba7be345ea25
1cce3e5fe7c50070e58676c9,Cp2_vs_Cp3__strict_numeric_all,0262d70dda595cb6cda6,Cp2_vs_Cp3,strict_numeric_all,fl3_entitlement_capped,confirmation,joint_wild_cluster_rademacher,measurement_missingness_concentration,0.5,0.5,empirically_never_passable,all_zero,,False,0.0,0.0,3,,,,False,False,0.0,True,0.0,0.0,"{""10"":0.0,""12"":0.0,""3"":0.0,""4"":0.0,""5"":0.0,""6"":0.0,""8"":0.0}","{""10"":0.0,""12"":0.0,""3"":0.0,""4"":0.0,""5"":0.0,""6"":0.0,""8"":0.0}",0.0,0.0,0.0,0.0,0.0,0.0,0.0,253934469f4dd97688cf1a0bd016346a51d938167a4715291a32cd2cc80e5215
1cce3e5fe7c50070e58676c9,Cp2_vs_Cp3__strict_numeric_all,0262d70dda595cb6cda6,Cp2_vs_Cp3,strict_numeric_all,fl3_entitlement_capped,confirmation,joint_wild_cluster_rademacher,measurement_missingness_concentration,0.75,0.5,empirically_never_passable,all_zero,,False,0.0,0.0,3,,,,False,False,0.0,True,0.0,0.0,"{""10"":0.0,""12"":0.0,""3"":0.0,""4"":0.0,""5"":0.0,""6"":0.0,""8"":0.0}","{""10"":0.0,""12"":0.0,""3"":0.0,""4"":0.0,""5"":0.0,""6"":0.0,""8"":0.0}",0.0,0.0,0.0,0.0,0.0,0.0,0.0,0633060793a179662113bfd71b85e406640e1978c38c0196ee008e20cd8f8ac6
1cce3e5fe7c50070e58676c9,Cp2_vs_Cp3__strict_numeric_all,0262d70dda595cb6cda6,Cp2_vs_Cp3,strict_numeric_all,fl3_entitlement_capped,confirmation,joint_wild_cluster_rademacher,measurement_missingness_concentration,1.0,0.5,empirically_never_passable,all_zero,,False,0.0,0.0,3,,,,False,False,0.0,True,0.0,0.0,"{""10"":0.0,""12"":0.0,""3"":0.0,""4"":0.0,""5"":0.0,""6"":0.0,""8"":0.0}","{""10"":0.0,""12"":0.0,""3"":0.0,""4"":0.0,""5"":0.0,""6"":0.0,""8"":0.0}",0.0,0.0,0.0,0.0,0.0,0.0,0.0,76cc6ca0dcc55209362dac4a6f731f59b69e2dfe807b703b03d997da74166373
1cce3e5fe7c50070e58676c9,Cp2_vs_Cp3__strict_numeric_all,0262d70dda595cb6cda6,Cp2_vs_Cp3,strict_numeric_all,fl3_entitlement_capped,confirmation,joint_wild_cluster_rademacher,measurement_missingness_concentration,1.5,0.5,empirically_never_passable,all_zero,,False,0.0,0.0,3,,,,False,False,0.0,True,0.0,0.0,"{""10"":0.0,""12"":0.0,""3"":0.0,""4"":0.0,""5"":0.0,""6"":0.0,""8"":0.0}","{""10"":0.0,""12"":0.0,""3"":0.0,""4"":0.0,""5"":0.0,""6"":0.0,""8"":0.0}",0.0,0.0,0.0,0.0,0.0,0.0,0.0,fceae65c7614ae5b7f238c0584a746c53aa9b18ad45c22ed36e1b8eb8962e5eb
1cce3e5fe7c50070e58676c9,Cp2_vs_Cp3__strict_numeric_all,0262d70dda595cb6cda6,Cp2_vs_Cp3,strict_numeric_all,fl3_entitlement_capped,confirmation,joint_wild_cluster_rademacher,measurement_missingness_concentration,2.0,0.5,empirically_never_passable,all_zero,,False,0.0,0.0,3,,,,False,False,0.0,True,0.0,0.0,"{""10"":0.0,""12"":0.0,""3"":0.0,""4"":0.0,""5"":0.0,""6"":0.0,""8"":0.0}","{""10"":0.0,""12"":0.0,""3"":0.0,""4"":0.0,""5"":0.0,""6"":0.0,""8"":0.0}",0.0,0.0,0.0,0.0,0.0,0.0,0.0,bc75562c91c23a23b3b75ba4a40e1c0ada8c6d5ba5ed30cfe184c163372ad1ca
1cce3e5fe7c50070e58676c9,Cp2_vs_Cp3__strict_numeric_all,0262d70dda595cb6cda6,Cp2_vs_Cp3,strict_numeric_all,fl3_entitlement_capped,confirmation,joint_wild_cluster_rademacher,measurement_missingness_concentration,0.25,1.0,empirically_never_passable,all_zero,,False,0.0,0.0,3,,,,False,False,0.0,True,0.0,0.0,"{""10"":0.0,""12"":0.0,""3"":0.0,""4"":0.0,""5"":0.0,""6"":0.0,""8"":0.0}","{""10"":0.0,""12"":0.0,""3"":0.0,""4"":0.0,""5"":0.0,""6"":0.0,""8"":0.0}",0.0,0.0,0.0,0.0,0.0,0.0,0.0,9052229256df4b46d86f3fb5f522c51bcc28c68dff2ce3d8ae7f637856be882a
1cce3e5fe7c50070e58676c9,Cp2_vs_Cp3__strict_numeric_all,0262d70dda595cb6cda6,Cp2_vs_Cp3,strict_numeric_all,fl3_entitlement_capped,confirmation,joint_wild_cluster_rademacher,measurement_missingness_concentration,0.5,1.0,empirically_never_passable,all_zero,,False,0.0,0.0,3,,,,False,False,0.0,True,0.0,0.0,"{""10"":0.0,""12"":0.0,""3"":0.0,""4"":0.0,""5"":0.0,""6"":0.0,""8"":0.0}","{""10"":0.0,""12"":0.0,""3"":0.0,""4"":0.0,""5"":0.0,""6"":0.0,""8"":0.0}",0.0,0.0,0.0,0.0,0.0,0.0,0.0,4d48ec3dcedc1b9a4ef24018c72ce58cf2b2b52637dfa832c0bd41250d6eae01
1cce3e5fe7c50070e58676c9,Cp2_vs_Cp3__strict_numeric_all,0262d70dda595cb6cda6,Cp2_vs_Cp3,strict_numeric_all,fl3_entitlement_capped,confirmation,joint_wild_cluster_rademacher,measurement_missingness_concentration,0.75,1.0,empirically_never_passable,all_zero,,False,0.0,0.0,3,,,,False,False,0.0,True,0.0,0.0,"{""10"":0.0,""12"":0.0,""3"":0.0,""4"":0.0,""5"":0.0,""6"":0.0,""8"":0.0}","{""10"":0.0,""12"":0.0,""3"":0.0,""4"":0.0,""5"":0.0,""6"":0.0,""8"":0.0}",0.0,0.0,0.0,0.0,0.0,0.0,0.0,1d5bc3210d932823e2ebcf9cb336ee0340dbed2d6fae0b040925ebe4560c0b0f
1cce3e5fe7c50070e58676c9,Cp2_vs_Cp3__strict_numeric_all,0262d70dda595cb6cda6,Cp2_vs_Cp3,strict_numeric_all,fl3_entitlement_capped,confirmation,joint_wild_cluster_rademacher,measurement_missingness_concentration,1.0,1.0,empirically_never_passable,all_zero,,False,0.0,0.0,3,,,,False,False,0.0,True,0.0,0.0,"{""10"":0.0,""12"":0.0,""3"":0.0,""4"":0.0,""5"":0.0,""6"":0.0,""8"":0.0}","{""10"":0.0,""12"":0.0,""3"":0.0,""4"":0.0,""5"":0.0,""6"":0.0,""8"":0.0}",0.0,0.0,0.0,0.0,0.0,0.0,0.0,80a857fad70ce3b85ac5d1dfa511ee5922506663b957d5e9b1d72ffa090e4956
1cce3e5fe7c50070e58676c9,Cp2_vs_Cp3__strict_numeric_all,0262d70dda595cb6cda6,Cp2_vs_Cp3,strict_numeric_all,fl3_entitlement_capped,confirmation,joint_wild_cluster_rademacher,measurement_missingness_concentration,1.5,1.0,empirically_never_passable,all_zero,,False,0.0,0.0,3,,,,False,False,0.0,True,0.0,0.0,"{""10"":0.0,""12"":0.0,""3"":0.0,""4"":0.0,""5"":0.0,""6"":0.0,""8"":0.0}","{""10"":0.0,""12"":0.0,""3"":0.0,""4"":0.0,""5"":0.0,""6"":0.0,""8"":0.0}",0.0,0.0,0.0,0.0,0.0,0.0,0.0,c99fa2e5bc80bea8233dd8efbeb6884a3d7120baec78d2e4ceb4eb434d32f69c
1cce3e5fe7c50070e58676c9,Cp2_vs_Cp3__strict_numeric_all,0262d70dda595cb6cda6,Cp2_vs_Cp3,strict_numeric_all,fl3_entitlement_capped,confirmation,joint_wild_cluster_rademacher,measurement_missingness_concentration,2.0,1.0,empirically_never_passable,all_zero,,False,0.0,0.0,3,,,,False,False,0.0,True,0.0,0.0,"{""10"":0.0,""12"":0.0,""3"":0.0,""4"":0.0,""5"":0.0,""6"":0.0,""8"":0.0}","{""10"":0.0,""12"":0.0,""3"":0.0,""4"":0.0,""5"":0.0,""6"":0.0,""8"":0.0}",0.0,0.0,0.0,0.0,0.0,0.0,0.0,d909d6ba7c679f0a6b48351bfe5919932bae6f76d768085896e6e7758eca3390
1dbc920edffba9363b404b4e,Cp2_vs_Cp3__stability_plus_geometry,3e971f0bc08c8189f389,Cp2_vs_Cp3,stability_plus_geometry,fl3_entitled,confirmation,joint_wild_cluster_rademacher,measurement_missingness_concentration,0.0,0.0,empirically_never_passable,all_zero,,False,0.0,0.0,3,,,,False,False,0.0,True,0.0,0.0,"{""10"":0.0,""12"":0.0,""3"":0.0,""4"":0.0,""5"":0.0,""6"":0.0,""8"":0.0}","{""10"":0.0,""12"":0.0,""3"":0.0,""4"":0.0,""5"":0.0,""6"":0.0,""8"":0.0}",0.0,0.0,0.0,0.0,0.0,0.0,0.0,d0d1c87f18ae6c48a699a140baad22fb1f031516b66400edbbc573aa8efdacb8
1dbc920edffba9363b404b4e,Cp2_vs_Cp3__stability_plus_geometry,3e971f0bc08c8189f389,Cp2_vs_Cp3,stability_plus_geometry,fl3_entitled,confirmation,joint_wild_cluster_rademacher,measurement_missingness_concentration,0.25,0.0,empirically_never_passable,all_zero,,False,0.0,0.0,3,,,,False,False,0.0,True,0.0,0.0,"{""10"":0.0,""12"":0.0,""3"":0.0,""4"":0.0,""5"":0.0,""6"":0.0,""8"":0.0}","{""10"":0.0,""12"":0.0,""3"":0.0,""4"":0.0,""5"":0.0,""6"":0.0,""8"":0.0}",0.0,0.0,0.0,0.0,0.0,0.0,0.0,974d9da33f5f717db6e2fae2256f0e8c79b09621cef24d0cdc1f8d83b051b2a3
1dbc920edffba9363b404b4e,Cp2_vs_Cp3__stability_plus_geometry,3e971f0bc08c8189f389,Cp2_vs_Cp3,stability_plus_geometry,fl3_entitled,confirmation,joint_wild_cluster_rademacher,measurement_missingness_concentration,0.5,0.0,empirically_never_passable,all_zero,,False,0.0,0.0,3,,,,False,False,0.0,True,0.0,0.0,"{""10"":0.0,""12"":0.0,""3"":0.0,""4"":0.0,""5"":0.0,""6"":0.0,""8"":0.0}","{""10"":0.0,""12"":0.0,""3"":0.0,""4"":0.0,""5"":0.0,""6"":0.0,""8"":0.0}",0.0,0.0,0.0,0.0,0.0,0.0,0.0,5565b340d9d8fe1eebdd50d20edb32e9a3ca833c3fa7d2bcab6629b53ce29453
1dbc920edffba9363b404b4e,Cp2_vs_Cp3__stability_plus_geometry,3e971f0bc08c8189f389,Cp2_vs_Cp3,stability_plus_geometry,fl3_entitled,confirmation,joint_wild_cluster_rademacher,measurement_missingness_concentration,0.75,0.0,empirically_never_passable,all_zero,,False,0.0,0.0,3,,,,False,False,0.0,True,0.0,0.0,"{""10"":0.0,""12"":0.0,""3"":0.0,""4"":0.0,""5"":0.0,""6"":0.0,""8"":0.0}","{""10"":0.0,""12"":0.0,""3"":0.0,""4"":0.0,""5"":0.0,""6"":0.0,""8"":0.0}",0.0,0.0,0.0,0.0,0.0,0.0,0.0,ef565296e8677cc1faa290343af252c37537e99703fe0a17a6fa1d4b92af3e1d
1dbc920edffba9363b404b4e,Cp2_vs_Cp3__stability_plus_geometry,3e971f0bc08c8189f389,Cp2_vs_Cp3,stability_plus_geometry,fl3_entitled,confirmation,joint_wild_cluster_rademacher,measurement_missingness_concentration,1.0,0.0,empirically_never_passable,all_zero,,False,0.0,0.0,3,,,,False,False,0.0,True,0.0,0.0,"{""10"":0.0,""12"":0.0,""3"":0.0,""4"":0.0,""5"":0.0,""6"":0.0,""8"":0.0}","{""10"":0.0,""12"":0.0,""3"":0.0,""4"":0.0,""5"":0.0,""6"":0.0,""8"":0.0}",0.0,0.0,0.0,0.0,0.0,0.0,0.0,321cc9805482ffe1d31ba082efd3121a677a565d2c28701687428077ecc05803
1dbc920edffba9363b404b4e,Cp2_vs_Cp3__stability_plus_geometry,3e971f0bc08c8189f389,Cp2_vs_Cp3,stability_plus_geometry,fl3_entitled,confirmation,joint_wild_cluster_rademacher,measurement_missingness_concentration,1.5,0.0,empirically_never_passable,all_zero,,False,0.0,0.0,3,,,,False,False,0.0,True,0.0,0.0,"{""10"":0.0,""12"":0.0,""3"":0.0,""4"":0.0,""5"":0.0,""6"":0.0,""8"":0.0}","{""10"":0.0,""12"":0.0,""3"":0.0,""4"":0.0,""5"":0.0,""6"":0.0,""8"":0.0}",0.0,0.0,0.0,0.0,0.0,0.0,0.0,ff5d3dd2c696ec1a08a5a2160c505163e30f0ab051aba01bd67784b33e1d5566
1dbc920edffba9363b404b4e,Cp2_vs_Cp3__stability_plus_geometry,3e971f0bc08c8189f389,Cp2_vs_Cp3,stability_plus_geometry,fl3_entitled,confirmation,joint_wild_cluster_rademacher,measurement_missingness_concentration,2.0,0.0,empirically_never_passable,all_zero,,False,0.0,0.0,3,,,,False,False,0.0,True,0.0,0.0,"{""10"":0.0,""12"":0.0,""3"":0.0,""4"":0.0,""5"":0.0,""6"":0.0,""8"":0.0}","{""10"":0.0,""12"":0.0,""3"":0.0,""4"":0.0,""5"":0.0,""6"":0.0,""8"":0.0}",0.0,0.0,0.0,0.0,0.0,0.0,0.0,493938c299a0f89f9852a0832e70b23d3804e9b00d1d20c3a919966fbd5f54b0
1dbc920edffba9363b404b4e,Cp2_vs_Cp3__stability_plus_geometry,3e971f0bc08c8189f389,Cp2_vs_Cp3,stability_plus_geometry,fl3_entitled,confirmation,joint_wild_cluster_rademacher,measurement_missingness_concentration,0.25,0.25,empirically_never_passable,all_zero,,False,0.0,0.0,3,,,,False,False,0.0,True,0.0,0.0,"{""10"":0.0,""12"":0.0,""3"":0.0,""4"":0.0,""5"":0.0,""6"":0.0,""8"":0.0}","{""10"":0.0,""12"":0.0,""3"":0.0,""4"":0.0,""5"":0.0,""6"":0.0,""8"":0.0}",0.0,0.0,0.0,0.0,0.0,0.0,0.0,3d4b31f7c13a61c46505ae7ad383361ed01248e0075e7bd5e15a9b8d293b4733
1dbc920edffba9363b404b4e,Cp2_vs_Cp3__stability_plus_geometry,3e971f0bc08c8189f389,Cp2_vs_Cp3,stability_plus_geometry,fl3_entitled,confirmation,joint_wild_cluster_rademacher,measurement_missingness_concentration,0.5,0.25,empirically_never_passable,all_zero,,False,0.0,0.0,3,,,,False,False,0.0,True,0.0,0.0,"{""10"":0.0,""12"":0.0,""3"":0.0,""4"":0.0,""5"":0.0,""6"":0.0,""8"":0.0}","{""10"":0.0,""12"":0.0,""3"":0.0,""4"":0.0,""5"":0.0,""6"":0.0,""8"":0.0}",0.0,0.0,0.0,0.0,0.0,0.0,0.0,3486598e0b4ada6665d2c7716d63f2e5ba03d04e8b371e079189c19f102a9df4
1dbc920edffba9363b404b4e,Cp2_vs_Cp3__stability_plus_geometry,3e971f0bc08c8189f389,Cp2_vs_Cp3,stability_plus_geometry,fl3_entitled,confirmation,joint_wild_cluster_rademacher,measurement_missingness_concentration,0.75,0.25,empirically_never_passable,all_zero,,False,0.0,0.0,3,,,,False,False,0.0,True,0.0,0.0,"{""10"":0.0,""12"":0.0,""3"":0.0,""4"":0.0,""5"":0.0,""6"":0.0,""8"":0.0}","{""10"":0.0,""12"":0.0,""3"":0.0,""4"":0.0,""5"":0.0,""6"":0.0,""8"":0.0}",0.0,0.0,0.0,0.0,0.0,0.0,0.0,4949e909574110c370675135a0256a57d31bbe21f25a4f0682173a2d075aca14
1dbc920edffba9363b404b4e,Cp2_vs_Cp3__stability_plus_geometry,3e971f0bc08c8189f389,Cp2_vs_Cp3,stability_plus_geometry,fl3_entitled,confirmation,joint_wild_cluster_rademacher,measurement_missingness_concentration,1.0,0.25,empirically_never_passable,all_zero,,False,0.0,0.0,3,,,,False,False,0.0,True,0.0,0.0,"{""10"":0.0,""12"":0.0,""3"":0.0,""4"":0.0,""5"":0.0,""6"":0.0,""8"":0.0}","{""10"":0.0,""12"":0.0,""3"":0.0,""4"":0.0,""5"":0.0,""6"":0.0,""8"":0.0}",0.0,0.0,0.0,0.0,0.0,0.0,0.0,a102a500cd374d8c45e0d813d1f80f2544811906870104cb074327a45ad47f05
1dbc920edffba9363b404b4e,Cp2_vs_Cp3__stability_plus_geometry,3e971f0bc08c8189f389,Cp2_vs_Cp3,stability_plus_geometry,fl3_entitled,confirmation,joint_wild_cluster_rademacher,measurement_missingness_concentration,1.5,0.25,empirically_never_passable,all_zero,,False,0.0,0.0,3,,,,False,False,0.0,True,0.0,0.0,"{""10"":0.0,""12"":0.0,""3"":0.0,""4"":0.0,""5"":0.0,""6"":0.0,""8"":0.0}","{""10"":0.0,""12"":0.0,""3"":0.0,""4"":0.0,""5"":0.0,""6"":0.0,""8"":0.0}",0.0,0.0,0.0,0.0,0.0,0.0,0.0,eea5c60c59610b8abe9818acf04a8e07a5ed5e04660e575e6242e582d4ee2d7a
1dbc920edffba9363b404b4e,Cp2_vs_Cp3__stability_plus_geometry,3e971f0bc08c8189f389,Cp2_vs_Cp3,stability_plus_geometry,fl3_entitled,confirmation,joint_wild_cluster_rademacher,measurement_missingness_concentration,2.0,0.25,empirically_never_passable,all_zero,,False,0.0,0.0,3,,,,False,False,0.0,True,0.0,0.0,"{""10"":0.0,""12"":0.0,""3"":0.0,""4"":0.0,""5"":0.0,""6"":0.0,""8"":0.0}","{""10"":0.0,""12"":0.0,""3"":0.0,""4"":0.0,""5"":0.0,""6"":0.0,""8"":0.0}",0.0,0.0,0.0,0.0,0.0,0.0,0.0,792addc5b15da64f78d67da02d38614f9d3f0324ecdb8e704c30e017aac709e1
1dbc920edffba9363b404b4e,Cp2_vs_Cp3__stability_plus_geometry,3e971f0bc08c8189f389,Cp2_vs_Cp3,stability_plus_geometry,fl3_entitled,confirmation,joint_wild_cluster_rademacher,measurement_missingness_concentration,0.25,0.5,empirically_never_passable,all_zero,,False,0.0,0.0,3,,,,False,False,0.0,True,0.0,0.0,"{""10"":0.0,""12"":0.0,""3"":0.0,""4"":0.0,""5"":0.0,""6"":0.0,""8"":0.0}","{""10"":0.0,""12"":0.0,""3"":0.0,""4"":0.0,""5"":0.0,""6"":0.0,""8"":0.0}",0.0,0.0,0.0,0.0,0.0,0.0,0.0,2474b9bd2a02910138448ec75e42e90144b92420bb39ec06e401254831c42294
1dbc920edffba9363b404b4e,Cp2_vs_Cp3__stability_plus_geometry,3e971f0bc08c8189f389,Cp2_vs_Cp3,stability_plus_geometry,fl3_entitled,confirmation,joint_wild_cluster_rademacher,measurement_missingness_concentration,0.5,0.5,empirically_never_passable,all_zero,,False,0.0,0.0,3,,,,False,False,0.0,True,0.0,0.0,"{""10"":0.0,""12"":0.0,""3"":0.0,""4"":0.0,""5"":0.0,""6"":0.0,""8"":0.0}","{""10"":0.0,""12"":0.0,""3"":0.0,""4"":0.0,""5"":0.0,""6"":0.0,""8"":0.0}",0.0,0.0,0.0,0.0,0.0,0.0,0.0,b086f39e09eb9d46ae3ac44cc33a50d2e46dc2acf21c89303e18685fde4987af
1dbc920edffba9363b404b4e,Cp2_vs_Cp3__stability_plus_geometry,3e971f0bc08c8189f389,Cp2_vs_Cp3,stability_plus_geometry,fl3_entitled,confirmation,joint_wild_cluster_rademacher,measurement_missingness_concentration,0.75,0.5,empirically_never_passable,all_zero,,False,0.0,0.0,3,,,,False,False,0.0,True,0.0,0.0,"{""10"":0.0,""12"":0.0,""3"":0.0,""4"":0.0,""5"":0.0,""6"":0.0,""8"":0.0}","{""10"":0.0,""12"":0.0,""3"":0.0,""4"":0.0,""5"":0.0,""6"":0.0,""8"":0.0}",0.0,0.0,0.0,0.0,0.0,0.0,0.0,d1c8491faccc79347f43d17f7b425cfd1a1ab6c77480a3b65a734fd0a0821d40
1dbc920edffba9363b404b4e,Cp2_vs_Cp3__stability_plus_geometry,3e971f0bc08c8189f389,Cp2_vs_Cp3,stability_plus_geometry,fl3_entitled,confirmation,joint_wild_cluster_rademacher,measurement_missingness_concentration,1.0,0.5,empirically_never_passable,all_zero,,False,0.0,0.0,3,,,,False,False,0.0,True,0.0,0.0,"{""10"":0.0,""12"":0.0,""3"":0.0,""4"":0.0,""5"":0.0,""6"":0.0,""8"":0.0}","{""10"":0.0,""12"":0.0,""3"":0.0,""4"":0.0,""5"":0.0,""6"":0.0,""8"":0.0}",0.0,0.0,0.0,0.0,0.0,0.0,0.0,d2135008ebf4b7722e4e269483616e81e1fdb7b9a8e06e095a853e5d722098e3
1dbc920edffba9363b404b4e,Cp2_vs_Cp3__stability_plus_geometry,3e971f0bc08c8189f389,Cp2_vs_Cp3,stability_plus_geometry,fl3_entitled,confirmation,joint_wild_cluster_rademacher,measurement_missingness_concentration,1.5,0.5,empirically_never_passable,all_zero,,False,0.0,0.0,3,,,,False,False,0.0,True,0.0,0.0,"{""10"":0.0,""12"":0.0,""3"":0.0,""4"":0.0,""5"":0.0,""6"":0.0,""8"":0.0}","{""10"":0.0,""12"":0.0,""3"":0.0,""4"":0.0,""5"":0.0,""6"":0.0,""8"":0.0}",0.0,0.0,0.0,0.0,0.0,0.0,0.0,cdfce757560127c7c4e6e4170802ca11809d34efb0e771c245b6fbe732eb17ee
1dbc920edffba9363b404b4e,Cp2_vs_Cp3__stability_plus_geometry,3e971f0bc08c8189f389,Cp2_vs_Cp3,stability_plus_geometry,fl3_entitled,confirmation,joint_wild_cluster_rademacher,measurement_missingness_concentration,2.0,0.5,empirically_never_passable,all_zero,,False,0.0,0.0,3,,,,False,False,0.0,True,0.0,0.0,"{""10"":0.0,""12"":0.0,""3"":0.0,""4"":0.0,""5"":0.0,""6"":0.0,""8"":0.0}","{""10"":0.0,""12"":0.0,""3"":0.0,""4"":0.0,""5"":0.0,""6"":0.0,""8"":0.0}",0.0,0.0,0.0,0.0,0.0,0.0,0.0,5f058e60698dc821d7e85b6360b6c89fa50644871e95a94b2898ceadfca1f23c
1dbc920edffba9363b404b4e,Cp2_vs_Cp3__stability_plus_geometry,3e971f0bc08c8189f389,Cp2_vs_Cp3,stability_plus_geometry,fl3_entitled,confirmation,joint_wild_cluster_rademacher,measurement_missingness_concentration,0.25,1.0,empirically_never_passable,all_zero,,False,0.0,0.0,3,,,,False,False,0.0,True,0.0,0.0,"{""10"":0.0,""12"":0.0,""3"":0.0,""4"":0.0,""5"":0.0,""6"":0.0,""8"":0.0}","{""10"":0.0,""12"":0.0,""3"":0.0,""4"":0.0,""5"":0.0,""6"":0.0,""8"":0.0}",0.0,0.0,0.0,0.0,0.0,0.0,0.0,ee59e254887f6ceb4cf35cf10e8ffbbe61434d3478e2cafe14734bc5692b47b6
1dbc920edffba9363b404b4e,Cp2_vs_Cp3__stability_plus_geometry,3e971f0bc08c8189f389,Cp2_vs_Cp3,stability_plus_geometry,fl3_entitled,confirmation,joint_wild_cluster_rademacher,measurement_missingness_concentration,0.5,1.0,empirically_never_passable,all_zero,,False,0.0,0.0,3,,,,False,False,0.0,True,0.0,0.0,"{""10"":0.0,""12"":0.0,""3"":0.0,""4"":0.0,""5"":0.0,""6"":0.0,""8"":0.0}","{""10"":0.0,""12"":0.0,""3"":0.0,""4"":0.0,""5"":0.0,""6"":0.0,""8"":0.0}",0.0,0.0,0.0,0.0,0.0,0.0,0.0,b4e59996d7b16656da10032b8b0292c30ff4a45eeac273d8ddc1675f13a2a603
1dbc920edffba9363b404b4e,Cp2_vs_Cp3__stability_plus_geometry,3e971f0bc08c8189f389,Cp2_vs_Cp3,stability_plus_geometry,fl3_entitled,confirmation,joint_wild_cluster_rademacher,measurement_missingness_concentration,0.75,1.0,empirically_never_passable,all_zero,,False,0.0,0.0,3,,,,False,False,0.0,True,0.0,0.0,"{""10"":0.0,""12"":0.0,""3"":0.0,""4"":0.0,""5"":0.0,""6"":0.0,""8"":0.0}","{""10"":0.0,""12"":0.0,""3"":0.0,""4"":0.0,""5"":0.0,""6"":0.0,""8"":0.0}",0.0,0.0,0.0,0.0,0.0,0.0,0.0,33ca77f62090c5e7727d27de25dc920ad844434c895678a2a30c90ec9a6c1fe1
1dbc920edffba9363b404b4e,Cp2_vs_Cp3__stability_plus_geometry,3e971f0bc08c8189f389,Cp2_vs_Cp3,stability_plus_geometry,fl3_entitled,confirmation,joint_wild_cluster_rademacher,measurement_missingness_concentration,1.0,1.0,empirically_never_passable,all_zero,,False,0.0,0.0,3,,,,False,False,0.0,True,0.0,0.0,"{""10"":0.0,""12"":0.0,""3"":0.0,""4"":0.0,""5"":0.0,""6"":0.0,""8"":0.0}","{""10"":0.0,""12"":0.0,""3"":0.0,""4"":0.0,""5"":0.0,""6"":0.0,""8"":0.0}",0.0,0.0,0.0,0.0,0.0,0.0,0.0,3693a27d410ad3e0f34e7eb3e38d26d24facb10dbfef6f7fb07676d92f59d776
1dbc920edffba9363b404b4e,Cp2_vs_Cp3__stability_plus_geometry,3e971f0bc08c8189f389,Cp2_vs_Cp3,stability_plus_geometry,fl3_entitled,confirmation,joint_wild_cluster_rademacher,measurement_missingness_concentration,1.5,1.0,empirically_never_passable,all_zero,,False,0.0,0.0,3,,,,False,False,0.0,True,0.0,0.0,"{""10"":0.0,""12"":0.0,""3"":0.0,""4"":0.0,""5"":0.0,""6"":0.0,""8"":0.0}","{""10"":0.0,""12"":0.0,""3"":0.0,""4"":0.0,""5"":0.0,""6"":0.0,""8"":0.0}",0.0,0.0,0.0,0.0,0.0,0.0,0.0,3aba35890775384ace388358b7fc06ed9f02332e63a2d468a7a21bc666e2dc13
1dbc920edffba9363b404b4e,Cp2_vs_Cp3__stability_plus_geometry,3e971f0bc08c8189f389,Cp2_vs_Cp3,stability_plus_geometry,fl3_entitled,confirmation,joint_wild_cluster_rademacher,measurement_missingness_concentration,2.0,1.0,empirically_never_passable,all_zero,,False,0.0,0.0,3,,,,False,False,0.0,True,0.0,0.0,"{""10"":0.0,""12"":0.0,""3"":0.0,""4"":0.0,""5"":0.0,""6"":0.0,""8"":0.0}","{""10"":0.0,""12"":0.0,""3"":0.0,""4"":0.0,""5"":0.0,""6"":0.0,""8"":0.0}",0.0,0.0,0.0,0.0,0.0,0.0,0.0,643bb28c0e7484bc06a2b13c8907222819912b0539ccc0a1a3d39fdbc6bcbfe8
bfa569fbae807b7f50c3389f,C_vs_Cp2__stability_core_3,c683c10822cc59ae7587,C_vs_Cp2,stability_core_3,fl3_entitled,confirmation,joint_wild_cluster_rademacher,measurement_missingness_concentration,0.0,0.0,empirically_never_passable,all_zero,,False,0.0,0.0,3,,,,False,False,0.0,True,0.0,3.026,"{""10"":0.0,""12"":0.0,""3"":0.0,""4"":0.0,""5"":0.0,""6"":0.0,""8"":0.0}","{""10"":2.539,""12"":3.026,""3"":0.735,""4"":0.991,""5"":1.25,""6"":1.508,""8"":2.034}",0.0,0.0,0.0,0.0,0.0,0.0,0.0,c487df87bafbacd84850ef61ac79b19d857e45dd2dded881b6ec8c0d81b01613
bfa569fbae807b7f50c3389f,C_vs_Cp2__stability_core_3,c683c10822cc59ae7587,C_vs_Cp2,stability_core_3,fl3_entitled,confirmation,joint_wild_cluster_rademacher,measurement_missingness_concentration,0.25,0.0,early_passable,observed_non_decreasing,5.0,True,0.099,0.099,12,,,,False,True,0.038000000000000006,False,0.08700000000000001,2.993,"{""10"":0.061,""12"":0.099,""3"":0.0,""4"":0.0,""5"":0.003,""6"":0.012,""8"":0.025}","{""10"":2.489,""12"":2.993,""3"":0.76,""4"":1.018,""5"":1.265,""6"":1.504,""8"":1.987}",0.0,0.0,0.003,0.012,0.025,0.061,0.099,f6eee08a9d8a84fc36d0ded6af7b1c70fa46cf8456e27825b35104d73bdcb0b5
bfa569fbae807b7f50c3389f,C_vs_Cp2__stability_core_3,c683c10822cc59ae7587,C_vs_Cp2,stability_core_3,fl3_entitled,confirmation,joint_wild_cluster_rademacher,measurement_missingness_concentration,0.5,0.0,early_passable,observed_non_decreasing,4.0,True,0.232,0.232,12,,,,False,True,0.10300000000000001,False,0.222,2.979,"{""10"":0.129,""12"":0.232,""3"":0.0,""4"":0.001,""5"":0.004,""6"":0.01,""8"":0.065}","{""10"":2.453,""12"":2.979,""3"":0.75,""4"":1.006,""5"":1.256,""6"":1.509,""8"":1.991}",0.0,0.001,0.004,0.01,0.065,0.129,0.232,f93c71443f56ba1c2d8aaaebad2a2c4c941ee8277b50ce33cfbaa108b8eefc70
bfa569fbae807b7f50c3389f,C_vs_Cp2__stability_core_3,c683c10822cc59ae7587,C_vs_Cp2,stability_core_3,fl3_entitled,confirmation,joint_wild_cluster_rademacher,measurement_missingness_concentration,0.75,0.0,early_passable,observed_non_decreasing,4.0,True,0.318,0.318,12,,,,False,True,0.125,False,0.28800000000000003,3.009,"{""10"":0.193,""12"":0.318,""3"":0.0,""4"":0.004,""5"":0.011,""6"":0.03,""8"":0.088}","{""10"":2.506,""12"":3.009,""3"":0.756,""4"":0.994,""5"":1.254,""6"":1.507,""8"":2.006}",0.0,0.004,0.011,0.03,0.088,0.193,0.318,8c13bf2ba1e5042c45b947375b7f1f891af5904c7fc7b3ada90ca45b3977edad
bfa569fbae807b7f50c3389f,C_vs_Cp2__stability_core_3,c683c10822cc59ae7587,C_vs_Cp2,stability_core_3,fl3_entitled,confirmation,joint_wild_cluster_rademacher,measurement_missingness_concentration,1.0,0.0,early_passable,observed_non_decreasing,4.0,True,0.345,0.345,12,,,,False,True,0.13499999999999998,False,0.309,3.023,"{""10"":0.21,""12"":0.345,""3"":0.0,""4"":0.002,""5"":0.013,""6"":0.036,""8"":0.118}","{""10"":2.524,""12"":3.023,""3"":0.78,""4"":1.033,""5"":1.296,""6"":1.557,""8"":2.033}",0.0,0.002,0.013,0.036,0.118,0.21,0.345,c035e0a25ef8b5fa87f213c5b4d44d2555ed3f3fba94d67dd22bd30e4ae023e4
bfa569fbae807b7f50c3389f,C_vs_Cp2__stability_core_3,c683c10822cc59ae7587,C_vs_Cp2,stability_core_3,fl3_entitled,confirmation,joint_wild_cluster_rademacher,measurement_missingness_concentration,1.5,0.0,early_passable,observed_non_decreasing,4.0,True,0.353,0.353,12,,,,False,True,0.12899999999999998,False,0.311,3.004,"{""10"":0.224,""12"":0.353,""3"":0.0,""4"":0.004,""5"":0.013,""6"":0.042,""8"":0.102}","{""10"":2.473,""12"":3.004,""3"":0.77,""4"":1.031,""5"":1.27,""6"":1.524,""8"":1.978}",0.0,0.004,0.013,0.042,0.102,0.224,0.353,586119be284e1d7a73a909824b0c89726ca07b5463bc45c34ef09bc6b7fb4b18
bfa569fbae807b7f50c3389f,C_vs_Cp2__stability_core_3,c683c10822cc59ae7587,C_vs_Cp2,stability_core_3,fl3_entitled,confirmation,joint_wild_cluster_rademacher,measurement_missingness_concentration,2.0,0.0,early_passable,observed_non_decreasing,4.0,True,0.344,0.344,12,,,,False,True,0.11999999999999997,False,0.307,2.988,"{""10"":0.224,""12"":0.344,""3"":0.0,""4"":0.005,""5"":0.023,""6"":0.037,""8"":0.11}","{""10"":2.511,""12"":2.988,""3"":0.765,""4"":1.02,""5"":1.296,""6"":1.52,""8"":1.997}",0.0,0.005,0.023,0.037,0.11,0.224,0.344,a59988fb74356cb271cdd6a4fb240d81f3e6ee8a0bc75466753967295dbe75bc
bfa569fbae807b7f50c3389f,C_vs_Cp2__stability_core_3,c683c10822cc59ae7587,C_vs_Cp2,stability_core_3,fl3_entitled,confirmation,joint_wild_cluster_rademacher,measurement_missingness_concentration,0.25,0.25,early_passable,observed_non_decreasing,5.0,True,0.089,0.089,12,,,,False,True,0.051,False,0.08499999999999999,3.021,"{""10"":0.038,""12"":0.089,""3"":0.0,""4"":0.0,""5"":0.001,""6"":0.004,""8"":0.017}","{""10"":2.504,""12"":3.021,""3"":0.754,""4"":1.004,""5"":1.259,""6"":1.511,""8"":2.025}",0.0,0.0,0.001,0.004,0.017,0.038,0.089,2ed9e683e2695300bc38cce8f5cec804b1e32acb9a0df58d8f85ec1dbb821b00
bfa569fbae807b7f50c3389f,C_vs_Cp2__stability_core_3,c683c10822cc59ae7587,C_vs_Cp2,stability_core_3,fl3_entitled,confirmation,joint_wild_cluster_rademacher,measurement_missingness_concentration,0.5,0.25,early_passable,observed_non_decreasing,4.0,True,0.239,0.239,12,,,,False,True,0.10199999999999998,False,0.217,3.057,"{""10"":0.137,""12"":0.239,""3"":0.0,""4"":0.001,""5"":0.006,""6"":0.022,""8"":0.061}","{""10"":2.543,""12"":3.057,""3"":0.743,""4"":0.987,""5"":1.244,""6"":1.495,""8"":2.019}",0.0,0.001,0.006,0.022,0.061,0.137,0.239,703ff0963f80950852a06fa2366eb250e6a64fa1de878a4e3b50c00ee31d2bad
bfa569fbae807b7f50c3389f,C_vs_Cp2__stability_core_3,c683c10822cc59ae7587,C_vs_Cp2,stability_core_3,fl3_entitled,confirmation,joint_wild_cluster_rademacher,measurement_missingness_concentration,0.75,0.25,early_passable,observed_non_decreasing,4.0,True,0.317,0.317,12,,,,False,True,0.11499999999999999,False,0.28600000000000003,3.01,"{""10"":0.202,""12"":0.317,""3"":0.0,""4"":0.004,""5"":0.011,""6"":0.031,""8"":0.096}","{""10"":2.489,""12"":3.01,""3"":0.758,""4"":1.011,""5"":1.262,""6"":1.501,""8"":1.981}",0.0,0.004,0.011,0.031,0.096,0.202,0.317,15c050ae31b3a17c5e76a6b4c65d5e2a5a86cea1095c530e2ef25a66756ca55f
bfa569fbae807b7f50c3389f,C_vs_Cp2__stability_core_3,c683c10822cc59ae7587,C_vs_Cp2,stability_core_3,fl3_entitled,confirmation,joint_wild_cluster_rademacher,measurement_missingness_concentration,1.0,0.25,early_passable,observed_non_decreasing,4.0,True,0.316,0.316,12,,,,False,True,0.088,False,0.278,2.989,"{""10"":0.228,""12"":0.316,""3"":0.0,""4"":0.006,""5"":0.014,""6"":0.038,""8"":0.13}","{""10"":2.534,""12"":2.989,""3"":0.786,""4"":1.033,""5"":1.27,""6"":1.504,""8"":2.023}",0.0,0.006,0.014,0.038,0.13,0.228,0.316,4241875d68a1dda2564e332daaddf64b762b28c2aee787677ba8c33a57e2dfb6
bfa569fbae807b7f50c3389f,C_vs_Cp2__stability_core_3,c683c10822cc59ae7587,C_vs_Cp2,stability_core_3,fl3_entitled,confirmation,joint_wild_cluster_rademacher,measurement_missingness_concentration,1.5,0.25,early_passable,observed_non_decreasing,4.0,True,0.329,0.329,12,,,,False,True,0.11400000000000002,False,0.303,2.967,"{""10"":0.215,""12"":0.329,""3"":0.0,""4"":0.002,""5"":0.01,""6"":0.026,""8"":0.095}","{""10"":2.494,""12"":2.967,""3"":0.715,""4"":0.937,""5"":1.194,""6"":1.462,""8"":1.967}",0.0,0.002,0.01,0.026,0.095,0.215,0.329,6f880107a6dd94b3a6053398f40f818cfecb95629d7cb097ce5011b38904c158
bfa569fbae807b7f50c3389f,C_vs_Cp2__stability_core_3,c683c10822cc59ae7587,C_vs_Cp2,stability_core_3,fl3_entitled,confirmation,joint_wild_cluster_rademacher,measurement_missingness_concentration,2.0,0.25,early_passable,observed_non_decreasing,4.0,True,0.362,0.362,12,,,,False,True,0.141,False,0.325,2.997,"{""10"":0.221,""12"":0.362,""3"":0.0,""4"":0.001,""5"":0.012,""6"":0.037,""8"":0.108}","{""10"":2.47,""12"":2.997,""3"":0.734,""4"":0.997,""5"":1.242,""6"":1.505,""8"":1.976}",0.0,0.001,0.012,0.037,0.108,0.221,0.362,17eb543889285ede91edc36677f10b2a5e84080d3c64bf416f436fcd801abb26
bfa569fbae807b7f50c3389f,C_vs_Cp2__stability_core_3,c683c10822cc59ae7587,C_vs_Cp2,stability_core_3,fl3_entitled,confirmation,joint_wild_cluster_rademacher,measurement_missingness_concentration,0.25,0.5,early_passable,observed_non_decreasing,5.0,True,0.105,0.105,12,,,,False,True,0.049999999999999996,False,0.09899999999999999,3.034,"{""10"":0.055,""12"":0.105,""3"":0.0,""4"":0.0,""5"":0.004,""6"":0.006,""8"":0.03}","{""10"":2.479,""12"":3.034,""3"":0.768,""4"":1.01,""5"":1.244,""6"":1.512,""8"":1.992}",0.0,0.0,0.004,0.006,0.03,0.055,0.105,bb2fe823e512e940d3c4b08eaa33fbdc9c28371cb9cd2ff74c2be35dc9bc5950
bfa569fbae807b7f50c3389f,C_vs_Cp2__stability_core_3,c683c10822cc59ae7587,C_vs_Cp2,stability_core_3,fl3_entitled,confirmation,joint_wild_cluster_rademacher,measurement_missingness_concentration,0.5,0.5,early_passable,observed_non_decreasing,4.0,True,0.238,0.238,12,,,,False,True,0.089,False,0.22199999999999998,3.036,"{""10"":0.149,""12"":0.238,""3"":0.0,""4"":0.002,""5"":0.005,""6"":0.016,""8"":0.059}","{""10"":2.55,""12"":3.036,""3"":0.77,""4"":1.049,""5"":1.303,""6"":1.52,""8"":2.023}",0.0,0.002,0.005,0.016,0.059,0.149,0.238,89242c890c24c8905eb8afc67e246b40ea9bff7eb210f077cb402083d7f186c6
bfa569fbae807b7f50c3389f,C_vs_Cp2__stability_core_3,c683c10822cc59ae7587,C_vs_Cp2,stability_core_3,fl3_entitled,confirmation,joint_wild_cluster_rademacher,measurement_missingness_concentration,0.75,0.5,early_passable,observed_non_decreasing,4.0,True,0.316,0.316,12,,,,False,True,0.121,False,0.28500000000000003,3.037,"{""10"":0.195,""12"":0.316,""3"":0.0,""4"":0.005,""5"":0.019,""6"":0.031,""8"":0.099}","{""10"":2.524,""12"":3.037,""3"":0.769,""4"":1.039,""5"":1.271,""6"":1.505,""8"":2.006}",0.0,0.005,0.019,0.031,0.099,0.195,0.316,89bd13518eb2b401e9f6245c0d3bb2d631be83cde10946f949dfb38dc20b59ce
bfa569fbae807b7f50c3389f,C_vs_Cp2__stability_core_3,c683c10822cc59ae7587,C_vs_Cp2,stability_core_3,fl3_entitled,confirmation,joint_wild_cluster_rademacher,measurement_missingness_concentration,1.0,0.5,early_passable,observed_non_decreasing,4.0,True,0.316,0.316,12,,,,False,True,0.127,False,0.287,3.002,"{""10"":0.189,""12"":0.316,""3"":0.0,""4"":0.007,""5"":0.015,""6"":0.029,""8"":0.087}","{""10"":2.49,""12"":3.002,""3"":0.757,""4"":1.001,""5"":1.23,""6"":1.511,""8"":1.978}",0.0,0.007,0.015,0.029,0.087,0.189,0.316,1323ec0b8a0e8ca30f69cb04635923b583a85cae3dfef1e548ad3fda9edaea03
bfa569fbae807b7f50c3389f,C_vs_Cp2__stability_core_3,c683c10822cc59ae7587,C_vs_Cp2,stability_core_3,fl3_entitled,confirmation,joint_wild_cluster_rademacher,measurement_missingness_concentration,1.5,0.5,early_passable,observed_non_decreasing,4.0,True,0.354,0.354,12,,,,False,True,0.146,False,0.32299999999999995,3.005,"{""10"":0.208,""12"":0.354,""3"":0.0,""4"":0.002,""5"":0.009,""6"":0.031,""8"":0.112}","{""10"":2.51,""12"":3.005,""3"":0.785,""4"":1.029,""5"":1.279,""6"":1.529,""8"":2.018}",0.0,0.002,0.009,0.031,0.112,0.208,0.354,9826a67aac16b8c024fa5cc0839730b7c90aa50aaa77403ac67724721ebcad9f
bfa569fbae807b7f50c3389f,C_vs_Cp2__stability_core_3,c683c10822cc59ae7587,C_vs_Cp2,stability_core_3,fl3_entitled,confirmation,joint_wild_cluster_rademacher,measurement_missingness_concentration,2.0,0.5,early_passable,observed_non_decreasing,4.0,True,0.351,0.351,12,,,,False,True,0.13299999999999998,False,0.31599999999999995,2.98,"{""10"":0.218,""12"":0.351,""3"":0.0,""4"":0.003,""5"":0.013,""6"":0.035,""8"":0.115}","{""10"":2.462,""12"":2.98,""3"":0.729,""4"":0.969,""5"":1.211,""6"":1.471,""8"":1.986}",0.0,0.003,0.013,0.035,0.115,0.218,0.351,2ffc9dc09f90b2e966097f885aa2050d845d5cd3ad21b66f9129f4445ee5a0be
bfa569fbae807b7f50c3389f,C_vs_Cp2__stability_core_3,c683c10822cc59ae7587,C_vs_Cp2,stability_core_3,fl3_entitled,confirmation,joint_wild_cluster_rademacher,measurement_missingness_concentration,0.25,1.0,early_passable,observed_non_decreasing,5.0,True,0.038,0.038,12,,,,False,True,0.016,False,0.032,2.979,"{""10"":0.022,""12"":0.038,""3"":0.0,""4"":0.0,""5"":0.001,""6"":0.006,""8"":0.013}","{""10"":2.498,""12"":2.979,""3"":0.738,""4"":0.987,""5"":1.238,""6"":1.488,""8"":1.968}",0.0,0.0,0.001,0.006,0.013,0.022,0.038,57eb9672e07c143e00acbe9321f822548e5b051933e280bd4e91cf99e8213967
bfa569fbae807b7f50c3389f,C_vs_Cp2__stability_core_3,c683c10822cc59ae7587,C_vs_Cp2,stability_core_3,fl3_entitled,confirmation,joint_wild_cluster_rademacher,measurement_missingness_concentration,0.5,1.0,early_passable,observed_non_decreasing,5.0,True,0.077,0.077,12,,,,False,True,0.027999999999999997,False,0.069,3.004,"{""10"":0.049,""12"":0.077,""3"":0.0,""4"":0.0,""5"":0.002,""6"":0.008,""8"":0.026}","{""10"":2.507,""12"":3.004,""3"":0.73,""4"":0.956,""5"":1.209,""6"":1.486,""8"":2.008}",0.0,0.0,0.002,0.008,0.026,0.049,0.077,e7cf572a2a2a3a88f3c43e269020371b5a4445f3bcc9d08b26d972cbddabda05
bfa569fbae807b7f50c3389f,C_vs_Cp2__stability_core_3,c683c10822cc59ae7587,C_vs_Cp2,stability_core_3,fl3_entitled,confirmation,joint_wild_cluster_rademacher,measurement_missingness_concentration,0.75,1.0,early_passable,observed_non_decreasing,4.0,True,0.084,0.084,12,,,,False,True,0.026000000000000002,False,0.07,2.973,"{""10"":0.058,""12"":0.084,""3"":0.0,""4"":0.001,""5"":0.003,""6"":0.014,""8"":0.03}","{""10"":2.491,""12"":2.973,""3"":0.731,""4"":0.984,""5"":1.237,""6"":1.503,""8"":1.996}",0.0,0.001,0.003,0.014,0.03,0.058,0.084,c8af90302a214bf9a615edbc2cb383ab552ee2e33dfe905ec326130c23d4f87c
bfa569fbae807b7f50c3389f,C_vs_Cp2__stability_core_3,c683c10822cc59ae7587,C_vs_Cp2,stability_core_3,fl3_entitled,confirmation,joint_wild_cluster_rademacher,measurement_missingness_concentration,1.0,1.0,early_passable,observed_non_decreasing,4.0,True,0.094,0.094,12,,,,False,True,0.038,False,0.081,3.023,"{""10"":0.056,""12"":0.094,""3"":0.0,""4"":0.004,""5"":0.005,""6"":0.013,""8"":0.035}","{""10"":2.504,""12"":3.023,""3"":0.772,""4"":1.024,""5"":1.271,""6"":1.513,""8"":2.001}",0.0,0.004,0.005,0.013,0.035,0.056,0.094,6034221f2e1c0f17262c7873e47f0ce523ef039f242bc6dcd899ef11d1b73421
bfa569fbae807b7f50c3389f,C_vs_Cp2__stability_core_3,c683c10822cc59ae7587,C_vs_Cp2,stability_core_3,fl3_entitled,confirmation,joint_wild_cluster_rademacher,measurement_missingness_concentration,1.5,1.0,early_passable,observed_non_decreasing,4.0,True,0.091,0.091,12,,,,False,True,0.022999999999999993,False,0.082,2.942,"{""10"":0.068,""12"":0.091,""3"":0.0,""4"":0.001,""5"":0.002,""6"":0.009,""8"":0.033}","{""10"":2.473,""12"":2.942,""3"":0.757,""4"":1.002,""5"":1.25,""6"":1.491,""8"":2.016}",0.0,0.001,0.002,0.009,0.033,0.068,0.091,6cf075a023331109007f7dafd82242b322eaf996e74dc2078325de6fb5bd3474
bfa569fbae807b7f50c3389f,C_vs_Cp2__stability_core_3,c683c10822cc59ae7587,C_vs_Cp2,stability_core_3,fl3_entitled,confirmation,joint_wild_cluster_rademacher,measurement_missingness_concentration,2.0,1.0,early_passable,observed_non_decreasing,4.0,True,0.08,0.08,12,,,,False,True,0.015,False,0.068,3.026,"{""10"":0.065,""12"":0.08,""3"":0.0,""4"":0.002,""5"":0.006,""6"":0.012,""8"":0.032}","{""10"":2.537,""12"":3.026,""3"":0.781,""4"":1.031,""5"":1.267,""6"":1.523,""8"":2.034}",0.0,0.002,0.006,0.012,0.032,0.065,0.08,e8b68cb0c3f1b264301a2695608b49c14eff8b13aa67a35a54fff2b6ad974037
d10b3aec4edc47fefb2bd92f,C_vs_Cp3__geometry_scores_only,8eb760d133ac749e3327,C_vs_Cp3,geometry_scores_only,fl3_entitlement_capped,confirmation,joint_wild_cluster_rademacher,measurement_missingness_concentration,0.0,0.0,empirically_never_passable,all_zero,,False,0.0,0.0,3,,,,False,False,0.0,True,0.0,3.037,"{""10"":0.0,""12"":0.0,""3"":0.0,""4"":0.0,""5"":0.0,""6"":0.0,""8"":0.0}","{""10"":2.512,""12"":3.037,""3"":0.758,""4"":1.024,""5"":1.29,""6"":1.519,""8"":2.025}",0.0,0.0,0.0,0.0,0.0,0.0,0.0,4f0be9326e6dbf2ee82bd1e59d939dc2dc6c046c44b29cc0acde06764a400dc7
d10b3aec4edc47fefb2bd92f,C_vs_Cp3__geometry_scores_only,8eb760d133ac749e3327,C_vs_Cp3,geometry_scores_only,fl3_entitlement_capped,confirmation,joint_wild_cluster_rademacher,measurement_missingness_concentration,0.25,0.0,early_passable,observed_non_decreasing,4.0,True,0.27,0.27,12,,,,False,True,0.09700000000000003,False,0.24900000000000003,3.037,"{""10"":0.173,""12"":0.27,""3"":0.0,""4"":0.002,""5"":0.01,""6"":0.021,""8"":0.069}","{""10"":2.538,""12"":3.037,""3"":0.765,""4"":1.018,""5"":1.265,""6"":1.505,""8"":2.011}",0.0,0.002,0.01,0.021,0.069,0.173,0.27,7a8035495cc0255024b5ee64f755812a6fbb9f97c5ebbdb0442c8ae9f5f5f854
d10b3aec4edc47fefb2bd92f,C_vs_Cp3__geometry_scores_only,8eb760d133ac749e3327,C_vs_Cp3,geometry_scores_only,fl3_entitlement_capped,confirmation,joint_wild_cluster_rademacher,measurement_missingness_concentration,0.5,0.0,early_passable,observed_non_decreasing,4.0,True,0.337,0.337,12,,,,False,True,0.136,False,0.30000000000000004,2.977,"{""10"":0.201,""12"":0.337,""3"":0.0,""4"":0.003,""5"":0.017,""6"":0.037,""8"":0.109}","{""10"":2.465,""12"":2.977,""3"":0.774,""4"":1.018,""5"":1.278,""6"":1.539,""8"":2.006}",0.0,0.003,0.017,0.037,0.109,0.201,0.337,c5b4e4dd2a9e905492bd52dda0f2d1e7ec21c559165286e4a85f0b31c4a43726
d10b3aec4edc47fefb2bd92f,C_vs_Cp3__geometry_scores_only,8eb760d133ac749e3327,C_vs_Cp3,geometry_scores_only,fl3_entitlement_capped,confirmation,joint_wild_cluster_rademacher,measurement_missingness_concentration,0.75,0.0,early_passable,observed_non_decreasing,4.0,True,0.35,0.35,12,,,,False,True,0.13199999999999998,False,0.295,2.972,"{""10"":0.218,""12"":0.35,""3"":0.0,""4"":0.002,""5"":0.02,""6"":0.055,""8"":0.118}","{""10"":2.465,""12"":2.972,""3"":0.796,""4"":1.034,""5"":1.264,""6"":1.507,""8"":1.987}",0.0,0.002,0.02,0.055,0.118,0.218,0.35,e713ceffad948a703ddc039f0c5031729f57fdd26f6588a8132685c5838cca3c
d10b3aec4edc47fefb2bd92f,C_vs_Cp3__geometry_scores_only,8eb760d133ac749e3327,C_vs_Cp3,geometry_scores_only,fl3_entitlement_capped,confirmation,joint_wild_cluster_rademacher,measurement_missingness_concentration,1.0,0.0,early_passable,observed_non_decreasing,4.0,True,0.366,0.366,12,,,,False,True,0.13699999999999998,False,0.327,3.027,"{""10"":0.229,""12"":0.366,""3"":0.0,""4"":0.001,""5"":0.016,""6"":0.039,""8"":0.113}","{""10"":2.555,""12"":3.027,""3"":0.776,""4"":1.024,""5"":1.261,""6"":1.541,""8"":2.035}",0.0,0.001,0.016,0.039,0.113,0.229,0.366,f266ad39975b8acc330b795426e70ae5aa7c851722ed7331adf59508d9ab62ab
d10b3aec4edc47fefb2bd92f,C_vs_Cp3__geometry_scores_only,8eb760d133ac749e3327,C_vs_Cp3,geometry_scores_only,fl3_entitlement_capped,confirmation,joint_wild_cluster_rademacher,measurement_missingness_concentration,1.5,0.0,early_passable,observed_non_decreasing,4.0,True,0.357,0.357,12,,,,False,True,0.11699999999999999,False,0.321,3.021,"{""10"":0.24,""12"":0.357,""3"":0.0,""4"":0.002,""5"":0.011,""6"":0.036,""8"":0.115}","{""10"":2.534,""12"":3.021,""3"":0.764,""4"":1.011,""5"":1.253,""6"":1.492,""8"":2.022}",0.0,0.002,0.011,0.036,0.115,0.24,0.357,0c6d9688460445dd68e34e0e728af8d2eade7d446cb17e63543d0c402b6b309f
d10b3aec4edc47fefb2bd92f,C_vs_Cp3__geometry_scores_only,8eb760d133ac749e3327,C_vs_Cp3,geometry_scores_only,fl3_entitlement_capped,confirmation,joint_wild_cluster_rademacher,measurement_missingness_concentration,2.0,0.0,early_passable,observed_non_decreasing,4.0,True,0.366,0.366,12,,,,False,True,0.147,False,0.328,2.995,"{""10"":0.219,""12"":0.366,""3"":0.0,""4"":0.003,""5"":0.014,""6"":0.038,""8"":0.112}","{""10"":2.473,""12"":2.995,""3"":0.769,""4"":1.041,""5"":1.271,""6"":1.506,""8"":1.993}",0.0,0.003,0.014,0.038,0.112,0.219,0.366,a21d048a941bdd24ef8b1e4dcd552a2701b9e956b0293924f465cc5ac0e986be
d10b3aec4edc47fefb2bd92f,C_vs_Cp3__geometry_scores_only,8eb760d133ac749e3327,C_vs_Cp3,geometry_scores_only,fl3_entitlement_capped,confirmation,joint_wild_cluster_rademacher,measurement_missingness_concentration,0.25,0.25,early_passable,observed_non_decreasing,4.0,True,0.26,0.26,12,,,,False,True,0.10200000000000001,False,0.23600000000000002,3.072,"{""10"":0.158,""12"":0.26,""3"":0.0,""4"":0.002,""5"":0.006,""6"":0.024,""8"":0.074}","{""10"":2.545,""12"":3.072,""3"":0.73,""4"":1.005,""5"":1.245,""6"":1.501,""8"":2.028}",0.0,0.002,0.006,0.024,0.074,0.158,0.26,c20d412dfaf331a5792632610387bde622fb21704a6814d110fa187ab6888325
d10b3aec4edc47fefb2bd92f,C_vs_Cp3__geometry_scores_only,8eb760d133ac749e3327,C_vs_Cp3,geometry_scores_only,fl3_entitlement_capped,confirmation,joint_wild_cluster_rademacher,measurement_missingness_concentration,0.5,0.25,early_passable,observed_non_decreasing,4.0,True,0.342,0.342,12,,,,False,True,0.11500000000000002,False,0.30400000000000005,2.981,"{""10"":0.227,""12"":0.342,""3"":0.0,""4"":0.002,""5"":0.018,""6"":0.038,""8"":0.096}","{""10"":2.496,""12"":2.981,""3"":0.759,""4"":1.013,""5"":1.256,""6"":1.526,""8"":2.021}",0.0,0.002,0.018,0.038,0.096,0.227,0.342,408c149b900370ed700675697a74a0b99207e951d22f5d4d274a7a9b4f2180c6
d10b3aec4edc47fefb2bd92f,C_vs_Cp3__geometry_scores_only,8eb760d133ac749e3327,C_vs_Cp3,geometry_scores_only,fl3_entitlement_capped,confirmation,joint_wild_cluster_rademacher,measurement_missingness_concentration,0.75,0.25,early_passable,observed_non_decreasing,4.0,True,0.35,0.35,12,,,,False,True,0.12399999999999997,False,0.307,2.982,"{""10"":0.226,""12"":0.35,""3"":0.0,""4"":0.006,""5"":0.02,""6"":0.043,""8"":0.105}","{""10"":2.501,""12"":2.982,""3"":0.752,""4"":1.011,""5"":1.278,""6"":1.54,""8"":2.014}",0.0,0.006,0.02,0.043,0.105,0.226,0.35,846f7787797503a5ecc0af542c2de88e91bffa11ab0e36de601fd8e4acc6d4ad
d10b3aec4edc47fefb2bd92f,C_vs_Cp3__geometry_scores_only,8eb760d133ac749e3327,C_vs_Cp3,geometry_scores_only,fl3_entitlement_capped,confirmation,joint_wild_cluster_rademacher,measurement_missingness_concentration,1.0,0.25,early_passable,observed_non_decreasing,4.0,True,0.347,0.347,12,,,,False,True,0.13499999999999998,False,0.303,3.012,"{""10"":0.212,""12"":0.347,""3"":0.0,""4"":0.001,""5"":0.019,""6"":0.044,""8"":0.117}","{""10"":2.492,""12"":3.012,""3"":0.761,""4"":1.013,""5"":1.258,""6"":1.539,""8"":2.014}",0.0,0.001,0.019,0.044,0.117,0.212,0.347,fc47ebde8734349d42aec3f31c1ccb9c3e6faf59933cff36c297d2116bbfdf8d
d10b3aec4edc47fefb2bd92f,C_vs_Cp3__geometry_scores_only,8eb760d133ac749e3327,C_vs_Cp3,geometry_scores_only,fl3_entitlement_capped,confirmation,joint_wild_cluster_rademacher,measurement_missingness_concentration,1.5,0.25,early_passable,observed_non_decreasing,4.0,True,0.369,0.369,12,,,,False,True,0.126,False,0.331,3.019,"{""10"":0.243,""12"":0.369,""3"":0.0,""4"":0.003,""5"":0.013,""6"":0.038,""8"":0.115}","{""10"":2.54,""12"":3.019,""3"":0.811,""4"":1.065,""5"":1.304,""6"":1.556,""8"":2.031}",0.0,0.003,0.013,0.038,0.115,0.243,0.369,bf4c9cf13773ca56365f3e72951716ebbedd5df530b0f144a82d827e169ddd90
d10b3aec4edc47fefb2bd92f,C_vs_Cp3__geometry_scores_only,8eb760d133ac749e3327,C_vs_Cp3,geometry_scores_only,fl3_entitlement_capped,confirmation,joint_wild_cluster_rademacher,measurement_missingness_concentration,2.0,0.25,early_passable,observed_non_decreasing,4.0,True,0.329,0.329,12,,,,False,True,0.11200000000000002,False,0.28400000000000003,2.926,"{""10"":0.217,""12"":0.329,""3"":0.0,""4"":0.005,""5"":0.019,""6"":0.045,""8"":0.105}","{""10"":2.431,""12"":2.926,""3"":0.715,""4"":0.96,""5"":1.191,""6"":1.442,""8"":1.92}",0.0,0.005,0.019,0.045,0.105,0.217,0.329,7aa298602eca598b2c71dcec9a9eb46227ba2cee71989473a48c5b1ba6bea778
d10b3aec4edc47fefb2bd92f,C_vs_Cp3__geometry_scores_only,8eb760d133ac749e3327,C_vs_Cp3,geometry_scores_only,fl3_entitlement_capped,confirmation,joint_wild_cluster_rademacher,measurement_missingness_concentration,0.25,0.5,early_passable,observed_non_decreasing,4.0,True,0.215,0.215,12,,,,False,True,0.08499999999999999,False,0.185,3.011,"{""10"":0.13,""12"":0.215,""3"":0.0,""4"":0.004,""5"":0.01,""6"":0.03,""8"":0.066}","{""10"":2.488,""12"":3.011,""3"":0.755,""4"":1.002,""5"":1.263,""6"":1.51,""8"":2.001}",0.0,0.004,0.01,0.03,0.066,0.13,0.215,145cd1049364886d1e84cd6618f648320187124dada48b3464e16ba69c13d07a
d10b3aec4edc47fefb2bd92f,C_vs_Cp3__geometry_scores_only,8eb760d133ac749e3327,C_vs_Cp3,geometry_scores_only,fl3_entitlement_capped,confirmation,joint_wild_cluster_rademacher,measurement_missingness_concentration,0.5,0.5,early_passable,observed_non_decreasing,4.0,True,0.324,0.324,12,,,,False,True,0.098,False,0.28600000000000003,2.982,"{""10"":0.226,""12"":0.324,""3"":0.0,""4"":0.005,""5"":0.011,""6"":0.038,""8"":0.111}","{""10"":2.49,""12"":2.982,""3"":0.746,""4"":1.013,""5"":1.243,""6"":1.52,""8"":2.016}",0.0,0.005,0.011,0.038,0.111,0.226,0.324,bdb20c5d736df05d3a6be136c35bcb72e93eb5c4a39014f7ed26a81fa74f631e
d10b3aec4edc47fefb2bd92f,C_vs_Cp3__geometry_scores_only,8eb760d133ac749e3327,C_vs_Cp3,geometry_scores_only,fl3_entitlement_capped,confirmation,joint_wild_cluster_rademacher,measurement_missingness_concentration,0.75,0.5,early_passable,observed_non_decreasing,4.0,True,0.336,0.336,12,,,,False,True,0.11800000000000002,False,0.29500000000000004,2.947,"{""10"":0.218,""12"":0.336,""3"":0.0,""4"":0.006,""5"":0.024,""6"":0.041,""8"":0.105}","{""10"":2.473,""12"":2.947,""3"":0.754,""4"":1.006,""5"":1.252,""6"":1.51,""8"":1.988}",0.0,0.006,0.024,0.041,0.105,0.218,0.336,17b0fde6fedc8224d7805d640b9633536ffe6ed8851f2d6e826a8707f36cf9f7
d10b3aec4edc47fefb2bd92f,C_vs_Cp3__geometry_scores_only,8eb760d133ac749e3327,C_vs_Cp3,geometry_scores_only,fl3_entitlement_capped,confirmation,joint_wild_cluster_rademacher,measurement_missingness_concentration,1.0,0.5,early_passable,observed_non_decreasing,4.0,True,0.373,0.373,12,,,,False,True,0.137,False,0.334,3.08,"{""10"":0.236,""12"":0.373,""3"":0.0,""4"":0.001,""5"":0.012,""6"":0.039,""8"":0.116}","{""10"":2.531,""12"":3.08,""3"":0.749,""4"":1.004,""5"":1.261,""6"":1.53,""8"":2.034}",0.0,0.001,0.012,0.039,0.116,0.236,0.373,24cb129ce577589cdef31dd29e0918898cdad1b09827a170a2b463e5b985f860
d10b3aec4edc47fefb2bd92f,C_vs_Cp3__geometry_scores_only,8eb760d133ac749e3327,C_vs_Cp3,geometry_scores_only,fl3_entitlement_capped,confirmation,joint_wild_cluster_rademacher,measurement_missingness_concentration,1.5,0.5,early_passable,observed_non_decreasing,4.0,True,0.332,0.332,12,,,,False,True,0.12100000000000002,False,0.30100000000000005,2.966,"{""10"":0.211,""12"":0.332,""3"":0.0,""4"":0.005,""5"":0.015,""6"":0.031,""8"":0.109}","{""10"":2.501,""12"":2.966,""3"":0.747,""4"":0.98,""5"":1.221,""6"":1.478,""8"":1.973}",0.0,0.005,0.015,0.031,0.109,0.211,0.332,b9bdd8bd79e88b7c06cb5d294d6a5699cfb2d46b9218c629f38f77f2f14f3963
d10b3aec4edc47fefb2bd92f,C_vs_Cp3__geometry_scores_only,8eb760d133ac749e3327,C_vs_Cp3,geometry_scores_only,fl3_entitlement_capped,confirmation,joint_wild_cluster_rademacher,measurement_missingness_concentration,2.0,0.5,early_passable,observed_non_decreasing,4.0,True,0.336,0.336,12,,,,False,True,0.11400000000000002,False,0.29400000000000004,2.947,"{""10"":0.222,""12"":0.336,""3"":0.0,""4"":0.004,""5"":0.017,""6"":0.042,""8"":0.124}","{""10"":2.453,""12"":2.947,""3"":0.715,""4"":0.97,""5"":1.199,""6"":1.445,""8"":1.938}",0.0,0.004,0.017,0.042,0.124,0.222,0.336,f4c8a919e5db10ea5fe633f09b7d9967098487ba950db0007440fd2da26f098d
d10b3aec4edc47fefb2bd92f,C_vs_Cp3__geometry_scores_only,8eb760d133ac749e3327,C_vs_Cp3,geometry_scores_only,fl3_entitlement_capped,confirmation,joint_wild_cluster_rademacher,measurement_missingness_concentration,0.25,1.0,early_passable,observed_non_decreasing,4.0,True,0.048,0.048,12,,,,False,True,0.017,False,0.042,2.954,"{""10"":0.031,""12"":0.048,""3"":0.0,""4"":0.001,""5"":0.003,""6"":0.006,""8"":0.021}","{""10"":2.462,""12"":2.954,""3"":0.751,""4"":1.001,""5"":1.238,""6"":1.481,""8"":1.982}",0.0,0.001,0.003,0.006,0.021,0.031,0.048,c6ee12c3698e42c7eb103181336e2067b0d9ddbb0fc9540a96c1f7267aefc2e4
d10b3aec4edc47fefb2bd92f,C_vs_Cp3__geometry_scores_only,8eb760d133ac749e3327,C_vs_Cp3,geometry_scores_only,fl3_entitlement_capped,confirmation,joint_wild_cluster_rademacher,measurement_missingness_concentration,0.5,1.0,early_passable,observed_non_decreasing,4.0,True,0.059,0.059,12,,,,False,True,0.016999999999999994,False,0.047,2.994,"{""10"":0.042,""12"":0.059,""3"":0.0,""4"":0.001,""5"":0.006,""6"":0.012,""8"":0.019}","{""10"":2.506,""12"":2.994,""3"":0.736,""4"":0.999,""5"":1.246,""6"":1.486,""8"":1.994}",0.0,0.001,0.006,0.012,0.019,0.042,0.059,48d3d9af421adbde0abb0c9a0a0e39ebe9252ee43f8a30985b55373a791d0934
d10b3aec4edc47fefb2bd92f,C_vs_Cp3__geometry_scores_only,8eb760d133ac749e3327,C_vs_Cp3,geometry_scores_only,fl3_entitlement_capped,confirmation,joint_wild_cluster_rademacher,measurement_missingness_concentration,0.75,1.0,early_passable,observed_non_decreasing,4.0,True,0.056,0.056,12,,,,False,True,0.012000000000000004,False,0.047,2.97,"{""10"":0.044,""12"":0.056,""3"":0.0,""4"":0.002,""5"":0.005,""6"":0.009,""8"":0.025}","{""10"":2.471,""12"":2.97,""3"":0.705,""4"":0.949,""5"":1.201,""6"":1.467,""8"":1.971}",0.0,0.002,0.005,0.009,0.025,0.044,0.056,23b910613cd412599edb93d53a13f39bb9911fbef1896ddca8510261bb76ea4f
d10b3aec4edc47fefb2bd92f,C_vs_Cp3__geometry_scores_only,8eb760d133ac749e3327,C_vs_Cp3,geometry_scores_only,fl3_entitlement_capped,confirmation,joint_wild_cluster_rademacher,measurement_missingness_concentration,1.0,1.0,early_passable,observed_non_decreasing,5.0,True,0.071,0.071,12,,,,False,True,0.031999999999999994,False,0.06099999999999999,3.004,"{""10"":0.039,""12"":0.071,""3"":0.0,""4"":0.0,""5"":0.004,""6"":0.01,""8"":0.026}","{""10"":2.498,""12"":3.004,""3"":0.757,""4"":1.006,""5"":1.224,""6"":1.475,""8"":1.996}",0.0,0.0,0.004,0.01,0.026,0.039,0.071,0f99b452be6cf21bbddd85449320cf571bec45dee7e9a6a0072fd5627cd071b1
d10b3aec4edc47fefb2bd92f,C_vs_Cp3__geometry_scores_only,8eb760d133ac749e3327,C_vs_Cp3,geometry_scores_only,fl3_entitlement_capped,confirmation,joint_wild_cluster_rademacher,measurement_missingness_concentration,1.5,1.0,early_passable,observed_non_decreasing,5.0,True,0.077,0.077,12,,,,False,True,0.027999999999999997,False,0.064,3.012,"{""10"":0.049,""12"":0.077,""3"":0.0,""4"":0.0,""5"":0.004,""6"":0.013,""8"":0.023}","{""10"":2.484,""12"":3.012,""3"":0.729,""4"":0.986,""5"":1.248,""6"":1.49,""8"":2.008}",0.0,0.0,0.004,0.013,0.023,0.049,0.077,68d08156196bc5427c74223967852d851ab13a20ffe905129503942c313b5b5b
d10b3aec4edc47fefb2bd92f,C_vs_Cp3__geometry_scores_only,8eb760d133ac749e3327,C_vs_Cp3,geometry_scores_only,fl3_entitlement_capped,confirmation,joint_wild_cluster_rademacher,measurement_missingness_concentration,2.0,1.0,early_passable,observed_non_decreasing,4.0,True,0.053,0.053,12,,,,False,True,0.016,False,0.046,3.028,"{""10"":0.037,""12"":0.053,""3"":0.0,""4"":0.002,""5"":0.003,""6"":0.007,""8"":0.017}","{""10"":2.533,""12"":3.028,""3"":0.758,""4"":1.004,""5"":1.251,""6"":1.529,""8"":2.018}",0.0,0.002,0.003,0.007,0.017,0.037,0.053,6500b993d59e22b33a6b8888c9c44e826f745aaec0af1149a748ba8b9e08cb6b
fe17c18b39eb86c6e9f982bd,C_vs_Cp3__path_shares_only,28ecf7e42b861405b6b3,C_vs_Cp3,path_shares_only,fl3_entitled,confirmation,joint_wild_cluster_rademacher,measurement_missingness_concentration,0.0,0.0,empirically_never_passable,all_zero,,False,0.0,0.0,3,,,,False,False,0.0,True,0.0,8.947,"{""10"":0.0,""12"":0.0,""3"":0.0,""4"":0.0,""5"":0.0,""6"":0.0,""8"":0.0}","{""10"":7.439,""12"":8.947,""3"":2.27,""4"":2.994,""5"":3.739,""6"":4.477,""8"":5.935}",0.0,0.0,0.0,0.0,0.0,0.0,0.0,ee3a12731412ad88f030d1332ab930ca81270cd2bf0bdd4492895e6b7b71cb82
fe17c18b39eb86c6e9f982bd,C_vs_Cp3__path_shares_only,28ecf7e42b861405b6b3,C_vs_Cp3,path_shares_only,fl3_entitled,confirmation,joint_wild_cluster_rademacher,measurement_missingness_concentration,0.25,0.0,early_passable,observed_non_decreasing,4.0,True,0.564,0.564,12,12.0,,,False,False,0.16399999999999992,False,0.4789999999999999,9.002,"{""10"":0.4,""12"":0.564,""3"":0.0,""4"":0.009,""5"":0.03,""6"":0.085,""8"":0.218}","{""10"":7.503,""12"":9.002,""3"":2.271,""4"":3.02,""5"":3.751,""6"":4.493,""8"":6.002}",0.0,0.009,0.03,0.085,0.218,0.4,0.564,6105f03f84dcfab8bd4aa2156dd31264d8aaa1946ea3e7b480a7a8a0708c4ada
fe17c18b39eb86c6e9f982bd,C_vs_Cp3__path_shares_only,28ecf7e42b861405b6b3,C_vs_Cp3,path_shares_only,fl3_entitled,confirmation,joint_wild_cluster_rademacher,measurement_missingness_concentration,0.5,0.0,early_passable,observed_non_decreasing,4.0,True,0.908,0.908,12,8.0,10.0,12.0,False,False,0.09999999999999998,False,0.551,9.019,"{""10"":0.808,""12"":0.908,""3"":0.0,""4"":0.068,""5"":0.207,""6"":0.357,""8"":0.616}","{""10"":7.513,""12"":9.019,""3"":2.267,""4"":3.036,""5"":3.776,""6"":4.523,""8"":5.999}",0.0,0.068,0.207,0.357,0.616,0.808,0.908,935c53bd52e6c6f283dcebfac1a3f020d46cd1110c7175cdb3338adbe148f48c
fe17c18b39eb86c6e9f982bd,C_vs_Cp3__path_shares_only,28ecf7e42b861405b6b3,C_vs_Cp3,path_shares_only,fl3_entitled,confirmation,joint_wild_cluster_rademacher,measurement_missingness_concentration,0.75,0.0,early_passable,observed_non_decreasing,4.0,True,0.986,0.986,12,6.0,10.0,10.0,False,False,0.04400000000000004,False,0.45499999999999996,8.93,"{""10"":0.942,""12"":0.986,""3"":0.0,""4"":0.121,""5"":0.328,""6"":0.531,""8"":0.799}","{""10"":7.44,""12"":8.93,""3"":2.226,""4"":2.965,""5"":3.698,""6"":4.461,""8"":5.955}",0.0,0.121,0.328,0.531,0.799,0.942,0.986,996ca93e27842a214256441a208916fc7bc5a2a025cd79f08086215f7f7f8d78
fe17c18b39eb86c6e9f982bd,C_vs_Cp3__path_shares_only,28ecf7e42b861405b6b3,C_vs_Cp3,path_shares_only,fl3_entitled,confirmation,joint_wild_cluster_rademacher,measurement_missingness_concentration,1.0,0.0,early_passable,observed_non_decreasing,4.0,True,0.993,0.993,12,6.0,8.0,10.0,False,False,0.02400000000000002,False,0.347,9.013,"{""10"":0.969,""12"":0.993,""3"":0.0,""4"":0.197,""5"":0.45,""6"":0.646,""8"":0.89}","{""10"":7.522,""12"":9.013,""3"":2.242,""4"":3.007,""5"":3.758,""6"":4.505,""8"":6.004}",0.0,0.197,0.45,0.646,0.89,0.969,0.993,6ac9a5dd973e4051cf618eb64cc8a70461059fd953fea376868be922accfd957
fe17c18b39eb86c6e9f982bd,C_vs_Cp3__path_shares_only,28ecf7e42b861405b6b3,C_vs_Cp3,path_shares_only,fl3_entitled,confirmation,joint_wild_cluster_rademacher,measurement_missingness_concentration,1.5,0.0,early_passable,observed_non_decreasing,4.0,True,0.998,0.998,12,5.0,8.0,8.0,False,False,0.007000000000000006,True,0.21899999999999997,9.022,"{""10"":0.991,""12"":0.998,""3"":0.0,""4"":0.258,""5"":0.565,""6"":0.779,""8"":0.944}","{""10"":7.519,""12"":9.022,""3"":2.237,""4"":2.986,""5"":3.755,""6"":4.507,""8"":6.004}",0.0,0.258,0.565,0.779,0.944,0.991,0.998,8b8497918e88f94769cef9c6aefb3ad1626b654237ac270d1aa72aeb2de24b85
fe17c18b39eb86c6e9f982bd,C_vs_Cp3__path_shares_only,28ecf7e42b861405b6b3,C_vs_Cp3,path_shares_only,fl3_entitled,confirmation,joint_wild_cluster_rademacher,measurement_missingness_concentration,2.0,0.0,early_passable,observed_non_decreasing,4.0,True,1.0,1.0,12,5.0,6.0,8.0,False,False,0.0020000000000000018,True,0.17500000000000004,8.989,"{""10"":0.998,""12"":1.0,""3"":0.0,""4"":0.289,""5"":0.625,""6"":0.825,""8"":0.973}","{""10"":7.499,""12"":8.989,""3"":2.295,""4"":3.024,""5"":3.787,""6"":4.519,""8"":6.04}",0.0,0.289,0.625,0.825,0.973,0.998,1.0,afd73f506329e78676fcfdb12b88629ad4249014a7a61f8e96297518e5d38ded
fe17c18b39eb86c6e9f982bd,C_vs_Cp3__path_shares_only,28ecf7e42b861405b6b3,C_vs_Cp3,path_shares_only,fl3_entitled,confirmation,joint_wild_cluster_rademacher,measurement_missingness_concentration,0.25,0.25,early_passable,observed_non_decreasing,4.0,True,0.535,0.535,12,12.0,,,False,False,0.136,False,0.44400000000000006,9.003,"{""10"":0.399,""12"":0.535,""3"":0.0,""4"":0.009,""5"":0.036,""6"":0.091,""8"":0.235}","{""10"":7.53,""12"":9.003,""3"":2.266,""4"":3.015,""5"":3.766,""6"":4.515,""8"":6.058}",0.0,0.009,0.036,0.091,0.235,0.399,0.535,05fe442a0242071555788b99f14a722e5be17cd54b25dc9ce46bf061cba30983
fe17c18b39eb86c6e9f982bd,C_vs_Cp3__path_shares_only,28ecf7e42b861405b6b3,C_vs_Cp3,path_shares_only,fl3_entitled,confirmation,joint_wild_cluster_rademacher,measurement_missingness_concentration,0.5,0.25,early_passable,observed_non_decreasing,4.0,True,0.909,0.909,12,8.0,10.0,12.0,False,False,0.10399999999999998,False,0.569,9.007,"{""10"":0.805,""12"":0.909,""3"":0.0,""4"":0.056,""5"":0.176,""6"":0.34,""8"":0.643}","{""10"":7.52,""12"":9.007,""3"":2.266,""4"":3.014,""5"":3.765,""6"":4.533,""8"":6.025}",0.0,0.056,0.176,0.34,0.643,0.805,0.909,3ea9ebc6a7086ae8d772627e24796b910207f3edf3da3c70b5f511682749fb7d
fe17c18b39eb86c6e9f982bd,C_vs_Cp3__path_shares_only,28ecf7e42b861405b6b3,C_vs_Cp3,path_shares_only,fl3_entitled,confirmation,joint_wild_cluster_rademacher,measurement_missingness_concentration,0.75,0.25,early_passable,observed_non_decreasing,4.0,True,0.982,0.982,12,6.0,10.0,10.0,False,False,0.04599999999999993,False,0.473,8.877,"{""10"":0.936,""12"":0.982,""3"":0.0,""4"":0.123,""5"":0.309,""6"":0.509,""8"":0.795}","{""10"":7.413,""12"":8.877,""3"":2.197,""4"":2.942,""5"":3.683,""6"":4.426,""8"":5.907}",0.0,0.123,0.309,0.509,0.795,0.936,0.982,97495346bffa4c7d12ac51b6296de00d6ba0338fcc6060dc79420a117c2d6494
fe17c18b39eb86c6e9f982bd,C_vs_Cp3__path_shares_only,28ecf7e42b861405b6b3,C_vs_Cp3,path_shares_only,fl3_entitled,confirmation,joint_wild_cluster_rademacher,measurement_missingness_concentration,1.0,0.25,early_passable,observed_non_decreasing,4.0,True,0.993,0.993,12,6.0,8.0,8.0,False,False,0.013000000000000012,False,0.35,8.929,"{""10"":0.98,""12"":0.993,""3"":0.0,""4"":0.156,""5"":0.417,""6"":0.643,""8"":0.9}","{""10"":7.458,""12"":8.929,""3"":2.242,""4"":2.971,""5"":3.72,""6"":4.474,""8"":5.955}",0.0,0.156,0.417,0.643,0.9,0.98,0.993,f3913b268acb376ae4401e283ff6166d8a1414bcdd2b2cd098f9f9db5d498455
fe17c18b39eb86c6e9f982bd,C_vs_Cp3__path_shares_only,28ecf7e42b861405b6b3,C_vs_Cp3,path_shares_only,fl3_entitled,confirmation,joint_wild_cluster_rademacher,measurement_missingness_concentration,1.5,0.25,early_passable,observed_non_decreasing,4.0,True,0.997,0.997,12,5.0,8.0,8.0,False,False,0.006000000000000005,True,0.21999999999999997,9.047,"{""10"":0.991,""12"":0.997,""3"":0.0,""4"":0.281,""5"":0.573,""6"":0.777,""8"":0.95}","{""10"":7.556,""12"":9.047,""3"":2.259,""4"":3.033,""5"":3.805,""6"":4.56,""8"":6.047}",0.0,0.281,0.573,0.777,0.95,0.991,0.997,7f01d5e667286dfaf7fa22808d266541e796f176b7d9088a3c3928686bf03041
fe17c18b39eb86c6e9f982bd,C_vs_Cp3__path_shares_only,28ecf7e42b861405b6b3,C_vs_Cp3,path_shares_only,fl3_entitled,confirmation,joint_wild_cluster_rademacher,measurement_missingness_concentration,2.0,0.25,early_passable,observed_non_decreasing,4.0,True,1.0,1.0,12,5.0,8.0,8.0,False,False,0.0030000000000000027,True,0.20299999999999996,8.984,"{""10"":0.997,""12"":1.0,""3"":0.0,""4"":0.29,""5"":0.594,""6"":0.797,""8"":0.963}","{""10"":7.473,""12"":8.984,""3"":2.216,""4"":2.967,""5"":3.713,""6"":4.468,""8"":5.968}",0.0,0.29,0.594,0.797,0.963,0.997,1.0,5e412e79a6c6cc0e65a05409a3c25c897f1fd3fb04f0205faa3a07cf21b3425d
fe17c18b39eb86c6e9f982bd,C_vs_Cp3__path_shares_only,28ecf7e42b861405b6b3,C_vs_Cp3,path_shares_only,fl3_entitled,confirmation,joint_wild_cluster_rademacher,measurement_missingness_concentration,0.25,0.5,early_passable,observed_non_decreasing,4.0,True,0.489,0.489,12,,,,False,True,0.129,False,0.421,8.989,"{""10"":0.36,""12"":0.489,""3"":0.0,""4"":0.011,""5"":0.036,""6"":0.068,""8"":0.214}","{""10"":7.495,""12"":8.989,""3"":2.242,""4"":2.988,""5"":3.724,""6"":4.474,""8"":5.965}",0.0,0.011,0.036,0.068,0.214,0.36,0.489,d6158aab2bdd1de6049a5d11728063e67137aeec8f386e3136341ca024f2f527
fe17c18b39eb86c6e9f982bd,C_vs_Cp3__path_shares_only,28ecf7e42b861405b6b3,C_vs_Cp3,path_shares_only,fl3_entitled,confirmation,joint_wild_cluster_rademacher,measurement_missingness_concentration,0.5,0.5,early_passable,observed_non_decreasing,4.0,True,0.835,0.835,12,8.0,12.0,,False,False,0.08799999999999997,False,0.5149999999999999,9.051,"{""10"":0.747,""12"":0.835,""3"":0.0,""4"":0.051,""5"":0.158,""6"":0.32,""8"":0.577}","{""10"":7.561,""12"":9.051,""3"":2.235,""4"":2.993,""5"":3.754,""6"":4.525,""8"":6.032}",0.0,0.051,0.158,0.32,0.577,0.747,0.835,ea5600d90b460d1baa4baa3e9bbc233625792a6f9aab7a13d0384c7b850c7b87
fe17c18b39eb86c6e9f982bd,C_vs_Cp3__path_shares_only,28ecf7e42b861405b6b3,C_vs_Cp3,path_shares_only,fl3_entitled,confirmation,joint_wild_cluster_rademacher,measurement_missingness_concentration,0.75,0.5,early_passable,observed_non_decreasing,4.0,True,0.904,0.904,12,6.0,10.0,12.0,False,False,0.052000000000000046,False,0.395,8.992,"{""10"":0.852,""12"":0.904,""3"":0.0,""4"":0.125,""5"":0.315,""6"":0.509,""8"":0.739}","{""10"":7.484,""12"":8.992,""3"":2.221,""4"":2.99,""5"":3.741,""6"":4.485,""8"":5.999}",0.0,0.125,0.315,0.509,0.739,0.852,0.904,7bc7b827d1c8cf67483077a2516bbe618caed870af5f41fe0cbd97777936a5ba
fe17c18b39eb86c6e9f982bd,C_vs_Cp3__path_shares_only,28ecf7e42b861405b6b3,C_vs_Cp3,path_shares_only,fl3_entitled,confirmation,joint_wild_cluster_rademacher,measurement_missingness_concentration,1.0,0.5,early_passable,observed_non_decreasing,4.0,True,0.917,0.917,12,6.0,8.0,12.0,False,False,0.03300000000000003,False,0.3480000000000001,8.965,"{""10"":0.884,""12"":0.917,""3"":0.0,""4"":0.176,""5"":0.401,""6"":0.569,""8"":0.809}","{""10"":7.447,""12"":8.965,""3"":2.242,""4"":2.98,""5"":3.74,""6"":4.477,""8"":5.982}",0.0,0.176,0.401,0.569,0.809,0.884,0.917,4b42633648523d9e5574a049a78836484bebba2a031eaf4bc44bff377ad732ad
fe17c18b39eb86c6e9f982bd,C_vs_Cp3__path_shares_only,28ecf7e42b861405b6b3,C_vs_Cp3,path_shares_only,fl3_entitled,confirmation,joint_wild_cluster_rademacher,measurement_missingness_concentration,1.5,0.5,early_passable,observed_non_decreasing,4.0,True,0.97,0.97,12,5.0,8.0,10.0,False,False,0.028000000000000025,False,0.239,9.015,"{""10"":0.942,""12"":0.97,""3"":0.0,""4"":0.253,""5"":0.522,""6"":0.731,""8"":0.894}","{""10"":7.524,""12"":9.015,""3"":2.268,""4"":3.029,""5"":3.77,""6"":4.524,""8"":6.018}",0.0,0.253,0.522,0.731,0.894,0.942,0.97,d0ee3ce231cebbddbd74b306e2d6680138dff9be766e5b50fa1f3c791627aa65
fe17c18b39eb86c6e9f982bd,C_vs_Cp3__path_shares_only,28ecf7e42b861405b6b3,C_vs_Cp3,path_shares_only,fl3_entitled,confirmation,joint_wild_cluster_rademacher,measurement_missingness_concentration,2.0,0.5,early_passable,observed_non_decreasing,4.0,True,0.981,0.981,12,5.0,8.0,8.0,False,False,0.01200000000000001,False,0.21199999999999997,8.967,"{""10"":0.969,""12"":0.981,""3"":0.0,""4"":0.255,""5"":0.555,""6"":0.769,""8"":0.913}","{""10"":7.467,""12"":8.967,""3"":2.22,""4"":2.969,""5"":3.736,""6"":4.487,""8"":5.973}",0.0,0.255,0.555,0.769,0.913,0.969,0.981,da6d0e09830568e78103bf06104de5fcaf50fbbb8fb6670d5eedccc36129e82d
fe17c18b39eb86c6e9f982bd,C_vs_Cp3__path_shares_only,28ecf7e42b861405b6b3,C_vs_Cp3,path_shares_only,fl3_entitled,confirmation,joint_wild_cluster_rademacher,measurement_missingness_concentration,0.25,1.0,early_passable,observed_non_decreasing,4.0,True,0.234,0.234,12,,,,False,True,0.017000000000000015,False,0.16100000000000003,9.035,"{""10"":0.217,""12"":0.234,""3"":0.0,""4"":0.01,""5"":0.041,""6"":0.073,""8"":0.171}","{""10"":7.543,""12"":9.035,""3"":2.256,""4"":3.007,""5"":3.768,""6"":4.521,""8"":6.051}",0.0,0.01,0.041,0.073,0.171,0.217,0.234,f4906bc3d4dd2c5031d5b2d3b14aac347817e951d93f107409c453cc5a3d97ec
fe17c18b39eb86c6e9f982bd,C_vs_Cp3__path_shares_only,28ecf7e42b861405b6b3,C_vs_Cp3,path_shares_only,fl3_entitled,confirmation,joint_wild_cluster_rademacher,measurement_missingness_concentration,0.5,1.0,early_passable,minor_nonmonotonicity_within_tolerance,4.0,True,0.296,0.294,10,,,,False,True,-0.0020000000000000018,True,0.09,8.912,"{""10"":0.296,""12"":0.294,""3"":0.0,""4"":0.04,""5"":0.136,""6"":0.204,""8"":0.291}","{""10"":7.416,""12"":8.912,""3"":2.224,""4"":2.959,""5"":3.719,""6"":4.458,""8"":5.931}",0.0,0.04,0.136,0.204,0.291,0.296,0.294,1c39794b4a0818e620b1653ae82340d3e9980a2f793c6e04b3db538997d2b484
fe17c18b39eb86c6e9f982bd,C_vs_Cp3__path_shares_only,28ecf7e42b861405b6b3,C_vs_Cp3,path_shares_only,fl3_entitled,confirmation,joint_wild_cluster_rademacher,measurement_missingness_concentration,0.75,1.0,early_passable,minor_nonmonotonicity_within_tolerance,4.0,True,0.34,0.323,8,,,,False,True,-0.01100000000000001,False,0.046999999999999986,8.977,"{""10"":0.334,""12"":0.323,""3"":0.0,""4"":0.07,""5"":0.176,""6"":0.276,""8"":0.34}","{""10"":7.483,""12"":8.977,""3"":2.268,""4"":3.02,""5"":3.775,""6"":4.523,""8"":6.02}",0.0,0.07,0.176,0.276,0.34,0.334,0.323,435e48a078301aa19c48d16d0d87f038c8731647d04e4e87d497b9b725bd0864
fe17c18b39eb86c6e9f982bd,C_vs_Cp3__path_shares_only,28ecf7e42b861405b6b3,C_vs_Cp3,path_shares_only,fl3_entitled,confirmation,joint_wild_cluster_rademacher,measurement_missingness_concentration,1.0,1.0,early_passable,minor_nonmonotonicity_within_tolerance,4.0,True,0.325,0.313,8,,,,False,True,-0.008000000000000007,True,0.033999999999999975,9.012,"{""10"":0.321,""12"":0.313,""3"":0.0,""4"":0.105,""5"":0.2,""6"":0.279,""8"":0.325}","{""10"":7.507,""12"":9.012,""3"":2.279,""4"":3.024,""5"":3.768,""6"":4.533,""8"":6.011}",0.0,0.105,0.2,0.279,0.325,0.321,0.313,b8977760a3cc0ed7af6e3dcc6b75745cdade8bd1ff6b43c4836382d67ba45af7
fe17c18b39eb86c6e9f982bd,C_vs_Cp3__path_shares_only,28ecf7e42b861405b6b3,C_vs_Cp3,path_shares_only,fl3_entitled,confirmation,joint_wild_cluster_rademacher,measurement_missingness_concentration,1.5,1.0,early_passable,materially_nonmonotone,4.0,True,0.316,0.29,10,,,,True,True,-0.026000000000000023,False,0.008000000000000007,8.956,"{""10"":0.316,""12"":0.29,""3"":0.0,""4"":0.104,""5"":0.201,""6"":0.282,""8"":0.313}","{""10"":7.457,""12"":8.956,""3"":2.264,""4"":2.999,""5"":3.737,""6"":4.492,""8"":5.956}",0.0,0.104,0.201,0.282,0.313,0.316,0.29,06644469efcbb4e5381ce7f76baa7359a1c08e402342a9ca51dc782dbad2241e
fe17c18b39eb86c6e9f982bd,C_vs_Cp3__path_shares_only,28ecf7e42b861405b6b3,C_vs_Cp3,path_shares_only,fl3_entitled,confirmation,joint_wild_cluster_rademacher,measurement_missingness_concentration,2.0,1.0,early_passable,materially_nonmonotone,4.0,True,0.336,0.29,8,,,,True,True,-0.018000000000000016,False,0.006000000000000005,9.021,"{""10"":0.308,""12"":0.29,""3"":0.0,""4"":0.127,""5"":0.232,""6"":0.284,""8"":0.336}","{""10"":7.522,""12"":9.021,""3"":2.254,""4"":2.994,""5"":3.743,""6"":4.51,""8"":6.037}",0.0,0.127,0.232,0.284,0.336,0.308,0.29,e2e33a7e025b49234c21df5e2e7e38cd6fc3930765388c6a5aac70f88018b2b2
03ef63db7584762143dc3914,three_way__no_window,114bd7932e0008f8ef79,three_way,no_window,fl3_entitlement_capped,discovery,joint_gaussian_regularized_cluster,measurement_missingness_concentration,0.0,0.0,empirically_never_passable,all_zero,,False,0.0,0.0,3,,,,False,False,0.0,True,0.0,9.017,"{""10"":0.0,""12"":0.0,""3"":0.0,""4"":0.0,""5"":0.0,""6"":0.0,""8"":0.0}","{""10"":7.511,""12"":9.017,""3"":2.248,""4"":3.002,""5"":3.733,""6"":4.479,""8"":5.994}",0.0,0.0,0.0,0.0,0.0,0.0,0.0,ff422621e1eb8e606d09200092897c5d53febc0ff9be3814164c4c9a94fae035
03ef63db7584762143dc3914,three_way__no_window,114bd7932e0008f8ef79,three_way,no_window,fl3_entitlement_capped,discovery,joint_gaussian_regularized_cluster,measurement_missingness_concentration,0.25,0.0,early_passable,observed_non_decreasing,4.0,True,0.886,0.886,12,8.0,10.0,,False,False,0.08199999999999996,False,0.504,9.026,"{""10"":0.804,""12"":0.886,""3"":0.0,""4"":0.066,""5"":0.206,""6"":0.382,""8"":0.653}","{""10"":7.531,""12"":9.026,""3"":2.243,""4"":3.019,""5"":3.773,""6"":4.546,""8"":6.022}",0.0,0.066,0.206,0.382,0.653,0.804,0.886,d42f57a2e803d943e573c92936355b4033848009d70a3235ede81799a1137e45
03ef63db7584762143dc3914,three_way__no_window,114bd7932e0008f8ef79,three_way,no_window,fl3_entitlement_capped,discovery,joint_gaussian_regularized_cluster,measurement_missingness_concentration,0.5,0.0,early_passable,observed_non_decreasing,4.0,True,0.994,0.994,12,6.0,8.0,10.0,False,False,0.02100000000000002,False,0.33199999999999996,8.979,"{""10"":0.973,""12"":0.994,""3"":0.0,""4"":0.204,""5"":0.447,""6"":0.662,""8"":0.897}","{""10"":7.487,""12"":8.979,""3"":2.277,""4"":3.004,""5"":3.739,""6"":4.498,""8"":5.985}",0.0,0.204,0.447,0.662,0.897,0.973,0.994,ce3d23087d3b112c478de24e099dad79eba0a50c8008d2179c5ea44dc57cc347
03ef63db7584762143dc3914,three_way__no_window,114bd7932e0008f8ef79,three_way,no_window,fl3_entitlement_capped,discovery,joint_gaussian_regularized_cluster,measurement_missingness_concentration,0.75,0.0,early_passable,observed_non_decreasing,4.0,True,0.999,0.999,12,5.0,8.0,8.0,False,False,0.0050000000000000044,True,0.21299999999999997,8.982,"{""10"":0.994,""12"":0.999,""3"":0.0,""4"":0.274,""5"":0.562,""6"":0.786,""8"":0.965}","{""10"":7.513,""12"":8.982,""3"":2.251,""4"":3.013,""5"":3.752,""6"":4.519,""8"":6.025}",0.0,0.274,0.562,0.786,0.965,0.994,0.999,d65183a7136b32c2794aa127346f7f8b677c8f6c43413e8ed5cb66a5af3df091
03ef63db7584762143dc3914,three_way__no_window,114bd7932e0008f8ef79,three_way,no_window,fl3_entitlement_capped,discovery,joint_gaussian_regularized_cluster,measurement_missingness_concentration,1.0,0.0,early_passable,observed_non_decreasing,4.0,True,1.0,1.0,12,5.0,8.0,8.0,False,False,0.007000000000000006,True,0.20799999999999996,9.003,"{""10"":0.993,""12"":1.0,""3"":0.0,""4"":0.298,""5"":0.58,""6"":0.792,""8"":0.974}","{""10"":7.522,""12"":9.003,""3"":2.227,""4"":2.992,""5"":3.731,""6"":4.482,""8"":6.002}",0.0,0.298,0.58,0.792,0.974,0.993,1.0,73c0ffdfd9eff35ee8168ba66915af90d05eec4e796e56e935093d13dd3f614e
03ef63db7584762143dc3914,three_way__no_window,114bd7932e0008f8ef79,three_way,no_window,fl3_entitlement_capped,discovery,joint_gaussian_regularized_cluster,measurement_missingness_concentration,1.5,0.0,early_passable,observed_non_decreasing,4.0,True,0.999,0.999,12,5.0,6.0,8.0,False,False,0.0050000000000000044,True,0.19299999999999995,8.928,"{""10"":0.994,""12"":0.999,""3"":0.0,""4"":0.321,""5"":0.621,""6"":0.806,""8"":0.971}","{""10"":7.458,""12"":8.928,""3"":2.279,""4"":3.006,""5"":3.734,""6"":4.449,""8"":5.951}",0.0,0.321,0.621,0.806,0.971,0.994,0.999,2b24ece4bf0bae09dd45d462ca16c701c4e4f42026cfff6550f61b955087ce73
03ef63db7584762143dc3914,three_way__no_window,114bd7932e0008f8ef79,three_way,no_window,fl3_entitlement_capped,discovery,joint_gaussian_regularized_cluster,measurement_missingness_concentration,2.0,0.0,early_passable,observed_non_decreasing,4.0,True,1.0,1.0,12,5.0,6.0,8.0,False,False,0.0010000000000000009,True,0.15200000000000002,9.028,"{""10"":0.999,""12"":1.0,""3"":0.0,""4"":0.323,""5"":0.612,""6"":0.848,""8"":0.98}","{""10"":7.524,""12"":9.028,""3"":2.25,""4"":3.011,""5"":3.76,""6"":4.508,""8"":6.029}",0.0,0.323,0.612,0.848,0.98,0.999,1.0,7b91e77ee9934c56b7c6cc040cc91a92bb06e00aa7565957a178c6f914294307
03ef63db7584762143dc3914,three_way__no_window,114bd7932e0008f8ef79,three_way,no_window,fl3_entitlement_capped,discovery,joint_gaussian_regularized_cluster,measurement_missingness_concentration,0.25,0.25,early_passable,observed_non_decreasing,4.0,True,0.878,0.878,12,8.0,12.0,,False,False,0.08699999999999997,False,0.504,8.997,"{""10"":0.791,""12"":0.878,""3"":0.0,""4"":0.083,""5"":0.221,""6"":0.374,""8"":0.641}","{""10"":7.519,""12"":8.997,""3"":2.272,""4"":3.019,""5"":3.739,""6"":4.5,""8"":5.994}",0.0,0.083,0.221,0.374,0.641,0.791,0.878,78c69f163f1ec32f9d176b4320f872daaed555fc7362d6ba5eb3eede81ae6429
03ef63db7584762143dc3914,three_way__no_window,114bd7932e0008f8ef79,three_way,no_window,fl3_entitlement_capped,discovery,joint_gaussian_regularized_cluster,measurement_missingness_concentration,0.5,0.25,early_passable,observed_non_decreasing,4.0,True,0.987,0.987,12,6.0,8.0,10.0,False,False,0.031000000000000028,False,0.31799999999999995,8.921,"{""10"":0.956,""12"":0.987,""3"":0.0,""4"":0.198,""5"":0.479,""6"":0.669,""8"":0.895}","{""10"":7.421,""12"":8.921,""3"":2.242,""4"":3.009,""5"":3.758,""6"":4.492,""8"":5.945}",0.0,0.198,0.479,0.669,0.895,0.956,0.987,36306b1bd6fb40b0f173c5df762df5916dad24a029325c3e86b228654803cbbb
03ef63db7584762143dc3914,three_way__no_window,114bd7932e0008f8ef79,three_way,no_window,fl3_entitlement_capped,discovery,joint_gaussian_regularized_cluster,measurement_missingness_concentration,0.75,0.25,early_passable,observed_non_decreasing,4.0,True,0.997,0.997,12,5.0,8.0,8.0,False,False,0.006000000000000005,True,0.20299999999999996,9.056,"{""10"":0.991,""12"":0.997,""3"":0.0,""4"":0.282,""5"":0.585,""6"":0.794,""8"":0.952}","{""10"":7.561,""12"":9.056,""3"":2.287,""4"":3.048,""5"":3.781,""6"":4.545,""8"":6.062}",0.0,0.282,0.585,0.794,0.952,0.991,0.997,fac94455b8dea83299bffbcf1e29fc5d14f14086c8fe45d7580c38b83a762e7f
03ef63db7584762143dc3914,three_way__no_window,114bd7932e0008f8ef79,three_way,no_window,fl3_entitlement_capped,discovery,joint_gaussian_regularized_cluster,measurement_missingness_concentration,1.0,0.25,early_passable,observed_non_decreasing,4.0,True,1.0,1.0,12,5.0,8.0,8.0,False,False,0.006000000000000005,True,0.21599999999999997,8.902,"{""10"":0.994,""12"":1.0,""3"":0.0,""4"":0.298,""5"":0.588,""6"":0.784,""8"":0.961}","{""10"":7.406,""12"":8.902,""3"":2.256,""4"":2.993,""5"":3.703,""6"":4.43,""8"":5.926}",0.0,0.298,0.588,0.784,0.961,0.994,1.0,afa3e40195e2b799ac6c598a7a251051d391574bcedf8b33a1cafb508f4f1b69
03ef63db7584762143dc3914,three_way__no_window,114bd7932e0008f8ef79,three_way,no_window,fl3_entitlement_capped,discovery,joint_gaussian_regularized_cluster,measurement_missingness_concentration,1.5,0.25,early_passable,observed_non_decreasing,4.0,True,1.0,1.0,10,5.0,6.0,8.0,False,False,0.0,True,0.14,9.087,"{""10"":1.0,""12"":1.0,""3"":0.0,""4"":0.351,""5"":0.661,""6"":0.86,""8"":0.979}","{""10"":7.613,""12"":9.087,""3"":2.283,""4"":3.069,""5"":3.824,""6"":4.611,""8"":6.119}",0.0,0.351,0.661,0.86,0.979,1.0,1.0,a0405aea097d7501c1c899156ee8fc9208fbd4069214540149c9a06593bede09
03ef63db7584762143dc3914,three_way__no_window,114bd7932e0008f8ef79,three_way,no_window,fl3_entitlement_capped,discovery,joint_gaussian_regularized_cluster,measurement_missingness_concentration,2.0,0.25,early_passable,observed_non_decreasing,4.0,True,1.0,1.0,12,5.0,6.0,8.0,False,False,0.0050000000000000044,True,0.18100000000000005,9.003,"{""10"":0.995,""12"":1.0,""3"":0.0,""4"":0.316,""5"":0.623,""6"":0.819,""8"":0.969}","{""10"":7.497,""12"":9.003,""3"":2.252,""4"":2.998,""5"":3.721,""6"":4.482,""8"":5.977}",0.0,0.316,0.623,0.819,0.969,0.995,1.0,1691799f605efdb6bf25f6d99b244fea7d22a6b4cf818b4ab1533606c97a9e99
03ef63db7584762143dc3914,three_way__no_window,114bd7932e0008f8ef79,three_way,no_window,fl3_entitlement_capped,discovery,joint_gaussian_regularized_cluster,measurement_missingness_concentration,0.25,0.5,early_passable,observed_non_decreasing,4.0,True,0.694,0.694,12,8.0,,,False,False,0.04499999999999993,False,0.35799999999999993,9.027,"{""10"":0.649,""12"":0.694,""3"":0.0,""4"":0.079,""5"":0.179,""6"":0.336,""8"":0.539}","{""10"":7.529,""12"":9.027,""3"":2.255,""4"":3.026,""5"":3.772,""6"":4.532,""8"":6.036}",0.0,0.079,0.179,0.336,0.539,0.649,0.694,ea6aa9110a64b421426fb851971e3f11458ea9458738b466556be8a0143484a3
03ef63db7584762143dc3914,three_way__no_window,114bd7932e0008f8ef79,three_way,no_window,fl3_entitlement_capped,discovery,joint_gaussian_regularized_cluster,measurement_missingness_concentration,0.5,0.5,early_passable,observed_non_decreasing,4.0,True,0.902,0.902,12,6.0,10.0,12.0,False,False,0.03700000000000003,False,0.28500000000000003,9.039,"{""10"":0.865,""12"":0.902,""3"":0.0,""4"":0.17,""5"":0.419,""6"":0.617,""8"":0.798}","{""10"":7.529,""12"":9.039,""3"":2.234,""4"":2.998,""5"":3.761,""6"":4.542,""8"":6.021}",0.0,0.17,0.419,0.617,0.798,0.865,0.902,afaa7faf61c517bf0604abcd5082be948008c44d35c83f7aad3769344aae2a40
03ef63db7584762143dc3914,three_way__no_window,114bd7932e0008f8ef79,three_way,no_window,fl3_entitlement_capped,discovery,joint_gaussian_regularized_cluster,measurement_missingness_concentration,0.75,0.5,early_passable,observed_non_decreasing,4.0,True,0.956,0.956,12,6.0,8.0,10.0,False,False,0.02499999999999991,False,0.266,8.982,"{""10"":0.931,""12"":0.956,""3"":0.0,""4"":0.25,""5"":0.491,""6"":0.69,""8"":0.888}","{""10"":7.482,""12"":8.982,""3"":2.27,""4"":3.013,""5"":3.734,""6"":4.494,""8"":5.977}",0.0,0.25,0.491,0.69,0.888,0.931,0.956,5b04b409fd905377da9f254f429e72a72b27b770700839989c49055db192d503
03ef63db7584762143dc3914,three_way__no_window,114bd7932e0008f8ef79,three_way,no_window,fl3_entitlement_capped,discovery,joint_gaussian_regularized_cluster,measurement_missingness_concentration,1.0,0.5,early_passable,observed_non_decreasing,4.0,True,0.983,0.983,12,5.0,8.0,8.0,False,False,0.015000000000000013,False,0.236,8.997,"{""10"":0.968,""12"":0.983,""3"":0.0,""4"":0.259,""5"":0.562,""6"":0.747,""8"":0.915}","{""10"":7.467,""12"":8.997,""3"":2.246,""4"":2.981,""5"":3.73,""6"":4.464,""8"":5.948}",0.0,0.259,0.562,0.747,0.915,0.968,0.983,6583d3817d5a16854c4c539c70fb32a1a71f263abb48921356e51410bc2648b8
03ef63db7584762143dc3914,three_way__no_window,114bd7932e0008f8ef79,three_way,no_window,fl3_entitlement_capped,discovery,joint_gaussian_regularized_cluster,measurement_missingness_concentration,1.5,0.5,early_passable,observed_non_decreasing,4.0,True,0.988,0.988,12,5.0,8.0,8.0,False,False,0.010000000000000009,False,0.19499999999999995,9.011,"{""10"":0.978,""12"":0.988,""3"":0.0,""4"":0.282,""5"":0.589,""6"":0.793,""8"":0.935}","{""10"":7.502,""12"":9.011,""3"":2.227,""4"":2.989,""5"":3.75,""6"":4.508,""8"":6.014}",0.0,0.282,0.589,0.793,0.935,0.978,0.988,63d260be6c16a6d96ecf238fc26d8eb9f498e1fea5123beed712b3514b8389e6
03ef63db7584762143dc3914,three_way__no_window,114bd7932e0008f8ef79,three_way,no_window,fl3_entitlement_capped,discovery,joint_gaussian_regularized_cluster,measurement_missingness_concentration,2.0,0.5,early_passable,observed_non_decreasing,4.0,True,0.999,0.999,12,5.0,6.0,8.0,False,False,0.009000000000000008,True,0.18100000000000005,9.014,"{""10"":0.99,""12"":0.999,""3"":0.0,""4"":0.309,""5"":0.634,""6"":0.818,""8"":0.963}","{""10"":7.536,""12"":9.014,""3"":2.258,""4"":3.039,""5"":3.803,""6"":4.535,""8"":6.026}",0.0,0.309,0.634,0.818,0.963,0.99,0.999,6890ac374b4ccd5720c035cec05406b8fce9a1745b7b6fb67be6071288916553
03ef63db7584762143dc3914,three_way__no_window,114bd7932e0008f8ef79,three_way,no_window,fl3_entitlement_capped,discovery,joint_gaussian_regularized_cluster,measurement_missingness_concentration,0.25,1.0,early_passable,minor_nonmonotonicity_within_tolerance,4.0,True,0.229,0.206,8,,,,False,True,-0.017000000000000015,False,0.05499999999999999,8.955,"{""10"":0.223,""12"":0.206,""3"":0.0,""4"":0.032,""5"":0.081,""6"":0.151,""8"":0.229}","{""10"":7.459,""12"":8.955,""3"":2.235,""4"":2.99,""5"":3.734,""6"":4.48,""8"":5.999}",0.0,0.032,0.081,0.151,0.229,0.223,0.206,e1eca9429399dd9d8055dbe8b774fc71d0c49f596e5a95ec288ea42fe31e52d4
03ef63db7584762143dc3914,three_way__no_window,114bd7932e0008f8ef79,three_way,no_window,fl3_entitlement_capped,discovery,joint_gaussian_regularized_cluster,measurement_missingness_concentration,0.5,1.0,early_passable,materially_nonmonotone,4.0,True,0.277,0.229,8,,,,True,True,-0.038000000000000006,False,0.0,9.014,"{""10"":0.267,""12"":0.229,""3"":0.0,""4"":0.087,""5"":0.183,""6"":0.229,""8"":0.277}","{""10"":7.558,""12"":9.014,""3"":2.284,""4"":3.028,""5"":3.757,""6"":4.511,""8"":6.057}",0.0,0.087,0.183,0.229,0.277,0.267,0.229,7fd7c541dc3c5cf436d05f1e0c45a14c2a3cdf6396fe12b29f9b5ddd99fa5497
03ef63db7584762143dc3914,three_way__no_window,114bd7932e0008f8ef79,three_way,no_window,fl3_entitlement_capped,discovery,joint_gaussian_regularized_cluster,measurement_missingness_concentration,0.75,1.0,early_passable,materially_nonmonotone,4.0,True,0.289,0.252,8,,,,True,True,-0.02200000000000002,False,-0.020000000000000018,8.988,"{""10"":0.274,""12"":0.252,""3"":0.0,""4"":0.114,""5"":0.22,""6"":0.272,""8"":0.289}","{""10"":7.505,""12"":8.988,""3"":2.264,""4"":3.021,""5"":3.772,""6"":4.519,""8"":5.981}",0.0,0.114,0.22,0.272,0.289,0.274,0.252,96fc2a16bad5514b63ac0c672d135f70ed1abfb97574396bdf8c20bb031e6efa
03ef63db7584762143dc3914,three_way__no_window,114bd7932e0008f8ef79,three_way,no_window,fl3_entitlement_capped,discovery,joint_gaussian_regularized_cluster,measurement_missingness_concentration,1.0,1.0,early_passable,minor_nonmonotonicity_within_tolerance,4.0,True,0.303,0.297,10,,,,False,True,-0.006000000000000005,True,0.01699999999999996,8.97,"{""10"":0.303,""12"":0.297,""3"":0.0,""4"":0.103,""5"":0.208,""6"":0.28,""8"":0.297}","{""10"":7.458,""12"":8.97,""3"":2.201,""4"":2.968,""5"":3.713,""6"":4.473,""8"":5.951}",0.0,0.103,0.208,0.28,0.297,0.303,0.297,2dacc5e1b0f4f6ed71c1732b1bc01273c1c4559a164289b99d8d61c7630b997d
03ef63db7584762143dc3914,three_way__no_window,114bd7932e0008f8ef79,three_way,no_window,fl3_entitlement_capped,discovery,joint_gaussian_regularized_cluster,measurement_missingness_concentration,1.5,1.0,early_passable,minor_nonmonotonicity_within_tolerance,4.0,True,0.282,0.252,6,,,,False,True,-0.013000000000000012,False,-0.02999999999999997,9.071,"{""10"":0.265,""12"":0.252,""3"":0.0,""4"":0.101,""5"":0.213,""6"":0.282,""8"":0.281}","{""10"":7.542,""12"":9.071,""3"":2.254,""4"":2.996,""5"":3.753,""6"":4.499,""8"":6.015}",0.0,0.101,0.213,0.282,0.281,0.265,0.252,5b0e9eb3019d974b3bfacdaf229c71fe49a3ce4f6e8acb30203a50ab2555f98d
03ef63db7584762143dc3914,three_way__no_window,114bd7932e0008f8ef79,three_way,no_window,fl3_entitlement_capped,discovery,joint_gaussian_regularized_cluster,measurement_missingness_concentration,2.0,1.0,early_passable,minor_nonmonotonicity_within_tolerance,4.0,True,0.26,0.238,8,,,,False,True,-0.019000000000000017,False,-0.009000000000000008,8.982,"{""10"":0.257,""12"":0.238,""3"":0.0,""4"":0.101,""5"":0.173,""6"":0.247,""8"":0.26}","{""10"":7.479,""12"":8.982,""3"":2.217,""4"":2.957,""5"":3.711,""6"":4.491,""8"":5.96}",0.0,0.101,0.173,0.247,0.26,0.257,0.238,6e3c44a9efd7d509be01dc01cae34abaee6cb2086f3b1c658c8911b3f5dff07f
1cce3e5fe7c50070e58676c9,Cp2_vs_Cp3__strict_numeric_all,0262d70dda595cb6cda6,Cp2_vs_Cp3,strict_numeric_all,fl3_entitlement_capped,discovery,joint_gaussian_regularized_cluster,measurement_missingness_concentration,0.0,0.0,empirically_never_passable,all_zero,,False,0.0,0.0,3,,,,False,False,0.0,True,0.0,3.0,"{""10"":0.0,""12"":0.0,""3"":0.0,""4"":0.0,""5"":0.0,""6"":0.0,""8"":0.0}","{""10"":2.493,""12"":3.0,""3"":0.751,""4"":0.998,""5"":1.236,""6"":1.501,""8"":2.015}",0.0,0.0,0.0,0.0,0.0,0.0,0.0,16a9796cfdd88aff0195158dbabe06509938b4624764ece4f393249a18093023
1cce3e5fe7c50070e58676c9,Cp2_vs_Cp3__strict_numeric_all,0262d70dda595cb6cda6,Cp2_vs_Cp3,strict_numeric_all,fl3_entitlement_capped,discovery,joint_gaussian_regularized_cluster,measurement_missingness_concentration,0.25,0.0,early_passable,observed_non_decreasing,4.0,True,0.146,0.146,12,,,,False,True,0.071,False,0.13299999999999998,3.034,"{""10"":0.075,""12"":0.146,""3"":0.0,""4"":0.002,""5"":0.009,""6"":0.013,""8"":0.037}","{""10"":2.515,""12"":3.034,""3"":0.769,""4"":1.007,""5"":1.246,""6"":1.527,""8"":2.016}",0.0,0.002,0.009,0.013,0.037,0.075,0.146,d8cdc758dc6fdc9abe620e30dd9b060ac2f9eba39c4a89273bd3e989f869becc
1cce3e5fe7c50070e58676c9,Cp2_vs_Cp3__strict_numeric_all,0262d70dda595cb6cda6,Cp2_vs_Cp3,strict_numeric_all,fl3_entitlement_capped,discovery,joint_gaussian_regularized_cluster,measurement_missingness_concentration,0.5,0.0,early_passable,observed_non_decreasing,4.0,True,0.28,0.28,12,,,,False,True,0.10100000000000003,False,0.265,3.031,"{""10"":0.179,""12"":0.28,""3"":0.0,""4"":0.001,""5"":0.01,""6"":0.015,""8"":0.082}","{""10"":2.532,""12"":3.031,""3"":0.747,""4"":0.981,""5"":1.251,""6"":1.51,""8"":2.024}",0.0,0.001,0.01,0.015,0.082,0.179,0.28,d72ca8bbea8d4034f74a81bc39e55482e43fa5dd6051fb688c4ae8cf01e08af7
1cce3e5fe7c50070e58676c9,Cp2_vs_Cp3__strict_numeric_all,0262d70dda595cb6cda6,Cp2_vs_Cp3,strict_numeric_all,fl3_entitlement_capped,discovery,joint_gaussian_regularized_cluster,measurement_missingness_concentration,0.75,0.0,early_passable,observed_non_decreasing,4.0,True,0.335,0.335,12,,,,False,True,0.12700000000000003,False,0.29400000000000004,3.04,"{""10"":0.208,""12"":0.335,""3"":0.0,""4"":0.001,""5"":0.018,""6"":0.041,""8"":0.119}","{""10"":2.544,""12"":3.04,""3"":0.762,""4"":1.044,""5"":1.3,""6"":1.538,""8"":2.049}",0.0,0.001,0.018,0.041,0.119,0.208,0.335,e380eaf25d04b6c3d9c807d2542719a1db447a6a4f1a44dc1748d15c0373daa6
1cce3e5fe7c50070e58676c9,Cp2_vs_Cp3__strict_numeric_all,0262d70dda595cb6cda6,Cp2_vs_Cp3,strict_numeric_all,fl3_entitlement_capped,discovery,joint_gaussian_regularized_cluster,measurement_missingness_concentration,1.0,0.0,early_passable,observed_non_decreasing,4.0,True,0.333,0.333,12,,,,False,True,0.10900000000000001,False,0.30000000000000004,2.999,"{""10"":0.224,""12"":0.333,""3"":0.0,""4"":0.005,""5"":0.02,""6"":0.033,""8"":0.117}","{""10"":2.482,""12"":2.999,""3"":0.76,""4"":1.016,""5"":1.271,""6"":1.503,""8"":1.982}",0.0,0.005,0.02,0.033,0.117,0.224,0.333,6a6f2737645b390241bfb79a8f14f94685f95f22eb32972a1c66bbd12a0538c0
1cce3e5fe7c50070e58676c9,Cp2_vs_Cp3__strict_numeric_all,0262d70dda595cb6cda6,Cp2_vs_Cp3,strict_numeric_all,fl3_entitlement_capped,discovery,joint_gaussian_regularized_cluster,measurement_missingness_concentration,1.5,0.0,early_passable,observed_non_decreasing,4.0,True,0.383,0.383,12,,,,False,True,0.132,False,0.34,3.058,"{""10"":0.251,""12"":0.383,""3"":0.0,""4"":0.003,""5"":0.014,""6"":0.043,""8"":0.121}","{""10"":2.542,""12"":3.058,""3"":0.762,""4"":1.034,""5"":1.286,""6"":1.541,""8"":2.019}",0.0,0.003,0.014,0.043,0.121,0.251,0.383,76ac0275ff737c9dd02a9c8d0be53ddec3e681320e9498cd91f4613df7b39f5e
1cce3e5fe7c50070e58676c9,Cp2_vs_Cp3__strict_numeric_all,0262d70dda595cb6cda6,Cp2_vs_Cp3,strict_numeric_all,fl3_entitlement_capped,discovery,joint_gaussian_regularized_cluster,measurement_missingness_concentration,2.0,0.0,early_passable,observed_non_decreasing,4.0,True,0.304,0.304,12,,,,False,True,0.123,False,0.27799999999999997,2.892,"{""10"":0.181,""12"":0.304,""3"":0.0,""4"":0.005,""5"":0.007,""6"":0.026,""8"":0.09}","{""10"":2.399,""12"":2.892,""3"":0.751,""4"":0.968,""5"":1.194,""6"":1.434,""8"":1.923}",0.0,0.005,0.007,0.026,0.09,0.181,0.304,a64fba75aa7604637845d491a39a5351490afefdb56b8896dc2b24ffe5909de8
1cce3e5fe7c50070e58676c9,Cp2_vs_Cp3__strict_numeric_all,0262d70dda595cb6cda6,Cp2_vs_Cp3,strict_numeric_all,fl3_entitlement_capped,discovery,joint_gaussian_regularized_cluster,measurement_missingness_concentration,0.25,0.25,early_passable,observed_non_decreasing,5.0,True,0.125,0.125,12,,,,False,True,0.054000000000000006,False,0.119,2.956,"{""10"":0.071,""12"":0.125,""3"":0.0,""4"":0.0,""5"":0.002,""6"":0.006,""8"":0.029}","{""10"":2.466,""12"":2.956,""3"":0.777,""4"":1.017,""5"":1.283,""6"":1.509,""8"":1.977}",0.0,0.0,0.002,0.006,0.029,0.071,0.125,0088d1117164be068201490a003bcf1381ce48b3fc985d16fb2dbaf6a228f947
1cce3e5fe7c50070e58676c9,Cp2_vs_Cp3__strict_numeric_all,0262d70dda595cb6cda6,Cp2_vs_Cp3,strict_numeric_all,fl3_entitlement_capped,discovery,joint_gaussian_regularized_cluster,measurement_missingness_concentration,0.5,0.25,early_passable,observed_non_decreasing,4.0,True,0.278,0.278,12,,,,False,True,0.11900000000000002,False,0.254,3.028,"{""10"":0.159,""12"":0.278,""3"":0.0,""4"":0.001,""5"":0.007,""6"":0.024,""8"":0.078}","{""10"":2.517,""12"":3.028,""3"":0.746,""4"":0.993,""5"":1.233,""6"":1.515,""8"":2.019}",0.0,0.001,0.007,0.024,0.078,0.159,0.278,8a0185a3e092fe18c90cbf540e6f1f8be038fa1052ff1934c5d788c44e8d89b1
1cce3e5fe7c50070e58676c9,Cp2_vs_Cp3__strict_numeric_all,0262d70dda595cb6cda6,Cp2_vs_Cp3,strict_numeric_all,fl3_entitlement_capped,discovery,joint_gaussian_regularized_cluster,measurement_missingness_concentration,0.75,0.25,early_passable,observed_non_decreasing,4.0,True,0.327,0.327,12,,,,False,True,0.093,False,0.28700000000000003,3.014,"{""10"":0.234,""12"":0.327,""3"":0.0,""4"":0.004,""5"":0.018,""6"":0.04,""8"":0.129}","{""10"":2.547,""12"":3.014,""3"":0.76,""4"":1.036,""5"":1.298,""6"":1.56,""8"":2.076}",0.0,0.004,0.018,0.04,0.129,0.234,0.327,2117100f0534ce0dfc3790d4f80eb7bafb595d413289b5b216c90d4fbafd5f91
1cce3e5fe7c50070e58676c9,Cp2_vs_Cp3__strict_numeric_all,0262d70dda595cb6cda6,Cp2_vs_Cp3,strict_numeric_all,fl3_entitlement_capped,discovery,joint_gaussian_regularized_cluster,measurement_missingness_concentration,1.0,0.25,early_passable,observed_non_decreasing,4.0,True,0.33,0.33,12,,,,False,True,0.11100000000000002,False,0.28700000000000003,2.949,"{""10"":0.219,""12"":0.33,""3"":0.0,""4"":0.006,""5"":0.019,""6"":0.043,""8"":0.107}","{""10"":2.443,""12"":2.949,""3"":0.72,""4"":0.993,""5"":1.233,""6"":1.478,""8"":1.955}",0.0,0.006,0.019,0.043,0.107,0.219,0.33,5725788be81ba2491866ace09d520ee389189c3a3db430e611da0f682ca14180
1cce3e5fe7c50070e58676c9,Cp2_vs_Cp3__strict_numeric_all,0262d70dda595cb6cda6,Cp2_vs_Cp3,strict_numeric_all,fl3_entitlement_capped,discovery,joint_gaussian_regularized_cluster,measurement_missingness_concentration,1.5,0.25,early_passable,observed_non_decreasing,4.0,True,0.338,0.338,12,,,,False,True,0.13300000000000003,False,0.30100000000000005,2.984,"{""10"":0.205,""12"":0.338,""3"":0.0,""4"":0.005,""5"":0.013,""6"":0.037,""8"":0.11}","{""10"":2.461,""12"":2.984,""3"":0.715,""4"":0.97,""5"":1.201,""6"":1.469,""8"":1.976}",0.0,0.005,0.013,0.037,0.11,0.205,0.338,bc3223b67d2c223dd587df2df0f41bcfabf3ae465337d8da6e64f5e1812278cb
1cce3e5fe7c50070e58676c9,Cp2_vs_Cp3__strict_numeric_all,0262d70dda595cb6cda6,Cp2_vs_Cp3,strict_numeric_all,fl3_entitlement_capped,discovery,joint_gaussian_regularized_cluster,measurement_missingness_concentration,2.0,0.25,early_passable,observed_non_decreasing,4.0,True,0.364,0.364,12,,,,False,True,0.129,False,0.323,3.03,"{""10"":0.235,""12"":0.364,""3"":0.0,""4"":0.006,""5"":0.02,""6"":0.041,""8"":0.13}","{""10"":2.522,""12"":3.03,""3"":0.753,""4"":1.01,""5"":1.271,""6"":1.524,""8"":2.034}",0.0,0.006,0.02,0.041,0.13,0.235,0.364,d2323e9d06c69ad92a10088433c583a5261550e108d7df75d15c8bcada228a10
1cce3e5fe7c50070e58676c9,Cp2_vs_Cp3__strict_numeric_all,0262d70dda595cb6cda6,Cp2_vs_Cp3,strict_numeric_all,fl3_entitlement_capped,discovery,joint_gaussian_regularized_cluster,measurement_missingness_concentration,0.25,0.5,early_passable,observed_non_decreasing,5.0,True,0.123,0.123,12,,,,False,True,0.057999999999999996,False,0.112,3.015,"{""10"":0.065,""12"":0.123,""3"":0.0,""4"":0.0,""5"":0.002,""6"":0.011,""8"":0.029}","{""10"":2.521,""12"":3.015,""3"":0.729,""4"":0.972,""5"":1.231,""6"":1.504,""8"":2.014}",0.0,0.0,0.002,0.011,0.029,0.065,0.123,4693a397a82007583d60362d4310da5912d9b73a5bdf9f918388458b98d64492
1cce3e5fe7c50070e58676c9,Cp2_vs_Cp3__strict_numeric_all,0262d70dda595cb6cda6,Cp2_vs_Cp3,strict_numeric_all,fl3_entitlement_capped,discovery,joint_gaussian_regularized_cluster,measurement_missingness_concentration,0.5,0.5,early_passable,observed_non_decreasing,4.0,True,0.254,0.254,12,,,,False,True,0.094,False,0.223,3.017,"{""10"":0.16,""12"":0.254,""3"":0.0,""4"":0.006,""5"":0.014,""6"":0.031,""8"":0.086}","{""10"":2.503,""12"":3.017,""3"":0.777,""4"":1.048,""5"":1.3,""6"":1.527,""8"":2.032}",0.0,0.006,0.014,0.031,0.086,0.16,0.254,c93f72255ddeab0769ec0235cc88e38e144d898d5d9b301886ce38a85d29f91d
1cce3e5fe7c50070e58676c9,Cp2_vs_Cp3__strict_numeric_all,0262d70dda595cb6cda6,Cp2_vs_Cp3,strict_numeric_all,fl3_entitlement_capped,discovery,joint_gaussian_regularized_cluster,measurement_missingness_concentration,0.75,0.5,early_passable,observed_non_decreasing,4.0,True,0.32,0.32,12,,,,False,True,0.11000000000000001,False,0.291,3.006,"{""10"":0.21,""12"":0.32,""3"":0.0,""4"":0.003,""5"":0.005,""6"":0.029,""8"":0.098}","{""10"":2.519,""12"":3.006,""3"":0.769,""4"":1.012,""5"":1.252,""6"":1.513,""8"":2.042}",0.0,0.003,0.005,0.029,0.098,0.21,0.32,31ca17733f2ad95a512ac518dfd9fb5eae7442e69f52d9c30c2103ed3305d79e
1cce3e5fe7c50070e58676c9,Cp2_vs_Cp3__strict_numeric_all,0262d70dda595cb6cda6,Cp2_vs_Cp3,strict_numeric_all,fl3_entitlement_capped,discovery,joint_gaussian_regularized_cluster,measurement_missingness_concentration,1.0,0.5,early_passable,observed_non_decreasing,4.0,True,0.326,0.326,12,,,,False,True,0.12200000000000003,False,0.29400000000000004,2.993,"{""10"":0.204,""12"":0.326,""3"":0.0,""4"":0.004,""5"":0.014,""6"":0.032,""8"":0.104}","{""10"":2.501,""12"":2.993,""3"":0.747,""4"":0.985,""5"":1.242,""6"":1.49,""8"":1.996}",0.0,0.004,0.014,0.032,0.104,0.204,0.326,4014b5bed7cbcadf9948e151cf3f1ebd0683d70b097915fa7138216c3d72eddf
1cce3e5fe7c50070e58676c9,Cp2_vs_Cp3__strict_numeric_all,0262d70dda595cb6cda6,Cp2_vs_Cp3,strict_numeric_all,fl3_entitlement_capped,discovery,joint_gaussian_regularized_cluster,measurement_missingness_concentration,1.5,0.5,early_passable,observed_non_decreasing,4.0,True,0.319,0.319,12,,,,False,True,0.12,False,0.28600000000000003,2.955,"{""10"":0.199,""12"":0.319,""3"":0.0,""4"":0.004,""5"":0.012,""6"":0.033,""8"":0.101}","{""10"":2.454,""12"":2.955,""3"":0.733,""4"":0.972,""5"":1.218,""6"":1.465,""8"":1.933}",0.0,0.004,0.012,0.033,0.101,0.199,0.319,68b775ff8921857ba212cd1987081ec2b34ae3e5b99f4441a0b419421144493d
1cce3e5fe7c50070e58676c9,Cp2_vs_Cp3__strict_numeric_all,0262d70dda595cb6cda6,Cp2_vs_Cp3,strict_numeric_all,fl3_entitlement_capped,discovery,joint_gaussian_regularized_cluster,measurement_missingness_concentration,2.0,0.5,early_passable,observed_non_decreasing,4.0,True,0.333,0.333,12,,,,False,True,0.12600000000000003,False,0.307,2.951,"{""10"":0.207,""12"":0.333,""3"":0.0,""4"":0.005,""5"":0.01,""6"":0.026,""8"":0.103}","{""10"":2.441,""12"":2.951,""3"":0.735,""4"":0.966,""5"":1.192,""6"":1.437,""8"":1.948}",0.0,0.005,0.01,0.026,0.103,0.207,0.333,fdb1351656a481968a2e820510af5a9fb8eedafca6f3fa7e676cbf480f97e03e
1cce3e5fe7c50070e58676c9,Cp2_vs_Cp3__strict_numeric_all,0262d70dda595cb6cda6,Cp2_vs_Cp3,strict_numeric_all,fl3_entitlement_capped,discovery,joint_gaussian_regularized_cluster,measurement_missingness_concentration,0.25,1.0,early_passable,observed_non_decreasing,4.0,True,0.055,0.055,12,,,,False,True,0.029,False,0.049,3.05,"{""10"":0.026,""12"":0.055,""3"":0.0,""4"":0.001,""5"":0.004,""6"":0.006,""8"":0.017}","{""10"":2.516,""12"":3.05,""3"":0.749,""4"":1.012,""5"":1.253,""6"":1.499,""8"":2.019}",0.0,0.001,0.004,0.006,0.017,0.026,0.055,a4ce9429427ba1d4b39db1dda1be61fa662798f1f0d2862556e090a82ce94785
1cce3e5fe7c50070e58676c9,Cp2_vs_Cp3__strict_numeric_all,0262d70dda595cb6cda6,Cp2_vs_Cp3,strict_numeric_all,fl3_entitlement_capped,discovery,joint_gaussian_regularized_cluster,measurement_missingness_concentration,0.5,1.0,early_passable,observed_non_decreasing,4.0,True,0.102,0.102,12,,,,False,True,0.04599999999999999,False,0.09,3.005,"{""10"":0.056,""12"":0.102,""3"":0.0,""4"":0.001,""5"":0.002,""6"":0.012,""8"":0.029}","{""10"":2.496,""12"":3.005,""3"":0.728,""4"":0.968,""5"":1.223,""6"":1.477,""8"":1.983}",0.0,0.001,0.002,0.012,0.029,0.056,0.102,46e363e168baecac497ec5fea8d468e2de894cb7beac78661a72cfabedf60bb9
1cce3e5fe7c50070e58676c9,Cp2_vs_Cp3__strict_numeric_all,0262d70dda595cb6cda6,Cp2_vs_Cp3,strict_numeric_all,fl3_entitlement_capped,discovery,joint_gaussian_regularized_cluster,measurement_missingness_concentration,0.75,1.0,early_passable,observed_non_decreasing,4.0,True,0.1,0.1,12,,,,False,True,0.02800000000000001,False,0.09000000000000001,3.085,"{""10"":0.072,""12"":0.1,""3"":0.0,""4"":0.001,""5"":0.005,""6"":0.01,""8"":0.038}","{""10"":2.57,""12"":3.085,""3"":0.745,""4"":0.997,""5"":1.276,""6"":1.556,""8"":2.051}",0.0,0.001,0.005,0.01,0.038,0.072,0.1,bc61e5126b8aa266e7305cc0e36bde9b0c10b592ceb1d6e314149ed73e6ca50d
1cce3e5fe7c50070e58676c9,Cp2_vs_Cp3__strict_numeric_all,0262d70dda595cb6cda6,Cp2_vs_Cp3,strict_numeric_all,fl3_entitlement_capped,discovery,joint_gaussian_regularized_cluster,measurement_missingness_concentration,1.0,1.0,early_passable,observed_non_decreasing,4.0,True,0.108,0.108,12,,,,False,True,0.039999999999999994,False,0.099,2.991,"{""10"":0.068,""12"":0.108,""3"":0.0,""4"":0.001,""5"":0.002,""6"":0.009,""8"":0.041}","{""10"":2.485,""12"":2.991,""3"":0.779,""4"":1.017,""5"":1.248,""6"":1.473,""8"":1.992}",0.0,0.001,0.002,0.009,0.041,0.068,0.108,fb4369080fdae2e6b6aed2ed967a086edf40509cba3a35ab3ea02c02d3162b82
1cce3e5fe7c50070e58676c9,Cp2_vs_Cp3__strict_numeric_all,0262d70dda595cb6cda6,Cp2_vs_Cp3,strict_numeric_all,fl3_entitlement_capped,discovery,joint_gaussian_regularized_cluster,measurement_missingness_concentration,1.5,1.0,early_passable,observed_non_decreasing,5.0,True,0.093,0.093,12,,,,False,True,0.03,False,0.083,2.974,"{""10"":0.063,""12"":0.093,""3"":0.0,""4"":0.0,""5"":0.005,""6"":0.01,""8"":0.031}","{""10"":2.474,""12"":2.974,""3"":0.754,""4"":0.973,""5"":1.196,""6"":1.448,""8"":1.986}",0.0,0.0,0.005,0.01,0.031,0.063,0.093,750290247a5d3147dbfd975617dfab8970d78f997e9e4547ebeeb9b23466c029
1cce3e5fe7c50070e58676c9,Cp2_vs_Cp3__strict_numeric_all,0262d70dda595cb6cda6,Cp2_vs_Cp3,strict_numeric_all,fl3_entitlement_capped,discovery,joint_gaussian_regularized_cluster,measurement_missingness_concentration,2.0,1.0,early_passable,observed_non_decreasing,5.0,True,0.073,0.073,12,,,,False,True,0.022,False,0.062,2.994,"{""10"":0.051,""12"":0.073,""3"":0.0,""4"":0.0,""5"":0.004,""6"":0.011,""8"":0.033}","{""10"":2.481,""12"":2.994,""3"":0.739,""4"":0.999,""5"":1.247,""6"":1.496,""8"":1.997}",0.0,0.0,0.004,0.011,0.033,0.051,0.073,92b0c580a20651d75f1eee2155ddba1db9e169381fba5caa0dc3520c76c3f7e3
1dbc920edffba9363b404b4e,Cp2_vs_Cp3__stability_plus_geometry,3e971f0bc08c8189f389,Cp2_vs_Cp3,stability_plus_geometry,fl3_entitled,discovery,joint_gaussian_regularized_cluster,measurement_missingness_concentration,0.0,0.0,empirically_never_passable,all_zero,,False,0.0,0.0,3,,,,False,False,0.0,True,0.0,0.0,"{""10"":0.0,""12"":0.0,""3"":0.0,""4"":0.0,""5"":0.0,""6"":0.0,""8"":0.0}","{""10"":0.0,""12"":0.0,""3"":0.0,""4"":0.0,""5"":0.0,""6"":0.0,""8"":0.0}",0.0,0.0,0.0,0.0,0.0,0.0,0.0,ecf4b6b138324cbf082c6d4366de66e9a57462e1fc51d4d6906b282a9662420c
1dbc920edffba9363b404b4e,Cp2_vs_Cp3__stability_plus_geometry,3e971f0bc08c8189f389,Cp2_vs_Cp3,stability_plus_geometry,fl3_entitled,discovery,joint_gaussian_regularized_cluster,measurement_missingness_concentration,0.25,0.0,empirically_never_passable,all_zero,,False,0.0,0.0,3,,,,False,False,0.0,True,0.0,0.0,"{""10"":0.0,""12"":0.0,""3"":0.0,""4"":0.0,""5"":0.0,""6"":0.0,""8"":0.0}","{""10"":0.0,""12"":0.0,""3"":0.0,""4"":0.0,""5"":0.0,""6"":0.0,""8"":0.0}",0.0,0.0,0.0,0.0,0.0,0.0,0.0,a7ada8301d45027e8935b94342ee4e565a6aee9c1d9751c6e2029e93b0f18815
1dbc920edffba9363b404b4e,Cp2_vs_Cp3__stability_plus_geometry,3e971f0bc08c8189f389,Cp2_vs_Cp3,stability_plus_geometry,fl3_entitled,discovery,joint_gaussian_regularized_cluster,measurement_missingness_concentration,0.5,0.0,empirically_never_passable,all_zero,,False,0.0,0.0,3,,,,False,False,0.0,True,0.0,0.0,"{""10"":0.0,""12"":0.0,""3"":0.0,""4"":0.0,""5"":0.0,""6"":0.0,""8"":0.0}","{""10"":0.0,""12"":0.0,""3"":0.0,""4"":0.0,""5"":0.0,""6"":0.0,""8"":0.0}",0.0,0.0,0.0,0.0,0.0,0.0,0.0,c507e45b866add5d56be8e3bf6a2b74412c609b309f7a27124f5155dbc13f32c
1dbc920edffba9363b404b4e,Cp2_vs_Cp3__stability_plus_geometry,3e971f0bc08c8189f389,Cp2_vs_Cp3,stability_plus_geometry,fl3_entitled,discovery,joint_gaussian_regularized_cluster,measurement_missingness_concentration,0.75,0.0,empirically_never_passable,all_zero,,False,0.0,0.0,3,,,,False,False,0.0,True,0.0,0.0,"{""10"":0.0,""12"":0.0,""3"":0.0,""4"":0.0,""5"":0.0,""6"":0.0,""8"":0.0}","{""10"":0.0,""12"":0.0,""3"":0.0,""4"":0.0,""5"":0.0,""6"":0.0,""8"":0.0}",0.0,0.0,0.0,0.0,0.0,0.0,0.0,bca05779d70bb79d227701bb8a5d2180d67264f4bc6996b58773b798db6af927
1dbc920edffba9363b404b4e,Cp2_vs_Cp3__stability_plus_geometry,3e971f0bc08c8189f389,Cp2_vs_Cp3,stability_plus_geometry,fl3_entitled,discovery,joint_gaussian_regularized_cluster,measurement_missingness_concentration,1.0,0.0,empirically_never_passable,all_zero,,False,0.0,0.0,3,,,,False,False,0.0,True,0.0,0.0,"{""10"":0.0,""12"":0.0,""3"":0.0,""4"":0.0,""5"":0.0,""6"":0.0,""8"":0.0}","{""10"":0.0,""12"":0.0,""3"":0.0,""4"":0.0,""5"":0.0,""6"":0.0,""8"":0.0}",0.0,0.0,0.0,0.0,0.0,0.0,0.0,6e9e97bd9022e905ca9067967a3552bc96d1f779d5e3f2bea77cf86bf23a628f
1dbc920edffba9363b404b4e,Cp2_vs_Cp3__stability_plus_geometry,3e971f0bc08c8189f389,Cp2_vs_Cp3,stability_plus_geometry,fl3_entitled,discovery,joint_gaussian_regularized_cluster,measurement_missingness_concentration,1.5,0.0,empirically_never_passable,all_zero,,False,0.0,0.0,3,,,,False,False,0.0,True,0.0,0.0,"{""10"":0.0,""12"":0.0,""3"":0.0,""4"":0.0,""5"":0.0,""6"":0.0,""8"":0.0}","{""10"":0.0,""12"":0.0,""3"":0.0,""4"":0.0,""5"":0.0,""6"":0.0,""8"":0.0}",0.0,0.0,0.0,0.0,0.0,0.0,0.0,921c5339290ef9c2fd2a6b55c1707f1535d2c8712342633f3af34ddda2093491
1dbc920edffba9363b404b4e,Cp2_vs_Cp3__stability_plus_geometry,3e971f0bc08c8189f389,Cp2_vs_Cp3,stability_plus_geometry,fl3_entitled,discovery,joint_gaussian_regularized_cluster,measurement_missingness_concentration,2.0,0.0,empirically_never_passable,all_zero,,False,0.0,0.0,3,,,,False,False,0.0,True,0.0,0.0,"{""10"":0.0,""12"":0.0,""3"":0.0,""4"":0.0,""5"":0.0,""6"":0.0,""8"":0.0}","{""10"":0.0,""12"":0.0,""3"":0.0,""4"":0.0,""5"":0.0,""6"":0.0,""8"":0.0}",0.0,0.0,0.0,0.0,0.0,0.0,0.0,dca9a1d427a7dae31677da26c591697eddcfc8be84f7791424f88bff97e3bd12
1dbc920edffba9363b404b4e,Cp2_vs_Cp3__stability_plus_geometry,3e971f0bc08c8189f389,Cp2_vs_Cp3,stability_plus_geometry,fl3_entitled,discovery,joint_gaussian_regularized_cluster,measurement_missingness_concentration,0.25,0.25,empirically_never_passable,all_zero,,False,0.0,0.0,3,,,,False,False,0.0,True,0.0,0.0,"{""10"":0.0,""12"":0.0,""3"":0.0,""4"":0.0,""5"":0.0,""6"":0.0,""8"":0.0}","{""10"":0.0,""12"":0.0,""3"":0.0,""4"":0.0,""5"":0.0,""6"":0.0,""8"":0.0}",0.0,0.0,0.0,0.0,0.0,0.0,0.0,50914233089c30179d4c9a2d6915f6615c6b766f8a35102ec9fca93792d887a4
1dbc920edffba9363b404b4e,Cp2_vs_Cp3__stability_plus_geometry,3e971f0bc08c8189f389,Cp2_vs_Cp3,stability_plus_geometry,fl3_entitled,discovery,joint_gaussian_regularized_cluster,measurement_missingness_concentration,0.5,0.25,empirically_never_passable,all_zero,,False,0.0,0.0,3,,,,False,False,0.0,True,0.0,0.0,"{""10"":0.0,""12"":0.0,""3"":0.0,""4"":0.0,""5"":0.0,""6"":0.0,""8"":0.0}","{""10"":0.0,""12"":0.0,""3"":0.0,""4"":0.0,""5"":0.0,""6"":0.0,""8"":0.0}",0.0,0.0,0.0,0.0,0.0,0.0,0.0,1d211768a1d32ed17165a63eec704f775508b5f86085a7d773989d2b941d63c1
1dbc920edffba9363b404b4e,Cp2_vs_Cp3__stability_plus_geometry,3e971f0bc08c8189f389,Cp2_vs_Cp3,stability_plus_geometry,fl3_entitled,discovery,joint_gaussian_regularized_cluster,measurement_missingness_concentration,0.75,0.25,empirically_never_passable,all_zero,,False,0.0,0.0,3,,,,False,False,0.0,True,0.0,0.0,"{""10"":0.0,""12"":0.0,""3"":0.0,""4"":0.0,""5"":0.0,""6"":0.0,""8"":0.0}","{""10"":0.0,""12"":0.0,""3"":0.0,""4"":0.0,""5"":0.0,""6"":0.0,""8"":0.0}",0.0,0.0,0.0,0.0,0.0,0.0,0.0,7218d7b7bb1c9ab6c479461a5ac5b5bba67facd20fd7d5a08b9c670fd4888bcb
1dbc920edffba9363b404b4e,Cp2_vs_Cp3__stability_plus_geometry,3e971f0bc08c8189f389,Cp2_vs_Cp3,stability_plus_geometry,fl3_entitled,discovery,joint_gaussian_regularized_cluster,measurement_missingness_concentration,1.0,0.25,empirically_never_passable,all_zero,,False,0.0,0.0,3,,,,False,False,0.0,True,0.0,0.0,"{""10"":0.0,""12"":0.0,""3"":0.0,""4"":0.0,""5"":0.0,""6"":0.0,""8"":0.0}","{""10"":0.0,""12"":0.0,""3"":0.0,""4"":0.0,""5"":0.0,""6"":0.0,""8"":0.0}",0.0,0.0,0.0,0.0,0.0,0.0,0.0,866912af38c59d5a6a229441be645138a833090df580191084fc72bd46884f32
1dbc920edffba9363b404b4e,Cp2_vs_Cp3__stability_plus_geometry,3e971f0bc08c8189f389,Cp2_vs_Cp3,stability_plus_geometry,fl3_entitled,discovery,joint_gaussian_regularized_cluster,measurement_missingness_concentration,1.5,0.25,empirically_never_passable,all_zero,,False,0.0,0.0,3,,,,False,False,0.0,True,0.0,0.0,"{""10"":0.0,""12"":0.0,""3"":0.0,""4"":0.0,""5"":0.0,""6"":0.0,""8"":0.0}","{""10"":0.0,""12"":0.0,""3"":0.0,""4"":0.0,""5"":0.0,""6"":0.0,""8"":0.0}",0.0,0.0,0.0,0.0,0.0,0.0,0.0,b5bd14c698472a59ffffc6fc986977a4fbb6fea811151cf1eadb1d3afe7b5402
1dbc920edffba9363b404b4e,Cp2_vs_Cp3__stability_plus_geometry,3e971f0bc08c8189f389,Cp2_vs_Cp3,stability_plus_geometry,fl3_entitled,discovery,joint_gaussian_regularized_cluster,measurement_missingness_concentration,2.0,0.25,empirically_never_passable,all_zero,,False,0.0,0.0,3,,,,False,False,0.0,True,0.0,0.0,"{""10"":0.0,""12"":0.0,""3"":0.0,""4"":0.0,""5"":0.0,""6"":0.0,""8"":0.0}","{""10"":0.0,""12"":0.0,""3"":0.0,""4"":0.0,""5"":0.0,""6"":0.0,""8"":0.0}",0.0,0.0,0.0,0.0,0.0,0.0,0.0,9f9748da99fd92df3b23a43dc993f2d791e4706d3f105829371ab473047e5658
1dbc920edffba9363b404b4e,Cp2_vs_Cp3__stability_plus_geometry,3e971f0bc08c8189f389,Cp2_vs_Cp3,stability_plus_geometry,fl3_entitled,discovery,joint_gaussian_regularized_cluster,measurement_missingness_concentration,0.25,0.5,empirically_never_passable,all_zero,,False,0.0,0.0,3,,,,False,False,0.0,True,0.0,0.0,"{""10"":0.0,""12"":0.0,""3"":0.0,""4"":0.0,""5"":0.0,""6"":0.0,""8"":0.0}","{""10"":0.0,""12"":0.0,""3"":0.0,""4"":0.0,""5"":0.0,""6"":0.0,""8"":0.0}",0.0,0.0,0.0,0.0,0.0,0.0,0.0,8f1a53bbc462a56b38bb531c9fee7eb3fa5c34b5af09fd9d92e049377b4a7ffb
1dbc920edffba9363b404b4e,Cp2_vs_Cp3__stability_plus_geometry,3e971f0bc08c8189f389,Cp2_vs_Cp3,stability_plus_geometry,fl3_entitled,discovery,joint_gaussian_regularized_cluster,measurement_missingness_concentration,0.5,0.5,empirically_never_passable,all_zero,,False,0.0,0.0,3,,,,False,False,0.0,True,0.0,0.0,"{""10"":0.0,""12"":0.0,""3"":0.0,""4"":0.0,""5"":0.0,""6"":0.0,""8"":0.0}","{""10"":0.0,""12"":0.0,""3"":0.0,""4"":0.0,""5"":0.0,""6"":0.0,""8"":0.0}",0.0,0.0,0.0,0.0,0.0,0.0,0.0,f74a181a61ea12911dfa6033763de0926541048a64383ffa485fd908963c13f8
1dbc920edffba9363b404b4e,Cp2_vs_Cp3__stability_plus_geometry,3e971f0bc08c8189f389,Cp2_vs_Cp3,stability_plus_geometry,fl3_entitled,discovery,joint_gaussian_regularized_cluster,measurement_missingness_concentration,0.75,0.5,empirically_never_passable,all_zero,,False,0.0,0.0,3,,,,False,False,0.0,True,0.0,0.0,"{""10"":0.0,""12"":0.0,""3"":0.0,""4"":0.0,""5"":0.0,""6"":0.0,""8"":0.0}","{""10"":0.0,""12"":0.0,""3"":0.0,""4"":0.0,""5"":0.0,""6"":0.0,""8"":0.0}",0.0,0.0,0.0,0.0,0.0,0.0,0.0,68fa19281afcd7f0bbdf1a92cfcdb4b08caf452df58a35d4cec3b97b02df6628
1dbc920edffba9363b404b4e,Cp2_vs_Cp3__stability_plus_geometry,3e971f0bc08c8189f389,Cp2_vs_Cp3,stability_plus_geometry,fl3_entitled,discovery,joint_gaussian_regularized_cluster,measurement_missingness_concentration,1.0,0.5,empirically_never_passable,all_zero,,False,0.0,0.0,3,,,,False,False,0.0,True,0.0,0.0,"{""10"":0.0,""12"":0.0,""3"":0.0,""4"":0.0,""5"":0.0,""6"":0.0,""8"":0.0}","{""10"":0.0,""12"":0.0,""3"":0.0,""4"":0.0,""5"":0.0,""6"":0.0,""8"":0.0}",0.0,0.0,0.0,0.0,0.0,0.0,0.0,ba5a1b0e10272ed6d711bfade0f56080d2e8450f90e0af9c35a79d997fc2b28d
1dbc920edffba9363b404b4e,Cp2_vs_Cp3__stability_plus_geometry,3e971f0bc08c8189f389,Cp2_vs_Cp3,stability_plus_geometry,fl3_entitled,discovery,joint_gaussian_regularized_cluster,measurement_missingness_concentration,1.5,0.5,empirically_never_passable,all_zero,,False,0.0,0.0,3,,,,False,False,0.0,True,0.0,0.0,"{""10"":0.0,""12"":0.0,""3"":0.0,""4"":0.0,""5"":0.0,""6"":0.0,""8"":0.0}","{""10"":0.0,""12"":0.0,""3"":0.0,""4"":0.0,""5"":0.0,""6"":0.0,""8"":0.0}",0.0,0.0,0.0,0.0,0.0,0.0,0.0,c9da69e6506572cf77d29dc3836cdfd13a73f7818676ccae3a9d8b42c486c3cf
1dbc920edffba9363b404b4e,Cp2_vs_Cp3__stability_plus_geometry,3e971f0bc08c8189f389,Cp2_vs_Cp3,stability_plus_geometry,fl3_entitled,discovery,joint_gaussian_regularized_cluster,measurement_missingness_concentration,2.0,0.5,empirically_never_passable,all_zero,,False,0.0,0.0,3,,,,False,False,0.0,True,0.0,0.0,"{""10"":0.0,""12"":0.0,""3"":0.0,""4"":0.0,""5"":0.0,""6"":0.0,""8"":0.0}","{""10"":0.0,""12"":0.0,""3"":0.0,""4"":0.0,""5"":0.0,""6"":0.0,""8"":0.0}",0.0,0.0,0.0,0.0,0.0,0.0,0.0,02dbe40c0f2adb707f52d67ea77db9b6d94511c5654e11e8ab82311458e65c73
1dbc920edffba9363b404b4e,Cp2_vs_Cp3__stability_plus_geometry,3e971f0bc08c8189f389,Cp2_vs_Cp3,stability_plus_geometry,fl3_entitled,discovery,joint_gaussian_regularized_cluster,measurement_missingness_concentration,0.25,1.0,empirically_never_passable,all_zero,,False,0.0,0.0,3,,,,False,False,0.0,True,0.0,0.0,"{""10"":0.0,""12"":0.0,""3"":0.0,""4"":0.0,""5"":0.0,""6"":0.0,""8"":0.0}","{""10"":0.0,""12"":0.0,""3"":0.0,""4"":0.0,""5"":0.0,""6"":0.0,""8"":0.0}",0.0,0.0,0.0,0.0,0.0,0.0,0.0,e7fd09613071377f5ece8727f9f149f9e3ac672305cdea4b6f5596a1f66da177
1dbc920edffba9363b404b4e,Cp2_vs_Cp3__stability_plus_geometry,3e971f0bc08c8189f389,Cp2_vs_Cp3,stability_plus_geometry,fl3_entitled,discovery,joint_gaussian_regularized_cluster,measurement_missingness_concentration,0.5,1.0,empirically_never_passable,all_zero,,False,0.0,0.0,3,,,,False,False,0.0,True,0.0,0.0,"{""10"":0.0,""12"":0.0,""3"":0.0,""4"":0.0,""5"":0.0,""6"":0.0,""8"":0.0}","{""10"":0.0,""12"":0.0,""3"":0.0,""4"":0.0,""5"":0.0,""6"":0.0,""8"":0.0}",0.0,0.0,0.0,0.0,0.0,0.0,0.0,262e5b7c07960926d07c807a61dc00e19293fcd30402ee11cc595d81a1b1399d
1dbc920edffba9363b404b4e,Cp2_vs_Cp3__stability_plus_geometry,3e971f0bc08c8189f389,Cp2_vs_Cp3,stability_plus_geometry,fl3_entitled,discovery,joint_gaussian_regularized_cluster,measurement_missingness_concentration,0.75,1.0,empirically_never_passable,all_zero,,False,0.0,0.0,3,,,,False,False,0.0,True,0.0,0.0,"{""10"":0.0,""12"":0.0,""3"":0.0,""4"":0.0,""5"":0.0,""6"":0.0,""8"":0.0}","{""10"":0.0,""12"":0.0,""3"":0.0,""4"":0.0,""5"":0.0,""6"":0.0,""8"":0.0}",0.0,0.0,0.0,0.0,0.0,0.0,0.0,29d0211abd96387d0e0975af614ff8d4319c90996fc433aab13f12a5ae626368
1dbc920edffba9363b404b4e,Cp2_vs_Cp3__stability_plus_geometry,3e971f0bc08c8189f389,Cp2_vs_Cp3,stability_plus_geometry,fl3_entitled,discovery,joint_gaussian_regularized_cluster,measurement_missingness_concentration,1.0,1.0,empirically_never_passable,all_zero,,False,0.0,0.0,3,,,,False,False,0.0,True,0.0,0.0,"{""10"":0.0,""12"":0.0,""3"":0.0,""4"":0.0,""5"":0.0,""6"":0.0,""8"":0.0}","{""10"":0.0,""12"":0.0,""3"":0.0,""4"":0.0,""5"":0.0,""6"":0.0,""8"":0.0}",0.0,0.0,0.0,0.0,0.0,0.0,0.0,1c1b891315652ae8efe1ef8fcc2f6c657f716151968190649c398150f51169d0
1dbc920edffba9363b404b4e,Cp2_vs_Cp3__stability_plus_geometry,3e971f0bc08c8189f389,Cp2_vs_Cp3,stability_plus_geometry,fl3_entitled,discovery,joint_gaussian_regularized_cluster,measurement_missingness_concentration,1.5,1.0,empirically_never_passable,all_zero,,False,0.0,0.0,3,,,,False,False,0.0,True,0.0,0.0,"{""10"":0.0,""12"":0.0,""3"":0.0,""4"":0.0,""5"":0.0,""6"":0.0,""8"":0.0}","{""10"":0.0,""12"":0.0,""3"":0.0,""4"":0.0,""5"":0.0,""6"":0.0,""8"":0.0}",0.0,0.0,0.0,0.0,0.0,0.0,0.0,39436e520f201a58378a69618a84acc23571de0f39de77671d706435972a6388
1dbc920edffba9363b404b4e,Cp2_vs_Cp3__stability_plus_geometry,3e971f0bc08c8189f389,Cp2_vs_Cp3,stability_plus_geometry,fl3_entitled,discovery,joint_gaussian_regularized_cluster,measurement_missingness_concentration,2.0,1.0,empirically_never_passable,all_zero,,False,0.0,0.0,3,,,,False,False,0.0,True,0.0,0.0,"{""10"":0.0,""12"":0.0,""3"":0.0,""4"":0.0,""5"":0.0,""6"":0.0,""8"":0.0}","{""10"":0.0,""12"":0.0,""3"":0.0,""4"":0.0,""5"":0.0,""6"":0.0,""8"":0.0}",0.0,0.0,0.0,0.0,0.0,0.0,0.0,5734bda8727c21161421d0478bf446b91ac78bf40e8459ec39902bfa1b046652
bfa569fbae807b7f50c3389f,C_vs_Cp2__stability_core_3,c683c10822cc59ae7587,C_vs_Cp2,stability_core_3,fl3_entitled,discovery,joint_gaussian_regularized_cluster,measurement_missingness_concentration,0.0,0.0,empirically_never_passable,all_zero,,False,0.0,0.0,3,,,,False,False,0.0,True,0.0,0.0,"{""10"":0.0,""12"":0.0,""3"":0.0,""4"":0.0,""5"":0.0,""6"":0.0,""8"":0.0}","{""10"":0.0,""12"":0.0,""3"":0.0,""4"":0.0,""5"":0.0,""6"":0.0,""8"":0.0}",0.0,0.0,0.0,0.0,0.0,0.0,0.0,30b39ad64b4075955af09b4a2978e35345e811d87c9d6ed0525bcab3bab60378
bfa569fbae807b7f50c3389f,C_vs_Cp2__stability_core_3,c683c10822cc59ae7587,C_vs_Cp2,stability_core_3,fl3_entitled,discovery,joint_gaussian_regularized_cluster,measurement_missingness_concentration,0.25,0.0,empirically_never_passable,all_zero,,False,0.0,0.0,3,,,,False,False,0.0,True,0.0,0.0,"{""10"":0.0,""12"":0.0,""3"":0.0,""4"":0.0,""5"":0.0,""6"":0.0,""8"":0.0}","{""10"":0.0,""12"":0.0,""3"":0.0,""4"":0.0,""5"":0.0,""6"":0.0,""8"":0.0}",0.0,0.0,0.0,0.0,0.0,0.0,0.0,1cbcf4f50dac99d4411f0d8de17d8c89d3f3ea3e24ccc1ecde7b8ebe420fa7cb
bfa569fbae807b7f50c3389f,C_vs_Cp2__stability_core_3,c683c10822cc59ae7587,C_vs_Cp2,stability_core_3,fl3_entitled,discovery,joint_gaussian_regularized_cluster,measurement_missingness_concentration,0.5,0.0,empirically_never_passable,all_zero,,False,0.0,0.0,3,,,,False,False,0.0,True,0.0,0.0,"{""10"":0.0,""12"":0.0,""3"":0.0,""4"":0.0,""5"":0.0,""6"":0.0,""8"":0.0}","{""10"":0.0,""12"":0.0,""3"":0.0,""4"":0.0,""5"":0.0,""6"":0.0,""8"":0.0}",0.0,0.0,0.0,0.0,0.0,0.0,0.0,4a19919db48df6b3d4592f68d41163223cbeeea326ad356fc5dc97065911c53d
bfa569fbae807b7f50c3389f,C_vs_Cp2__stability_core_3,c683c10822cc59ae7587,C_vs_Cp2,stability_core_3,fl3_entitled,discovery,joint_gaussian_regularized_cluster,measurement_missingness_concentration,0.75,0.0,empirically_never_passable,all_zero,,False,0.0,0.0,3,,,,False,False,0.0,True,0.0,0.0,"{""10"":0.0,""12"":0.0,""3"":0.0,""4"":0.0,""5"":0.0,""6"":0.0,""8"":0.0}","{""10"":0.0,""12"":0.0,""3"":0.0,""4"":0.0,""5"":0.0,""6"":0.0,""8"":0.0}",0.0,0.0,0.0,0.0,0.0,0.0,0.0,ecda8bd29a747ca1564c0c985ea711672f1d8b512f1c1d8ac7730c6f44451992
bfa569fbae807b7f50c3389f,C_vs_Cp2__stability_core_3,c683c10822cc59ae7587,C_vs_Cp2,stability_core_3,fl3_entitled,discovery,joint_gaussian_regularized_cluster,measurement_missingness_concentration,1.0,0.0,empirically_never_passable,all_zero,,False,0.0,0.0,3,,,,False,False,0.0,True,0.0,0.0,"{""10"":0.0,""12"":0.0,""3"":0.0,""4"":0.0,""5"":0.0,""6"":0.0,""8"":0.0}","{""10"":0.0,""12"":0.0,""3"":0.0,""4"":0.0,""5"":0.0,""6"":0.0,""8"":0.0}",0.0,0.0,0.0,0.0,0.0,0.0,0.0,41e466d68cb57cbb17ea2865044506b9e9fa88a25d6cf8be4cb85cded5d94ca8
bfa569fbae807b7f50c3389f,C_vs_Cp2__stability_core_3,c683c10822cc59ae7587,C_vs_Cp2,stability_core_3,fl3_entitled,discovery,joint_gaussian_regularized_cluster,measurement_missingness_concentration,1.5,0.0,empirically_never_passable,all_zero,,False,0.0,0.0,3,,,,False,False,0.0,True,0.0,0.0,"{""10"":0.0,""12"":0.0,""3"":0.0,""4"":0.0,""5"":0.0,""6"":0.0,""8"":0.0}","{""10"":0.0,""12"":0.0,""3"":0.0,""4"":0.0,""5"":0.0,""6"":0.0,""8"":0.0}",0.0,0.0,0.0,0.0,0.0,0.0,0.0,4af25a5e4083f829cc41d7bb7d6693c59885c2a46f6475575e5cc96ef2c4f18d
bfa569fbae807b7f50c3389f,C_vs_Cp2__stability_core_3,c683c10822cc59ae7587,C_vs_Cp2,stability_core_3,fl3_entitled,discovery,joint_gaussian_regularized_cluster,measurement_missingness_concentration,2.0,0.0,empirically_never_passable,all_zero,,False,0.0,0.0,3,,,,False,False,0.0,True,0.0,0.0,"{""10"":0.0,""12"":0.0,""3"":0.0,""4"":0.0,""5"":0.0,""6"":0.0,""8"":0.0}","{""10"":0.0,""12"":0.0,""3"":0.0,""4"":0.0,""5"":0.0,""6"":0.0,""8"":0.0}",0.0,0.0,0.0,0.0,0.0,0.0,0.0,d9ea29c4d20c5bb36f009d23397b24cdc59beb1a5d1c13aa48419d4c4a04fa9b
bfa569fbae807b7f50c3389f,C_vs_Cp2__stability_core_3,c683c10822cc59ae7587,C_vs_Cp2,stability_core_3,fl3_entitled,discovery,joint_gaussian_regularized_cluster,measurement_missingness_concentration,0.25,0.25,empirically_never_passable,all_zero,,False,0.0,0.0,3,,,,False,False,0.0,True,0.0,0.0,"{""10"":0.0,""12"":0.0,""3"":0.0,""4"":0.0,""5"":0.0,""6"":0.0,""8"":0.0}","{""10"":0.0,""12"":0.0,""3"":0.0,""4"":0.0,""5"":0.0,""6"":0.0,""8"":0.0}",0.0,0.0,0.0,0.0,0.0,0.0,0.0,d337aee80d3aed9991543914dda53293b8dd579ad3a63af14760882e149a4053
bfa569fbae807b7f50c3389f,C_vs_Cp2__stability_core_3,c683c10822cc59ae7587,C_vs_Cp2,stability_core_3,fl3_entitled,discovery,joint_gaussian_regularized_cluster,measurement_missingness_concentration,0.5,0.25,empirically_never_passable,all_zero,,False,0.0,0.0,3,,,,False,False,0.0,True,0.0,0.0,"{""10"":0.0,""12"":0.0,""3"":0.0,""4"":0.0,""5"":0.0,""6"":0.0,""8"":0.0}","{""10"":0.0,""12"":0.0,""3"":0.0,""4"":0.0,""5"":0.0,""6"":0.0,""8"":0.0}",0.0,0.0,0.0,0.0,0.0,0.0,0.0,dcccbd806176986ab0104730d94ba3690ca66d0307aa675822d802c439f60846
bfa569fbae807b7f50c3389f,C_vs_Cp2__stability_core_3,c683c10822cc59ae7587,C_vs_Cp2,stability_core_3,fl3_entitled,discovery,joint_gaussian_regularized_cluster,measurement_missingness_concentration,0.75,0.25,empirically_never_passable,all_zero,,False,0.0,0.0,3,,,,False,False,0.0,True,0.0,0.0,"{""10"":0.0,""12"":0.0,""3"":0.0,""4"":0.0,""5"":0.0,""6"":0.0,""8"":0.0}","{""10"":0.0,""12"":0.0,""3"":0.0,""4"":0.0,""5"":0.0,""6"":0.0,""8"":0.0}",0.0,0.0,0.0,0.0,0.0,0.0,0.0,86554477ec8f7c2bb59527f36e4b4607b7bb157489c5e2445827dbd3c5f7769f
bfa569fbae807b7f50c3389f,C_vs_Cp2__stability_core_3,c683c10822cc59ae7587,C_vs_Cp2,stability_core_3,fl3_entitled,discovery,joint_gaussian_regularized_cluster,measurement_missingness_concentration,1.0,0.25,empirically_never_passable,all_zero,,False,0.0,0.0,3,,,,False,False,0.0,True,0.0,0.0,"{""10"":0.0,""12"":0.0,""3"":0.0,""4"":0.0,""5"":0.0,""6"":0.0,""8"":0.0}","{""10"":0.0,""12"":0.0,""3"":0.0,""4"":0.0,""5"":0.0,""6"":0.0,""8"":0.0}",0.0,0.0,0.0,0.0,0.0,0.0,0.0,b2a5ccfdc76c7889f045ad7e4e944f70ebf983b040bff05d89057f48610dac7c
bfa569fbae807b7f50c3389f,C_vs_Cp2__stability_core_3,c683c10822cc59ae7587,C_vs_Cp2,stability_core_3,fl3_entitled,discovery,joint_gaussian_regularized_cluster,measurement_missingness_concentration,1.5,0.25,empirically_never_passable,all_zero,,False,0.0,0.0,3,,,,False,False,0.0,True,0.0,0.0,"{""10"":0.0,""12"":0.0,""3"":0.0,""4"":0.0,""5"":0.0,""6"":0.0,""8"":0.0}","{""10"":0.0,""12"":0.0,""3"":0.0,""4"":0.0,""5"":0.0,""6"":0.0,""8"":0.0}",0.0,0.0,0.0,0.0,0.0,0.0,0.0,d43fc04be0a7a0c673bb2580fa127f7d3d46a7267373312adf953c69bd3881af
bfa569fbae807b7f50c3389f,C_vs_Cp2__stability_core_3,c683c10822cc59ae7587,C_vs_Cp2,stability_core_3,fl3_entitled,discovery,joint_gaussian_regularized_cluster,measurement_missingness_concentration,2.0,0.25,empirically_never_passable,all_zero,,False,0.0,0.0,3,,,,False,False,0.0,True,0.0,0.0,"{""10"":0.0,""12"":0.0,""3"":0.0,""4"":0.0,""5"":0.0,""6"":0.0,""8"":0.0}","{""10"":0.0,""12"":0.0,""3"":0.0,""4"":0.0,""5"":0.0,""6"":0.0,""8"":0.0}",0.0,0.0,0.0,0.0,0.0,0.0,0.0,63cb7d45d4cca0fb8c5b9fe93c90c1c2908ad4cde8238a6566531848d671ec98
bfa569fbae807b7f50c3389f,C_vs_Cp2__stability_core_3,c683c10822cc59ae7587,C_vs_Cp2,stability_core_3,fl3_entitled,discovery,joint_gaussian_regularized_cluster,measurement_missingness_concentration,0.25,0.5,empirically_never_passable,all_zero,,False,0.0,0.0,3,,,,False,False,0.0,True,0.0,0.0,"{""10"":0.0,""12"":0.0,""3"":0.0,""4"":0.0,""5"":0.0,""6"":0.0,""8"":0.0}","{""10"":0.0,""12"":0.0,""3"":0.0,""4"":0.0,""5"":0.0,""6"":0.0,""8"":0.0}",0.0,0.0,0.0,0.0,0.0,0.0,0.0,eb8d9710eb3bb71d8157a6a31b9dd1ab19f6b96c3d3ec9f451ab5bcbad1a947f
bfa569fbae807b7f50c3389f,C_vs_Cp2__stability_core_3,c683c10822cc59ae7587,C_vs_Cp2,stability_core_3,fl3_entitled,discovery,joint_gaussian_regularized_cluster,measurement_missingness_concentration,0.5,0.5,empirically_never_passable,all_zero,,False,0.0,0.0,3,,,,False,False,0.0,True,0.0,0.0,"{""10"":0.0,""12"":0.0,""3"":0.0,""4"":0.0,""5"":0.0,""6"":0.0,""8"":0.0}","{""10"":0.0,""12"":0.0,""3"":0.0,""4"":0.0,""5"":0.0,""6"":0.0,""8"":0.0}",0.0,0.0,0.0,0.0,0.0,0.0,0.0,74624138580dbe724ef71ef9636e5720134bef4ffd99d04a6052d1785b24ec90
bfa569fbae807b7f50c3389f,C_vs_Cp2__stability_core_3,c683c10822cc59ae7587,C_vs_Cp2,stability_core_3,fl3_entitled,discovery,joint_gaussian_regularized_cluster,measurement_missingness_concentration,0.75,0.5,empirically_never_passable,all_zero,,False,0.0,0.0,3,,,,False,False,0.0,True,0.0,0.0,"{""10"":0.0,""12"":0.0,""3"":0.0,""4"":0.0,""5"":0.0,""6"":0.0,""8"":0.0}","{""10"":0.0,""12"":0.0,""3"":0.0,""4"":0.0,""5"":0.0,""6"":0.0,""8"":0.0}",0.0,0.0,0.0,0.0,0.0,0.0,0.0,96b4b5fcc9597bee6ae12c70182009daf68e7e7f3705cebf4bdc7f0ef46ba180
bfa569fbae807b7f50c3389f,C_vs_Cp2__stability_core_3,c683c10822cc59ae7587,C_vs_Cp2,stability_core_3,fl3_entitled,discovery,joint_gaussian_regularized_cluster,measurement_missingness_concentration,1.0,0.5,empirically_never_passable,all_zero,,False,0.0,0.0,3,,,,False,False,0.0,True,0.0,0.0,"{""10"":0.0,""12"":0.0,""3"":0.0,""4"":0.0,""5"":0.0,""6"":0.0,""8"":0.0}","{""10"":0.0,""12"":0.0,""3"":0.0,""4"":0.0,""5"":0.0,""6"":0.0,""8"":0.0}",0.0,0.0,0.0,0.0,0.0,0.0,0.0,8bacc9a549f5ac6f9d30cddc1cb2bed9bdce72073d378bcc92ab601199a5bb44
bfa569fbae807b7f50c3389f,C_vs_Cp2__stability_core_3,c683c10822cc59ae7587,C_vs_Cp2,stability_core_3,fl3_entitled,discovery,joint_gaussian_regularized_cluster,measurement_missingness_concentration,1.5,0.5,empirically_never_passable,all_zero,,False,0.0,0.0,3,,,,False,False,0.0,True,0.0,0.0,"{""10"":0.0,""12"":0.0,""3"":0.0,""4"":0.0,""5"":0.0,""6"":0.0,""8"":0.0}","{""10"":0.0,""12"":0.0,""3"":0.0,""4"":0.0,""5"":0.0,""6"":0.0,""8"":0.0}",0.0,0.0,0.0,0.0,0.0,0.0,0.0,f4f71a03659e2925b71af4db9581574f688c4a8393962c00b781dbb0a00697bd
bfa569fbae807b7f50c3389f,C_vs_Cp2__stability_core_3,c683c10822cc59ae7587,C_vs_Cp2,stability_core_3,fl3_entitled,discovery,joint_gaussian_regularized_cluster,measurement_missingness_concentration,2.0,0.5,empirically_never_passable,all_zero,,False,0.0,0.0,3,,,,False,False,0.0,True,0.0,0.0,"{""10"":0.0,""12"":0.0,""3"":0.0,""4"":0.0,""5"":0.0,""6"":0.0,""8"":0.0}","{""10"":0.0,""12"":0.0,""3"":0.0,""4"":0.0,""5"":0.0,""6"":0.0,""8"":0.0}",0.0,0.0,0.0,0.0,0.0,0.0,0.0,594ccc47de2acdcd0e0c1660457385a300426be5198b82bac6fd6ed70e407134
bfa569fbae807b7f50c3389f,C_vs_Cp2__stability_core_3,c683c10822cc59ae7587,C_vs_Cp2,stability_core_3,fl3_entitled,discovery,joint_gaussian_regularized_cluster,measurement_missingness_concentration,0.25,1.0,empirically_never_passable,all_zero,,False,0.0,0.0,3,,,,False,False,0.0,True,0.0,0.0,"{""10"":0.0,""12"":0.0,""3"":0.0,""4"":0.0,""5"":0.0,""6"":0.0,""8"":0.0}","{""10"":0.0,""12"":0.0,""3"":0.0,""4"":0.0,""5"":0.0,""6"":0.0,""8"":0.0}",0.0,0.0,0.0,0.0,0.0,0.0,0.0,5be491a2647243c0622f8b5ac736bb5802085671f1b405ceb22b865c0df39025
bfa569fbae807b7f50c3389f,C_vs_Cp2__stability_core_3,c683c10822cc59ae7587,C_vs_Cp2,stability_core_3,fl3_entitled,discovery,joint_gaussian_regularized_cluster,measurement_missingness_concentration,0.5,1.0,empirically_never_passable,all_zero,,False,0.0,0.0,3,,,,False,False,0.0,True,0.0,0.0,"{""10"":0.0,""12"":0.0,""3"":0.0,""4"":0.0,""5"":0.0,""6"":0.0,""8"":0.0}","{""10"":0.0,""12"":0.0,""3"":0.0,""4"":0.0,""5"":0.0,""6"":0.0,""8"":0.0}",0.0,0.0,0.0,0.0,0.0,0.0,0.0,7e9daf52638aa8a241733c2c13ac52810f13fac77c32861f1635eda5531cb856
bfa569fbae807b7f50c3389f,C_vs_Cp2__stability_core_3,c683c10822cc59ae7587,C_vs_Cp2,stability_core_3,fl3_entitled,discovery,joint_gaussian_regularized_cluster,measurement_missingness_concentration,0.75,1.0,empirically_never_passable,all_zero,,False,0.0,0.0,3,,,,False,False,0.0,True,0.0,0.0,"{""10"":0.0,""12"":0.0,""3"":0.0,""4"":0.0,""5"":0.0,""6"":0.0,""8"":0.0}","{""10"":0.0,""12"":0.0,""3"":0.0,""4"":0.0,""5"":0.0,""6"":0.0,""8"":0.0}",0.0,0.0,0.0,0.0,0.0,0.0,0.0,af48b3440bf7ad914aa203be0a3162a78896081be081f63311259c591c84e798
bfa569fbae807b7f50c3389f,C_vs_Cp2__stability_core_3,c683c10822cc59ae7587,C_vs_Cp2,stability_core_3,fl3_entitled,discovery,joint_gaussian_regularized_cluster,measurement_missingness_concentration,1.0,1.0,empirically_never_passable,all_zero,,False,0.0,0.0,3,,,,False,False,0.0,True,0.0,0.0,"{""10"":0.0,""12"":0.0,""3"":0.0,""4"":0.0,""5"":0.0,""6"":0.0,""8"":0.0}","{""10"":0.0,""12"":0.0,""3"":0.0,""4"":0.0,""5"":0.0,""6"":0.0,""8"":0.0}",0.0,0.0,0.0,0.0,0.0,0.0,0.0,8617fa843a82de7c22ff9427326a3348e6995f14556d0283ce99331950838d57
bfa569fbae807b7f50c3389f,C_vs_Cp2__stability_core_3,c683c10822cc59ae7587,C_vs_Cp2,stability_core_3,fl3_entitled,discovery,joint_gaussian_regularized_cluster,measurement_missingness_concentration,1.5,1.0,empirically_never_passable,all_zero,,False,0.0,0.0,3,,,,False,False,0.0,True,0.0,0.0,"{""10"":0.0,""12"":0.0,""3"":0.0,""4"":0.0,""5"":0.0,""6"":0.0,""8"":0.0}","{""10"":0.0,""12"":0.0,""3"":0.0,""4"":0.0,""5"":0.0,""6"":0.0,""8"":0.0}",0.0,0.0,0.0,0.0,0.0,0.0,0.0,053f2eb306bd5431a30c24e34bc67c99c2f68bda7d6319990d372b3481304325
bfa569fbae807b7f50c3389f,C_vs_Cp2__stability_core_3,c683c10822cc59ae7587,C_vs_Cp2,stability_core_3,fl3_entitled,discovery,joint_gaussian_regularized_cluster,measurement_missingness_concentration,2.0,1.0,empirically_never_passable,all_zero,,False,0.0,0.0,3,,,,False,False,0.0,True,0.0,0.0,"{""10"":0.0,""12"":0.0,""3"":0.0,""4"":0.0,""5"":0.0,""6"":0.0,""8"":0.0}","{""10"":0.0,""12"":0.0,""3"":0.0,""4"":0.0,""5"":0.0,""6"":0.0,""8"":0.0}",0.0,0.0,0.0,0.0,0.0,0.0,0.0,e8cb2dee72020eb43155c2a2004c90200880647cb4974a76b3b89674e9459f80
d10b3aec4edc47fefb2bd92f,C_vs_Cp3__geometry_scores_only,8eb760d133ac749e3327,C_vs_Cp3,geometry_scores_only,fl3_entitlement_capped,discovery,joint_gaussian_regularized_cluster,measurement_missingness_concentration,0.0,0.0,empirically_never_passable,all_zero,,False,0.0,0.0,3,,,,False,False,0.0,True,0.0,0.0,"{""10"":0.0,""12"":0.0,""3"":0.0,""4"":0.0,""5"":0.0,""6"":0.0,""8"":0.0}","{""10"":0.0,""12"":0.0,""3"":0.0,""4"":0.0,""5"":0.0,""6"":0.0,""8"":0.0}",0.0,0.0,0.0,0.0,0.0,0.0,0.0,3475cabe2f08433343e11bab8e4906075ee52c7282484cc0e9ad530ce8f0ff07
d10b3aec4edc47fefb2bd92f,C_vs_Cp3__geometry_scores_only,8eb760d133ac749e3327,C_vs_Cp3,geometry_scores_only,fl3_entitlement_capped,discovery,joint_gaussian_regularized_cluster,measurement_missingness_concentration,0.25,0.0,empirically_never_passable,all_zero,,False,0.0,0.0,3,,,,False,False,0.0,True,0.0,0.0,"{""10"":0.0,""12"":0.0,""3"":0.0,""4"":0.0,""5"":0.0,""6"":0.0,""8"":0.0}","{""10"":0.0,""12"":0.0,""3"":0.0,""4"":0.0,""5"":0.0,""6"":0.0,""8"":0.0}",0.0,0.0,0.0,0.0,0.0,0.0,0.0,eb1b1c73aaa590c250971ca012aff8818b57268529e50cfb91d302b26bae1eff
d10b3aec4edc47fefb2bd92f,C_vs_Cp3__geometry_scores_only,8eb760d133ac749e3327,C_vs_Cp3,geometry_scores_only,fl3_entitlement_capped,discovery,joint_gaussian_regularized_cluster,measurement_missingness_concentration,0.5,0.0,empirically_never_passable,all_zero,,False,0.0,0.0,3,,,,False,False,0.0,True,0.0,0.0,"{""10"":0.0,""12"":0.0,""3"":0.0,""4"":0.0,""5"":0.0,""6"":0.0,""8"":0.0}","{""10"":0.0,""12"":0.0,""3"":0.0,""4"":0.0,""5"":0.0,""6"":0.0,""8"":0.0}",0.0,0.0,0.0,0.0,0.0,0.0,0.0,871afc65300d2dbd9eefd1b17a81f5715dcae00f004ddb75672cb050b9a1856e
d10b3aec4edc47fefb2bd92f,C_vs_Cp3__geometry_scores_only,8eb760d133ac749e3327,C_vs_Cp3,geometry_scores_only,fl3_entitlement_capped,discovery,joint_gaussian_regularized_cluster,measurement_missingness_concentration,0.75,0.0,empirically_never_passable,all_zero,,False,0.0,0.0,3,,,,False,False,0.0,True,0.0,0.0,"{""10"":0.0,""12"":0.0,""3"":0.0,""4"":0.0,""5"":0.0,""6"":0.0,""8"":0.0}","{""10"":0.0,""12"":0.0,""3"":0.0,""4"":0.0,""5"":0.0,""6"":0.0,""8"":0.0}",0.0,0.0,0.0,0.0,0.0,0.0,0.0,a52cf286ad45cf28a1c0c7b74d0c53d24a79b5ad5088ec9def0887fcbded30c8
d10b3aec4edc47fefb2bd92f,C_vs_Cp3__geometry_scores_only,8eb760d133ac749e3327,C_vs_Cp3,geometry_scores_only,fl3_entitlement_capped,discovery,joint_gaussian_regularized_cluster,measurement_missingness_concentration,1.0,0.0,empirically_never_passable,all_zero,,False,0.0,0.0,3,,,,False,False,0.0,True,0.0,0.0,"{""10"":0.0,""12"":0.0,""3"":0.0,""4"":0.0,""5"":0.0,""6"":0.0,""8"":0.0}","{""10"":0.0,""12"":0.0,""3"":0.0,""4"":0.0,""5"":0.0,""6"":0.0,""8"":0.0}",0.0,0.0,0.0,0.0,0.0,0.0,0.0,36d9e7f546d4a09c896cb6441a3abf085ec22684b39fc428175f59621cc00c30
d10b3aec4edc47fefb2bd92f,C_vs_Cp3__geometry_scores_only,8eb760d133ac749e3327,C_vs_Cp3,geometry_scores_only,fl3_entitlement_capped,discovery,joint_gaussian_regularized_cluster,measurement_missingness_concentration,1.5,0.0,empirically_never_passable,all_zero,,False,0.0,0.0,3,,,,False,False,0.0,True,0.0,0.0,"{""10"":0.0,""12"":0.0,""3"":0.0,""4"":0.0,""5"":0.0,""6"":0.0,""8"":0.0}","{""10"":0.0,""12"":0.0,""3"":0.0,""4"":0.0,""5"":0.0,""6"":0.0,""8"":0.0}",0.0,0.0,0.0,0.0,0.0,0.0,0.0,287bd783638b71d47d26ed3b16a5982600b1ec98b5a37ba171d30941ed95efd6
d10b3aec4edc47fefb2bd92f,C_vs_Cp3__geometry_scores_only,8eb760d133ac749e3327,C_vs_Cp3,geometry_scores_only,fl3_entitlement_capped,discovery,joint_gaussian_regularized_cluster,measurement_missingness_concentration,2.0,0.0,empirically_never_passable,all_zero,,False,0.0,0.0,3,,,,False,False,0.0,True,0.0,0.0,"{""10"":0.0,""12"":0.0,""3"":0.0,""4"":0.0,""5"":0.0,""6"":0.0,""8"":0.0}","{""10"":0.0,""12"":0.0,""3"":0.0,""4"":0.0,""5"":0.0,""6"":0.0,""8"":0.0}",0.0,0.0,0.0,0.0,0.0,0.0,0.0,149c0626a23c2facfda333711996824c4b5110e947ed736d12d8f2251f4f867b
d10b3aec4edc47fefb2bd92f,C_vs_Cp3__geometry_scores_only,8eb760d133ac749e3327,C_vs_Cp3,geometry_scores_only,fl3_entitlement_capped,discovery,joint_gaussian_regularized_cluster,measurement_missingness_concentration,0.25,0.25,empirically_never_passable,all_zero,,False,0.0,0.0,3,,,,False,False,0.0,True,0.0,0.0,"{""10"":0.0,""12"":0.0,""3"":0.0,""4"":0.0,""5"":0.0,""6"":0.0,""8"":0.0}","{""10"":0.0,""12"":0.0,""3"":0.0,""4"":0.0,""5"":0.0,""6"":0.0,""8"":0.0}",0.0,0.0,0.0,0.0,0.0,0.0,0.0,9a200e8258936784f0889915a27905d37b958da94ca2670d7aa5cc95461d004c
d10b3aec4edc47fefb2bd92f,C_vs_Cp3__geometry_scores_only,8eb760d133ac749e3327,C_vs_Cp3,geometry_scores_only,fl3_entitlement_capped,discovery,joint_gaussian_regularized_cluster,measurement_missingness_concentration,0.5,0.25,empirically_never_passable,all_zero,,False,0.0,0.0,3,,,,False,False,0.0,True,0.0,0.0,"{""10"":0.0,""12"":0.0,""3"":0.0,""4"":0.0,""5"":0.0,""6"":0.0,""8"":0.0}","{""10"":0.0,""12"":0.0,""3"":0.0,""4"":0.0,""5"":0.0,""6"":0.0,""8"":0.0}",0.0,0.0,0.0,0.0,0.0,0.0,0.0,ed44e927c148cb7eb642fb759f7cac069cd9b2107518d4b9f263f08a296b6a00
d10b3aec4edc47fefb2bd92f,C_vs_Cp3__geometry_scores_only,8eb760d133ac749e3327,C_vs_Cp3,geometry_scores_only,fl3_entitlement_capped,discovery,joint_gaussian_regularized_cluster,measurement_missingness_concentration,0.75,0.25,empirically_never_passable,all_zero,,False,0.0,0.0,3,,,,False,False,0.0,True,0.0,0.0,"{""10"":0.0,""12"":0.0,""3"":0.0,""4"":0.0,""5"":0.0,""6"":0.0,""8"":0.0}","{""10"":0.0,""12"":0.0,""3"":0.0,""4"":0.0,""5"":0.0,""6"":0.0,""8"":0.0}",0.0,0.0,0.0,0.0,0.0,0.0,0.0,1660636dc49ca31f58174d487e683e391b77feaffa23a66e53c0d5d7456ba836
d10b3aec4edc47fefb2bd92f,C_vs_Cp3__geometry_scores_only,8eb760d133ac749e3327,C_vs_Cp3,geometry_scores_only,fl3_entitlement_capped,discovery,joint_gaussian_regularized_cluster,measurement_missingness_concentration,1.0,0.25,empirically_never_passable,all_zero,,False,0.0,0.0,3,,,,False,False,0.0,True,0.0,0.0,"{""10"":0.0,""12"":0.0,""3"":0.0,""4"":0.0,""5"":0.0,""6"":0.0,""8"":0.0}","{""10"":0.0,""12"":0.0,""3"":0.0,""4"":0.0,""5"":0.0,""6"":0.0,""8"":0.0}",0.0,0.0,0.0,0.0,0.0,0.0,0.0,7261daf15a03e674a22a29c5fc7eeea1af18a502ebea83f14854fdbda9ca2927
d10b3aec4edc47fefb2bd92f,C_vs_Cp3__geometry_scores_only,8eb760d133ac749e3327,C_vs_Cp3,geometry_scores_only,fl3_entitlement_capped,discovery,joint_gaussian_regularized_cluster,measurement_missingness_concentration,1.5,0.25,empirically_never_passable,all_zero,,False,0.0,0.0,3,,,,False,False,0.0,True,0.0,0.0,"{""10"":0.0,""12"":0.0,""3"":0.0,""4"":0.0,""5"":0.0,""6"":0.0,""8"":0.0}","{""10"":0.0,""12"":0.0,""3"":0.0,""4"":0.0,""5"":0.0,""6"":0.0,""8"":0.0}",0.0,0.0,0.0,0.0,0.0,0.0,0.0,7630bd894dd089f5ad040069678e31b644df9647191eacec67fc158599f39a4c
d10b3aec4edc47fefb2bd92f,C_vs_Cp3__geometry_scores_only,8eb760d133ac749e3327,C_vs_Cp3,geometry_scores_only,fl3_entitlement_capped,discovery,joint_gaussian_regularized_cluster,measurement_missingness_concentration,2.0,0.25,empirically_never_passable,all_zero,,False,0.0,0.0,3,,,,False,False,0.0,True,0.0,0.0,"{""10"":0.0,""12"":0.0,""3"":0.0,""4"":0.0,""5"":0.0,""6"":0.0,""8"":0.0}","{""10"":0.0,""12"":0.0,""3"":0.0,""4"":0.0,""5"":0.0,""6"":0.0,""8"":0.0}",0.0,0.0,0.0,0.0,0.0,0.0,0.0,dd30ad96663d0b68efc6e5aad9a8fd55735c6a17f85578fde678395320b7858f
d10b3aec4edc47fefb2bd92f,C_vs_Cp3__geometry_scores_only,8eb760d133ac749e3327,C_vs_Cp3,geometry_scores_only,fl3_entitlement_capped,discovery,joint_gaussian_regularized_cluster,measurement_missingness_concentration,0.25,0.5,empirically_never_passable,all_zero,,False,0.0,0.0,3,,,,False,False,0.0,True,0.0,0.0,"{""10"":0.0,""12"":0.0,""3"":0.0,""4"":0.0,""5"":0.0,""6"":0.0,""8"":0.0}","{""10"":0.0,""12"":0.0,""3"":0.0,""4"":0.0,""5"":0.0,""6"":0.0,""8"":0.0}",0.0,0.0,0.0,0.0,0.0,0.0,0.0,e014e470bb50898e050bc279c864c2b1e92255cc6a734ec1337c8a67733357de
d10b3aec4edc47fefb2bd92f,C_vs_Cp3__geometry_scores_only,8eb760d133ac749e3327,C_vs_Cp3,geometry_scores_only,fl3_entitlement_capped,discovery,joint_gaussian_regularized_cluster,measurement_missingness_concentration,0.5,0.5,empirically_never_passable,all_zero,,False,0.0,0.0,3,,,,False,False,0.0,True,0.0,0.0,"{""10"":0.0,""12"":0.0,""3"":0.0,""4"":0.0,""5"":0.0,""6"":0.0,""8"":0.0}","{""10"":0.0,""12"":0.0,""3"":0.0,""4"":0.0,""5"":0.0,""6"":0.0,""8"":0.0}",0.0,0.0,0.0,0.0,0.0,0.0,0.0,54b2ba3e5dc1411df34e70fcb51c5e9a4c5883b7626cc8862d0cb8524b5a7c32
d10b3aec4edc47fefb2bd92f,C_vs_Cp3__geometry_scores_only,8eb760d133ac749e3327,C_vs_Cp3,geometry_scores_only,fl3_entitlement_capped,discovery,joint_gaussian_regularized_cluster,measurement_missingness_concentration,0.75,0.5,empirically_never_passable,all_zero,,False,0.0,0.0,3,,,,False,False,0.0,True,0.0,0.0,"{""10"":0.0,""12"":0.0,""3"":0.0,""4"":0.0,""5"":0.0,""6"":0.0,""8"":0.0}","{""10"":0.0,""12"":0.0,""3"":0.0,""4"":0.0,""5"":0.0,""6"":0.0,""8"":0.0}",0.0,0.0,0.0,0.0,0.0,0.0,0.0,dfa6b1e7531d0e5ef3ab3451f3b00c47db8d2a752d665891f228fb9239504501
d10b3aec4edc47fefb2bd92f,C_vs_Cp3__geometry_scores_only,8eb760d133ac749e3327,C_vs_Cp3,geometry_scores_only,fl3_entitlement_capped,discovery,joint_gaussian_regularized_cluster,measurement_missingness_concentration,1.0,0.5,empirically_never_passable,all_zero,,False,0.0,0.0,3,,,,False,False,0.0,True,0.0,0.0,"{""10"":0.0,""12"":0.0,""3"":0.0,""4"":0.0,""5"":0.0,""6"":0.0,""8"":0.0}","{""10"":0.0,""12"":0.0,""3"":0.0,""4"":0.0,""5"":0.0,""6"":0.0,""8"":0.0}",0.0,0.0,0.0,0.0,0.0,0.0,0.0,138400e4eec5d28bf4362ec994219775331c92d88ac4672760b4ba9a3358a229
d10b3aec4edc47fefb2bd92f,C_vs_Cp3__geometry_scores_only,8eb760d133ac749e3327,C_vs_Cp3,geometry_scores_only,fl3_entitlement_capped,discovery,joint_gaussian_regularized_cluster,measurement_missingness_concentration,1.5,0.5,empirically_never_passable,all_zero,,False,0.0,0.0,3,,,,False,False,0.0,True,0.0,0.0,"{""10"":0.0,""12"":0.0,""3"":0.0,""4"":0.0,""5"":0.0,""6"":0.0,""8"":0.0}","{""10"":0.0,""12"":0.0,""3"":0.0,""4"":0.0,""5"":0.0,""6"":0.0,""8"":0.0}",0.0,0.0,0.0,0.0,0.0,0.0,0.0,8c3cbd6161397d5a1c48b74240b11e3d769d2a9e1449ce97fce77f4d74f89a1a
d10b3aec4edc47fefb2bd92f,C_vs_Cp3__geometry_scores_only,8eb760d133ac749e3327,C_vs_Cp3,geometry_scores_only,fl3_entitlement_capped,discovery,joint_gaussian_regularized_cluster,measurement_missingness_concentration,2.0,0.5,empirically_never_passable,all_zero,,False,0.0,0.0,3,,,,False,False,0.0,True,0.0,0.0,"{""10"":0.0,""12"":0.0,""3"":0.0,""4"":0.0,""5"":0.0,""6"":0.0,""8"":0.0}","{""10"":0.0,""12"":0.0,""3"":0.0,""4"":0.0,""5"":0.0,""6"":0.0,""8"":0.0}",0.0,0.0,0.0,0.0,0.0,0.0,0.0,539ab9174933d2005a4ffff511f15bd9d5672e6756dca9480a5d6dd238645bf5
d10b3aec4edc47fefb2bd92f,C_vs_Cp3__geometry_scores_only,8eb760d133ac749e3327,C_vs_Cp3,geometry_scores_only,fl3_entitlement_capped,discovery,joint_gaussian_regularized_cluster,measurement_missingness_concentration,0.25,1.0,empirically_never_passable,all_zero,,False,0.0,0.0,3,,,,False,False,0.0,True,0.0,0.0,"{""10"":0.0,""12"":0.0,""3"":0.0,""4"":0.0,""5"":0.0,""6"":0.0,""8"":0.0}","{""10"":0.0,""12"":0.0,""3"":0.0,""4"":0.0,""5"":0.0,""6"":0.0,""8"":0.0}",0.0,0.0,0.0,0.0,0.0,0.0,0.0,9d7d7de6adf5715594ad46912805a8cea1866268f12e62c6371c979620130d34
d10b3aec4edc47fefb2bd92f,C_vs_Cp3__geometry_scores_only,8eb760d133ac749e3327,C_vs_Cp3,geometry_scores_only,fl3_entitlement_capped,discovery,joint_gaussian_regularized_cluster,measurement_missingness_concentration,0.5,1.0,empirically_never_passable,all_zero,,False,0.0,0.0,3,,,,False,False,0.0,True,0.0,0.0,"{""10"":0.0,""12"":0.0,""3"":0.0,""4"":0.0,""5"":0.0,""6"":0.0,""8"":0.0}","{""10"":0.0,""12"":0.0,""3"":0.0,""4"":0.0,""5"":0.0,""6"":0.0,""8"":0.0}",0.0,0.0,0.0,0.0,0.0,0.0,0.0,33d9672c747cd879629e8916a8653cede1cfad5be430bc0f39ffd7e620c63df7
d10b3aec4edc47fefb2bd92f,C_vs_Cp3__geometry_scores_only,8eb760d133ac749e3327,C_vs_Cp3,geometry_scores_only,fl3_entitlement_capped,discovery,joint_gaussian_regularized_cluster,measurement_missingness_concentration,0.75,1.0,empirically_never_passable,all_zero,,False,0.0,0.0,3,,,,False,False,0.0,True,0.0,0.0,"{""10"":0.0,""12"":0.0,""3"":0.0,""4"":0.0,""5"":0.0,""6"":0.0,""8"":0.0}","{""10"":0.0,""12"":0.0,""3"":0.0,""4"":0.0,""5"":0.0,""6"":0.0,""8"":0.0}",0.0,0.0,0.0,0.0,0.0,0.0,0.0,615e920f1e8758b49150536257ba8c8691bc9151c4c74120a2b2c75e830382eb
d10b3aec4edc47fefb2bd92f,C_vs_Cp3__geometry_scores_only,8eb760d133ac749e3327,C_vs_Cp3,geometry_scores_only,fl3_entitlement_capped,discovery,joint_gaussian_regularized_cluster,measurement_missingness_concentration,1.0,1.0,empirically_never_passable,all_zero,,False,0.0,0.0,3,,,,False,False,0.0,True,0.0,0.0,"{""10"":0.0,""12"":0.0,""3"":0.0,""4"":0.0,""5"":0.0,""6"":0.0,""8"":0.0}","{""10"":0.0,""12"":0.0,""3"":0.0,""4"":0.0,""5"":0.0,""6"":0.0,""8"":0.0}",0.0,0.0,0.0,0.0,0.0,0.0,0.0,d207ff8c3dbc008b2aacfb3a487054ffa14fe8a9f7d9b73d969671f400c86431
d10b3aec4edc47fefb2bd92f,C_vs_Cp3__geometry_scores_only,8eb760d133ac749e3327,C_vs_Cp3,geometry_scores_only,fl3_entitlement_capped,discovery,joint_gaussian_regularized_cluster,measurement_missingness_concentration,1.5,1.0,empirically_never_passable,all_zero,,False,0.0,0.0,3,,,,False,False,0.0,True,0.0,0.0,"{""10"":0.0,""12"":0.0,""3"":0.0,""4"":0.0,""5"":0.0,""6"":0.0,""8"":0.0}","{""10"":0.0,""12"":0.0,""3"":0.0,""4"":0.0,""5"":0.0,""6"":0.0,""8"":0.0}",0.0,0.0,0.0,0.0,0.0,0.0,0.0,ebac57d6e939d41519094bcdf5ff49fa0d2df0c492fcce617c63970c6bc4beb7
d10b3aec4edc47fefb2bd92f,C_vs_Cp3__geometry_scores_only,8eb760d133ac749e3327,C_vs_Cp3,geometry_scores_only,fl3_entitlement_capped,discovery,joint_gaussian_regularized_cluster,measurement_missingness_concentration,2.0,1.0,empirically_never_passable,all_zero,,False,0.0,0.0,3,,,,False,False,0.0,True,0.0,0.0,"{""10"":0.0,""12"":0.0,""3"":0.0,""4"":0.0,""5"":0.0,""6"":0.0,""8"":0.0}","{""10"":0.0,""12"":0.0,""3"":0.0,""4"":0.0,""5"":0.0,""6"":0.0,""8"":0.0}",0.0,0.0,0.0,0.0,0.0,0.0,0.0,5c663434b569745591a540d89b0c2fa3d2b6f06cc5e0c132154974a8ae679ed3
fe17c18b39eb86c6e9f982bd,C_vs_Cp3__path_shares_only,28ecf7e42b861405b6b3,C_vs_Cp3,path_shares_only,fl3_entitled,discovery,joint_gaussian_regularized_cluster,measurement_missingness_concentration,0.0,0.0,empirically_never_passable,all_zero,,False,0.0,0.0,3,,,,False,False,0.0,True,0.0,9.082,"{""10"":0.0,""12"":0.0,""3"":0.0,""4"":0.0,""5"":0.0,""6"":0.0,""8"":0.0}","{""10"":7.57,""12"":9.082,""3"":2.219,""4"":2.989,""5"":3.771,""6"":4.546,""8"":6.069}",0.0,0.0,0.0,0.0,0.0,0.0,0.0,5a04c7d7b3ce62ac26d96cae72367adbba20eb22d5a5d020f940ce4c07c4ccc7
fe17c18b39eb86c6e9f982bd,C_vs_Cp3__path_shares_only,28ecf7e42b861405b6b3,C_vs_Cp3,path_shares_only,fl3_entitled,discovery,joint_gaussian_regularized_cluster,measurement_missingness_concentration,0.25,0.0,early_passable,observed_non_decreasing,4.0,True,0.578,0.578,12,12.0,,,False,False,0.15199999999999997,False,0.507,8.912,"{""10"":0.426,""12"":0.578,""3"":0.0,""4"":0.007,""5"":0.035,""6"":0.071,""8"":0.24}","{""10"":7.429,""12"":8.912,""3"":2.252,""4"":2.997,""5"":3.733,""6"":4.478,""8"":5.961}",0.0,0.007,0.035,0.071,0.24,0.426,0.578,da709c1ac1a4ed5127ea330ba38c6bac7ab528103dd99caf4b14035056fd8226
fe17c18b39eb86c6e9f982bd,C_vs_Cp3__path_shares_only,28ecf7e42b861405b6b3,C_vs_Cp3,path_shares_only,fl3_entitled,discovery,joint_gaussian_regularized_cluster,measurement_missingness_concentration,0.5,0.0,early_passable,observed_non_decreasing,4.0,True,0.923,0.923,12,8.0,10.0,12.0,False,False,0.10100000000000009,False,0.581,8.976,"{""10"":0.822,""12"":0.923,""3"":0.0,""4"":0.061,""5"":0.186,""6"":0.342,""8"":0.626}","{""10"":7.48,""12"":8.976,""3"":2.233,""4"":2.972,""5"":3.719,""6"":4.476,""8"":5.972}",0.0,0.061,0.186,0.342,0.626,0.822,0.923,fa16402df7b24e77d0f8a8de1e56075f62f306c1478f6a84ce095e9ab54ef374
fe17c18b39eb86c6e9f982bd,C_vs_Cp3__path_shares_only,28ecf7e42b861405b6b3,C_vs_Cp3,path_shares_only,fl3_entitled,discovery,joint_gaussian_regularized_cluster,measurement_missingness_concentration,0.75,0.0,early_passable,observed_non_decreasing,4.0,True,0.984,0.984,12,6.0,8.0,10.0,False,False,0.025000000000000022,False,0.42899999999999994,8.953,"{""10"":0.959,""12"":0.984,""3"":0.0,""4"":0.147,""5"":0.348,""6"":0.555,""8"":0.84}","{""10"":7.457,""12"":8.953,""3"":2.233,""4"":3.008,""5"":3.75,""6"":4.493,""8"":5.975}",0.0,0.147,0.348,0.555,0.84,0.959,0.984,7272a829071091167bddc84be1436b93d17ab1fcbfd4139f124ac0fa060e83bf
fe17c18b39eb86c6e9f982bd,C_vs_Cp3__path_shares_only,28ecf7e42b861405b6b3,C_vs_Cp3,path_shares_only,fl3_entitled,discovery,joint_gaussian_regularized_cluster,measurement_missingness_concentration,1.0,0.0,early_passable,observed_non_decreasing,4.0,True,0.997,0.997,12,6.0,8.0,8.0,False,False,0.014000000000000012,False,0.30999999999999994,9.029,"{""10"":0.983,""12"":0.997,""3"":0.0,""4"":0.205,""5"":0.477,""6"":0.687,""8"":0.916}","{""10"":7.533,""12"":9.029,""3"":2.239,""4"":2.987,""5"":3.763,""6"":4.496,""8"":6.01}",0.0,0.205,0.477,0.687,0.916,0.983,0.997,5fb7e49095cd28a6f3b50a16553836f38414e4ce20e8b7eb543ec3735ea5c56a
fe17c18b39eb86c6e9f982bd,C_vs_Cp3__path_shares_only,28ecf7e42b861405b6b3,C_vs_Cp3,path_shares_only,fl3_entitled,discovery,joint_gaussian_regularized_cluster,measurement_missingness_concentration,1.5,0.0,early_passable,observed_non_decreasing,4.0,True,1.0,1.0,12,5.0,8.0,8.0,False,False,0.006000000000000005,True,0.22899999999999998,9.035,"{""10"":0.994,""12"":1.0,""3"":0.0,""4"":0.261,""5"":0.553,""6"":0.771,""8"":0.957}","{""10"":7.546,""12"":9.035,""3"":2.239,""4"":2.977,""5"":3.724,""6"":4.473,""8"":5.994}",0.0,0.261,0.553,0.771,0.957,0.994,1.0,0371beb3024959f9fd0957bf2e3fd13619ad519087d6068a7a79154cb2907be3
fe17c18b39eb86c6e9f982bd,C_vs_Cp3__path_shares_only,28ecf7e42b861405b6b3,C_vs_Cp3,path_shares_only,fl3_entitled,discovery,joint_gaussian_regularized_cluster,measurement_missingness_concentration,2.0,0.0,early_passable,observed_non_decreasing,4.0,True,1.0,1.0,12,5.0,6.0,8.0,False,False,0.007000000000000006,True,0.17600000000000005,8.972,"{""10"":0.993,""12"":1.0,""3"":0.0,""4"":0.291,""5"":0.591,""6"":0.824,""8"":0.971}","{""10"":7.501,""12"":8.972,""3"":2.22,""4"":2.974,""5"":3.722,""6"":4.472,""8"":5.984}",0.0,0.291,0.591,0.824,0.971,0.993,1.0,56d36454300edf30cb184459df1628bed1f0ebc5fc404088402aae3563b71c62
fe17c18b39eb86c6e9f982bd,C_vs_Cp3__path_shares_only,28ecf7e42b861405b6b3,C_vs_Cp3,path_shares_only,fl3_entitled,discovery,joint_gaussian_regularized_cluster,measurement_missingness_concentration,0.25,0.25,early_passable,observed_non_decreasing,4.0,True,0.57,0.57,12,12.0,,,False,False,0.14999999999999997,False,0.49099999999999994,8.937,"{""10"":0.42,""12"":0.57,""3"":0.0,""4"":0.007,""5"":0.034,""6"":0.079,""8"":0.237}","{""10"":7.438,""12"":8.937,""3"":2.257,""4"":2.965,""5"":3.723,""6"":4.469,""8"":5.946}",0.0,0.007,0.034,0.079,0.237,0.42,0.57,5659380521166f98fcb5994cfa0ad862352a94043a9ea5d1b115216d18ddedce
fe17c18b39eb86c6e9f982bd,C_vs_Cp3__path_shares_only,28ecf7e42b861405b6b3,C_vs_Cp3,path_shares_only,fl3_entitled,discovery,joint_gaussian_regularized_cluster,measurement_missingness_concentration,0.5,0.25,early_passable,observed_non_decreasing,4.0,True,0.933,0.933,12,8.0,10.0,12.0,False,False,0.08700000000000008,False,0.5940000000000001,8.942,"{""10"":0.846,""12"":0.933,""3"":0.0,""4"":0.071,""5"":0.18,""6"":0.339,""8"":0.642}","{""10"":7.457,""12"":8.942,""3"":2.221,""4"":2.956,""5"":3.697,""6"":4.439,""8"":5.94}",0.0,0.071,0.18,0.339,0.642,0.846,0.933,66a935d9ce356e3a74a3a04bb7bac09c89c28185ef80c36a0d4180779fb3d6d9
fe17c18b39eb86c6e9f982bd,C_vs_Cp3__path_shares_only,28ecf7e42b861405b6b3,C_vs_Cp3,path_shares_only,fl3_entitled,discovery,joint_gaussian_regularized_cluster,measurement_missingness_concentration,0.75,0.25,early_passable,observed_non_decreasing,4.0,True,0.985,0.985,12,6.0,8.0,10.0,False,False,0.03500000000000003,False,0.41400000000000003,8.995,"{""10"":0.95,""12"":0.985,""3"":0.0,""4"":0.141,""5"":0.363,""6"":0.571,""8"":0.846}","{""10"":7.493,""12"":8.995,""3"":2.243,""4"":2.99,""5"":3.757,""6"":4.508,""8"":6.012}",0.0,0.141,0.363,0.571,0.846,0.95,0.985,33727333800be693c96fa6cfd7ef360404faa1cc13946133b32fb94e01713c57
fe17c18b39eb86c6e9f982bd,C_vs_Cp3__path_shares_only,28ecf7e42b861405b6b3,C_vs_Cp3,path_shares_only,fl3_entitled,discovery,joint_gaussian_regularized_cluster,measurement_missingness_concentration,1.0,0.25,early_passable,observed_non_decreasing,4.0,True,0.998,0.998,12,6.0,8.0,8.0,False,False,0.019000000000000017,False,0.30100000000000005,8.956,"{""10"":0.979,""12"":0.998,""3"":0.0,""4"":0.204,""5"":0.479,""6"":0.697,""8"":0.902}","{""10"":7.427,""12"":8.956,""3"":2.229,""4"":2.957,""5"":3.693,""6"":4.456,""8"":5.944}",0.0,0.204,0.479,0.697,0.902,0.979,0.998,7909914de96f0d0257b031b71c353062c0eb000fe05889be77ff0e1633456bc0
fe17c18b39eb86c6e9f982bd,C_vs_Cp3__path_shares_only,28ecf7e42b861405b6b3,C_vs_Cp3,path_shares_only,fl3_entitled,discovery,joint_gaussian_regularized_cluster,measurement_missingness_concentration,1.5,0.25,early_passable,observed_non_decreasing,4.0,True,0.999,0.999,12,5.0,8.0,8.0,False,False,0.007000000000000006,True,0.21299999999999997,8.976,"{""10"":0.992,""12"":0.999,""3"":0.0,""4"":0.279,""5"":0.573,""6"":0.786,""8"":0.958}","{""10"":7.492,""12"":8.976,""3"":2.228,""4"":2.982,""5"":3.745,""6"":4.484,""8"":5.993}",0.0,0.279,0.573,0.786,0.958,0.992,0.999,c5966a09ab81f8d6e35a35d5c345a4a953d306405a7152bfebdc22c01548a991
fe17c18b39eb86c6e9f982bd,C_vs_Cp3__path_shares_only,28ecf7e42b861405b6b3,C_vs_Cp3,path_shares_only,fl3_entitled,discovery,joint_gaussian_regularized_cluster,measurement_missingness_concentration,2.0,0.25,early_passable,observed_non_decreasing,4.0,True,0.999,0.999,12,5.0,6.0,8.0,False,False,0.0010000000000000009,True,0.17100000000000004,9.076,"{""10"":0.998,""12"":0.999,""3"":0.0,""4"":0.314,""5"":0.642,""6"":0.828,""8"":0.968}","{""10"":7.567,""12"":9.076,""3"":2.278,""4"":3.028,""5"":3.806,""6"":4.567,""8"":6.053}",0.0,0.314,0.642,0.828,0.968,0.998,0.999,85d029ebb80d48fe78528e30751f09efeee64fa8a4aad40d0d4cc73917be2932
fe17c18b39eb86c6e9f982bd,C_vs_Cp3__path_shares_only,28ecf7e42b861405b6b3,C_vs_Cp3,path_shares_only,fl3_entitled,discovery,joint_gaussian_regularized_cluster,measurement_missingness_concentration,0.25,0.5,early_passable,observed_non_decreasing,4.0,True,0.509,0.509,12,12.0,,,False,False,0.127,False,0.431,8.988,"{""10"":0.382,""12"":0.509,""3"":0.0,""4"":0.011,""5"":0.032,""6"":0.078,""8"":0.209}","{""10"":7.462,""12"":8.988,""3"":2.259,""4"":2.991,""5"":3.723,""6"":4.491,""8"":5.969}",0.0,0.011,0.032,0.078,0.209,0.382,0.509,394087cefe45853afa4ad7a51db3e3ac679d0078990691478876ed3779ad1e22
fe17c18b39eb86c6e9f982bd,C_vs_Cp3__path_shares_only,28ecf7e42b861405b6b3,C_vs_Cp3,path_shares_only,fl3_entitled,discovery,joint_gaussian_regularized_cluster,measurement_missingness_concentration,0.5,0.5,early_passable,observed_non_decreasing,4.0,True,0.824,0.824,12,8.0,12.0,,False,False,0.07599999999999996,False,0.46199999999999997,8.958,"{""10"":0.748,""12"":0.824,""3"":0.0,""4"":0.056,""5"":0.19,""6"":0.362,""8"":0.609}","{""10"":7.506,""12"":8.958,""3"":2.242,""4"":2.979,""5"":3.757,""6"":4.51,""8"":6.011}",0.0,0.056,0.19,0.362,0.609,0.748,0.824,89249456ebd2c5e6851ff9fa66577258f09f1e3aea86e6fbcc05650a801d73f9
fe17c18b39eb86c6e9f982bd,C_vs_Cp3__path_shares_only,28ecf7e42b861405b6b3,C_vs_Cp3,path_shares_only,fl3_entitled,discovery,joint_gaussian_regularized_cluster,measurement_missingness_concentration,0.75,0.5,early_passable,observed_non_decreasing,4.0,True,0.91,0.91,12,6.0,10.0,12.0,False,False,0.051000000000000045,False,0.39,8.962,"{""10"":0.859,""12"":0.91,""3"":0.0,""4"":0.129,""5"":0.338,""6"":0.52,""8"":0.766}","{""10"":7.465,""12"":8.962,""3"":2.244,""4"":2.988,""5"":3.742,""6"":4.492,""8"":5.977}",0.0,0.129,0.338,0.52,0.766,0.859,0.91,cc3123faa0398ec6e9690a4ae04df976196e7bcfb366d85be9f2077b8c234698
fe17c18b39eb86c6e9f982bd,C_vs_Cp3__path_shares_only,28ecf7e42b861405b6b3,C_vs_Cp3,path_shares_only,fl3_entitled,discovery,joint_gaussian_regularized_cluster,measurement_missingness_concentration,1.0,0.5,early_passable,observed_non_decreasing,4.0,True,0.955,0.955,12,6.0,8.0,10.0,False,False,0.03399999999999992,False,0.30199999999999994,8.969,"{""10"":0.921,""12"":0.955,""3"":0.0,""4"":0.178,""5"":0.431,""6"":0.653,""8"":0.85}","{""10"":7.474,""12"":8.969,""3"":2.255,""4"":3.007,""5"":3.754,""6"":4.507,""8"":5.952}",0.0,0.178,0.431,0.653,0.85,0.921,0.955,75ceaed518bf5119b0e98bd1bc6d932ccdccf46dc675e9c93a7180864d3bed9f
fe17c18b39eb86c6e9f982bd,C_vs_Cp3__path_shares_only,28ecf7e42b861405b6b3,C_vs_Cp3,path_shares_only,fl3_entitled,discovery,joint_gaussian_regularized_cluster,measurement_missingness_concentration,1.5,0.5,early_passable,observed_non_decreasing,4.0,True,0.971,0.971,12,5.0,8.0,8.0,False,False,0.015000000000000013,False,0.22699999999999998,8.991,"{""10"":0.956,""12"":0.971,""3"":0.0,""4"":0.283,""5"":0.562,""6"":0.744,""8"":0.903}","{""10"":7.482,""12"":8.991,""3"":2.274,""4"":3.036,""5"":3.785,""6"":4.545,""8"":5.992}",0.0,0.283,0.562,0.744,0.903,0.956,0.971,cb63b2454bdc9c4e1d5c2248969dcb761b6fc567aaeea57aff8a2c24da858fdc
fe17c18b39eb86c6e9f982bd,C_vs_Cp3__path_shares_only,28ecf7e42b861405b6b3,C_vs_Cp3,path_shares_only,fl3_entitled,discovery,joint_gaussian_regularized_cluster,measurement_missingness_concentration,2.0,0.5,early_passable,observed_non_decreasing,4.0,True,0.977,0.977,12,5.0,8.0,8.0,False,False,0.013000000000000012,False,0.22699999999999998,8.982,"{""10"":0.964,""12"":0.977,""3"":0.0,""4"":0.293,""5"":0.577,""6"":0.75,""8"":0.922}","{""10"":7.498,""12"":8.982,""3"":2.257,""4"":3.002,""5"":3.739,""6"":4.504,""8"":5.999}",0.0,0.293,0.577,0.75,0.922,0.964,0.977,27b77b9a715530344abe75a01ff544d05dd1a0b3b185af167ff4f614ea523248
fe17c18b39eb86c6e9f982bd,C_vs_Cp3__path_shares_only,28ecf7e42b861405b6b3,C_vs_Cp3,path_shares_only,fl3_entitled,discovery,joint_gaussian_regularized_cluster,measurement_missingness_concentration,0.25,1.0,early_passable,observed_non_decreasing,4.0,True,0.242,0.242,12,,,,False,True,0.011999999999999983,False,0.16499999999999998,8.921,"{""10"":0.23,""12"":0.242,""3"":0.0,""4"":0.008,""5"":0.039,""6"":0.077,""8"":0.174}","{""10"":7.425,""12"":8.921,""3"":2.21,""4"":2.965,""5"":3.698,""6"":4.453,""8"":5.944}",0.0,0.008,0.039,0.077,0.174,0.23,0.242,b4d2e24c322c7323197c5a286e7bcf4dc624be3a8a7887d61c916f1abe6ca448
fe17c18b39eb86c6e9f982bd,C_vs_Cp3__path_shares_only,28ecf7e42b861405b6b3,C_vs_Cp3,path_shares_only,fl3_entitled,discovery,joint_gaussian_regularized_cluster,measurement_missingness_concentration,0.5,1.0,early_passable,observed_non_decreasing,4.0,True,0.318,0.318,10,,,,False,True,0.0,True,0.1,8.957,"{""10"":0.318,""12"":0.318,""3"":0.0,""4"":0.049,""5"":0.138,""6"":0.218,""8"":0.296}","{""10"":7.451,""12"":8.957,""3"":2.243,""4"":2.973,""5"":3.718,""6"":4.452,""8"":5.941}",0.0,0.049,0.138,0.218,0.296,0.318,0.318,b47ae3c20b1ee7b8c7d6a227ed50e23acc57c6db0f87e435e70bdbd3b0180404
fe17c18b39eb86c6e9f982bd,C_vs_Cp3__path_shares_only,28ecf7e42b861405b6b3,C_vs_Cp3,path_shares_only,fl3_entitled,discovery,joint_gaussian_regularized_cluster,measurement_missingness_concentration,0.75,1.0,early_passable,minor_nonmonotonicity_within_tolerance,4.0,True,0.35,0.34,8,,,,False,True,0.0020000000000000018,True,0.062,8.976,"{""10"":0.338,""12"":0.34,""3"":0.0,""4"":0.09,""5"":0.194,""6"":0.278,""8"":0.35}","{""10"":7.471,""12"":8.976,""3"":2.238,""4"":2.97,""5"":3.721,""6"":4.469,""8"":5.978}",0.0,0.09,0.194,0.278,0.35,0.338,0.34,6d7aeeb7e0aa01b5a312d8b1a0fe200b35d236ae20fdf1d77b9f3308445a83c0
fe17c18b39eb86c6e9f982bd,C_vs_Cp3__path_shares_only,28ecf7e42b861405b6b3,C_vs_Cp3,path_shares_only,fl3_entitled,discovery,joint_gaussian_regularized_cluster,measurement_missingness_concentration,1.0,1.0,early_passable,minor_nonmonotonicity_within_tolerance,4.0,True,0.341,0.331,8,,,,False,True,-0.006000000000000005,True,0.063,8.929,"{""10"":0.337,""12"":0.331,""3"":0.0,""4"":0.11,""5"":0.197,""6"":0.268,""8"":0.341}","{""10"":7.431,""12"":8.929,""3"":2.25,""4"":2.99,""5"":3.742,""6"":4.495,""8"":5.947}",0.0,0.11,0.197,0.268,0.341,0.337,0.331,e32a220c2880a6a6b584aab98788648664bae438157b56b6171bfcd34af4b754
fe17c18b39eb86c6e9f982bd,C_vs_Cp3__path_shares_only,28ecf7e42b861405b6b3,C_vs_Cp3,path_shares_only,fl3_entitled,discovery,joint_gaussian_regularized_cluster,measurement_missingness_concentration,1.5,1.0,early_passable,materially_nonmonotone,4.0,True,0.321,0.298,8,,,,True,True,-0.020000000000000018,False,0.014000000000000012,8.977,"{""10"":0.318,""12"":0.298,""3"":0.0,""4"":0.114,""5"":0.219,""6"":0.284,""8"":0.321}","{""10"":7.484,""12"":8.977,""3"":2.253,""4"":2.986,""5"":3.721,""6"":4.47,""8"":5.977}",0.0,0.114,0.219,0.284,0.321,0.318,0.298,f5f360df86c6bb82e6b19e99b1920e08ae3481de858f5de5e7108775f7059e3d
fe17c18b39eb86c6e9f982bd,C_vs_Cp3__path_shares_only,28ecf7e42b861405b6b3,C_vs_Cp3,path_shares_only,fl3_entitled,discovery,joint_gaussian_regularized_cluster,measurement_missingness_concentration,2.0,1.0,early_passable,materially_nonmonotone,4.0,True,0.315,0.272,8,,,,True,True,-0.025999999999999968,False,0.009000000000000008,8.88,"{""10"":0.298,""12"":0.272,""3"":0.0,""4"":0.113,""5"":0.21,""6"":0.263,""8"":0.315}","{""10"":7.405,""12"":8.88,""3"":2.24,""4"":2.979,""5"":3.746,""6"":4.478,""8"":5.934}",0.0,0.113,0.21,0.263,0.315,0.298,0.272,bad1edc2f7f9be811b9fb02a955c01bc6ddcb21f3a424363783779a73f35f4fa
03ef63db7584762143dc3914,three_way__no_window,114bd7932e0008f8ef79,three_way,no_window,fl3_entitlement_capped,discovery,joint_wild_cluster_rademacher,measurement_missingness_concentration,0.0,0.0,empirically_never_passable,all_zero,,False,0.0,0.0,3,,,,False,False,0.0,True,0.0,9.01,"{""10"":0.0,""12"":0.0,""3"":0.0,""4"":0.0,""5"":0.0,""6"":0.0,""8"":0.0}","{""10"":7.505,""12"":9.01,""3"":2.264,""4"":3.006,""5"":3.735,""6"":4.491,""8"":6.001}",0.0,0.0,0.0,0.0,0.0,0.0,0.0,7cec7a3c79330703f495fdffb88bebe256b0587f5591d9c92c5abe0b6fc9e5d2
03ef63db7584762143dc3914,three_way__no_window,114bd7932e0008f8ef79,three_way,no_window,fl3_entitlement_capped,discovery,joint_wild_cluster_rademacher,measurement_missingness_concentration,0.25,0.0,early_passable,observed_non_decreasing,4.0,True,0.89,0.89,12,8.0,10.0,,False,False,0.05800000000000005,False,0.53,8.964,"{""10"":0.832,""12"":0.89,""3"":0.0,""4"":0.067,""5"":0.198,""6"":0.36,""8"":0.641}","{""10"":7.473,""12"":8.964,""3"":2.211,""4"":2.949,""5"":3.692,""6"":4.454,""8"":5.955}",0.0,0.067,0.198,0.36,0.641,0.832,0.89,75ab027d796500748e3a471df7c14ab4db67dbca475228be121b25ac7bc1cb76
03ef63db7584762143dc3914,three_way__no_window,114bd7932e0008f8ef79,three_way,no_window,fl3_entitlement_capped,discovery,joint_wild_cluster_rademacher,measurement_missingness_concentration,0.5,0.0,early_passable,observed_non_decreasing,4.0,True,0.994,0.994,12,6.0,8.0,8.0,False,False,0.018000000000000016,False,0.30000000000000004,9.09,"{""10"":0.976,""12"":0.994,""3"":0.0,""4"":0.216,""5"":0.488,""6"":0.694,""8"":0.923}","{""10"":7.529,""12"":9.09,""3"":2.295,""4"":3.041,""5"":3.795,""6"":4.526,""8"":5.999}",0.0,0.216,0.488,0.694,0.923,0.976,0.994,fd346492c8305db3cd0d1f2536b2324c97b6b75736fe155841f720e7d1294459
03ef63db7584762143dc3914,three_way__no_window,114bd7932e0008f8ef79,three_way,no_window,fl3_entitlement_capped,discovery,joint_wild_cluster_rademacher,measurement_missingness_concentration,0.75,0.0,early_passable,observed_non_decreasing,4.0,True,0.999,0.999,12,5.0,8.0,8.0,False,False,0.014000000000000012,False,0.22599999999999998,9.032,"{""10"":0.985,""12"":0.999,""3"":0.0,""4"":0.263,""5"":0.563,""6"":0.773,""8"":0.954}","{""10"":7.525,""12"":9.032,""3"":2.235,""4"":2.983,""5"":3.732,""6"":4.464,""8"":6.01}",0.0,0.263,0.563,0.773,0.954,0.985,0.999,0bdd63533a9be1dba6e7647b8f7445d7a07694f8401a88b172cac200f65e093f
03ef63db7584762143dc3914,three_way__no_window,114bd7932e0008f8ef79,three_way,no_window,fl3_entitlement_capped,discovery,joint_wild_cluster_rademacher,measurement_missingness_concentration,1.0,0.0,early_passable,observed_non_decreasing,4.0,True,0.998,0.998,12,5.0,6.0,8.0,False,False,0.0040000000000000036,True,0.18300000000000005,9.086,"{""10"":0.994,""12"":0.998,""3"":0.0,""4"":0.317,""5"":0.627,""6"":0.815,""8"":0.968}","{""10"":7.607,""12"":9.086,""3"":2.264,""4"":3.023,""5"":3.779,""6"":4.544,""8"":6.07}",0.0,0.317,0.627,0.815,0.968,0.994,0.998,ff8b1daf3c70ff1490c8bbda5ca902693810dea70a31ece05cf2cd0cb2db6f2b
03ef63db7584762143dc3914,three_way__no_window,114bd7932e0008f8ef79,three_way,no_window,fl3_entitlement_capped,discovery,joint_wild_cluster_rademacher,measurement_missingness_concentration,1.5,0.0,early_passable,observed_non_decreasing,4.0,True,0.999,0.999,12,5.0,6.0,8.0,False,False,0.0030000000000000027,True,0.16000000000000003,8.981,"{""10"":0.996,""12"":0.999,""3"":0.0,""4"":0.304,""5"":0.644,""6"":0.839,""8"":0.974}","{""10"":7.471,""12"":8.981,""3"":2.243,""4"":3.007,""5"":3.758,""6"":4.499,""8"":5.995}",0.0,0.304,0.644,0.839,0.974,0.996,0.999,1f24f8ada003258682e11f5b626d65bfa1956610bb13f51641364df6de4c885a
03ef63db7584762143dc3914,three_way__no_window,114bd7932e0008f8ef79,three_way,no_window,fl3_entitlement_capped,discovery,joint_wild_cluster_rademacher,measurement_missingness_concentration,2.0,0.0,early_passable,observed_non_decreasing,4.0,True,0.998,0.998,12,5.0,6.0,8.0,False,False,0.008000000000000007,True,0.16000000000000003,8.979,"{""10"":0.99,""12"":0.998,""3"":0.0,""4"":0.31,""5"":0.647,""6"":0.838,""8"":0.974}","{""10"":7.462,""12"":8.979,""3"":2.249,""4"":3.0,""5"":3.756,""6"":4.505,""8"":5.987}",0.0,0.31,0.647,0.838,0.974,0.99,0.998,1a3ed9a6581a9b18b59971ac3e6bc3866bae5218e5f2b7a0f0d12d02fdef3a09
03ef63db7584762143dc3914,three_way__no_window,114bd7932e0008f8ef79,three_way,no_window,fl3_entitlement_capped,discovery,joint_wild_cluster_rademacher,measurement_missingness_concentration,0.25,0.25,early_passable,observed_non_decreasing,4.0,True,0.859,0.859,12,8.0,12.0,,False,False,0.061999999999999944,False,0.487,9.011,"{""10"":0.797,""12"":0.859,""3"":0.0,""4"":0.073,""5"":0.229,""6"":0.372,""8"":0.646}","{""10"":7.537,""12"":9.011,""3"":2.278,""4"":3.042,""5"":3.771,""6"":4.541,""8"":6.06}",0.0,0.073,0.229,0.372,0.646,0.797,0.859,36ab07823eaec46c260f39de678deacc041abaaf9e4cfa95b76bfe7941ce2c3d
03ef63db7584762143dc3914,three_way__no_window,114bd7932e0008f8ef79,three_way,no_window,fl3_entitlement_capped,discovery,joint_wild_cluster_rademacher,measurement_missingness_concentration,0.5,0.25,early_passable,observed_non_decreasing,4.0,True,0.988,0.988,12,6.0,8.0,8.0,False,False,0.02300000000000002,False,0.29800000000000004,9.078,"{""10"":0.965,""12"":0.988,""3"":0.0,""4"":0.213,""5"":0.481,""6"":0.69,""8"":0.921}","{""10"":7.536,""12"":9.078,""3"":2.269,""4"":3.026,""5"":3.77,""6"":4.506,""8"":6.029}",0.0,0.213,0.481,0.69,0.921,0.965,0.988,901778b24643dbd26e6999432de4d80b1a1b003774b2f292880bb1bfa78c2ea5
03ef63db7584762143dc3914,three_way__no_window,114bd7932e0008f8ef79,three_way,no_window,fl3_entitlement_capped,discovery,joint_wild_cluster_rademacher,measurement_missingness_concentration,0.75,0.25,early_passable,observed_non_decreasing,4.0,True,0.998,0.998,12,5.0,8.0,8.0,False,False,0.006000000000000005,True,0.23199999999999998,8.999,"{""10"":0.992,""12"":0.998,""3"":0.0,""4"":0.245,""5"":0.547,""6"":0.766,""8"":0.955}","{""10"":7.488,""12"":8.999,""3"":2.213,""4"":2.955,""5"":3.723,""6"":4.47,""8"":5.987}",0.0,0.245,0.547,0.766,0.955,0.992,0.998,f168bf5108af04e09f34f27090b18d24ca0433a4d698d76affb2d18552455022
03ef63db7584762143dc3914,three_way__no_window,114bd7932e0008f8ef79,three_way,no_window,fl3_entitlement_capped,discovery,joint_wild_cluster_rademacher,measurement_missingness_concentration,1.0,0.25,early_passable,observed_non_decreasing,4.0,True,1.0,1.0,12,5.0,8.0,8.0,False,False,0.0050000000000000044,True,0.20399999999999996,8.96,"{""10"":0.995,""12"":1.0,""3"":0.0,""4"":0.269,""5"":0.573,""6"":0.796,""8"":0.96}","{""10"":7.46,""12"":8.96,""3"":2.218,""4"":2.94,""5"":3.699,""6"":4.469,""8"":5.955}",0.0,0.269,0.573,0.796,0.96,0.995,1.0,d57ddd76b49e3d2c6a27fec2195a9a10be0c3bab3e280fea17c85d942de74757
03ef63db7584762143dc3914,three_way__no_window,114bd7932e0008f8ef79,three_way,no_window,fl3_entitlement_capped,discovery,joint_wild_cluster_rademacher,measurement_missingness_concentration,1.5,0.25,early_passable,observed_non_decreasing,4.0,True,0.998,0.998,12,5.0,6.0,8.0,False,False,0.0050000000000000044,True,0.17800000000000005,8.975,"{""10"":0.993,""12"":0.998,""3"":0.0,""4"":0.3,""5"":0.598,""6"":0.82,""8"":0.965}","{""10"":7.482,""12"":8.975,""3"":2.248,""4"":2.961,""5"":3.706,""6"":4.453,""8"":5.955}",0.0,0.3,0.598,0.82,0.965,0.993,0.998,17856ee74b61363f7ae41fa8a8d21eefda27384bdb3eca6dc413522e7a5314fc
03ef63db7584762143dc3914,three_way__no_window,114bd7932e0008f8ef79,three_way,no_window,fl3_entitlement_capped,discovery,joint_wild_cluster_rademacher,measurement_missingness_concentration,2.0,0.25,early_passable,observed_non_decreasing,4.0,True,0.999,0.999,12,5.0,6.0,8.0,False,False,0.0020000000000000018,True,0.17600000000000005,9.001,"{""10"":0.997,""12"":0.999,""3"":0.0,""4"":0.324,""5"":0.634,""6"":0.823,""8"":0.971}","{""10"":7.489,""12"":9.001,""3"":2.251,""4"":3.007,""5"":3.758,""6"":4.502,""8"":5.994}",0.0,0.324,0.634,0.823,0.971,0.997,0.999,0885050f9ba6922f22215ca1af5ead72642fe5e0a5c6b9f19b052512c1198c0c
03ef63db7584762143dc3914,three_way__no_window,114bd7932e0008f8ef79,three_way,no_window,fl3_entitlement_capped,discovery,joint_wild_cluster_rademacher,measurement_missingness_concentration,0.25,0.5,early_passable,observed_non_decreasing,4.0,True,0.7,0.7,12,8.0,,,False,False,0.07699999999999996,False,0.39099999999999996,8.975,"{""10"":0.623,""12"":0.7,""3"":0.0,""4"":0.066,""5"":0.175,""6"":0.309,""8"":0.532}","{""10"":7.507,""12"":8.975,""3"":2.273,""4"":3.028,""5"":3.794,""6"":4.523,""8"":6.037}",0.0,0.066,0.175,0.309,0.532,0.623,0.7,6e9ac52fab80fdb2f462288b64fa66a093dda6c758bcd53829c42dd13eea3d74
03ef63db7584762143dc3914,three_way__no_window,114bd7932e0008f8ef79,three_way,no_window,fl3_entitlement_capped,discovery,joint_wild_cluster_rademacher,measurement_missingness_concentration,0.5,0.5,early_passable,observed_non_decreasing,4.0,True,0.919,0.919,12,6.0,8.0,12.0,False,False,0.028000000000000025,False,0.31800000000000006,8.992,"{""10"":0.891,""12"":0.919,""3"":0.0,""4"":0.178,""5"":0.444,""6"":0.601,""8"":0.812}","{""10"":7.476,""12"":8.992,""3"":2.242,""4"":2.984,""5"":3.738,""6"":4.472,""8"":5.974}",0.0,0.178,0.444,0.601,0.812,0.891,0.919,0e6fd408aa19446eb5ae5533607d36412aff2615ce4ffdf35957dffe3801e983
03ef63db7584762143dc3914,three_way__no_window,114bd7932e0008f8ef79,three_way,no_window,fl3_entitlement_capped,discovery,joint_wild_cluster_rademacher,measurement_missingness_concentration,0.75,0.5,early_passable,observed_non_decreasing,4.0,True,0.949,0.949,12,5.0,8.0,10.0,False,False,0.020999999999999908,False,0.237,9.023,"{""10"":0.928,""12"":0.949,""3"":0.0,""4"":0.253,""5"":0.527,""6"":0.712,""8"":0.874}","{""10"":7.549,""12"":9.023,""3"":2.291,""4"":3.044,""5"":3.802,""6"":4.555,""8"":6.044}",0.0,0.253,0.527,0.712,0.874,0.928,0.949,5b455ee46b97bb029e07eb73c219d3c159f5a8e26daa6d0effc47db271c09b7b
03ef63db7584762143dc3914,three_way__no_window,114bd7932e0008f8ef79,three_way,no_window,fl3_entitlement_capped,discovery,joint_wild_cluster_rademacher,measurement_missingness_concentration,1.0,0.5,early_passable,observed_non_decreasing,4.0,True,0.977,0.977,12,5.0,8.0,8.0,False,False,0.01200000000000001,False,0.20499999999999996,8.985,"{""10"":0.965,""12"":0.977,""3"":0.0,""4"":0.273,""5"":0.549,""6"":0.772,""8"":0.927}","{""10"":7.507,""12"":8.985,""3"":2.277,""4"":3.017,""5"":3.771,""6"":4.515,""8"":6.038}",0.0,0.273,0.549,0.772,0.927,0.965,0.977,b38dedace486fe7eb03abf569841652bb23b841e965e7b643beac7dfb3dfd832
03ef63db7584762143dc3914,three_way__no_window,114bd7932e0008f8ef79,three_way,no_window,fl3_entitlement_capped,discovery,joint_wild_cluster_rademacher,measurement_missingness_concentration,1.5,0.5,early_passable,observed_non_decreasing,4.0,True,0.983,0.983,12,5.0,6.0,8.0,False,False,0.01200000000000001,False,0.17699999999999994,9.025,"{""10"":0.971,""12"":0.983,""3"":0.0,""4"":0.278,""5"":0.623,""6"":0.806,""8"":0.944}","{""10"":7.514,""12"":9.025,""3"":2.249,""4"":2.989,""5"":3.76,""6"":4.496,""8"":5.999}",0.0,0.278,0.623,0.806,0.944,0.971,0.983,07d9397beaf996e3fb9fafe29f78adbc5e336c452778b717f3b872b3ed07e007
03ef63db7584762143dc3914,three_way__no_window,114bd7932e0008f8ef79,three_way,no_window,fl3_entitlement_capped,discovery,joint_wild_cluster_rademacher,measurement_missingness_concentration,2.0,0.5,early_passable,observed_non_decreasing,4.0,True,0.991,0.991,12,5.0,6.0,8.0,False,False,0.007000000000000006,True,0.17200000000000004,8.947,"{""10"":0.984,""12"":0.991,""3"":0.0,""4"":0.303,""5"":0.62,""6"":0.819,""8"":0.949}","{""10"":7.463,""12"":8.947,""3"":2.281,""4"":3.022,""5"":3.772,""6"":4.531,""8"":5.983}",0.0,0.303,0.62,0.819,0.949,0.984,0.991,5353fbac1f134a3b385b52edfa5109a85c84fd24b786fe3aa8792c027767e474
03ef63db7584762143dc3914,three_way__no_window,114bd7932e0008f8ef79,three_way,no_window,fl3_entitlement_capped,discovery,joint_wild_cluster_rademacher,measurement_missingness_concentration,0.25,1.0,early_passable,minor_nonmonotonicity_within_tolerance,4.0,True,0.214,0.212,10,,,,False,True,-0.0020000000000000018,True,0.07799999999999999,8.889,"{""10"":0.214,""12"":0.212,""3"":0.0,""4"":0.05,""5"":0.079,""6"":0.134,""8"":0.195}","{""10"":7.38,""12"":8.889,""3"":2.197,""4"":2.938,""5"":3.675,""6"":4.427,""8"":5.91}",0.0,0.05,0.079,0.134,0.195,0.214,0.212,b1c041d369786fc326d3f5db8ff8b472a7ed0b232c6122c0144e40237f3d8c14
03ef63db7584762143dc3914,three_way__no_window,114bd7932e0008f8ef79,three_way,no_window,fl3_entitlement_capped,discovery,joint_wild_cluster_rademacher,measurement_missingness_concentration,0.5,1.0,early_passable,minor_nonmonotonicity_within_tolerance,4.0,True,0.257,0.242,8,,,,False,True,-0.01200000000000001,False,0.026999999999999996,8.995,"{""10"":0.254,""12"":0.242,""3"":0.0,""4"":0.066,""5"":0.145,""6"":0.215,""8"":0.257}","{""10"":7.471,""12"":8.995,""3"":2.236,""4"":2.957,""5"":3.726,""6"":4.461,""8"":5.975}",0.0,0.066,0.145,0.215,0.257,0.254,0.242,b83e50eb6949f8678461a83eca9bb4868bddf2664574f1e3e72d53e2d5815205
03ef63db7584762143dc3914,three_way__no_window,114bd7932e0008f8ef79,three_way,no_window,fl3_entitlement_capped,discovery,joint_wild_cluster_rademacher,measurement_missingness_concentration,0.75,1.0,early_passable,materially_nonmonotone,4.0,True,0.294,0.273,10,,,,True,True,-0.020999999999999963,False,0.0040000000000000036,9.003,"{""10"":0.294,""12"":0.273,""3"":0.0,""4"":0.101,""5"":0.206,""6"":0.269,""8"":0.292}","{""10"":7.506,""12"":9.003,""3"":2.253,""4"":3.028,""5"":3.788,""6"":4.538,""8"":6.04}",0.0,0.101,0.206,0.269,0.292,0.294,0.273,e578eb94b614087c6dbf088413d800dead3bdef8ce58b9a550a3e2395429d4f7
03ef63db7584762143dc3914,three_way__no_window,114bd7932e0008f8ef79,three_way,no_window,fl3_entitlement_capped,discovery,joint_wild_cluster_rademacher,measurement_missingness_concentration,1.0,1.0,early_passable,minor_nonmonotonicity_within_tolerance,4.0,True,0.287,0.272,8,,,,False,True,-0.006000000000000005,True,0.025000000000000022,9.007,"{""10"":0.278,""12"":0.272,""3"":0.0,""4"":0.099,""5"":0.194,""6"":0.247,""8"":0.287}","{""10"":7.505,""12"":9.007,""3"":2.245,""4"":2.997,""5"":3.759,""6"":4.506,""8"":6.02}",0.0,0.099,0.194,0.247,0.287,0.278,0.272,c9b8d66ff073e0490cb0175ed107695ef71c9b3392c8e6003416a930dfbaca01
03ef63db7584762143dc3914,three_way__no_window,114bd7932e0008f8ef79,three_way,no_window,fl3_entitlement_capped,discovery,joint_wild_cluster_rademacher,measurement_missingness_concentration,1.5,1.0,early_passable,minor_nonmonotonicity_within_tolerance,4.0,True,0.288,0.283,8,,,,False,True,0.002999999999999947,True,0.020999999999999963,8.947,"{""10"":0.28,""12"":0.283,""3"":0.0,""4"":0.096,""5"":0.214,""6"":0.262,""8"":0.288}","{""10"":7.465,""12"":8.947,""3"":2.235,""4"":2.986,""5"":3.745,""6"":4.498,""8"":5.981}",0.0,0.096,0.214,0.262,0.288,0.28,0.283,3c3e338cdcc82dabe7398de4c5e1793ede051ba68147b37cae801fa5d0f84982
03ef63db7584762143dc3914,three_way__no_window,114bd7932e0008f8ef79,three_way,no_window,fl3_entitlement_capped,discovery,joint_wild_cluster_rademacher,measurement_missingness_concentration,2.0,1.0,early_passable,materially_nonmonotone,4.0,True,0.259,0.213,6,,,,True,True,-0.04200000000000001,False,-0.04600000000000001,8.985,"{""10"":0.255,""12"":0.213,""3"":0.0,""4"":0.1,""5"":0.194,""6"":0.259,""8"":0.258}","{""10"":7.507,""12"":8.985,""3"":2.257,""4"":3.025,""5"":3.777,""6"":4.509,""8"":6.0}",0.0,0.1,0.194,0.259,0.258,0.255,0.213,378900b7a4a48043feaf3551ce6c74ed4f922e0751f104dc61bcfdf233b816d5
1cce3e5fe7c50070e58676c9,Cp2_vs_Cp3__strict_numeric_all,0262d70dda595cb6cda6,Cp2_vs_Cp3,strict_numeric_all,fl3_entitlement_capped,discovery,joint_wild_cluster_rademacher,measurement_missingness_concentration,0.0,0.0,empirically_never_passable,all_zero,,False,0.0,0.0,3,,,,False,False,0.0,True,0.0,2.979,"{""10"":0.0,""12"":0.0,""3"":0.0,""4"":0.0,""5"":0.0,""6"":0.0,""8"":0.0}","{""10"":2.495,""12"":2.979,""3"":0.737,""4"":0.98,""5"":1.216,""6"":1.482,""8"":1.988}",0.0,0.0,0.0,0.0,0.0,0.0,0.0,6d318d869b2fc8b9d62014f8e94b2f1afe39f23a55c989707f5b74c2650bd204
1cce3e5fe7c50070e58676c9,Cp2_vs_Cp3__strict_numeric_all,0262d70dda595cb6cda6,Cp2_vs_Cp3,strict_numeric_all,fl3_entitlement_capped,discovery,joint_wild_cluster_rademacher,measurement_missingness_concentration,0.25,0.0,early_passable,observed_non_decreasing,4.0,True,0.125,0.125,12,,,,False,True,0.065,False,0.12,2.939,"{""10"":0.06,""12"":0.125,""3"":0.0,""4"":0.001,""5"":0.002,""6"":0.005,""8"":0.022}","{""10"":2.43,""12"":2.939,""3"":0.748,""4"":0.975,""5"":1.203,""6"":1.463,""8"":1.951}",0.0,0.001,0.002,0.005,0.022,0.06,0.125,4cda556362edc6d7aecf0c426d4fac2a2722c486e0389f0092a7814c427c6570
1cce3e5fe7c50070e58676c9,Cp2_vs_Cp3__strict_numeric_all,0262d70dda595cb6cda6,Cp2_vs_Cp3,strict_numeric_all,fl3_entitlement_capped,discovery,joint_wild_cluster_rademacher,measurement_missingness_concentration,0.5,0.0,early_passable,observed_non_decreasing,4.0,True,0.275,0.275,12,,,,False,True,0.11900000000000002,False,0.23900000000000002,3.017,"{""10"":0.156,""12"":0.275,""3"":0.0,""4"":0.004,""5"":0.012,""6"":0.036,""8"":0.086}","{""10"":2.506,""12"":3.017,""3"":0.769,""4"":1.029,""5"":1.283,""6"":1.524,""8"":2.001}",0.0,0.004,0.012,0.036,0.086,0.156,0.275,8fbbb612e8024d8641b2152dcc3146e802dd3233564e0bb6251e980ba10cff51
1cce3e5fe7c50070e58676c9,Cp2_vs_Cp3__strict_numeric_all,0262d70dda595cb6cda6,Cp2_vs_Cp3,strict_numeric_all,fl3_entitlement_capped,discovery,joint_wild_cluster_rademacher,measurement_missingness_concentration,0.75,0.0,early_passable,observed_non_decreasing,4.0,True,0.322,0.322,12,,,,False,True,0.10700000000000001,False,0.28800000000000003,2.961,"{""10"":0.215,""12"":0.322,""3"":0.0,""4"":0.002,""5"":0.011,""6"":0.034,""8"":0.102}","{""10"":2.479,""12"":2.961,""3"":0.782,""4"":1.021,""5"":1.245,""6"":1.47,""8"":1.978}",0.0,0.002,0.011,0.034,0.102,0.215,0.322,aa36febeb090632db2021fc62f31a3e4d35dd5d52201b3ed03a263f229e21ad8
1cce3e5fe7c50070e58676c9,Cp2_vs_Cp3__strict_numeric_all,0262d70dda595cb6cda6,Cp2_vs_Cp3,strict_numeric_all,fl3_entitlement_capped,discovery,joint_wild_cluster_rademacher,measurement_missingness_concentration,1.0,0.0,early_passable,observed_non_decreasing,4.0,True,0.329,0.329,12,,,,False,True,0.12400000000000003,False,0.29900000000000004,2.921,"{""10"":0.205,""12"":0.329,""3"":0.0,""4"":0.005,""5"":0.013,""6"":0.03,""8"":0.102}","{""10"":2.438,""12"":2.921,""3"":0.744,""4"":1.002,""5"":1.265,""6"":1.496,""8"":1.964}",0.0,0.005,0.013,0.03,0.102,0.205,0.329,f7c3b4a477d806148f316375edb10edddec975a3b8491300848bae801c8df2e2
1cce3e5fe7c50070e58676c9,Cp2_vs_Cp3__strict_numeric_all,0262d70dda595cb6cda6,Cp2_vs_Cp3,strict_numeric_all,fl3_entitlement_capped,discovery,joint_wild_cluster_rademacher,measurement_missingness_concentration,1.5,0.0,early_passable,observed_non_decreasing,4.0,True,0.356,0.356,12,,,,False,True,0.11299999999999999,False,0.313,3.049,"{""10"":0.243,""12"":0.356,""3"":0.0,""4"":0.002,""5"":0.014,""6"":0.043,""8"":0.131}","{""10"":2.527,""12"":3.049,""3"":0.771,""4"":1.0,""5"":1.266,""6"":1.508,""8"":2.002}",0.0,0.002,0.014,0.043,0.131,0.243,0.356,f4bb0f2e60aff6eb4f03f435b3774f40d5658b2240960e658b67776e578549d2
1cce3e5fe7c50070e58676c9,Cp2_vs_Cp3__strict_numeric_all,0262d70dda595cb6cda6,Cp2_vs_Cp3,strict_numeric_all,fl3_entitlement_capped,discovery,joint_wild_cluster_rademacher,measurement_missingness_concentration,2.0,0.0,early_passable,observed_non_decreasing,4.0,True,0.357,0.357,12,,,,False,True,0.12299999999999997,False,0.32499999999999996,3.023,"{""10"":0.234,""12"":0.357,""3"":0.0,""4"":0.005,""5"":0.014,""6"":0.032,""8"":0.112}","{""10"":2.574,""12"":3.023,""3"":0.761,""4"":1.013,""5"":1.276,""6"":1.535,""8"":2.027}",0.0,0.005,0.014,0.032,0.112,0.234,0.357,09f56b529451653e0d43b8e028a214d64b6cea4f7bbb51e1607699324217334f
1cce3e5fe7c50070e58676c9,Cp2_vs_Cp3__strict_numeric_all,0262d70dda595cb6cda6,Cp2_vs_Cp3,strict_numeric_all,fl3_entitlement_capped,discovery,joint_wild_cluster_rademacher,measurement_missingness_concentration,0.25,0.25,early_passable,observed_non_decreasing,5.0,True,0.133,0.133,12,,,,False,True,0.06200000000000001,False,0.12400000000000001,2.936,"{""10"":0.071,""12"":0.133,""3"":0.0,""4"":0.0,""5"":0.003,""6"":0.009,""8"":0.036}","{""10"":2.425,""12"":2.936,""3"":0.718,""4"":0.962,""5"":1.229,""6"":1.454,""8"":1.913}",0.0,0.0,0.003,0.009,0.036,0.071,0.133,824bc87e22fa16a2e2d07390152f6404f407e7c943e57239e9fad887dac53deb
1cce3e5fe7c50070e58676c9,Cp2_vs_Cp3__strict_numeric_all,0262d70dda595cb6cda6,Cp2_vs_Cp3,strict_numeric_all,fl3_entitlement_capped,discovery,joint_wild_cluster_rademacher,measurement_missingness_concentration,0.5,0.25,early_passable,observed_non_decreasing,4.0,True,0.27,0.27,12,,,,False,True,0.11700000000000002,False,0.24500000000000002,3.045,"{""10"":0.153,""12"":0.27,""3"":0.0,""4"":0.004,""5"":0.013,""6"":0.025,""8"":0.074}","{""10"":2.506,""12"":3.045,""3"":0.737,""4"":0.982,""5"":1.244,""6"":1.481,""8"":2.012}",0.0,0.004,0.013,0.025,0.074,0.153,0.27,d669c3b92c70b8548252b4dcc7960d4e52900f216c8fb7cb8cfecf6ea745a5e4
1cce3e5fe7c50070e58676c9,Cp2_vs_Cp3__strict_numeric_all,0262d70dda595cb6cda6,Cp2_vs_Cp3,strict_numeric_all,fl3_entitlement_capped,discovery,joint_wild_cluster_rademacher,measurement_missingness_concentration,0.75,0.25,early_passable,observed_non_decreasing,4.0,True,0.316,0.316,12,,,,False,True,0.11499999999999999,False,0.287,2.991,"{""10"":0.201,""12"":0.316,""3"":0.0,""4"":0.003,""5"":0.008,""6"":0.029,""8"":0.096}","{""10"":2.467,""12"":2.991,""3"":0.726,""4"":0.971,""5"":1.211,""6"":1.456,""8"":1.968}",0.0,0.003,0.008,0.029,0.096,0.201,0.316,a0044fa5e38505edb68b04943b3f0f60a054f9ffe5c34dd354572dad81c7612e
1cce3e5fe7c50070e58676c9,Cp2_vs_Cp3__strict_numeric_all,0262d70dda595cb6cda6,Cp2_vs_Cp3,strict_numeric_all,fl3_entitlement_capped,discovery,joint_wild_cluster_rademacher,measurement_missingness_concentration,1.0,0.25,early_passable,observed_non_decreasing,4.0,True,0.342,0.342,12,,,,False,True,0.11400000000000002,False,0.31000000000000005,3.037,"{""10"":0.228,""12"":0.342,""3"":0.0,""4"":0.003,""5"":0.011,""6"":0.032,""8"":0.113}","{""10"":2.538,""12"":3.037,""3"":0.768,""4"":1.008,""5"":1.242,""6"":1.507,""8"":2.023}",0.0,0.003,0.011,0.032,0.113,0.228,0.342,dd9ad2d6170a50d5676265f4a5f93b4a482b0cfa9696e667e045d2fa80466326
1cce3e5fe7c50070e58676c9,Cp2_vs_Cp3__strict_numeric_all,0262d70dda595cb6cda6,Cp2_vs_Cp3,strict_numeric_all,fl3_entitlement_capped,discovery,joint_wild_cluster_rademacher,measurement_missingness_concentration,1.5,0.25,early_passable,observed_non_decreasing,4.0,True,0.352,0.352,12,,,,False,True,0.13599999999999998,False,0.31799999999999995,2.998,"{""10"":0.216,""12"":0.352,""3"":0.0,""4"":0.004,""5"":0.016,""6"":0.034,""8"":0.107}","{""10"":2.478,""12"":2.998,""3"":0.708,""4"":0.956,""5"":1.206,""6"":1.448,""8"":1.953}",0.0,0.004,0.016,0.034,0.107,0.216,0.352,a4642e8ae444528aae82bb40465e6708b6f89eaeba8fb8c586430a7e5a1f7cb3
1cce3e5fe7c50070e58676c9,Cp2_vs_Cp3__strict_numeric_all,0262d70dda595cb6cda6,Cp2_vs_Cp3,strict_numeric_all,fl3_entitlement_capped,discovery,joint_wild_cluster_rademacher,measurement_missingness_concentration,2.0,0.25,early_passable,observed_non_decreasing,4.0,True,0.352,0.352,12,,,,False,True,0.13099999999999998,False,0.32399999999999995,2.96,"{""10"":0.221,""12"":0.352,""3"":0.0,""4"":0.004,""5"":0.012,""6"":0.028,""8"":0.096}","{""10"":2.454,""12"":2.96,""3"":0.747,""4"":0.987,""5"":1.23,""6"":1.48,""8"":1.978}",0.0,0.004,0.012,0.028,0.096,0.221,0.352,74da8fd9506d10435f1e1bb96a15e31c14a13f2945c0035ce546e89a20bddea3
1cce3e5fe7c50070e58676c9,Cp2_vs_Cp3__strict_numeric_all,0262d70dda595cb6cda6,Cp2_vs_Cp3,strict_numeric_all,fl3_entitlement_capped,discovery,joint_wild_cluster_rademacher,measurement_missingness_concentration,0.25,0.5,early_passable,observed_non_decreasing,4.0,True,0.112,0.112,12,,,,False,True,0.046,False,0.10200000000000001,2.953,"{""10"":0.066,""12"":0.112,""3"":0.0,""4"":0.001,""5"":0.008,""6"":0.01,""8"":0.028}","{""10"":2.465,""12"":2.953,""3"":0.749,""4"":0.992,""5"":1.262,""6"":1.495,""8"":1.978}",0.0,0.001,0.008,0.01,0.028,0.066,0.112,d40c9050e745c8ade83d8e9b7e3765d2aea2ebad9971d600ef04a672bf6f6422
1cce3e5fe7c50070e58676c9,Cp2_vs_Cp3__strict_numeric_all,0262d70dda595cb6cda6,Cp2_vs_Cp3,strict_numeric_all,fl3_entitlement_capped,discovery,joint_wild_cluster_rademacher,measurement_missingness_concentration,0.5,0.5,early_passable,observed_non_decreasing,4.0,True,0.257,0.257,12,,,,False,True,0.119,False,0.23500000000000001,2.956,"{""10"":0.138,""12"":0.257,""3"":0.0,""4"":0.004,""5"":0.008,""6"":0.022,""8"":0.068}","{""10"":2.421,""12"":2.956,""3"":0.726,""4"":0.99,""5"":1.242,""6"":1.496,""8"":1.963}",0.0,0.004,0.008,0.022,0.068,0.138,0.257,de3648c56f9ea6f443df23af24ffd88767683ce34f398e244a0346f6c89d2216
1cce3e5fe7c50070e58676c9,Cp2_vs_Cp3__strict_numeric_all,0262d70dda595cb6cda6,Cp2_vs_Cp3,strict_numeric_all,fl3_entitlement_capped,discovery,joint_wild_cluster_rademacher,measurement_missingness_concentration,0.75,0.5,early_passable,observed_non_decreasing,4.0,True,0.294,0.294,12,,,,False,True,0.10999999999999999,False,0.27399999999999997,2.955,"{""10"":0.184,""12"":0.294,""3"":0.0,""4"":0.002,""5"":0.012,""6"":0.02,""8"":0.08}","{""10"":2.472,""12"":2.955,""3"":0.765,""4"":1.037,""5"":1.279,""6"":1.543,""8"":2.004}",0.0,0.002,0.012,0.02,0.08,0.184,0.294,8f6b62f8161fe47290ff45e2f5bd7c4ead0a26a9d9ea1225933bd2e247e92dd0
1cce3e5fe7c50070e58676c9,Cp2_vs_Cp3__strict_numeric_all,0262d70dda595cb6cda6,Cp2_vs_Cp3,strict_numeric_all,fl3_entitlement_capped,discovery,joint_wild_cluster_rademacher,measurement_missingness_concentration,1.0,0.5,early_passable,observed_non_decreasing,4.0,True,0.338,0.338,12,,,,False,True,0.139,False,0.29700000000000004,2.996,"{""10"":0.199,""12"":0.338,""3"":0.0,""4"":0.004,""5"":0.019,""6"":0.041,""8"":0.116}","{""10"":2.486,""12"":2.996,""3"":0.749,""4"":0.987,""5"":1.264,""6"":1.51,""8"":2.015}",0.0,0.004,0.019,0.041,0.116,0.199,0.338,129176d70d8944db4f66e7dc0c2f0b0151ae7de3967deccd1e2d8ea4470847d3
1cce3e5fe7c50070e58676c9,Cp2_vs_Cp3__strict_numeric_all,0262d70dda595cb6cda6,Cp2_vs_Cp3,strict_numeric_all,fl3_entitlement_capped,discovery,joint_wild_cluster_rademacher,measurement_missingness_concentration,1.5,0.5,early_passable,observed_non_decreasing,4.0,True,0.326,0.326,12,,,,False,True,0.11800000000000002,False,0.29500000000000004,2.898,"{""10"":0.208,""12"":0.326,""3"":0.0,""4"":0.003,""5"":0.01,""6"":0.031,""8"":0.094}","{""10"":2.422,""12"":2.898,""3"":0.727,""4"":0.968,""5"":1.219,""6"":1.458,""8"":1.957}",0.0,0.003,0.01,0.031,0.094,0.208,0.326,15e69024bc968cc4d8e7466e064d98920d768c23dae5d078a9359233cee29fa7
1cce3e5fe7c50070e58676c9,Cp2_vs_Cp3__strict_numeric_all,0262d70dda595cb6cda6,Cp2_vs_Cp3,strict_numeric_all,fl3_entitlement_capped,discovery,joint_wild_cluster_rademacher,measurement_missingness_concentration,2.0,0.5,early_passable,observed_non_decreasing,4.0,True,0.359,0.359,12,,,,False,True,0.122,False,0.32799999999999996,3.03,"{""10"":0.237,""12"":0.359,""3"":0.0,""4"":0.003,""5"":0.009,""6"":0.031,""8"":0.111}","{""10"":2.548,""12"":3.03,""3"":0.774,""4"":1.044,""5"":1.289,""6"":1.515,""8"":2.023}",0.0,0.003,0.009,0.031,0.111,0.237,0.359,63b49fd3298eef8f27d057b5a85465b46a4df9954f6c5ccf5ffded0d3e4de2a0
1cce3e5fe7c50070e58676c9,Cp2_vs_Cp3__strict_numeric_all,0262d70dda595cb6cda6,Cp2_vs_Cp3,strict_numeric_all,fl3_entitlement_capped,discovery,joint_wild_cluster_rademacher,measurement_missingness_concentration,0.25,1.0,early_passable,observed_non_decreasing,4.0,True,0.045,0.045,12,,,,False,True,0.020999999999999998,False,0.039,2.907,"{""10"":0.024,""12"":0.045,""3"":0.0,""4"":0.002,""5"":0.004,""6"":0.006,""8"":0.016}","{""10"":2.434,""12"":2.907,""3"":0.71,""4"":0.957,""5"":1.217,""6"":1.456,""8"":1.933}",0.0,0.002,0.004,0.006,0.016,0.024,0.045,3fb93d486bd0f6409c3a1b5fdb8a9020ee0e05fd4c90e38c96ccba43254671cb
1cce3e5fe7c50070e58676c9,Cp2_vs_Cp3__strict_numeric_all,0262d70dda595cb6cda6,Cp2_vs_Cp3,strict_numeric_all,fl3_entitlement_capped,discovery,joint_wild_cluster_rademacher,measurement_missingness_concentration,0.5,1.0,early_passable,observed_non_decreasing,4.0,True,0.094,0.094,12,,,,False,True,0.036,False,0.087,3.118,"{""10"":0.058,""12"":0.094,""3"":0.0,""4"":0.001,""5"":0.004,""6"":0.007,""8"":0.029}","{""10"":2.605,""12"":3.118,""3"":0.773,""4"":1.056,""5"":1.293,""6"":1.562,""8"":2.071}",0.0,0.001,0.004,0.007,0.029,0.058,0.094,4734bd6f3a6675e70303107fbe031ce789865076f537e60ab0f3d81611223a95
1cce3e5fe7c50070e58676c9,Cp2_vs_Cp3__strict_numeric_all,0262d70dda595cb6cda6,Cp2_vs_Cp3,strict_numeric_all,fl3_entitlement_capped,discovery,joint_wild_cluster_rademacher,measurement_missingness_concentration,0.75,1.0,early_passable,observed_non_decreasing,5.0,True,0.108,0.108,12,,,,False,True,0.041999999999999996,False,0.096,3.063,"{""10"":0.066,""12"":0.108,""3"":0.0,""4"":0.0,""5"":0.006,""6"":0.012,""8"":0.042}","{""10"":2.543,""12"":3.063,""3"":0.767,""4"":1.012,""5"":1.26,""6"":1.508,""8"":2.018}",0.0,0.0,0.006,0.012,0.042,0.066,0.108,0c93155c4ce32a516cd896c6ea73593f6805d230d8a59e5d9111b44fc2774c24
1cce3e5fe7c50070e58676c9,Cp2_vs_Cp3__strict_numeric_all,0262d70dda595cb6cda6,Cp2_vs_Cp3,strict_numeric_all,fl3_entitlement_capped,discovery,joint_wild_cluster_rademacher,measurement_missingness_concentration,1.0,1.0,early_passable,observed_non_decreasing,4.0,True,0.097,0.097,12,,,,False,True,0.03,False,0.083,3.01,"{""10"":0.067,""12"":0.097,""3"":0.0,""4"":0.001,""5"":0.004,""6"":0.014,""8"":0.036}","{""10"":2.504,""12"":3.01,""3"":0.773,""4"":1.019,""5"":1.274,""6"":1.511,""8"":1.998}",0.0,0.001,0.004,0.014,0.036,0.067,0.097,cec6f646c30ef95dc1921ad502ae45609ae003212dac4e0a12797bbf4901ed75
1cce3e5fe7c50070e58676c9,Cp2_vs_Cp3__strict_numeric_all,0262d70dda595cb6cda6,Cp2_vs_Cp3,strict_numeric_all,fl3_entitlement_capped,discovery,joint_wild_cluster_rademacher,measurement_missingness_concentration,1.5,1.0,early_passable,observed_non_decreasing,4.0,True,0.094,0.094,12,,,,False,True,0.037,False,0.083,2.882,"{""10"":0.057,""12"":0.094,""3"":0.0,""4"":0.001,""5"":0.004,""6"":0.011,""8"":0.032}","{""10"":2.428,""12"":2.882,""3"":0.74,""4"":0.988,""5"":1.244,""6"":1.476,""8"":1.94}",0.0,0.001,0.004,0.011,0.032,0.057,0.094,e86764250f975ca9175be75e2ea11b063b3fbcf0d0fef4d4d710f4fbf7b04607
1cce3e5fe7c50070e58676c9,Cp2_vs_Cp3__strict_numeric_all,0262d70dda595cb6cda6,Cp2_vs_Cp3,strict_numeric_all,fl3_entitlement_capped,discovery,joint_wild_cluster_rademacher,measurement_missingness_concentration,2.0,1.0,early_passable,observed_non_decreasing,5.0,True,0.087,0.087,12,,,,False,True,0.027999999999999997,False,0.077,3.051,"{""10"":0.059,""12"":0.087,""3"":0.0,""4"":0.0,""5"":0.002,""6"":0.01,""8"":0.033}","{""10"":2.514,""12"":3.051,""3"":0.779,""4"":1.029,""5"":1.283,""6"":1.54,""8"":1.994}",0.0,0.0,0.002,0.01,0.033,0.059,0.087,febcf253cd81b98d4293a5f4069a677ca1e52b776f608ef3c00156d58ee04775
1dbc920edffba9363b404b4e,Cp2_vs_Cp3__stability_plus_geometry,3e971f0bc08c8189f389,Cp2_vs_Cp3,stability_plus_geometry,fl3_entitled,discovery,joint_wild_cluster_rademacher,measurement_missingness_concentration,0.0,0.0,empirically_never_passable,all_zero,,False,0.0,0.0,3,,,,False,False,0.0,True,0.0,0.0,"{""10"":0.0,""12"":0.0,""3"":0.0,""4"":0.0,""5"":0.0,""6"":0.0,""8"":0.0}","{""10"":0.0,""12"":0.0,""3"":0.0,""4"":0.0,""5"":0.0,""6"":0.0,""8"":0.0}",0.0,0.0,0.0,0.0,0.0,0.0,0.0,8876aa93644a07e788e2a1c7e10dc97d6ee7ddf8d958627e0204d1f4f2cb0cab
1dbc920edffba9363b404b4e,Cp2_vs_Cp3__stability_plus_geometry,3e971f0bc08c8189f389,Cp2_vs_Cp3,stability_plus_geometry,fl3_entitled,discovery,joint_wild_cluster_rademacher,measurement_missingness_concentration,0.25,0.0,empirically_never_passable,all_zero,,False,0.0,0.0,3,,,,False,False,0.0,True,0.0,0.0,"{""10"":0.0,""12"":0.0,""3"":0.0,""4"":0.0,""5"":0.0,""6"":0.0,""8"":0.0}","{""10"":0.0,""12"":0.0,""3"":0.0,""4"":0.0,""5"":0.0,""6"":0.0,""8"":0.0}",0.0,0.0,0.0,0.0,0.0,0.0,0.0,9f6e6e440b101ad86fe14a42e40e7e8577f7d096712216025161a5a8c191fc7b
1dbc920edffba9363b404b4e,Cp2_vs_Cp3__stability_plus_geometry,3e971f0bc08c8189f389,Cp2_vs_Cp3,stability_plus_geometry,fl3_entitled,discovery,joint_wild_cluster_rademacher,measurement_missingness_concentration,0.5,0.0,empirically_never_passable,all_zero,,False,0.0,0.0,3,,,,False,False,0.0,True,0.0,0.0,"{""10"":0.0,""12"":0.0,""3"":0.0,""4"":0.0,""5"":0.0,""6"":0.0,""8"":0.0}","{""10"":0.0,""12"":0.0,""3"":0.0,""4"":0.0,""5"":0.0,""6"":0.0,""8"":0.0}",0.0,0.0,0.0,0.0,0.0,0.0,0.0,4a318b5f80ea5b3a24bea6d8c3f0702c1769e20e7a5491eb6123ee1234a4160a
1dbc920edffba9363b404b4e,Cp2_vs_Cp3__stability_plus_geometry,3e971f0bc08c8189f389,Cp2_vs_Cp3,stability_plus_geometry,fl3_entitled,discovery,joint_wild_cluster_rademacher,measurement_missingness_concentration,0.75,0.0,empirically_never_passable,all_zero,,False,0.0,0.0,3,,,,False,False,0.0,True,0.0,0.0,"{""10"":0.0,""12"":0.0,""3"":0.0,""4"":0.0,""5"":0.0,""6"":0.0,""8"":0.0}","{""10"":0.0,""12"":0.0,""3"":0.0,""4"":0.0,""5"":0.0,""6"":0.0,""8"":0.0}",0.0,0.0,0.0,0.0,0.0,0.0,0.0,811dd99dc639d55ac1fc52ab33d491601e71fc790f3c58a7700f095a60ae685e
1dbc920edffba9363b404b4e,Cp2_vs_Cp3__stability_plus_geometry,3e971f0bc08c8189f389,Cp2_vs_Cp3,stability_plus_geometry,fl3_entitled,discovery,joint_wild_cluster_rademacher,measurement_missingness_concentration,1.0,0.0,empirically_never_passable,all_zero,,False,0.0,0.0,3,,,,False,False,0.0,True,0.0,0.0,"{""10"":0.0,""12"":0.0,""3"":0.0,""4"":0.0,""5"":0.0,""6"":0.0,""8"":0.0}","{""10"":0.0,""12"":0.0,""3"":0.0,""4"":0.0,""5"":0.0,""6"":0.0,""8"":0.0}",0.0,0.0,0.0,0.0,0.0,0.0,0.0,b5e4082a75bba29ceee0947ee4a957aa93d932e9d666a9b51c7e44ee5d322927
1dbc920edffba9363b404b4e,Cp2_vs_Cp3__stability_plus_geometry,3e971f0bc08c8189f389,Cp2_vs_Cp3,stability_plus_geometry,fl3_entitled,discovery,joint_wild_cluster_rademacher,measurement_missingness_concentration,1.5,0.0,empirically_never_passable,all_zero,,False,0.0,0.0,3,,,,False,False,0.0,True,0.0,0.0,"{""10"":0.0,""12"":0.0,""3"":0.0,""4"":0.0,""5"":0.0,""6"":0.0,""8"":0.0}","{""10"":0.0,""12"":0.0,""3"":0.0,""4"":0.0,""5"":0.0,""6"":0.0,""8"":0.0}",0.0,0.0,0.0,0.0,0.0,0.0,0.0,50b656518fa9e27ee58d0e10426cf25e08dc526cf5d87779a313b61a89b286fe
1dbc920edffba9363b404b4e,Cp2_vs_Cp3__stability_plus_geometry,3e971f0bc08c8189f389,Cp2_vs_Cp3,stability_plus_geometry,fl3_entitled,discovery,joint_wild_cluster_rademacher,measurement_missingness_concentration,2.0,0.0,empirically_never_passable,all_zero,,False,0.0,0.0,3,,,,False,False,0.0,True,0.0,0.0,"{""10"":0.0,""12"":0.0,""3"":0.0,""4"":0.0,""5"":0.0,""6"":0.0,""8"":0.0}","{""10"":0.0,""12"":0.0,""3"":0.0,""4"":0.0,""5"":0.0,""6"":0.0,""8"":0.0}",0.0,0.0,0.0,0.0,0.0,0.0,0.0,abae520b1b408e5a60e9b4b44bdb38329c82e2e5f5ed37fab5927672deef6bca
1dbc920edffba9363b404b4e,Cp2_vs_Cp3__stability_plus_geometry,3e971f0bc08c8189f389,Cp2_vs_Cp3,stability_plus_geometry,fl3_entitled,discovery,joint_wild_cluster_rademacher,measurement_missingness_concentration,0.25,0.25,empirically_never_passable,all_zero,,False,0.0,0.0,3,,,,False,False,0.0,True,0.0,0.0,"{""10"":0.0,""12"":0.0,""3"":0.0,""4"":0.0,""5"":0.0,""6"":0.0,""8"":0.0}","{""10"":0.0,""12"":0.0,""3"":0.0,""4"":0.0,""5"":0.0,""6"":0.0,""8"":0.0}",0.0,0.0,0.0,0.0,0.0,0.0,0.0,694a9de875edbfd3ed79e8887cb6d93e2b81a14acaac86283779fe48cd3df9e0
1dbc920edffba9363b404b4e,Cp2_vs_Cp3__stability_plus_geometry,3e971f0bc08c8189f389,Cp2_vs_Cp3,stability_plus_geometry,fl3_entitled,discovery,joint_wild_cluster_rademacher,measurement_missingness_concentration,0.5,0.25,empirically_never_passable,all_zero,,False,0.0,0.0,3,,,,False,False,0.0,True,0.0,0.0,"{""10"":0.0,""12"":0.0,""3"":0.0,""4"":0.0,""5"":0.0,""6"":0.0,""8"":0.0}","{""10"":0.0,""12"":0.0,""3"":0.0,""4"":0.0,""5"":0.0,""6"":0.0,""8"":0.0}",0.0,0.0,0.0,0.0,0.0,0.0,0.0,251218202491488e69a99dc85ff02054ce36c82117450407f2d5cbb63fe8ae8a
1dbc920edffba9363b404b4e,Cp2_vs_Cp3__stability_plus_geometry,3e971f0bc08c8189f389,Cp2_vs_Cp3,stability_plus_geometry,fl3_entitled,discovery,joint_wild_cluster_rademacher,measurement_missingness_concentration,0.75,0.25,empirically_never_passable,all_zero,,False,0.0,0.0,3,,,,False,False,0.0,True,0.0,0.0,"{""10"":0.0,""12"":0.0,""3"":0.0,""4"":0.0,""5"":0.0,""6"":0.0,""8"":0.0}","{""10"":0.0,""12"":0.0,""3"":0.0,""4"":0.0,""5"":0.0,""6"":0.0,""8"":0.0}",0.0,0.0,0.0,0.0,0.0,0.0,0.0,2326f8360e14236c329ca518a0778a7aeed06c85b75f8e789cde0b8aafb3d2d0
1dbc920edffba9363b404b4e,Cp2_vs_Cp3__stability_plus_geometry,3e971f0bc08c8189f389,Cp2_vs_Cp3,stability_plus_geometry,fl3_entitled,discovery,joint_wild_cluster_rademacher,measurement_missingness_concentration,1.0,0.25,empirically_never_passable,all_zero,,False,0.0,0.0,3,,,,False,False,0.0,True,0.0,0.0,"{""10"":0.0,""12"":0.0,""3"":0.0,""4"":0.0,""5"":0.0,""6"":0.0,""8"":0.0}","{""10"":0.0,""12"":0.0,""3"":0.0,""4"":0.0,""5"":0.0,""6"":0.0,""8"":0.0}",0.0,0.0,0.0,0.0,0.0,0.0,0.0,4022027e00a9e289d0adc9a5e1922ead7157a35300aadd30a989c86380298fc4
1dbc920edffba9363b404b4e,Cp2_vs_Cp3__stability_plus_geometry,3e971f0bc08c8189f389,Cp2_vs_Cp3,stability_plus_geometry,fl3_entitled,discovery,joint_wild_cluster_rademacher,measurement_missingness_concentration,1.5,0.25,empirically_never_passable,all_zero,,False,0.0,0.0,3,,,,False,False,0.0,True,0.0,0.0,"{""10"":0.0,""12"":0.0,""3"":0.0,""4"":0.0,""5"":0.0,""6"":0.0,""8"":0.0}","{""10"":0.0,""12"":0.0,""3"":0.0,""4"":0.0,""5"":0.0,""6"":0.0,""8"":0.0}",0.0,0.0,0.0,0.0,0.0,0.0,0.0,59d2f049bb01b4b7d54a6cec0b82eb927b4ed113fac210c8f846f935a202828c
1dbc920edffba9363b404b4e,Cp2_vs_Cp3__stability_plus_geometry,3e971f0bc08c8189f389,Cp2_vs_Cp3,stability_plus_geometry,fl3_entitled,discovery,joint_wild_cluster_rademacher,measurement_missingness_concentration,2.0,0.25,empirically_never_passable,all_zero,,False,0.0,0.0,3,,,,False,False,0.0,True,0.0,0.0,"{""10"":0.0,""12"":0.0,""3"":0.0,""4"":0.0,""5"":0.0,""6"":0.0,""8"":0.0}","{""10"":0.0,""12"":0.0,""3"":0.0,""4"":0.0,""5"":0.0,""6"":0.0,""8"":0.0}",0.0,0.0,0.0,0.0,0.0,0.0,0.0,84af5fc08365876f621a7d33bd786c3a96dfa649a272cdbc4e1530b99f89678d
1dbc920edffba9363b404b4e,Cp2_vs_Cp3__stability_plus_geometry,3e971f0bc08c8189f389,Cp2_vs_Cp3,stability_plus_geometry,fl3_entitled,discovery,joint_wild_cluster_rademacher,measurement_missingness_concentration,0.25,0.5,empirically_never_passable,all_zero,,False,0.0,0.0,3,,,,False,False,0.0,True,0.0,0.0,"{""10"":0.0,""12"":0.0,""3"":0.0,""4"":0.0,""5"":0.0,""6"":0.0,""8"":0.0}","{""10"":0.0,""12"":0.0,""3"":0.0,""4"":0.0,""5"":0.0,""6"":0.0,""8"":0.0}",0.0,0.0,0.0,0.0,0.0,0.0,0.0,ebe431503717e67369f1a7967b16714cefef0a36910c06c09743325d15633752
1dbc920edffba9363b404b4e,Cp2_vs_Cp3__stability_plus_geometry,3e971f0bc08c8189f389,Cp2_vs_Cp3,stability_plus_geometry,fl3_entitled,discovery,joint_wild_cluster_rademacher,measurement_missingness_concentration,0.5,0.5,empirically_never_passable,all_zero,,False,0.0,0.0,3,,,,False,False,0.0,True,0.0,0.0,"{""10"":0.0,""12"":0.0,""3"":0.0,""4"":0.0,""5"":0.0,""6"":0.0,""8"":0.0}","{""10"":0.0,""12"":0.0,""3"":0.0,""4"":0.0,""5"":0.0,""6"":0.0,""8"":0.0}",0.0,0.0,0.0,0.0,0.0,0.0,0.0,a0b142f8609b832645c9b3b6a6454925f90aac6251715bcfa5beaec93856b726
1dbc920edffba9363b404b4e,Cp2_vs_Cp3__stability_plus_geometry,3e971f0bc08c8189f389,Cp2_vs_Cp3,stability_plus_geometry,fl3_entitled,discovery,joint_wild_cluster_rademacher,measurement_missingness_concentration,0.75,0.5,empirically_never_passable,all_zero,,False,0.0,0.0,3,,,,False,False,0.0,True,0.0,0.0,"{""10"":0.0,""12"":0.0,""3"":0.0,""4"":0.0,""5"":0.0,""6"":0.0,""8"":0.0}","{""10"":0.0,""12"":0.0,""3"":0.0,""4"":0.0,""5"":0.0,""6"":0.0,""8"":0.0}",0.0,0.0,0.0,0.0,0.0,0.0,0.0,298b8b4accbd1a456a38e78c01e90923d05f3a8b656003fda82f931dec61a66c
1dbc920edffba9363b404b4e,Cp2_vs_Cp3__stability_plus_geometry,3e971f0bc08c8189f389,Cp2_vs_Cp3,stability_plus_geometry,fl3_entitled,discovery,joint_wild_cluster_rademacher,measurement_missingness_concentration,1.0,0.5,empirically_never_passable,all_zero,,False,0.0,0.0,3,,,,False,False,0.0,True,0.0,0.0,"{""10"":0.0,""12"":0.0,""3"":0.0,""4"":0.0,""5"":0.0,""6"":0.0,""8"":0.0}","{""10"":0.0,""12"":0.0,""3"":0.0,""4"":0.0,""5"":0.0,""6"":0.0,""8"":0.0}",0.0,0.0,0.0,0.0,0.0,0.0,0.0,ff2c7472cfd5b349c31dadfc894b90f0a3426a2cf56dd274984d88867ed28fc6
1dbc920edffba9363b404b4e,Cp2_vs_Cp3__stability_plus_geometry,3e971f0bc08c8189f389,Cp2_vs_Cp3,stability_plus_geometry,fl3_entitled,discovery,joint_wild_cluster_rademacher,measurement_missingness_concentration,1.5,0.5,empirically_never_passable,all_zero,,False,0.0,0.0,3,,,,False,False,0.0,True,0.0,0.0,"{""10"":0.0,""12"":0.0,""3"":0.0,""4"":0.0,""5"":0.0,""6"":0.0,""8"":0.0}","{""10"":0.0,""12"":0.0,""3"":0.0,""4"":0.0,""5"":0.0,""6"":0.0,""8"":0.0}",0.0,0.0,0.0,0.0,0.0,0.0,0.0,86afc87b08654bd222beb664a9f93d902513d11836af9d791749f4fa45efc281
1dbc920edffba9363b404b4e,Cp2_vs_Cp3__stability_plus_geometry,3e971f0bc08c8189f389,Cp2_vs_Cp3,stability_plus_geometry,fl3_entitled,discovery,joint_wild_cluster_rademacher,measurement_missingness_concentration,2.0,0.5,empirically_never_passable,all_zero,,False,0.0,0.0,3,,,,False,False,0.0,True,0.0,0.0,"{""10"":0.0,""12"":0.0,""3"":0.0,""4"":0.0,""5"":0.0,""6"":0.0,""8"":0.0}","{""10"":0.0,""12"":0.0,""3"":0.0,""4"":0.0,""5"":0.0,""6"":0.0,""8"":0.0}",0.0,0.0,0.0,0.0,0.0,0.0,0.0,17e8e24a90685a361a8bcc868a5d95f50f143cfea72c4fe5544496f144d98555
1dbc920edffba9363b404b4e,Cp2_vs_Cp3__stability_plus_geometry,3e971f0bc08c8189f389,Cp2_vs_Cp3,stability_plus_geometry,fl3_entitled,discovery,joint_wild_cluster_rademacher,measurement_missingness_concentration,0.25,1.0,empirically_never_passable,all_zero,,False,0.0,0.0,3,,,,False,False,0.0,True,0.0,0.0,"{""10"":0.0,""12"":0.0,""3"":0.0,""4"":0.0,""5"":0.0,""6"":0.0,""8"":0.0}","{""10"":0.0,""12"":0.0,""3"":0.0,""4"":0.0,""5"":0.0,""6"":0.0,""8"":0.0}",0.0,0.0,0.0,0.0,0.0,0.0,0.0,36da812ab85195706153ce0ab80c00ecfa2363acee02002a6ad6128fa75cd4aa
1dbc920edffba9363b404b4e,Cp2_vs_Cp3__stability_plus_geometry,3e971f0bc08c8189f389,Cp2_vs_Cp3,stability_plus_geometry,fl3_entitled,discovery,joint_wild_cluster_rademacher,measurement_missingness_concentration,0.5,1.0,empirically_never_passable,all_zero,,False,0.0,0.0,3,,,,False,False,0.0,True,0.0,0.0,"{""10"":0.0,""12"":0.0,""3"":0.0,""4"":0.0,""5"":0.0,""6"":0.0,""8"":0.0}","{""10"":0.0,""12"":0.0,""3"":0.0,""4"":0.0,""5"":0.0,""6"":0.0,""8"":0.0}",0.0,0.0,0.0,0.0,0.0,0.0,0.0,5c77c2c4fb4f0fc69a63d21edca4ab6a6461b7d6ec32d9adf0a4e993b3a62db7
1dbc920edffba9363b404b4e,Cp2_vs_Cp3__stability_plus_geometry,3e971f0bc08c8189f389,Cp2_vs_Cp3,stability_plus_geometry,fl3_entitled,discovery,joint_wild_cluster_rademacher,measurement_missingness_concentration,0.75,1.0,empirically_never_passable,all_zero,,False,0.0,0.0,3,,,,False,False,0.0,True,0.0,0.0,"{""10"":0.0,""12"":0.0,""3"":0.0,""4"":0.0,""5"":0.0,""6"":0.0,""8"":0.0}","{""10"":0.0,""12"":0.0,""3"":0.0,""4"":0.0,""5"":0.0,""6"":0.0,""8"":0.0}",0.0,0.0,0.0,0.0,0.0,0.0,0.0,20908b47490558c5ce009ad924a96c4db5d40c81a897cd959d8f3ba90a481dac
1dbc920edffba9363b404b4e,Cp2_vs_Cp3__stability_plus_geometry,3e971f0bc08c8189f389,Cp2_vs_Cp3,stability_plus_geometry,fl3_entitled,discovery,joint_wild_cluster_rademacher,measurement_missingness_concentration,1.0,1.0,empirically_never_passable,all_zero,,False,0.0,0.0,3,,,,False,False,0.0,True,0.0,0.0,"{""10"":0.0,""12"":0.0,""3"":0.0,""4"":0.0,""5"":0.0,""6"":0.0,""8"":0.0}","{""10"":0.0,""12"":0.0,""3"":0.0,""4"":0.0,""5"":0.0,""6"":0.0,""8"":0.0}",0.0,0.0,0.0,0.0,0.0,0.0,0.0,105733b7ce1be00c7d20d6759ab2e324cc2d1e9b7d7356a99f506048621c2c69
1dbc920edffba9363b404b4e,Cp2_vs_Cp3__stability_plus_geometry,3e971f0bc08c8189f389,Cp2_vs_Cp3,stability_plus_geometry,fl3_entitled,discovery,joint_wild_cluster_rademacher,measurement_missingness_concentration,1.5,1.0,empirically_never_passable,all_zero,,False,0.0,0.0,3,,,,False,False,0.0,True,0.0,0.0,"{""10"":0.0,""12"":0.0,""3"":0.0,""4"":0.0,""5"":0.0,""6"":0.0,""8"":0.0}","{""10"":0.0,""12"":0.0,""3"":0.0,""4"":0.0,""5"":0.0,""6"":0.0,""8"":0.0}",0.0,0.0,0.0,0.0,0.0,0.0,0.0,79e8d697b390033fc759d9fa5fc37d70bdc573f2811721b187f69d6c7b0b9bd7
1dbc920edffba9363b404b4e,Cp2_vs_Cp3__stability_plus_geometry,3e971f0bc08c8189f389,Cp2_vs_Cp3,stability_plus_geometry,fl3_entitled,discovery,joint_wild_cluster_rademacher,measurement_missingness_concentration,2.0,1.0,empirically_never_passable,all_zero,,False,0.0,0.0,3,,,,False,False,0.0,True,0.0,0.0,"{""10"":0.0,""12"":0.0,""3"":0.0,""4"":0.0,""5"":0.0,""6"":0.0,""8"":0.0}","{""10"":0.0,""12"":0.0,""3"":0.0,""4"":0.0,""5"":0.0,""6"":0.0,""8"":0.0}",0.0,0.0,0.0,0.0,0.0,0.0,0.0,cff5690eab343415acef5a28f6b24c9235262d10de0b6746c829a630e4215787
bfa569fbae807b7f50c3389f,C_vs_Cp2__stability_core_3,c683c10822cc59ae7587,C_vs_Cp2,stability_core_3,fl3_entitled,discovery,joint_wild_cluster_rademacher,measurement_missingness_concentration,0.0,0.0,empirically_never_passable,all_zero,,False,0.0,0.0,3,,,,False,False,0.0,True,0.0,0.0,"{""10"":0.0,""12"":0.0,""3"":0.0,""4"":0.0,""5"":0.0,""6"":0.0,""8"":0.0}","{""10"":0.0,""12"":0.0,""3"":0.0,""4"":0.0,""5"":0.0,""6"":0.0,""8"":0.0}",0.0,0.0,0.0,0.0,0.0,0.0,0.0,013845e3cccdc733d86fb303bb605190bdfefe9a8bb384b5f0404a1c06c7aa40
bfa569fbae807b7f50c3389f,C_vs_Cp2__stability_core_3,c683c10822cc59ae7587,C_vs_Cp2,stability_core_3,fl3_entitled,discovery,joint_wild_cluster_rademacher,measurement_missingness_concentration,0.25,0.0,empirically_never_passable,all_zero,,False,0.0,0.0,3,,,,False,False,0.0,True,0.0,0.0,"{""10"":0.0,""12"":0.0,""3"":0.0,""4"":0.0,""5"":0.0,""6"":0.0,""8"":0.0}","{""10"":0.0,""12"":0.0,""3"":0.0,""4"":0.0,""5"":0.0,""6"":0.0,""8"":0.0}",0.0,0.0,0.0,0.0,0.0,0.0,0.0,13002d58b6e990ca6da5c48c58d452a9a717e4378bdb858514fc00d978db200f
bfa569fbae807b7f50c3389f,C_vs_Cp2__stability_core_3,c683c10822cc59ae7587,C_vs_Cp2,stability_core_3,fl3_entitled,discovery,joint_wild_cluster_rademacher,measurement_missingness_concentration,0.5,0.0,empirically_never_passable,all_zero,,False,0.0,0.0,3,,,,False,False,0.0,True,0.0,0.0,"{""10"":0.0,""12"":0.0,""3"":0.0,""4"":0.0,""5"":0.0,""6"":0.0,""8"":0.0}","{""10"":0.0,""12"":0.0,""3"":0.0,""4"":0.0,""5"":0.0,""6"":0.0,""8"":0.0}",0.0,0.0,0.0,0.0,0.0,0.0,0.0,25d4677c7e60af844291023a833e935931f0994303bfd3ddda8b1ac97c3ca144
bfa569fbae807b7f50c3389f,C_vs_Cp2__stability_core_3,c683c10822cc59ae7587,C_vs_Cp2,stability_core_3,fl3_entitled,discovery,joint_wild_cluster_rademacher,measurement_missingness_concentration,0.75,0.0,empirically_never_passable,all_zero,,False,0.0,0.0,3,,,,False,False,0.0,True,0.0,0.0,"{""10"":0.0,""12"":0.0,""3"":0.0,""4"":0.0,""5"":0.0,""6"":0.0,""8"":0.0}","{""10"":0.0,""12"":0.0,""3"":0.0,""4"":0.0,""5"":0.0,""6"":0.0,""8"":0.0}",0.0,0.0,0.0,0.0,0.0,0.0,0.0,8c8682c2582e080c560cc970ed1203a1480385cd4fc6c6926179b91c6bbea49c
bfa569fbae807b7f50c3389f,C_vs_Cp2__stability_core_3,c683c10822cc59ae7587,C_vs_Cp2,stability_core_3,fl3_entitled,discovery,joint_wild_cluster_rademacher,measurement_missingness_concentration,1.0,0.0,empirically_never_passable,all_zero,,False,0.0,0.0,3,,,,False,False,0.0,True,0.0,0.0,"{""10"":0.0,""12"":0.0,""3"":0.0,""4"":0.0,""5"":0.0,""6"":0.0,""8"":0.0}","{""10"":0.0,""12"":0.0,""3"":0.0,""4"":0.0,""5"":0.0,""6"":0.0,""8"":0.0}",0.0,0.0,0.0,0.0,0.0,0.0,0.0,1e2aef9ba20c9d584557efecc62ccbc7edbaf3260880fea9ebfd2aff187bf6e4
bfa569fbae807b7f50c3389f,C_vs_Cp2__stability_core_3,c683c10822cc59ae7587,C_vs_Cp2,stability_core_3,fl3_entitled,discovery,joint_wild_cluster_rademacher,measurement_missingness_concentration,1.5,0.0,empirically_never_passable,all_zero,,False,0.0,0.0,3,,,,False,False,0.0,True,0.0,0.0,"{""10"":0.0,""12"":0.0,""3"":0.0,""4"":0.0,""5"":0.0,""6"":0.0,""8"":0.0}","{""10"":0.0,""12"":0.0,""3"":0.0,""4"":0.0,""5"":0.0,""6"":0.0,""8"":0.0}",0.0,0.0,0.0,0.0,0.0,0.0,0.0,bcbbc99ee0daab8e30ae8350ab31d806449b6f4d219959e3b8499b84cb5d9eae
bfa569fbae807b7f50c3389f,C_vs_Cp2__stability_core_3,c683c10822cc59ae7587,C_vs_Cp2,stability_core_3,fl3_entitled,discovery,joint_wild_cluster_rademacher,measurement_missingness_concentration,2.0,0.0,empirically_never_passable,all_zero,,False,0.0,0.0,3,,,,False,False,0.0,True,0.0,0.0,"{""10"":0.0,""12"":0.0,""3"":0.0,""4"":0.0,""5"":0.0,""6"":0.0,""8"":0.0}","{""10"":0.0,""12"":0.0,""3"":0.0,""4"":0.0,""5"":0.0,""6"":0.0,""8"":0.0}",0.0,0.0,0.0,0.0,0.0,0.0,0.0,d8f6593769093aa237d347ca10d1df79615417554a2201372a20b76189a4c2c2
bfa569fbae807b7f50c3389f,C_vs_Cp2__stability_core_3,c683c10822cc59ae7587,C_vs_Cp2,stability_core_3,fl3_entitled,discovery,joint_wild_cluster_rademacher,measurement_missingness_concentration,0.25,0.25,empirically_never_passable,all_zero,,False,0.0,0.0,3,,,,False,False,0.0,True,0.0,0.0,"{""10"":0.0,""12"":0.0,""3"":0.0,""4"":0.0,""5"":0.0,""6"":0.0,""8"":0.0}","{""10"":0.0,""12"":0.0,""3"":0.0,""4"":0.0,""5"":0.0,""6"":0.0,""8"":0.0}",0.0,0.0,0.0,0.0,0.0,0.0,0.0,da2b72e3b0190a2c063528939503d91177759c8d87604c24a896ff93545b3b30
bfa569fbae807b7f50c3389f,C_vs_Cp2__stability_core_3,c683c10822cc59ae7587,C_vs_Cp2,stability_core_3,fl3_entitled,discovery,joint_wild_cluster_rademacher,measurement_missingness_concentration,0.5,0.25,empirically_never_passable,all_zero,,False,0.0,0.0,3,,,,False,False,0.0,True,0.0,0.0,"{""10"":0.0,""12"":0.0,""3"":0.0,""4"":0.0,""5"":0.0,""6"":0.0,""8"":0.0}","{""10"":0.0,""12"":0.0,""3"":0.0,""4"":0.0,""5"":0.0,""6"":0.0,""8"":0.0}",0.0,0.0,0.0,0.0,0.0,0.0,0.0,225e08a41c50a2abd35463d3f4c9dbe5e4d5cd052a8c2c56e001245344ba3665
bfa569fbae807b7f50c3389f,C_vs_Cp2__stability_core_3,c683c10822cc59ae7587,C_vs_Cp2,stability_core_3,fl3_entitled,discovery,joint_wild_cluster_rademacher,measurement_missingness_concentration,0.75,0.25,empirically_never_passable,all_zero,,False,0.0,0.0,3,,,,False,False,0.0,True,0.0,0.0,"{""10"":0.0,""12"":0.0,""3"":0.0,""4"":0.0,""5"":0.0,""6"":0.0,""8"":0.0}","{""10"":0.0,""12"":0.0,""3"":0.0,""4"":0.0,""5"":0.0,""6"":0.0,""8"":0.0}",0.0,0.0,0.0,0.0,0.0,0.0,0.0,a4c3de0a89cad53c3e3a66eda007a8cc8915d6162c15cecf2f0352c3737a06fa
bfa569fbae807b7f50c3389f,C_vs_Cp2__stability_core_3,c683c10822cc59ae7587,C_vs_Cp2,stability_core_3,fl3_entitled,discovery,joint_wild_cluster_rademacher,measurement_missingness_concentration,1.0,0.25,empirically_never_passable,all_zero,,False,0.0,0.0,3,,,,False,False,0.0,True,0.0,0.0,"{""10"":0.0,""12"":0.0,""3"":0.0,""4"":0.0,""5"":0.0,""6"":0.0,""8"":0.0}","{""10"":0.0,""12"":0.0,""3"":0.0,""4"":0.0,""5"":0.0,""6"":0.0,""8"":0.0}",0.0,0.0,0.0,0.0,0.0,0.0,0.0,7f6fe55728082cf7d7167efb16dba07be183bd5e1d771e545d92d5209275e0ca
bfa569fbae807b7f50c3389f,C_vs_Cp2__stability_core_3,c683c10822cc59ae7587,C_vs_Cp2,stability_core_3,fl3_entitled,discovery,joint_wild_cluster_rademacher,measurement_missingness_concentration,1.5,0.25,empirically_never_passable,all_zero,,False,0.0,0.0,3,,,,False,False,0.0,True,0.0,0.0,"{""10"":0.0,""12"":0.0,""3"":0.0,""4"":0.0,""5"":0.0,""6"":0.0,""8"":0.0}","{""10"":0.0,""12"":0.0,""3"":0.0,""4"":0.0,""5"":0.0,""6"":0.0,""8"":0.0}",0.0,0.0,0.0,0.0,0.0,0.0,0.0,33a7835fad2c8f53fac6611a9c1e0ef4f1e6c8ab740006933b276dc1bc9b0cff
bfa569fbae807b7f50c3389f,C_vs_Cp2__stability_core_3,c683c10822cc59ae7587,C_vs_Cp2,stability_core_3,fl3_entitled,discovery,joint_wild_cluster_rademacher,measurement_missingness_concentration,2.0,0.25,empirically_never_passable,all_zero,,False,0.0,0.0,3,,,,False,False,0.0,True,0.0,0.0,"{""10"":0.0,""12"":0.0,""3"":0.0,""4"":0.0,""5"":0.0,""6"":0.0,""8"":0.0}","{""10"":0.0,""12"":0.0,""3"":0.0,""4"":0.0,""5"":0.0,""6"":0.0,""8"":0.0}",0.0,0.0,0.0,0.0,0.0,0.0,0.0,a0d4e9d2302e2704db351c3ae5cc31a51971096a352504bdd10102225d2b4d31
bfa569fbae807b7f50c3389f,C_vs_Cp2__stability_core_3,c683c10822cc59ae7587,C_vs_Cp2,stability_core_3,fl3_entitled,discovery,joint_wild_cluster_rademacher,measurement_missingness_concentration,0.25,0.5,empirically_never_passable,all_zero,,False,0.0,0.0,3,,,,False,False,0.0,True,0.0,0.0,"{""10"":0.0,""12"":0.0,""3"":0.0,""4"":0.0,""5"":0.0,""6"":0.0,""8"":0.0}","{""10"":0.0,""12"":0.0,""3"":0.0,""4"":0.0,""5"":0.0,""6"":0.0,""8"":0.0}",0.0,0.0,0.0,0.0,0.0,0.0,0.0,25a87ce066f2f44d270a1b7ba2ed51706faf0453638c70f400bc9d44ff8f7592
bfa569fbae807b7f50c3389f,C_vs_Cp2__stability_core_3,c683c10822cc59ae7587,C_vs_Cp2,stability_core_3,fl3_entitled,discovery,joint_wild_cluster_rademacher,measurement_missingness_concentration,0.5,0.5,empirically_never_passable,all_zero,,False,0.0,0.0,3,,,,False,False,0.0,True,0.0,0.0,"{""10"":0.0,""12"":0.0,""3"":0.0,""4"":0.0,""5"":0.0,""6"":0.0,""8"":0.0}","{""10"":0.0,""12"":0.0,""3"":0.0,""4"":0.0,""5"":0.0,""6"":0.0,""8"":0.0}",0.0,0.0,0.0,0.0,0.0,0.0,0.0,0c15682fba353635905a33e42a6f99485ca9dbebd0d3bbd75f5a141c10f5afa5
bfa569fbae807b7f50c3389f,C_vs_Cp2__stability_core_3,c683c10822cc59ae7587,C_vs_Cp2,stability_core_3,fl3_entitled,discovery,joint_wild_cluster_rademacher,measurement_missingness_concentration,0.75,0.5,empirically_never_passable,all_zero,,False,0.0,0.0,3,,,,False,False,0.0,True,0.0,0.0,"{""10"":0.0,""12"":0.0,""3"":0.0,""4"":0.0,""5"":0.0,""6"":0.0,""8"":0.0}","{""10"":0.0,""12"":0.0,""3"":0.0,""4"":0.0,""5"":0.0,""6"":0.0,""8"":0.0}",0.0,0.0,0.0,0.0,0.0,0.0,0.0,b9e84e76513d99da94a60a5277e82843c3edff1e1376fbb8bcb860ff50f18911
bfa569fbae807b7f50c3389f,C_vs_Cp2__stability_core_3,c683c10822cc59ae7587,C_vs_Cp2,stability_core_3,fl3_entitled,discovery,joint_wild_cluster_rademacher,measurement_missingness_concentration,1.0,0.5,empirically_never_passable,all_zero,,False,0.0,0.0,3,,,,False,False,0.0,True,0.0,0.0,"{""10"":0.0,""12"":0.0,""3"":0.0,""4"":0.0,""5"":0.0,""6"":0.0,""8"":0.0}","{""10"":0.0,""12"":0.0,""3"":0.0,""4"":0.0,""5"":0.0,""6"":0.0,""8"":0.0}",0.0,0.0,0.0,0.0,0.0,0.0,0.0,e180a8b1bfe17ec81ce60e3aa966d7ca765e3d88935c14f0d2ae3751a5352430
bfa569fbae807b7f50c3389f,C_vs_Cp2__stability_core_3,c683c10822cc59ae7587,C_vs_Cp2,stability_core_3,fl3_entitled,discovery,joint_wild_cluster_rademacher,measurement_missingness_concentration,1.5,0.5,empirically_never_passable,all_zero,,False,0.0,0.0,3,,,,False,False,0.0,True,0.0,0.0,"{""10"":0.0,""12"":0.0,""3"":0.0,""4"":0.0,""5"":0.0,""6"":0.0,""8"":0.0}","{""10"":0.0,""12"":0.0,""3"":0.0,""4"":0.0,""5"":0.0,""6"":0.0,""8"":0.0}",0.0,0.0,0.0,0.0,0.0,0.0,0.0,8da91a9f75adc9a5eb403bde3db5b64870b63634a0459ffbd0b1fa575d159531
bfa569fbae807b7f50c3389f,C_vs_Cp2__stability_core_3,c683c10822cc59ae7587,C_vs_Cp2,stability_core_3,fl3_entitled,discovery,joint_wild_cluster_rademacher,measurement_missingness_concentration,2.0,0.5,empirically_never_passable,all_zero,,False,0.0,0.0,3,,,,False,False,0.0,True,0.0,0.0,"{""10"":0.0,""12"":0.0,""3"":0.0,""4"":0.0,""5"":0.0,""6"":0.0,""8"":0.0}","{""10"":0.0,""12"":0.0,""3"":0.0,""4"":0.0,""5"":0.0,""6"":0.0,""8"":0.0}",0.0,0.0,0.0,0.0,0.0,0.0,0.0,b2800aa01f0460a860975dd69a9107bef1a495a314c2adedf0ee08c1b83817da
bfa569fbae807b7f50c3389f,C_vs_Cp2__stability_core_3,c683c10822cc59ae7587,C_vs_Cp2,stability_core_3,fl3_entitled,discovery,joint_wild_cluster_rademacher,measurement_missingness_concentration,0.25,1.0,empirically_never_passable,all_zero,,False,0.0,0.0,3,,,,False,False,0.0,True,0.0,0.0,"{""10"":0.0,""12"":0.0,""3"":0.0,""4"":0.0,""5"":0.0,""6"":0.0,""8"":0.0}","{""10"":0.0,""12"":0.0,""3"":0.0,""4"":0.0,""5"":0.0,""6"":0.0,""8"":0.0}",0.0,0.0,0.0,0.0,0.0,0.0,0.0,aeabf89c8b8c472ee6436fc9e8ee70ea296f5a9c8982baa5899e328d175d843c
bfa569fbae807b7f50c3389f,C_vs_Cp2__stability_core_3,c683c10822cc59ae7587,C_vs_Cp2,stability_core_3,fl3_entitled,discovery,joint_wild_cluster_rademacher,measurement_missingness_concentration,0.5,1.0,empirically_never_passable,all_zero,,False,0.0,0.0,3,,,,False,False,0.0,True,0.0,0.0,"{""10"":0.0,""12"":0.0,""3"":0.0,""4"":0.0,""5"":0.0,""6"":0.0,""8"":0.0}","{""10"":0.0,""12"":0.0,""3"":0.0,""4"":0.0,""5"":0.0,""6"":0.0,""8"":0.0}",0.0,0.0,0.0,0.0,0.0,0.0,0.0,0d3f58651b1a173a92bd7663978becdc424b162e4b13c7a153d8c1c3a9eefa1b
bfa569fbae807b7f50c3389f,C_vs_Cp2__stability_core_3,c683c10822cc59ae7587,C_vs_Cp2,stability_core_3,fl3_entitled,discovery,joint_wild_cluster_rademacher,measurement_missingness_concentration,0.75,1.0,empirically_never_passable,all_zero,,False,0.0,0.0,3,,,,False,False,0.0,True,0.0,0.0,"{""10"":0.0,""12"":0.0,""3"":0.0,""4"":0.0,""5"":0.0,""6"":0.0,""8"":0.0}","{""10"":0.0,""12"":0.0,""3"":0.0,""4"":0.0,""5"":0.0,""6"":0.0,""8"":0.0}",0.0,0.0,0.0,0.0,0.0,0.0,0.0,e79ad00f2a9ab24dedc632f4bd6c7b428d8d62358368b7602c038e8b847b40da
bfa569fbae807b7f50c3389f,C_vs_Cp2__stability_core_3,c683c10822cc59ae7587,C_vs_Cp2,stability_core_3,fl3_entitled,discovery,joint_wild_cluster_rademacher,measurement_missingness_concentration,1.0,1.0,empirically_never_passable,all_zero,,False,0.0,0.0,3,,,,False,False,0.0,True,0.0,0.0,"{""10"":0.0,""12"":0.0,""3"":0.0,""4"":0.0,""5"":0.0,""6"":0.0,""8"":0.0}","{""10"":0.0,""12"":0.0,""3"":0.0,""4"":0.0,""5"":0.0,""6"":0.0,""8"":0.0}",0.0,0.0,0.0,0.0,0.0,0.0,0.0,f8258bcf37357fc4fd246416360e0c8e781ae11d02aa6b71e1ada949a1b1b86d
bfa569fbae807b7f50c3389f,C_vs_Cp2__stability_core_3,c683c10822cc59ae7587,C_vs_Cp2,stability_core_3,fl3_entitled,discovery,joint_wild_cluster_rademacher,measurement_missingness_concentration,1.5,1.0,empirically_never_passable,all_zero,,False,0.0,0.0,3,,,,False,False,0.0,True,0.0,0.0,"{""10"":0.0,""12"":0.0,""3"":0.0,""4"":0.0,""5"":0.0,""6"":0.0,""8"":0.0}","{""10"":0.0,""12"":0.0,""3"":0.0,""4"":0.0,""5"":0.0,""6"":0.0,""8"":0.0}",0.0,0.0,0.0,0.0,0.0,0.0,0.0,c27658f2e4d531ca088ee129b47768fb2e9fda402c5d828dbb6c7ecf80cc7158
bfa569fbae807b7f50c3389f,C_vs_Cp2__stability_core_3,c683c10822cc59ae7587,C_vs_Cp2,stability_core_3,fl3_entitled,discovery,joint_wild_cluster_rademacher,measurement_missingness_concentration,2.0,1.0,empirically_never_passable,all_zero,,False,0.0,0.0,3,,,,False,False,0.0,True,0.0,0.0,"{""10"":0.0,""12"":0.0,""3"":0.0,""4"":0.0,""5"":0.0,""6"":0.0,""8"":0.0}","{""10"":0.0,""12"":0.0,""3"":0.0,""4"":0.0,""5"":0.0,""6"":0.0,""8"":0.0}",0.0,0.0,0.0,0.0,0.0,0.0,0.0,929716bd5a863badd83e28b509c46babf0f372f7560439dc46bca3c3cc27eefd
d10b3aec4edc47fefb2bd92f,C_vs_Cp3__geometry_scores_only,8eb760d133ac749e3327,C_vs_Cp3,geometry_scores_only,fl3_entitlement_capped,discovery,joint_wild_cluster_rademacher,measurement_missingness_concentration,0.0,0.0,empirically_never_passable,all_zero,,False,0.0,0.0,3,,,,False,False,0.0,True,0.0,0.0,"{""10"":0.0,""12"":0.0,""3"":0.0,""4"":0.0,""5"":0.0,""6"":0.0,""8"":0.0}","{""10"":0.0,""12"":0.0,""3"":0.0,""4"":0.0,""5"":0.0,""6"":0.0,""8"":0.0}",0.0,0.0,0.0,0.0,0.0,0.0,0.0,37d915bc9d8bed95cd7d9cc3fe3039e6933864bb575c837d9b6f21c18a8c09b6
d10b3aec4edc47fefb2bd92f,C_vs_Cp3__geometry_scores_only,8eb760d133ac749e3327,C_vs_Cp3,geometry_scores_only,fl3_entitlement_capped,discovery,joint_wild_cluster_rademacher,measurement_missingness_concentration,0.25,0.0,empirically_never_passable,all_zero,,False,0.0,0.0,3,,,,False,False,0.0,True,0.0,0.0,"{""10"":0.0,""12"":0.0,""3"":0.0,""4"":0.0,""5"":0.0,""6"":0.0,""8"":0.0}","{""10"":0.0,""12"":0.0,""3"":0.0,""4"":0.0,""5"":0.0,""6"":0.0,""8"":0.0}",0.0,0.0,0.0,0.0,0.0,0.0,0.0,aacc48e9c0f6cf37dfb7c8e123238d436c6c815647f3b416d3c586d2cb3c4c9e
d10b3aec4edc47fefb2bd92f,C_vs_Cp3__geometry_scores_only,8eb760d133ac749e3327,C_vs_Cp3,geometry_scores_only,fl3_entitlement_capped,discovery,joint_wild_cluster_rademacher,measurement_missingness_concentration,0.5,0.0,empirically_never_passable,all_zero,,False,0.0,0.0,3,,,,False,False,0.0,True,0.0,0.0,"{""10"":0.0,""12"":0.0,""3"":0.0,""4"":0.0,""5"":0.0,""6"":0.0,""8"":0.0}","{""10"":0.0,""12"":0.0,""3"":0.0,""4"":0.0,""5"":0.0,""6"":0.0,""8"":0.0}",0.0,0.0,0.0,0.0,0.0,0.0,0.0,df9d5f74f74ef7083597818ef660e68b3ecfcbf0ae58b79d3d5b39b954017c0a
d10b3aec4edc47fefb2bd92f,C_vs_Cp3__geometry_scores_only,8eb760d133ac749e3327,C_vs_Cp3,geometry_scores_only,fl3_entitlement_capped,discovery,joint_wild_cluster_rademacher,measurement_missingness_concentration,0.75,0.0,empirically_never_passable,all_zero,,False,0.0,0.0,3,,,,False,False,0.0,True,0.0,0.0,"{""10"":0.0,""12"":0.0,""3"":0.0,""4"":0.0,""5"":0.0,""6"":0.0,""8"":0.0}","{""10"":0.0,""12"":0.0,""3"":0.0,""4"":0.0,""5"":0.0,""6"":0.0,""8"":0.0}",0.0,0.0,0.0,0.0,0.0,0.0,0.0,1647a0caec77b7b0154a903ae5b9edace50267578d37cf5a137c6186ffe0cc41
d10b3aec4edc47fefb2bd92f,C_vs_Cp3__geometry_scores_only,8eb760d133ac749e3327,C_vs_Cp3,geometry_scores_only,fl3_entitlement_capped,discovery,joint_wild_cluster_rademacher,measurement_missingness_concentration,1.0,0.0,empirically_never_passable,all_zero,,False,0.0,0.0,3,,,,False,False,0.0,True,0.0,0.0,"{""10"":0.0,""12"":0.0,""3"":0.0,""4"":0.0,""5"":0.0,""6"":0.0,""8"":0.0}","{""10"":0.0,""12"":0.0,""3"":0.0,""4"":0.0,""5"":0.0,""6"":0.0,""8"":0.0}",0.0,0.0,0.0,0.0,0.0,0.0,0.0,98cc24458ebbbf4dc84181666650ab6d642e59a27faab9bc09498f012cb27e3d
d10b3aec4edc47fefb2bd92f,C_vs_Cp3__geometry_scores_only,8eb760d133ac749e3327,C_vs_Cp3,geometry_scores_only,fl3_entitlement_capped,discovery,joint_wild_cluster_rademacher,measurement_missingness_concentration,1.5,0.0,empirically_never_passable,all_zero,,False,0.0,0.0,3,,,,False,False,0.0,True,0.0,0.0,"{""10"":0.0,""12"":0.0,""3"":0.0,""4"":0.0,""5"":0.0,""6"":0.0,""8"":0.0}","{""10"":0.0,""12"":0.0,""3"":0.0,""4"":0.0,""5"":0.0,""6"":0.0,""8"":0.0}",0.0,0.0,0.0,0.0,0.0,0.0,0.0,fcf7cf54042058df05913fd197e844b71557afb2077001c3b6807766ce4955c2
d10b3aec4edc47fefb2bd92f,C_vs_Cp3__geometry_scores_only,8eb760d133ac749e3327,C_vs_Cp3,geometry_scores_only,fl3_entitlement_capped,discovery,joint_wild_cluster_rademacher,measurement_missingness_concentration,2.0,0.0,empirically_never_passable,all_zero,,False,0.0,0.0,3,,,,False,False,0.0,True,0.0,0.0,"{""10"":0.0,""12"":0.0,""3"":0.0,""4"":0.0,""5"":0.0,""6"":0.0,""8"":0.0}","{""10"":0.0,""12"":0.0,""3"":0.0,""4"":0.0,""5"":0.0,""6"":0.0,""8"":0.0}",0.0,0.0,0.0,0.0,0.0,0.0,0.0,c6a4d68b1a5edc4c714dad953617a765e1e774c9cc921704a5342fee9341b18d
d10b3aec4edc47fefb2bd92f,C_vs_Cp3__geometry_scores_only,8eb760d133ac749e3327,C_vs_Cp3,geometry_scores_only,fl3_entitlement_capped,discovery,joint_wild_cluster_rademacher,measurement_missingness_concentration,0.25,0.25,empirically_never_passable,all_zero,,False,0.0,0.0,3,,,,False,False,0.0,True,0.0,0.0,"{""10"":0.0,""12"":0.0,""3"":0.0,""4"":0.0,""5"":0.0,""6"":0.0,""8"":0.0}","{""10"":0.0,""12"":0.0,""3"":0.0,""4"":0.0,""5"":0.0,""6"":0.0,""8"":0.0}",0.0,0.0,0.0,0.0,0.0,0.0,0.0,6175b1eba8f58dc0ecd594db542885cec6fb06ab1f0bee9456cad49f4553058c
d10b3aec4edc47fefb2bd92f,C_vs_Cp3__geometry_scores_only,8eb760d133ac749e3327,C_vs_Cp3,geometry_scores_only,fl3_entitlement_capped,discovery,joint_wild_cluster_rademacher,measurement_missingness_concentration,0.5,0.25,empirically_never_passable,all_zero,,False,0.0,0.0,3,,,,False,False,0.0,True,0.0,0.0,"{""10"":0.0,""12"":0.0,""3"":0.0,""4"":0.0,""5"":0.0,""6"":0.0,""8"":0.0}","{""10"":0.0,""12"":0.0,""3"":0.0,""4"":0.0,""5"":0.0,""6"":0.0,""8"":0.0}",0.0,0.0,0.0,0.0,0.0,0.0,0.0,e91aaf76e30d7f904d9837db353fa9075be49c1952897f707112fc55c0aaaa18
d10b3aec4edc47fefb2bd92f,C_vs_Cp3__geometry_scores_only,8eb760d133ac749e3327,C_vs_Cp3,geometry_scores_only,fl3_entitlement_capped,discovery,joint_wild_cluster_rademacher,measurement_missingness_concentration,0.75,0.25,empirically_never_passable,all_zero,,False,0.0,0.0,3,,,,False,False,0.0,True,0.0,0.0,"{""10"":0.0,""12"":0.0,""3"":0.0,""4"":0.0,""5"":0.0,""6"":0.0,""8"":0.0}","{""10"":0.0,""12"":0.0,""3"":0.0,""4"":0.0,""5"":0.0,""6"":0.0,""8"":0.0}",0.0,0.0,0.0,0.0,0.0,0.0,0.0,869d64da41574eac664b30210d9ffe34eaf0e498b15299f4f21074d091edfc86
d10b3aec4edc47fefb2bd92f,C_vs_Cp3__geometry_scores_only,8eb760d133ac749e3327,C_vs_Cp3,geometry_scores_only,fl3_entitlement_capped,discovery,joint_wild_cluster_rademacher,measurement_missingness_concentration,1.0,0.25,empirically_never_passable,all_zero,,False,0.0,0.0,3,,,,False,False,0.0,True,0.0,0.0,"{""10"":0.0,""12"":0.0,""3"":0.0,""4"":0.0,""5"":0.0,""6"":0.0,""8"":0.0}","{""10"":0.0,""12"":0.0,""3"":0.0,""4"":0.0,""5"":0.0,""6"":0.0,""8"":0.0}",0.0,0.0,0.0,0.0,0.0,0.0,0.0,dca08db00ab7ba0b3bcdec0e7214dec483366840d7756d20f89feed30b9c81cc
d10b3aec4edc47fefb2bd92f,C_vs_Cp3__geometry_scores_only,8eb760d133ac749e3327,C_vs_Cp3,geometry_scores_only,fl3_entitlement_capped,discovery,joint_wild_cluster_rademacher,measurement_missingness_concentration,1.5,0.25,empirically_never_passable,all_zero,,False,0.0,0.0,3,,,,False,False,0.0,True,0.0,0.0,"{""10"":0.0,""12"":0.0,""3"":0.0,""4"":0.0,""5"":0.0,""6"":0.0,""8"":0.0}","{""10"":0.0,""12"":0.0,""3"":0.0,""4"":0.0,""5"":0.0,""6"":0.0,""8"":0.0}",0.0,0.0,0.0,0.0,0.0,0.0,0.0,2e6376bd3de4e939acda023de03b68b6900302ed39fa00c657b71a71944a47d9
d10b3aec4edc47fefb2bd92f,C_vs_Cp3__geometry_scores_only,8eb760d133ac749e3327,C_vs_Cp3,geometry_scores_only,fl3_entitlement_capped,discovery,joint_wild_cluster_rademacher,measurement_missingness_concentration,2.0,0.25,empirically_never_passable,all_zero,,False,0.0,0.0,3,,,,False,False,0.0,True,0.0,0.0,"{""10"":0.0,""12"":0.0,""3"":0.0,""4"":0.0,""5"":0.0,""6"":0.0,""8"":0.0}","{""10"":0.0,""12"":0.0,""3"":0.0,""4"":0.0,""5"":0.0,""6"":0.0,""8"":0.0}",0.0,0.0,0.0,0.0,0.0,0.0,0.0,2402fb918845ff2f01defac97f11a645d50b65b9e9f87dad1f6daa34baf66a45
d10b3aec4edc47fefb2bd92f,C_vs_Cp3__geometry_scores_only,8eb760d133ac749e3327,C_vs_Cp3,geometry_scores_only,fl3_entitlement_capped,discovery,joint_wild_cluster_rademacher,measurement_missingness_concentration,0.25,0.5,empirically_never_passable,all_zero,,False,0.0,0.0,3,,,,False,False,0.0,True,0.0,0.0,"{""10"":0.0,""12"":0.0,""3"":0.0,""4"":0.0,""5"":0.0,""6"":0.0,""8"":0.0}","{""10"":0.0,""12"":0.0,""3"":0.0,""4"":0.0,""5"":0.0,""6"":0.0,""8"":0.0}",0.0,0.0,0.0,0.0,0.0,0.0,0.0,eabc61bcbbaaf6da4e4c89bdf456fa82e0b4ee068ef3c83464047130526a2511
d10b3aec4edc47fefb2bd92f,C_vs_Cp3__geometry_scores_only,8eb760d133ac749e3327,C_vs_Cp3,geometry_scores_only,fl3_entitlement_capped,discovery,joint_wild_cluster_rademacher,measurement_missingness_concentration,0.5,0.5,empirically_never_passable,all_zero,,False,0.0,0.0,3,,,,False,False,0.0,True,0.0,0.0,"{""10"":0.0,""12"":0.0,""3"":0.0,""4"":0.0,""5"":0.0,""6"":0.0,""8"":0.0}","{""10"":0.0,""12"":0.0,""3"":0.0,""4"":0.0,""5"":0.0,""6"":0.0,""8"":0.0}",0.0,0.0,0.0,0.0,0.0,0.0,0.0,e90c74bce380ad55e65c896fa5c9d00407c30ac0fcfba644a83feea3de388d98
d10b3aec4edc47fefb2bd92f,C_vs_Cp3__geometry_scores_only,8eb760d133ac749e3327,C_vs_Cp3,geometry_scores_only,fl3_entitlement_capped,discovery,joint_wild_cluster_rademacher,measurement_missingness_concentration,0.75,0.5,empirically_never_passable,all_zero,,False,0.0,0.0,3,,,,False,False,0.0,True,0.0,0.0,"{""10"":0.0,""12"":0.0,""3"":0.0,""4"":0.0,""5"":0.0,""6"":0.0,""8"":0.0}","{""10"":0.0,""12"":0.0,""3"":0.0,""4"":0.0,""5"":0.0,""6"":0.0,""8"":0.0}",0.0,0.0,0.0,0.0,0.0,0.0,0.0,ef1bf9f20a0440cbfda72f6181a6116fa942dc624b7a4c5b4c731a8635a4d1b0
d10b3aec4edc47fefb2bd92f,C_vs_Cp3__geometry_scores_only,8eb760d133ac749e3327,C_vs_Cp3,geometry_scores_only,fl3_entitlement_capped,discovery,joint_wild_cluster_rademacher,measurement_missingness_concentration,1.0,0.5,empirically_never_passable,all_zero,,False,0.0,0.0,3,,,,False,False,0.0,True,0.0,0.0,"{""10"":0.0,""12"":0.0,""3"":0.0,""4"":0.0,""5"":0.0,""6"":0.0,""8"":0.0}","{""10"":0.0,""12"":0.0,""3"":0.0,""4"":0.0,""5"":0.0,""6"":0.0,""8"":0.0}",0.0,0.0,0.0,0.0,0.0,0.0,0.0,9c4c4eaf8757685314ad14fb63928f6527965bf7de76b5c2994e988a1b9ff82d
d10b3aec4edc47fefb2bd92f,C_vs_Cp3__geometry_scores_only,8eb760d133ac749e3327,C_vs_Cp3,geometry_scores_only,fl3_entitlement_capped,discovery,joint_wild_cluster_rademacher,measurement_missingness_concentration,1.5,0.5,empirically_never_passable,all_zero,,False,0.0,0.0,3,,,,False,False,0.0,True,0.0,0.0,"{""10"":0.0,""12"":0.0,""3"":0.0,""4"":0.0,""5"":0.0,""6"":0.0,""8"":0.0}","{""10"":0.0,""12"":0.0,""3"":0.0,""4"":0.0,""5"":0.0,""6"":0.0,""8"":0.0}",0.0,0.0,0.0,0.0,0.0,0.0,0.0,2a25f5b372964f9556f33996e9d1187f4cbeb1bdd4281a605323fd1027743d0d
d10b3aec4edc47fefb2bd92f,C_vs_Cp3__geometry_scores_only,8eb760d133ac749e3327,C_vs_Cp3,geometry_scores_only,fl3_entitlement_capped,discovery,joint_wild_cluster_rademacher,measurement_missingness_concentration,2.0,0.5,empirically_never_passable,all_zero,,False,0.0,0.0,3,,,,False,False,0.0,True,0.0,0.0,"{""10"":0.0,""12"":0.0,""3"":0.0,""4"":0.0,""5"":0.0,""6"":0.0,""8"":0.0}","{""10"":0.0,""12"":0.0,""3"":0.0,""4"":0.0,""5"":0.0,""6"":0.0,""8"":0.0}",0.0,0.0,0.0,0.0,0.0,0.0,0.0,90854b237aa85c3b7b80c49086e23970533087a629f98b3536c59da30a46e324
d10b3aec4edc47fefb2bd92f,C_vs_Cp3__geometry_scores_only,8eb760d133ac749e3327,C_vs_Cp3,geometry_scores_only,fl3_entitlement_capped,discovery,joint_wild_cluster_rademacher,measurement_missingness_concentration,0.25,1.0,empirically_never_passable,all_zero,,False,0.0,0.0,3,,,,False,False,0.0,True,0.0,0.0,"{""10"":0.0,""12"":0.0,""3"":0.0,""4"":0.0,""5"":0.0,""6"":0.0,""8"":0.0}","{""10"":0.0,""12"":0.0,""3"":0.0,""4"":0.0,""5"":0.0,""6"":0.0,""8"":0.0}",0.0,0.0,0.0,0.0,0.0,0.0,0.0,4f74301d44864f849cdedde19f4cc432cdc9a2355ae4a206ccc19bb434f919bd
d10b3aec4edc47fefb2bd92f,C_vs_Cp3__geometry_scores_only,8eb760d133ac749e3327,C_vs_Cp3,geometry_scores_only,fl3_entitlement_capped,discovery,joint_wild_cluster_rademacher,measurement_missingness_concentration,0.5,1.0,empirically_never_passable,all_zero,,False,0.0,0.0,3,,,,False,False,0.0,True,0.0,0.0,"{""10"":0.0,""12"":0.0,""3"":0.0,""4"":0.0,""5"":0.0,""6"":0.0,""8"":0.0}","{""10"":0.0,""12"":0.0,""3"":0.0,""4"":0.0,""5"":0.0,""6"":0.0,""8"":0.0}",0.0,0.0,0.0,0.0,0.0,0.0,0.0,edc0f4c0e58e2c194193e6939c693acd2fe30b6857f7126f2b196b306dc6a874
d10b3aec4edc47fefb2bd92f,C_vs_Cp3__geometry_scores_only,8eb760d133ac749e3327,C_vs_Cp3,geometry_scores_only,fl3_entitlement_capped,discovery,joint_wild_cluster_rademacher,measurement_missingness_concentration,0.75,1.0,empirically_never_passable,all_zero,,False,0.0,0.0,3,,,,False,False,0.0,True,0.0,0.0,"{""10"":0.0,""12"":0.0,""3"":0.0,""4"":0.0,""5"":0.0,""6"":0.0,""8"":0.0}","{""10"":0.0,""12"":0.0,""3"":0.0,""4"":0.0,""5"":0.0,""6"":0.0,""8"":0.0}",0.0,0.0,0.0,0.0,0.0,0.0,0.0,cf28ac3ee7d6ba45046e2ad6c425acb7c971ee2c300e7673ca7dc3b0e7d7b6ef
d10b3aec4edc47fefb2bd92f,C_vs_Cp3__geometry_scores_only,8eb760d133ac749e3327,C_vs_Cp3,geometry_scores_only,fl3_entitlement_capped,discovery,joint_wild_cluster_rademacher,measurement_missingness_concentration,1.0,1.0,empirically_never_passable,all_zero,,False,0.0,0.0,3,,,,False,False,0.0,True,0.0,0.0,"{""10"":0.0,""12"":0.0,""3"":0.0,""4"":0.0,""5"":0.0,""6"":0.0,""8"":0.0}","{""10"":0.0,""12"":0.0,""3"":0.0,""4"":0.0,""5"":0.0,""6"":0.0,""8"":0.0}",0.0,0.0,0.0,0.0,0.0,0.0,0.0,7ef06adb276c638500db62c66ce485c5a3a63f0bc0141bad009b6de422acfc04
d10b3aec4edc47fefb2bd92f,C_vs_Cp3__geometry_scores_only,8eb760d133ac749e3327,C_vs_Cp3,geometry_scores_only,fl3_entitlement_capped,discovery,joint_wild_cluster_rademacher,measurement_missingness_concentration,1.5,1.0,empirically_never_passable,all_zero,,False,0.0,0.0,3,,,,False,False,0.0,True,0.0,0.0,"{""10"":0.0,""12"":0.0,""3"":0.0,""4"":0.0,""5"":0.0,""6"":0.0,""8"":0.0}","{""10"":0.0,""12"":0.0,""3"":0.0,""4"":0.0,""5"":0.0,""6"":0.0,""8"":0.0}",0.0,0.0,0.0,0.0,0.0,0.0,0.0,4685279b5a7400f63774447576920fe83d175cf8281c6b169ad3e987f0648d35
d10b3aec4edc47fefb2bd92f,C_vs_Cp3__geometry_scores_only,8eb760d133ac749e3327,C_vs_Cp3,geometry_scores_only,fl3_entitlement_capped,discovery,joint_wild_cluster_rademacher,measurement_missingness_concentration,2.0,1.0,empirically_never_passable,all_zero,,False,0.0,0.0,3,,,,False,False,0.0,True,0.0,0.0,"{""10"":0.0,""12"":0.0,""3"":0.0,""4"":0.0,""5"":0.0,""6"":0.0,""8"":0.0}","{""10"":0.0,""12"":0.0,""3"":0.0,""4"":0.0,""5"":0.0,""6"":0.0,""8"":0.0}",0.0,0.0,0.0,0.0,0.0,0.0,0.0,3e7bce2607491f65fd003de53fc99e7500251492dcf8950ce76e7b4dc7292790
fe17c18b39eb86c6e9f982bd,C_vs_Cp3__path_shares_only,28ecf7e42b861405b6b3,C_vs_Cp3,path_shares_only,fl3_entitled,discovery,joint_wild_cluster_rademacher,measurement_missingness_concentration,0.0,0.0,empirically_never_passable,all_zero,,False,0.0,0.0,3,,,,False,False,0.0,True,0.0,8.969,"{""10"":0.0,""12"":0.0,""3"":0.0,""4"":0.0,""5"":0.0,""6"":0.0,""8"":0.0}","{""10"":7.47,""12"":8.969,""3"":2.235,""4"":2.99,""5"":3.755,""6"":4.495,""8"":5.964}",0.0,0.0,0.0,0.0,0.0,0.0,0.0,f2277be8296eb955479ee91a36d301b7306187662329ee701bfbdafd162e0588
fe17c18b39eb86c6e9f982bd,C_vs_Cp3__path_shares_only,28ecf7e42b861405b6b3,C_vs_Cp3,path_shares_only,fl3_entitled,discovery,joint_wild_cluster_rademacher,measurement_missingness_concentration,0.25,0.0,early_passable,observed_non_decreasing,4.0,True,0.577,0.577,12,12.0,,,False,False,0.17299999999999993,False,0.474,8.99,"{""10"":0.404,""12"":0.577,""3"":0.0,""4"":0.008,""5"":0.04,""6"":0.103,""8"":0.249}","{""10"":7.507,""12"":8.99,""3"":2.279,""4"":3.004,""5"":3.771,""6"":4.553,""8"":6.014}",0.0,0.008,0.04,0.103,0.249,0.404,0.577,1323fdb2f6b611cd4eb7ca1cc35fd626f517dc8f299bd47dc63b65e0b401c73c
fe17c18b39eb86c6e9f982bd,C_vs_Cp3__path_shares_only,28ecf7e42b861405b6b3,C_vs_Cp3,path_shares_only,fl3_entitled,discovery,joint_wild_cluster_rademacher,measurement_missingness_concentration,0.5,0.0,early_passable,observed_non_decreasing,4.0,True,0.949,0.949,12,8.0,10.0,12.0,False,False,0.10899999999999999,False,0.601,9.048,"{""10"":0.84,""12"":0.949,""3"":0.0,""4"":0.071,""5"":0.192,""6"":0.348,""8"":0.64}","{""10"":7.542,""12"":9.048,""3"":2.23,""4"":2.987,""5"":3.745,""6"":4.509,""8"":6.003}",0.0,0.071,0.192,0.348,0.64,0.84,0.949,f9f75362e426d41d8cd64f3e1e5db2764eb7135d460c07a453b1b9d9e04a4dc2
fe17c18b39eb86c6e9f982bd,C_vs_Cp3__path_shares_only,28ecf7e42b861405b6b3,C_vs_Cp3,path_shares_only,fl3_entitled,discovery,joint_wild_cluster_rademacher,measurement_missingness_concentration,0.75,0.0,early_passable,observed_non_decreasing,4.0,True,0.987,0.987,12,6.0,8.0,10.0,False,False,0.030000000000000027,False,0.41500000000000004,9.013,"{""10"":0.957,""12"":0.987,""3"":0.0,""4"":0.137,""5"":0.359,""6"":0.572,""8"":0.839}","{""10"":7.515,""12"":9.013,""3"":2.214,""4"":2.991,""5"":3.748,""6"":4.492,""8"":5.985}",0.0,0.137,0.359,0.572,0.839,0.957,0.987,25e74377dd005e3459300c6e0886ae7e987614c0f8db4085fa5537257b9829df
fe17c18b39eb86c6e9f982bd,C_vs_Cp3__path_shares_only,28ecf7e42b861405b6b3,C_vs_Cp3,path_shares_only,fl3_entitled,discovery,joint_wild_cluster_rademacher,measurement_missingness_concentration,1.0,0.0,early_passable,observed_non_decreasing,4.0,True,0.997,0.997,12,6.0,8.0,8.0,False,False,0.009000000000000008,True,0.30700000000000005,9.098,"{""10"":0.988,""12"":0.997,""3"":0.0,""4"":0.199,""5"":0.476,""6"":0.69,""8"":0.927}","{""10"":7.575,""12"":9.098,""3"":2.248,""4"":3.003,""5"":3.763,""6"":4.534,""8"":6.064}",0.0,0.199,0.476,0.69,0.927,0.988,0.997,98abed480275e4433bc494f9be071e885b90da2fcdba8dfa8ee626910aa0e97c
fe17c18b39eb86c6e9f982bd,C_vs_Cp3__path_shares_only,28ecf7e42b861405b6b3,C_vs_Cp3,path_shares_only,fl3_entitled,discovery,joint_wild_cluster_rademacher,measurement_missingness_concentration,1.5,0.0,early_passable,observed_non_decreasing,4.0,True,0.999,0.999,12,5.0,8.0,8.0,False,False,0.008000000000000007,True,0.21399999999999997,9.007,"{""10"":0.991,""12"":0.999,""3"":0.0,""4"":0.272,""5"":0.571,""6"":0.785,""8"":0.964}","{""10"":7.505,""12"":9.007,""3"":2.217,""4"":2.979,""5"":3.721,""6"":4.473,""8"":6.005}",0.0,0.272,0.571,0.785,0.964,0.991,0.999,5e08934f1e23eb444330fc1530a610e501ad6157d8d32dd8b8272ecb30f2cd41
fe17c18b39eb86c6e9f982bd,C_vs_Cp3__path_shares_only,28ecf7e42b861405b6b3,C_vs_Cp3,path_shares_only,fl3_entitled,discovery,joint_wild_cluster_rademacher,measurement_missingness_concentration,2.0,0.0,early_passable,observed_non_decreasing,4.0,True,1.0,1.0,12,5.0,6.0,8.0,False,False,0.0020000000000000018,True,0.17300000000000004,9.018,"{""10"":0.998,""12"":1.0,""3"":0.0,""4"":0.315,""5"":0.61,""6"":0.827,""8"":0.963}","{""10"":7.506,""12"":9.018,""3"":2.266,""4"":3.013,""5"":3.739,""6"":4.492,""8"":5.984}",0.0,0.315,0.61,0.827,0.963,0.998,1.0,c6fccbed114bb1cec43c03435f80838c4d0eea3fe35b2b7847811d33e3ec28e7
fe17c18b39eb86c6e9f982bd,C_vs_Cp3__path_shares_only,28ecf7e42b861405b6b3,C_vs_Cp3,path_shares_only,fl3_entitled,discovery,joint_wild_cluster_rademacher,measurement_missingness_concentration,0.25,0.25,early_passable,observed_non_decreasing,4.0,True,0.61,0.61,12,12.0,,,False,False,0.16799999999999998,False,0.501,9.071,"{""10"":0.442,""12"":0.61,""3"":0.0,""4"":0.013,""5"":0.044,""6"":0.109,""8"":0.262}","{""10"":7.564,""12"":9.071,""3"":2.257,""4"":3.005,""5"":3.774,""6"":4.548,""8"":6.054}",0.0,0.013,0.044,0.109,0.262,0.442,0.61,0df54a68b6eb62b3a2cdf61fc2d56976fc5ae76b49ea6f055fbac17a53d280b5
fe17c18b39eb86c6e9f982bd,C_vs_Cp3__path_shares_only,28ecf7e42b861405b6b3,C_vs_Cp3,path_shares_only,fl3_entitled,discovery,joint_wild_cluster_rademacher,measurement_missingness_concentration,0.5,0.25,early_passable,observed_non_decreasing,4.0,True,0.92,0.92,12,8.0,10.0,12.0,False,False,0.09100000000000008,False,0.5660000000000001,8.984,"{""10"":0.829,""12"":0.92,""3"":0.0,""4"":0.063,""5"":0.212,""6"":0.354,""8"":0.647}","{""10"":7.465,""12"":8.984,""3"":2.271,""4"":3.013,""5"":3.76,""6"":4.511,""8"":5.997}",0.0,0.063,0.212,0.354,0.647,0.829,0.92,eb0aff3b6dc8092b1f6de54546c024d348d07c29aef9e684b5f22a99801ec85e
fe17c18b39eb86c6e9f982bd,C_vs_Cp3__path_shares_only,28ecf7e42b861405b6b3,C_vs_Cp3,path_shares_only,fl3_entitled,discovery,joint_wild_cluster_rademacher,measurement_missingness_concentration,0.75,0.25,early_passable,observed_non_decreasing,4.0,True,0.985,0.985,12,6.0,8.0,10.0,False,False,0.03500000000000003,False,0.41600000000000004,8.911,"{""10"":0.95,""12"":0.985,""3"":0.0,""4"":0.133,""5"":0.349,""6"":0.569,""8"":0.839}","{""10"":7.434,""12"":8.911,""3"":2.26,""4"":2.976,""5"":3.688,""6"":4.425,""8"":5.929}",0.0,0.133,0.349,0.569,0.839,0.95,0.985,0841b9bbe596470d67601e1b44df4b568191181ae6094d7e869fffdf72e4651a
fe17c18b39eb86c6e9f982bd,C_vs_Cp3__path_shares_only,28ecf7e42b861405b6b3,C_vs_Cp3,path_shares_only,fl3_entitled,discovery,joint_wild_cluster_rademacher,measurement_missingness_concentration,1.0,0.25,early_passable,observed_non_decreasing,4.0,True,0.996,0.996,12,6.0,8.0,8.0,False,False,0.020000000000000018,False,0.30200000000000005,8.949,"{""10"":0.976,""12"":0.996,""3"":0.0,""4"":0.207,""5"":0.463,""6"":0.694,""8"":0.911}","{""10"":7.466,""12"":8.949,""3"":2.275,""4"":3.008,""5"":3.736,""6"":4.505,""8"":6.003}",0.0,0.207,0.463,0.694,0.911,0.976,0.996,7aad039583300d4cb0198d8d2e642cc7a91441073fce90279ccad449115f410e
fe17c18b39eb86c6e9f982bd,C_vs_Cp3__path_shares_only,28ecf7e42b861405b6b3,C_vs_Cp3,path_shares_only,fl3_entitled,discovery,joint_wild_cluster_rademacher,measurement_missingness_concentration,1.5,0.25,early_passable,observed_non_decreasing,4.0,True,1.0,1.0,12,5.0,8.0,8.0,False,False,0.006000000000000005,True,0.21199999999999997,8.996,"{""10"":0.994,""12"":1.0,""3"":0.0,""4"":0.254,""5"":0.552,""6"":0.788,""8"":0.963}","{""10"":7.512,""12"":8.996,""3"":2.217,""4"":2.953,""5"":3.719,""6"":4.48,""8"":6.007}",0.0,0.254,0.552,0.788,0.963,0.994,1.0,54b2c91bf12f1a32346054a697e37b0554f3ab7b232f6046e4c790c218bba942
fe17c18b39eb86c6e9f982bd,C_vs_Cp3__path_shares_only,28ecf7e42b861405b6b3,C_vs_Cp3,path_shares_only,fl3_entitled,discovery,joint_wild_cluster_rademacher,measurement_missingness_concentration,2.0,0.25,early_passable,observed_non_decreasing,4.0,True,0.999,0.999,12,5.0,6.0,8.0,False,False,0.0030000000000000027,True,0.19599999999999995,9.022,"{""10"":0.996,""12"":0.999,""3"":0.0,""4"":0.299,""5"":0.621,""6"":0.803,""8"":0.965}","{""10"":7.482,""12"":9.022,""3"":2.249,""4"":3.019,""5"":3.749,""6"":4.48,""8"":5.995}",0.0,0.299,0.621,0.803,0.965,0.996,0.999,cb70e1417bdda02e75dfc651809f7d1bc932bd21626a02b0d54228b10fe3cba6
fe17c18b39eb86c6e9f982bd,C_vs_Cp3__path_shares_only,28ecf7e42b861405b6b3,C_vs_Cp3,path_shares_only,fl3_entitled,discovery,joint_wild_cluster_rademacher,measurement_missingness_concentration,0.25,0.5,early_passable,observed_non_decreasing,4.0,True,0.49,0.49,12,,,,False,True,0.10899999999999999,False,0.397,9.028,"{""10"":0.381,""12"":0.49,""3"":0.0,""4"":0.013,""5"":0.047,""6"":0.093,""8"":0.244}","{""10"":7.544,""12"":9.028,""3"":2.262,""4"":3.02,""5"":3.773,""6"":4.507,""8"":6.039}",0.0,0.013,0.047,0.093,0.244,0.381,0.49,19a22d0c4807366de9da649f50152ca2dae3efea030afe894ff0b167abc7e98e
fe17c18b39eb86c6e9f982bd,C_vs_Cp3__path_shares_only,28ecf7e42b861405b6b3,C_vs_Cp3,path_shares_only,fl3_entitled,discovery,joint_wild_cluster_rademacher,measurement_missingness_concentration,0.5,0.5,early_passable,observed_non_decreasing,4.0,True,0.811,0.811,12,8.0,12.0,,False,False,0.07600000000000007,False,0.47900000000000004,8.98,"{""10"":0.735,""12"":0.811,""3"":0.0,""4"":0.058,""5"":0.188,""6"":0.332,""8"":0.586}","{""10"":7.477,""12"":8.98,""3"":2.242,""4"":2.987,""5"":3.736,""6"":4.489,""8"":5.986}",0.0,0.058,0.188,0.332,0.586,0.735,0.811,e43b5e418e9746564702d0131d796c60e700d0c16efe42eec50e6c8c6d10e243
fe17c18b39eb86c6e9f982bd,C_vs_Cp3__path_shares_only,28ecf7e42b861405b6b3,C_vs_Cp3,path_shares_only,fl3_entitled,discovery,joint_wild_cluster_rademacher,measurement_missingness_concentration,0.75,0.5,early_passable,observed_non_decreasing,4.0,True,0.906,0.906,12,6.0,10.0,12.0,False,False,0.039000000000000035,False,0.381,9.0,"{""10"":0.867,""12"":0.906,""3"":0.0,""4"":0.125,""5"":0.335,""6"":0.525,""8"":0.75}","{""10"":7.512,""12"":9.0,""3"":2.227,""4"":2.98,""5"":3.739,""6"":4.514,""8"":6.02}",0.0,0.125,0.335,0.525,0.75,0.867,0.906,8cd36e37909a4079bbfbe3bbb1c1a70d1c19b82b9ac0f73d1ede938df6e1f9b0
fe17c18b39eb86c6e9f982bd,C_vs_Cp3__path_shares_only,28ecf7e42b861405b6b3,C_vs_Cp3,path_shares_only,fl3_entitled,discovery,joint_wild_cluster_rademacher,measurement_missingness_concentration,1.0,0.5,early_passable,observed_non_decreasing,4.0,True,0.943,0.943,12,6.0,8.0,10.0,False,False,0.030999999999999917,False,0.30399999999999994,9.032,"{""10"":0.912,""12"":0.943,""3"":0.0,""4"":0.178,""5"":0.446,""6"":0.639,""8"":0.851}","{""10"":7.517,""12"":9.032,""3"":2.225,""4"":2.974,""5"":3.724,""6"":4.471,""8"":5.993}",0.0,0.178,0.446,0.639,0.851,0.912,0.943,b71a15872f022e4931b04fd0ee131ffcbc98e843d31767865b10e8ca56bd87a8
fe17c18b39eb86c6e9f982bd,C_vs_Cp3__path_shares_only,28ecf7e42b861405b6b3,C_vs_Cp3,path_shares_only,fl3_entitled,discovery,joint_wild_cluster_rademacher,measurement_missingness_concentration,1.5,0.5,early_passable,observed_non_decreasing,4.0,True,0.968,0.968,12,5.0,8.0,10.0,False,False,0.013000000000000012,False,0.256,8.973,"{""10"":0.955,""12"":0.968,""3"":0.0,""4"":0.241,""5"":0.521,""6"":0.712,""8"":0.899}","{""10"":7.476,""12"":8.973,""3"":2.236,""4"":2.975,""5"":3.727,""6"":4.467,""8"":5.963}",0.0,0.241,0.521,0.712,0.899,0.955,0.968,d59bac2eeba17fea2943277a1e40d647977c1dc95111323dc5b1fd6c3f1e5874
fe17c18b39eb86c6e9f982bd,C_vs_Cp3__path_shares_only,28ecf7e42b861405b6b3,C_vs_Cp3,path_shares_only,fl3_entitled,discovery,joint_wild_cluster_rademacher,measurement_missingness_concentration,2.0,0.5,early_passable,observed_non_decreasing,4.0,True,0.98,0.98,12,5.0,8.0,8.0,False,False,0.016000000000000014,False,0.20899999999999996,8.965,"{""10"":0.964,""12"":0.98,""3"":0.0,""4"":0.28,""5"":0.583,""6"":0.771,""8"":0.929}","{""10"":7.476,""12"":8.965,""3"":2.263,""4"":3.011,""5"":3.743,""6"":4.482,""8"":5.994}",0.0,0.28,0.583,0.771,0.929,0.964,0.98,075e0d6d371a26a224d0f7e93d398afb4120611b9cb236798bc449b327e737dd
fe17c18b39eb86c6e9f982bd,C_vs_Cp3__path_shares_only,28ecf7e42b861405b6b3,C_vs_Cp3,path_shares_only,fl3_entitled,discovery,joint_wild_cluster_rademacher,measurement_missingness_concentration,0.25,1.0,early_passable,observed_non_decreasing,4.0,True,0.253,0.253,12,,,,False,True,0.032,False,0.176,9.002,"{""10"":0.221,""12"":0.253,""3"":0.0,""4"":0.013,""5"":0.037,""6"":0.077,""8"":0.161}","{""10"":7.513,""12"":9.002,""3"":2.262,""4"":3.019,""5"":3.777,""6"":4.527,""8"":5.992}",0.0,0.013,0.037,0.077,0.161,0.221,0.253,a47c8667287b2bbf39aa9b3e58237597915aa128db364d37df482f387275dcf4
fe17c18b39eb86c6e9f982bd,C_vs_Cp3__path_shares_only,28ecf7e42b861405b6b3,C_vs_Cp3,path_shares_only,fl3_entitled,discovery,joint_wild_cluster_rademacher,measurement_missingness_concentration,0.5,1.0,early_passable,minor_nonmonotonicity_within_tolerance,4.0,True,0.328,0.311,10,,,,False,True,-0.017000000000000015,False,0.089,9.096,"{""10"":0.328,""12"":0.311,""3"":0.0,""4"":0.065,""5"":0.161,""6"":0.222,""8"":0.309}","{""10"":7.561,""12"":9.096,""3"":2.279,""4"":3.039,""5"":3.788,""6"":4.552,""8"":6.063}",0.0,0.065,0.161,0.222,0.309,0.328,0.311,ac32361af5957843ef6dab040a02710b0a34ebc9514696ce934f076913261379
fe17c18b39eb86c6e9f982bd,C_vs_Cp3__path_shares_only,28ecf7e42b861405b6b3,C_vs_Cp3,path_shares_only,fl3_entitled,discovery,joint_wild_cluster_rademacher,measurement_missingness_concentration,0.75,1.0,early_passable,minor_nonmonotonicity_within_tolerance,4.0,True,0.329,0.297,8,,,,False,True,-0.014000000000000012,False,0.02899999999999997,9.047,"{""10"":0.311,""12"":0.297,""3"":0.0,""4"":0.088,""5"":0.209,""6"":0.268,""8"":0.329}","{""10"":7.542,""12"":9.047,""3"":2.288,""4"":3.069,""5"":3.834,""6"":4.542,""8"":6.049}",0.0,0.088,0.209,0.268,0.329,0.311,0.297,c93f492db6214e122983fc87ecffb9e72ee511b43437a45f6042a02ef1c39dec
fe17c18b39eb86c6e9f982bd,C_vs_Cp3__path_shares_only,28ecf7e42b861405b6b3,C_vs_Cp3,path_shares_only,fl3_entitled,discovery,joint_wild_cluster_rademacher,measurement_missingness_concentration,1.0,1.0,early_passable,materially_nonmonotone,4.0,True,0.315,0.286,8,,,,True,True,-0.009000000000000008,True,-0.01100000000000001,9.056,"{""10"":0.295,""12"":0.286,""3"":0.0,""4"":0.104,""5"":0.221,""6"":0.297,""8"":0.315}","{""10"":7.561,""12"":9.056,""3"":2.258,""4"":3.02,""5"":3.777,""6"":4.518,""8"":6.052}",0.0,0.104,0.221,0.297,0.315,0.295,0.286,7fd8e3071393e22f5764f070f7d9f897dc6ee6d5e02393a12508b163362de350
fe17c18b39eb86c6e9f982bd,C_vs_Cp3__path_shares_only,28ecf7e42b861405b6b3,C_vs_Cp3,path_shares_only,fl3_entitled,discovery,joint_wild_cluster_rademacher,measurement_missingness_concentration,1.5,1.0,early_passable,minor_nonmonotonicity_within_tolerance,4.0,True,0.342,0.334,10,,,,False,True,-0.008000000000000007,True,0.03600000000000003,9.025,"{""10"":0.342,""12"":0.334,""3"":0.0,""4"":0.113,""5"":0.214,""6"":0.298,""8"":0.338}","{""10"":7.5,""12"":9.025,""3"":2.24,""4"":2.994,""5"":3.747,""6"":4.499,""8"":6.021}",0.0,0.113,0.214,0.298,0.338,0.342,0.334,2b5d889c6841cd355126eb01fa0f3bea2726be819209a79fe96825c0fe8a6d21
fe17c18b39eb86c6e9f982bd,C_vs_Cp3__path_shares_only,28ecf7e42b861405b6b3,C_vs_Cp3,path_shares_only,fl3_entitled,discovery,joint_wild_cluster_rademacher,measurement_missingness_concentration,2.0,1.0,early_passable,minor_nonmonotonicity_within_tolerance,4.0,True,0.329,0.31,8,,,,False,True,-0.0050000000000000044,True,0.0030000000000000027,9.014,"{""10"":0.315,""12"":0.31,""3"":0.0,""4"":0.108,""5"":0.239,""6"":0.307,""8"":0.329}","{""10"":7.528,""12"":9.014,""3"":2.245,""4"":2.992,""5"":3.755,""6"":4.516,""8"":6.027}",0.0,0.108,0.239,0.307,0.329,0.315,0.31,7c24137a45ce43894d65ff438496e62e1b3810c5e8766d4df3162f3cc4da80d6
