address_id,record_id,support_id,relation,carrier,entitlement_status,partition,simulator_id,failure_predicate,delta,control_response_lambda,coverage_plateau_start_k,persistent_nonpassage,plateau_limiting_class,localization_basis,dominant_gate,plateau_replicates,mean_support_available_pass_probability,mean_complement_admissible_pass_probability,category_single_gate_rescue_counts_json,category_failure_burden_json,gate_single_gate_rescue_counts_json,maximum_gate_passage_probability,final_tested_gate_passage_probability
03ef63db7584762143dc3914,three_way__no_window,114bd7932e0008f8ef79,three_way,no_window,fl3_entitlement_capped,confirmation,joint_gaussian_regularized_cluster,measurement_missingness_concentration,0.0,0.0,6,True,mixed_gate_limited,no_single_gate_rescue_or_dominant_failure_category,multiple,4000,1.0,0.999,"{""control_contamination_limited"":0,""directionality_limited"":0,""effect_limited"":0,""effective_support_limited"":0,""specificity_limited"":0,""statistical_resolution_limited"":0,""structurally_unavailable"":0}","{""control_contamination_limited"":1.0,""directionality_limited"":1.0,""effect_limited"":1.0,""effective_support_limited"":1.0,""specificity_limited"":1.0,""statistical_resolution_limited"":1.0,""structurally_unavailable"":0.0005}","{""cluster_uncertainty_pass"":0,""complement_admissible_pass"":0,""control_adjusted_contrast_pass"":0,""control_specificity_pass"":0,""effect_direction_reproduced_pass"":0,""minimum_effect_pass"":0,""multiplicity_adjusted_threshold_pass"":0,""raw_statistical_threshold_pass"":0,""support_available_pass"":0,""target_contrast_positive_pass"":0}",0.0,0.0
1cce3e5fe7c50070e58676c9,Cp2_vs_Cp3__strict_numeric_all,0262d70dda595cb6cda6,Cp2_vs_Cp3,strict_numeric_all,fl3_entitlement_capped,confirmation,joint_gaussian_regularized_cluster,measurement_missingness_concentration,0.0,0.0,6,True,mixed_gate_limited,no_single_gate_rescue_or_dominant_failure_category,multiple,4000,0.9925,0.9552499999999999,"{""control_contamination_limited"":0,""directionality_limited"":0,""effect_limited"":0,""effective_support_limited"":0,""specificity_limited"":0,""statistical_resolution_limited"":0,""structurally_unavailable"":0}","{""control_contamination_limited"":1.0,""directionality_limited"":1.0,""effect_limited"":1.0,""effective_support_limited"":1.0,""specificity_limited"":1.0,""statistical_resolution_limited"":1.0,""structurally_unavailable"":0.026125}","{""cluster_uncertainty_pass"":0,""complement_admissible_pass"":0,""control_adjusted_contrast_pass"":0,""control_specificity_pass"":0,""effect_direction_reproduced_pass"":0,""minimum_effect_pass"":0,""multiplicity_adjusted_threshold_pass"":0,""raw_statistical_threshold_pass"":0,""support_available_pass"":0,""target_contrast_positive_pass"":0}",0.0,0.0
1cce3e5fe7c50070e58676c9,Cp2_vs_Cp3__strict_numeric_all,0262d70dda595cb6cda6,Cp2_vs_Cp3,strict_numeric_all,fl3_entitlement_capped,confirmation,joint_gaussian_regularized_cluster,measurement_missingness_concentration,0.25,0.0,6,True,mixed_gate_limited,no_single_gate_rescue_or_dominant_failure_category,multiple,4000,0.9955,0.9615,"{""control_contamination_limited"":0,""directionality_limited"":0,""effect_limited"":0,""effective_support_limited"":0,""specificity_limited"":0,""statistical_resolution_limited"":0,""structurally_unavailable"":0}","{""control_contamination_limited"":0.22575,""directionality_limited"":0.1885,""effect_limited"":0.36325,""effective_support_limited"":1.0,""specificity_limited"":0.1885,""statistical_resolution_limited"":1.0,""structurally_unavailable"":0.0215}","{""cluster_uncertainty_pass"":0,""complement_admissible_pass"":0,""control_adjusted_contrast_pass"":0,""control_specificity_pass"":0,""effect_direction_reproduced_pass"":0,""minimum_effect_pass"":0,""multiplicity_adjusted_threshold_pass"":0,""raw_statistical_threshold_pass"":0,""support_available_pass"":0,""target_contrast_positive_pass"":0}",0.0,0.0
1cce3e5fe7c50070e58676c9,Cp2_vs_Cp3__strict_numeric_all,0262d70dda595cb6cda6,Cp2_vs_Cp3,strict_numeric_all,fl3_entitlement_capped,confirmation,joint_gaussian_regularized_cluster,measurement_missingness_concentration,0.5,0.0,6,True,mixed_gate_limited,no_single_gate_rescue_or_dominant_failure_category,multiple,4000,0.992,0.9555,"{""control_contamination_limited"":0,""directionality_limited"":0,""effect_limited"":0,""effective_support_limited"":0,""specificity_limited"":0,""statistical_resolution_limited"":0,""structurally_unavailable"":0}","{""control_contamination_limited"":0.1845,""directionality_limited"":0.184,""effect_limited"":0.195,""effective_support_limited"":1.0,""specificity_limited"":0.184,""statistical_resolution_limited"":1.0,""structurally_unavailable"":0.026250000000000002}","{""cluster_uncertainty_pass"":0,""complement_admissible_pass"":0,""control_adjusted_contrast_pass"":0,""control_specificity_pass"":0,""effect_direction_reproduced_pass"":0,""minimum_effect_pass"":0,""multiplicity_adjusted_threshold_pass"":0,""raw_statistical_threshold_pass"":0,""support_available_pass"":0,""target_contrast_positive_pass"":0}",0.0,0.0
1cce3e5fe7c50070e58676c9,Cp2_vs_Cp3__strict_numeric_all,0262d70dda595cb6cda6,Cp2_vs_Cp3,strict_numeric_all,fl3_entitlement_capped,confirmation,joint_gaussian_regularized_cluster,measurement_missingness_concentration,0.75,0.0,6,True,mixed_gate_limited,no_single_gate_rescue_or_dominant_failure_category,multiple,4000,0.9925,0.9544999999999999,"{""control_contamination_limited"":0,""directionality_limited"":0,""effect_limited"":0,""effective_support_limited"":0,""specificity_limited"":0,""statistical_resolution_limited"":0,""structurally_unavailable"":0}","{""control_contamination_limited"":0.17775000000000002,""directionality_limited"":0.1775,""effect_limited"":0.1805,""effective_support_limited"":1.0,""specificity_limited"":0.1775,""statistical_resolution_limited"":1.0,""structurally_unavailable"":0.0265}","{""cluster_uncertainty_pass"":0,""complement_admissible_pass"":0,""control_adjusted_contrast_pass"":0,""control_specificity_pass"":0,""effect_direction_reproduced_pass"":0,""minimum_effect_pass"":0,""multiplicity_adjusted_threshold_pass"":0,""raw_statistical_threshold_pass"":0,""support_available_pass"":0,""target_contrast_positive_pass"":0}",0.0,0.0
1cce3e5fe7c50070e58676c9,Cp2_vs_Cp3__strict_numeric_all,0262d70dda595cb6cda6,Cp2_vs_Cp3,strict_numeric_all,fl3_entitlement_capped,confirmation,joint_gaussian_regularized_cluster,measurement_missingness_concentration,1.0,0.0,6,True,mixed_gate_limited,no_single_gate_rescue_or_dominant_failure_category,multiple,4000,0.9942500000000001,0.9640000000000001,"{""control_contamination_limited"":0,""directionality_limited"":0,""effect_limited"":0,""effective_support_limited"":0,""specificity_limited"":0,""statistical_resolution_limited"":0,""structurally_unavailable"":0}","{""control_contamination_limited"":0.1735,""directionality_limited"":0.1735,""effect_limited"":0.174,""effective_support_limited"":1.0,""specificity_limited"":0.1735,""statistical_resolution_limited"":1.0,""structurally_unavailable"":0.020874999999999998}","{""cluster_uncertainty_pass"":0,""complement_admissible_pass"":0,""control_adjusted_contrast_pass"":0,""control_specificity_pass"":0,""effect_direction_reproduced_pass"":0,""minimum_effect_pass"":0,""multiplicity_adjusted_threshold_pass"":0,""raw_statistical_threshold_pass"":0,""support_available_pass"":0,""target_contrast_positive_pass"":0}",0.0,0.0
1cce3e5fe7c50070e58676c9,Cp2_vs_Cp3__strict_numeric_all,0262d70dda595cb6cda6,Cp2_vs_Cp3,strict_numeric_all,fl3_entitlement_capped,confirmation,joint_gaussian_regularized_cluster,measurement_missingness_concentration,1.5,0.0,6,True,mixed_gate_limited,no_single_gate_rescue_or_dominant_failure_category,multiple,4000,0.99575,0.961,"{""control_contamination_limited"":0,""directionality_limited"":0,""effect_limited"":0,""effective_support_limited"":0,""specificity_limited"":0,""statistical_resolution_limited"":0,""structurally_unavailable"":0}","{""control_contamination_limited"":0.17475000000000002,""directionality_limited"":0.17475000000000002,""effect_limited"":0.17475000000000002,""effective_support_limited"":1.0,""specificity_limited"":0.17475000000000002,""statistical_resolution_limited"":1.0,""structurally_unavailable"":0.021625000000000002}","{""cluster_uncertainty_pass"":0,""complement_admissible_pass"":0,""control_adjusted_contrast_pass"":0,""control_specificity_pass"":0,""effect_direction_reproduced_pass"":0,""minimum_effect_pass"":0,""multiplicity_adjusted_threshold_pass"":0,""raw_statistical_threshold_pass"":0,""support_available_pass"":0,""target_contrast_positive_pass"":0}",0.0,0.0
1cce3e5fe7c50070e58676c9,Cp2_vs_Cp3__strict_numeric_all,0262d70dda595cb6cda6,Cp2_vs_Cp3,strict_numeric_all,fl3_entitlement_capped,confirmation,joint_gaussian_regularized_cluster,measurement_missingness_concentration,2.0,0.0,6,True,mixed_gate_limited,no_single_gate_rescue_or_dominant_failure_category,multiple,4000,0.9965,0.96475,"{""control_contamination_limited"":0,""directionality_limited"":0,""effect_limited"":0,""effective_support_limited"":0,""specificity_limited"":0,""statistical_resolution_limited"":0,""structurally_unavailable"":0}","{""control_contamination_limited"":0.17350000000000002,""directionality_limited"":0.17350000000000002,""effect_limited"":0.17350000000000002,""effective_support_limited"":1.0,""specificity_limited"":0.17350000000000002,""statistical_resolution_limited"":1.0,""structurally_unavailable"":0.019375}","{""cluster_uncertainty_pass"":0,""complement_admissible_pass"":0,""control_adjusted_contrast_pass"":0,""control_specificity_pass"":0,""effect_direction_reproduced_pass"":0,""minimum_effect_pass"":0,""multiplicity_adjusted_threshold_pass"":0,""raw_statistical_threshold_pass"":0,""support_available_pass"":0,""target_contrast_positive_pass"":0}",0.0,0.0
1cce3e5fe7c50070e58676c9,Cp2_vs_Cp3__strict_numeric_all,0262d70dda595cb6cda6,Cp2_vs_Cp3,strict_numeric_all,fl3_entitlement_capped,confirmation,joint_gaussian_regularized_cluster,measurement_missingness_concentration,0.25,0.25,6,True,mixed_gate_limited,no_single_gate_rescue_or_dominant_failure_category,multiple,4000,0.9964999999999999,0.96075,"{""control_contamination_limited"":0,""directionality_limited"":0,""effect_limited"":0,""effective_support_limited"":0,""specificity_limited"":0,""statistical_resolution_limited"":0,""structurally_unavailable"":0}","{""control_contamination_limited"":0.31100000000000005,""directionality_limited"":0.189,""effect_limited"":0.34925,""effective_support_limited"":1.0,""specificity_limited"":0.20725,""statistical_resolution_limited"":1.0,""structurally_unavailable"":0.021374999999999998}","{""cluster_uncertainty_pass"":0,""complement_admissible_pass"":0,""control_adjusted_contrast_pass"":0,""control_specificity_pass"":0,""effect_direction_reproduced_pass"":0,""minimum_effect_pass"":0,""multiplicity_adjusted_threshold_pass"":0,""raw_statistical_threshold_pass"":0,""support_available_pass"":0,""target_contrast_positive_pass"":0}",0.0,0.0
1cce3e5fe7c50070e58676c9,Cp2_vs_Cp3__strict_numeric_all,0262d70dda595cb6cda6,Cp2_vs_Cp3,strict_numeric_all,fl3_entitlement_capped,confirmation,joint_gaussian_regularized_cluster,measurement_missingness_concentration,0.5,0.25,6,True,mixed_gate_limited,no_single_gate_rescue_or_dominant_failure_category,multiple,4000,0.9955,0.9590000000000001,"{""control_contamination_limited"":0,""directionality_limited"":0,""effect_limited"":0,""effective_support_limited"":0,""specificity_limited"":0,""statistical_resolution_limited"":0,""structurally_unavailable"":0}","{""control_contamination_limited"":0.24325,""directionality_limited"":0.1945,""effect_limited"":0.2105,""effective_support_limited"":1.0,""specificity_limited"":0.205,""statistical_resolution_limited"":1.0,""structurally_unavailable"":0.022750000000000003}","{""cluster_uncertainty_pass"":0,""complement_admissible_pass"":0,""control_adjusted_contrast_pass"":0,""control_specificity_pass"":0,""effect_direction_reproduced_pass"":0,""minimum_effect_pass"":0,""multiplicity_adjusted_threshold_pass"":0,""raw_statistical_threshold_pass"":0,""support_available_pass"":0,""target_contrast_positive_pass"":0}",0.0,0.0
1cce3e5fe7c50070e58676c9,Cp2_vs_Cp3__strict_numeric_all,0262d70dda595cb6cda6,Cp2_vs_Cp3,strict_numeric_all,fl3_entitlement_capped,confirmation,joint_gaussian_regularized_cluster,measurement_missingness_concentration,0.75,0.25,6,True,mixed_gate_limited,no_single_gate_rescue_or_dominant_failure_category,multiple,4000,0.995,0.964,"{""control_contamination_limited"":0,""directionality_limited"":0,""effect_limited"":0,""effective_support_limited"":0,""specificity_limited"":0,""statistical_resolution_limited"":0,""structurally_unavailable"":0}","{""control_contamination_limited"":0.185,""directionality_limited"":0.16575,""effect_limited"":0.16725,""effective_support_limited"":1.0,""specificity_limited"":0.17025,""statistical_resolution_limited"":1.0,""structurally_unavailable"":0.020499999999999997}","{""cluster_uncertainty_pass"":0,""complement_admissible_pass"":0,""control_adjusted_contrast_pass"":0,""control_specificity_pass"":0,""effect_direction_reproduced_pass"":0,""minimum_effect_pass"":0,""multiplicity_adjusted_threshold_pass"":0,""raw_statistical_threshold_pass"":0,""support_available_pass"":0,""target_contrast_positive_pass"":0}",0.0,0.0
1cce3e5fe7c50070e58676c9,Cp2_vs_Cp3__strict_numeric_all,0262d70dda595cb6cda6,Cp2_vs_Cp3,strict_numeric_all,fl3_entitlement_capped,confirmation,joint_gaussian_regularized_cluster,measurement_missingness_concentration,1.0,0.25,6,True,mixed_gate_limited,no_single_gate_rescue_or_dominant_failure_category,multiple,4000,0.996,0.9552499999999999,"{""control_contamination_limited"":0,""directionality_limited"":0,""effect_limited"":0,""effective_support_limited"":0,""specificity_limited"":0,""statistical_resolution_limited"":0,""structurally_unavailable"":0}","{""control_contamination_limited"":0.19524999999999998,""directionality_limited"":0.18474999999999997,""effect_limited"":0.18624999999999997,""effective_support_limited"":1.0,""specificity_limited"":0.18774999999999997,""statistical_resolution_limited"":1.0,""structurally_unavailable"":0.024375}","{""cluster_uncertainty_pass"":0,""complement_admissible_pass"":0,""control_adjusted_contrast_pass"":0,""control_specificity_pass"":0,""effect_direction_reproduced_pass"":0,""minimum_effect_pass"":0,""multiplicity_adjusted_threshold_pass"":0,""raw_statistical_threshold_pass"":0,""support_available_pass"":0,""target_contrast_positive_pass"":0}",0.0,0.0
1cce3e5fe7c50070e58676c9,Cp2_vs_Cp3__strict_numeric_all,0262d70dda595cb6cda6,Cp2_vs_Cp3,strict_numeric_all,fl3_entitlement_capped,confirmation,joint_gaussian_regularized_cluster,measurement_missingness_concentration,1.5,0.25,6,True,mixed_gate_limited,no_single_gate_rescue_or_dominant_failure_category,multiple,4000,0.996,0.9644999999999999,"{""control_contamination_limited"":0,""directionality_limited"":0,""effect_limited"":0,""effective_support_limited"":0,""specificity_limited"":0,""statistical_resolution_limited"":0,""structurally_unavailable"":0}","{""control_contamination_limited"":0.17049999999999998,""directionality_limited"":0.16875,""effect_limited"":0.16875,""effective_support_limited"":1.0,""specificity_limited"":0.16875,""statistical_resolution_limited"":1.0,""structurally_unavailable"":0.01975}","{""cluster_uncertainty_pass"":0,""complement_admissible_pass"":0,""control_adjusted_contrast_pass"":0,""control_specificity_pass"":0,""effect_direction_reproduced_pass"":0,""minimum_effect_pass"":0,""multiplicity_adjusted_threshold_pass"":0,""raw_statistical_threshold_pass"":0,""support_available_pass"":0,""target_contrast_positive_pass"":0}",0.0,0.0
1cce3e5fe7c50070e58676c9,Cp2_vs_Cp3__strict_numeric_all,0262d70dda595cb6cda6,Cp2_vs_Cp3,strict_numeric_all,fl3_entitlement_capped,confirmation,joint_gaussian_regularized_cluster,measurement_missingness_concentration,2.0,0.25,6,True,mixed_gate_limited,no_single_gate_rescue_or_dominant_failure_category,multiple,4000,0.9955,0.964,"{""control_contamination_limited"":0,""directionality_limited"":0,""effect_limited"":0,""effective_support_limited"":0,""specificity_limited"":0,""statistical_resolution_limited"":0,""structurally_unavailable"":0}","{""control_contamination_limited"":0.18125000000000002,""directionality_limited"":0.18075000000000002,""effect_limited"":0.18075000000000002,""effective_support_limited"":1.0,""specificity_limited"":0.181,""statistical_resolution_limited"":1.0,""structurally_unavailable"":0.02025}","{""cluster_uncertainty_pass"":0,""complement_admissible_pass"":0,""control_adjusted_contrast_pass"":0,""control_specificity_pass"":0,""effect_direction_reproduced_pass"":0,""minimum_effect_pass"":0,""multiplicity_adjusted_threshold_pass"":0,""raw_statistical_threshold_pass"":0,""support_available_pass"":0,""target_contrast_positive_pass"":0}",0.0,0.0
1cce3e5fe7c50070e58676c9,Cp2_vs_Cp3__strict_numeric_all,0262d70dda595cb6cda6,Cp2_vs_Cp3,strict_numeric_all,fl3_entitlement_capped,confirmation,joint_gaussian_regularized_cluster,measurement_missingness_concentration,0.25,0.5,6,True,mixed_gate_limited,no_single_gate_rescue_or_dominant_failure_category,multiple,4000,0.9932500000000001,0.954,"{""control_contamination_limited"":0,""directionality_limited"":0,""effect_limited"":0,""effective_support_limited"":0,""specificity_limited"":0,""statistical_resolution_limited"":0,""structurally_unavailable"":0}","{""control_contamination_limited"":0.4755,""directionality_limited"":0.21425,""effect_limited"":0.35775,""effective_support_limited"":1.0,""specificity_limited"":0.30400000000000005,""statistical_resolution_limited"":1.0,""structurally_unavailable"":0.026375000000000003}","{""cluster_uncertainty_pass"":0,""complement_admissible_pass"":0,""control_adjusted_contrast_pass"":0,""control_specificity_pass"":0,""effect_direction_reproduced_pass"":0,""minimum_effect_pass"":0,""multiplicity_adjusted_threshold_pass"":0,""raw_statistical_threshold_pass"":0,""support_available_pass"":0,""target_contrast_positive_pass"":0}",0.0,0.0
1cce3e5fe7c50070e58676c9,Cp2_vs_Cp3__strict_numeric_all,0262d70dda595cb6cda6,Cp2_vs_Cp3,strict_numeric_all,fl3_entitlement_capped,confirmation,joint_gaussian_regularized_cluster,measurement_missingness_concentration,0.5,0.5,6,True,mixed_gate_limited,no_single_gate_rescue_or_dominant_failure_category,multiple,4000,0.99525,0.96275,"{""control_contamination_limited"":0,""directionality_limited"":0,""effect_limited"":0,""effective_support_limited"":0,""specificity_limited"":0,""statistical_resolution_limited"":0,""structurally_unavailable"":0}","{""control_contamination_limited"":0.38750000000000007,""directionality_limited"":0.17975000000000002,""effect_limited"":0.2,""effective_support_limited"":1.0,""specificity_limited"":0.26575,""statistical_resolution_limited"":1.0,""structurally_unavailable"":0.020999999999999998}","{""cluster_uncertainty_pass"":0,""complement_admissible_pass"":0,""control_adjusted_contrast_pass"":0,""control_specificity_pass"":0,""effect_direction_reproduced_pass"":0,""minimum_effect_pass"":0,""multiplicity_adjusted_threshold_pass"":0,""raw_statistical_threshold_pass"":0,""support_available_pass"":0,""target_contrast_positive_pass"":0}",0.0,0.0
1cce3e5fe7c50070e58676c9,Cp2_vs_Cp3__strict_numeric_all,0262d70dda595cb6cda6,Cp2_vs_Cp3,strict_numeric_all,fl3_entitlement_capped,confirmation,joint_gaussian_regularized_cluster,measurement_missingness_concentration,0.75,0.5,6,True,mixed_gate_limited,no_single_gate_rescue_or_dominant_failure_category,multiple,4000,0.99675,0.9612499999999999,"{""control_contamination_limited"":0,""directionality_limited"":0,""effect_limited"":0,""effective_support_limited"":0,""specificity_limited"":0,""statistical_resolution_limited"":0,""structurally_unavailable"":0}","{""control_contamination_limited"":0.31,""directionality_limited"":0.19074999999999998,""effect_limited"":0.192,""effective_support_limited"":1.0,""specificity_limited"":0.23374999999999999,""statistical_resolution_limited"":1.0,""structurally_unavailable"":0.021}","{""cluster_uncertainty_pass"":0,""complement_admissible_pass"":0,""control_adjusted_contrast_pass"":0,""control_specificity_pass"":0,""effect_direction_reproduced_pass"":0,""minimum_effect_pass"":0,""multiplicity_adjusted_threshold_pass"":0,""raw_statistical_threshold_pass"":0,""support_available_pass"":0,""target_contrast_positive_pass"":0}",0.0,0.0
1cce3e5fe7c50070e58676c9,Cp2_vs_Cp3__strict_numeric_all,0262d70dda595cb6cda6,Cp2_vs_Cp3,strict_numeric_all,fl3_entitlement_capped,confirmation,joint_gaussian_regularized_cluster,measurement_missingness_concentration,1.0,0.5,6,True,mixed_gate_limited,no_single_gate_rescue_or_dominant_failure_category,multiple,4000,0.9945,0.9500000000000001,"{""control_contamination_limited"":0,""directionality_limited"":0,""effect_limited"":0,""effective_support_limited"":0,""specificity_limited"":0,""statistical_resolution_limited"":0,""structurally_unavailable"":0}","{""control_contamination_limited"":0.248,""directionality_limited"":0.17350000000000002,""effect_limited"":0.17375000000000002,""effective_support_limited"":1.0,""specificity_limited"":0.19949999999999998,""statistical_resolution_limited"":1.0,""structurally_unavailable"":0.02775}","{""cluster_uncertainty_pass"":0,""complement_admissible_pass"":0,""control_adjusted_contrast_pass"":0,""control_specificity_pass"":0,""effect_direction_reproduced_pass"":0,""minimum_effect_pass"":0,""multiplicity_adjusted_threshold_pass"":0,""raw_statistical_threshold_pass"":0,""support_available_pass"":0,""target_contrast_positive_pass"":0}",0.0,0.0
1cce3e5fe7c50070e58676c9,Cp2_vs_Cp3__strict_numeric_all,0262d70dda595cb6cda6,Cp2_vs_Cp3,strict_numeric_all,fl3_entitlement_capped,confirmation,joint_gaussian_regularized_cluster,measurement_missingness_concentration,1.5,0.5,6,True,mixed_gate_limited,no_single_gate_rescue_or_dominant_failure_category,multiple,4000,0.99275,0.954,"{""control_contamination_limited"":0,""directionality_limited"":0,""effect_limited"":0,""effective_support_limited"":0,""specificity_limited"":0,""statistical_resolution_limited"":0,""structurally_unavailable"":0}","{""control_contamination_limited"":0.22675,""directionality_limited"":0.17225000000000001,""effect_limited"":0.17225000000000001,""effective_support_limited"":1.0,""specificity_limited"":0.19399999999999998,""statistical_resolution_limited"":1.0,""structurally_unavailable"":0.026625}","{""cluster_uncertainty_pass"":0,""complement_admissible_pass"":0,""control_adjusted_contrast_pass"":0,""control_specificity_pass"":0,""effect_direction_reproduced_pass"":0,""minimum_effect_pass"":0,""multiplicity_adjusted_threshold_pass"":0,""raw_statistical_threshold_pass"":0,""support_available_pass"":0,""target_contrast_positive_pass"":0}",0.0,0.0
1cce3e5fe7c50070e58676c9,Cp2_vs_Cp3__strict_numeric_all,0262d70dda595cb6cda6,Cp2_vs_Cp3,strict_numeric_all,fl3_entitlement_capped,confirmation,joint_gaussian_regularized_cluster,measurement_missingness_concentration,2.0,0.5,6,True,mixed_gate_limited,no_single_gate_rescue_or_dominant_failure_category,multiple,4000,0.99375,0.9655,"{""control_contamination_limited"":0,""directionality_limited"":0,""effect_limited"":0,""effective_support_limited"":0,""specificity_limited"":0,""statistical_resolution_limited"":0,""structurally_unavailable"":0}","{""control_contamination_limited"":0.209,""directionality_limited"":0.17149999999999999,""effect_limited"":0.17149999999999999,""effective_support_limited"":1.0,""specificity_limited"":0.18374999999999997,""statistical_resolution_limited"":1.0,""structurally_unavailable"":0.020375}","{""cluster_uncertainty_pass"":0,""complement_admissible_pass"":0,""control_adjusted_contrast_pass"":0,""control_specificity_pass"":0,""effect_direction_reproduced_pass"":0,""minimum_effect_pass"":0,""multiplicity_adjusted_threshold_pass"":0,""raw_statistical_threshold_pass"":0,""support_available_pass"":0,""target_contrast_positive_pass"":0}",0.0,0.0
1cce3e5fe7c50070e58676c9,Cp2_vs_Cp3__strict_numeric_all,0262d70dda595cb6cda6,Cp2_vs_Cp3,strict_numeric_all,fl3_entitlement_capped,confirmation,joint_gaussian_regularized_cluster,measurement_missingness_concentration,0.25,1.0,6,True,mixed_gate_limited,no_single_gate_rescue_or_dominant_failure_category,multiple,4000,0.9940000000000001,0.9635,"{""control_contamination_limited"":0,""directionality_limited"":0,""effect_limited"":0,""effective_support_limited"":0,""specificity_limited"":0,""statistical_resolution_limited"":0,""structurally_unavailable"":0}","{""control_contamination_limited"":0.7497499999999999,""directionality_limited"":0.186,""effect_limited"":0.32575,""effective_support_limited"":1.0,""specificity_limited"":0.5115,""statistical_resolution_limited"":1.0,""structurally_unavailable"":0.02125}","{""cluster_uncertainty_pass"":0,""complement_admissible_pass"":0,""control_adjusted_contrast_pass"":0,""control_specificity_pass"":0,""effect_direction_reproduced_pass"":0,""minimum_effect_pass"":0,""multiplicity_adjusted_threshold_pass"":0,""raw_statistical_threshold_pass"":0,""support_available_pass"":0,""target_contrast_positive_pass"":0}",0.0,0.0
1cce3e5fe7c50070e58676c9,Cp2_vs_Cp3__strict_numeric_all,0262d70dda595cb6cda6,Cp2_vs_Cp3,strict_numeric_all,fl3_entitlement_capped,confirmation,joint_gaussian_regularized_cluster,measurement_missingness_concentration,0.5,1.0,6,True,mixed_gate_limited,no_single_gate_rescue_or_dominant_failure_category,multiple,4000,0.99625,0.9632499999999999,"{""control_contamination_limited"":0,""directionality_limited"":0,""effect_limited"":0,""effective_support_limited"":0,""specificity_limited"":0,""statistical_resolution_limited"":0,""structurally_unavailable"":0}","{""control_contamination_limited"":0.73825,""directionality_limited"":0.1915,""effect_limited"":0.204,""effective_support_limited"":1.0,""specificity_limited"":0.5325,""statistical_resolution_limited"":1.0,""structurally_unavailable"":0.02025}","{""cluster_uncertainty_pass"":0,""complement_admissible_pass"":0,""control_adjusted_contrast_pass"":0,""control_specificity_pass"":0,""effect_direction_reproduced_pass"":0,""minimum_effect_pass"":0,""multiplicity_adjusted_threshold_pass"":0,""raw_statistical_threshold_pass"":0,""support_available_pass"":0,""target_contrast_positive_pass"":0}",0.0,0.0
1cce3e5fe7c50070e58676c9,Cp2_vs_Cp3__strict_numeric_all,0262d70dda595cb6cda6,Cp2_vs_Cp3,strict_numeric_all,fl3_entitlement_capped,confirmation,joint_gaussian_regularized_cluster,measurement_missingness_concentration,0.75,1.0,6,True,mixed_gate_limited,no_single_gate_rescue_or_dominant_failure_category,multiple,4000,0.992,0.95475,"{""control_contamination_limited"":0,""directionality_limited"":0,""effect_limited"":0,""effective_support_limited"":0,""specificity_limited"":0,""statistical_resolution_limited"":0,""structurally_unavailable"":0}","{""control_contamination_limited"":0.7282500000000001,""directionality_limited"":0.17475000000000002,""effect_limited"":0.1775,""effective_support_limited"":1.0,""specificity_limited"":0.5315,""statistical_resolution_limited"":1.0,""structurally_unavailable"":0.026625000000000003}","{""cluster_uncertainty_pass"":0,""complement_admissible_pass"":0,""control_adjusted_contrast_pass"":0,""control_specificity_pass"":0,""effect_direction_reproduced_pass"":0,""minimum_effect_pass"":0,""multiplicity_adjusted_threshold_pass"":0,""raw_statistical_threshold_pass"":0,""support_available_pass"":0,""target_contrast_positive_pass"":0}",0.0,0.0
1cce3e5fe7c50070e58676c9,Cp2_vs_Cp3__strict_numeric_all,0262d70dda595cb6cda6,Cp2_vs_Cp3,strict_numeric_all,fl3_entitlement_capped,confirmation,joint_gaussian_regularized_cluster,measurement_missingness_concentration,1.0,1.0,6,True,mixed_gate_limited,no_single_gate_rescue_or_dominant_failure_category,multiple,4000,0.9944999999999999,0.96475,"{""control_contamination_limited"":0,""directionality_limited"":0,""effect_limited"":0,""effective_support_limited"":0,""specificity_limited"":0,""statistical_resolution_limited"":0,""structurally_unavailable"":0}","{""control_contamination_limited"":0.7245,""directionality_limited"":0.16949999999999998,""effect_limited"":0.16975,""effective_support_limited"":1.0,""specificity_limited"":0.5437500000000001,""statistical_resolution_limited"":1.0,""structurally_unavailable"":0.020375000000000004}","{""cluster_uncertainty_pass"":0,""complement_admissible_pass"":0,""control_adjusted_contrast_pass"":0,""control_specificity_pass"":0,""effect_direction_reproduced_pass"":0,""minimum_effect_pass"":0,""multiplicity_adjusted_threshold_pass"":0,""raw_statistical_threshold_pass"":0,""support_available_pass"":0,""target_contrast_positive_pass"":0}",0.0,0.0
1cce3e5fe7c50070e58676c9,Cp2_vs_Cp3__strict_numeric_all,0262d70dda595cb6cda6,Cp2_vs_Cp3,strict_numeric_all,fl3_entitlement_capped,confirmation,joint_gaussian_regularized_cluster,measurement_missingness_concentration,1.5,1.0,6,True,mixed_gate_limited,no_single_gate_rescue_or_dominant_failure_category,multiple,4000,0.9944999999999999,0.96475,"{""control_contamination_limited"":0,""directionality_limited"":0,""effect_limited"":0,""effective_support_limited"":0,""specificity_limited"":0,""statistical_resolution_limited"":0,""structurally_unavailable"":0}","{""control_contamination_limited"":0.7124999999999999,""directionality_limited"":0.16275,""effect_limited"":0.16275,""effective_support_limited"":1.0,""specificity_limited"":0.512,""statistical_resolution_limited"":1.0,""structurally_unavailable"":0.020374999999999997}","{""cluster_uncertainty_pass"":0,""complement_admissible_pass"":0,""control_adjusted_contrast_pass"":0,""control_specificity_pass"":0,""effect_direction_reproduced_pass"":0,""minimum_effect_pass"":0,""multiplicity_adjusted_threshold_pass"":0,""raw_statistical_threshold_pass"":0,""support_available_pass"":0,""target_contrast_positive_pass"":0}",0.0,0.0
1cce3e5fe7c50070e58676c9,Cp2_vs_Cp3__strict_numeric_all,0262d70dda595cb6cda6,Cp2_vs_Cp3,strict_numeric_all,fl3_entitlement_capped,confirmation,joint_gaussian_regularized_cluster,measurement_missingness_concentration,2.0,1.0,6,True,mixed_gate_limited,no_single_gate_rescue_or_dominant_failure_category,multiple,4000,0.99425,0.9622499999999999,"{""control_contamination_limited"":0,""directionality_limited"":0,""effect_limited"":0,""effective_support_limited"":0,""specificity_limited"":0,""statistical_resolution_limited"":0,""structurally_unavailable"":0}","{""control_contamination_limited"":0.7209999999999999,""directionality_limited"":0.172,""effect_limited"":0.172,""effective_support_limited"":1.0,""specificity_limited"":0.514,""statistical_resolution_limited"":1.0,""structurally_unavailable"":0.021750000000000002}","{""cluster_uncertainty_pass"":0,""complement_admissible_pass"":0,""control_adjusted_contrast_pass"":0,""control_specificity_pass"":0,""effect_direction_reproduced_pass"":0,""minimum_effect_pass"":0,""multiplicity_adjusted_threshold_pass"":0,""raw_statistical_threshold_pass"":0,""support_available_pass"":0,""target_contrast_positive_pass"":0}",0.0,0.0
1dbc920edffba9363b404b4e,Cp2_vs_Cp3__stability_plus_geometry,3e971f0bc08c8189f389,Cp2_vs_Cp3,stability_plus_geometry,fl3_entitled,confirmation,joint_gaussian_regularized_cluster,measurement_missingness_concentration,0.0,0.0,6,True,mixed_gate_limited,no_single_gate_rescue_or_dominant_failure_category,multiple,4000,0.9932500000000001,0.95575,"{""control_contamination_limited"":0,""directionality_limited"":0,""effect_limited"":0,""effective_support_limited"":0,""specificity_limited"":0,""statistical_resolution_limited"":0,""structurally_unavailable"":0}","{""control_contamination_limited"":1.0,""directionality_limited"":1.0,""effect_limited"":1.0,""effective_support_limited"":1.0,""specificity_limited"":1.0,""statistical_resolution_limited"":1.0,""structurally_unavailable"":0.0255}","{""cluster_uncertainty_pass"":0,""complement_admissible_pass"":0,""control_adjusted_contrast_pass"":0,""control_specificity_pass"":0,""effect_direction_reproduced_pass"":0,""minimum_effect_pass"":0,""multiplicity_adjusted_threshold_pass"":0,""raw_statistical_threshold_pass"":0,""support_available_pass"":0,""target_contrast_positive_pass"":0}",0.0,0.0
1dbc920edffba9363b404b4e,Cp2_vs_Cp3__stability_plus_geometry,3e971f0bc08c8189f389,Cp2_vs_Cp3,stability_plus_geometry,fl3_entitled,confirmation,joint_gaussian_regularized_cluster,measurement_missingness_concentration,0.25,0.0,6,True,mixed_gate_limited,no_single_gate_rescue_or_dominant_failure_category,multiple,4000,0.9964999999999999,0.959,"{""control_contamination_limited"":0,""directionality_limited"":0,""effect_limited"":0,""effective_support_limited"":0,""specificity_limited"":0,""statistical_resolution_limited"":0,""structurally_unavailable"":0}","{""control_contamination_limited"":0.22325,""directionality_limited"":0.194,""effect_limited"":0.34275,""effective_support_limited"":1.0,""specificity_limited"":0.194,""statistical_resolution_limited"":1.0,""structurally_unavailable"":0.022250000000000002}","{""cluster_uncertainty_pass"":0,""complement_admissible_pass"":0,""control_adjusted_contrast_pass"":0,""control_specificity_pass"":0,""effect_direction_reproduced_pass"":0,""minimum_effect_pass"":0,""multiplicity_adjusted_threshold_pass"":0,""raw_statistical_threshold_pass"":0,""support_available_pass"":0,""target_contrast_positive_pass"":0}",0.0,0.0
1dbc920edffba9363b404b4e,Cp2_vs_Cp3__stability_plus_geometry,3e971f0bc08c8189f389,Cp2_vs_Cp3,stability_plus_geometry,fl3_entitled,confirmation,joint_gaussian_regularized_cluster,measurement_missingness_concentration,0.5,0.0,6,True,mixed_gate_limited,no_single_gate_rescue_or_dominant_failure_category,multiple,4000,0.995,0.9545,"{""control_contamination_limited"":0,""directionality_limited"":0,""effect_limited"":0,""effective_support_limited"":0,""specificity_limited"":0,""statistical_resolution_limited"":0,""structurally_unavailable"":0}","{""control_contamination_limited"":0.183,""directionality_limited"":0.182,""effect_limited"":0.19274999999999998,""effective_support_limited"":1.0,""specificity_limited"":0.182,""statistical_resolution_limited"":1.0,""structurally_unavailable"":0.025249999999999998}","{""cluster_uncertainty_pass"":0,""complement_admissible_pass"":0,""control_adjusted_contrast_pass"":0,""control_specificity_pass"":0,""effect_direction_reproduced_pass"":0,""minimum_effect_pass"":0,""multiplicity_adjusted_threshold_pass"":0,""raw_statistical_threshold_pass"":0,""support_available_pass"":0,""target_contrast_positive_pass"":0}",0.0,0.0
1dbc920edffba9363b404b4e,Cp2_vs_Cp3__stability_plus_geometry,3e971f0bc08c8189f389,Cp2_vs_Cp3,stability_plus_geometry,fl3_entitled,confirmation,joint_gaussian_regularized_cluster,measurement_missingness_concentration,0.75,0.0,6,True,mixed_gate_limited,no_single_gate_rescue_or_dominant_failure_category,multiple,4000,0.9955,0.96525,"{""control_contamination_limited"":0,""directionality_limited"":0,""effect_limited"":0,""effective_support_limited"":0,""specificity_limited"":0,""statistical_resolution_limited"":0,""structurally_unavailable"":0}","{""control_contamination_limited"":0.1725,""directionality_limited"":0.1725,""effect_limited"":0.174,""effective_support_limited"":1.0,""specificity_limited"":0.1725,""statistical_resolution_limited"":1.0,""structurally_unavailable"":0.019625}","{""cluster_uncertainty_pass"":0,""complement_admissible_pass"":0,""control_adjusted_contrast_pass"":0,""control_specificity_pass"":0,""effect_direction_reproduced_pass"":0,""minimum_effect_pass"":0,""multiplicity_adjusted_threshold_pass"":0,""raw_statistical_threshold_pass"":0,""support_available_pass"":0,""target_contrast_positive_pass"":0}",0.0,0.0
1dbc920edffba9363b404b4e,Cp2_vs_Cp3__stability_plus_geometry,3e971f0bc08c8189f389,Cp2_vs_Cp3,stability_plus_geometry,fl3_entitled,confirmation,joint_gaussian_regularized_cluster,measurement_missingness_concentration,1.0,0.0,6,True,mixed_gate_limited,no_single_gate_rescue_or_dominant_failure_category,multiple,4000,0.99175,0.95675,"{""control_contamination_limited"":0,""directionality_limited"":0,""effect_limited"":0,""effective_support_limited"":0,""specificity_limited"":0,""statistical_resolution_limited"":0,""structurally_unavailable"":0}","{""control_contamination_limited"":0.18899999999999997,""directionality_limited"":0.189,""effect_limited"":0.18899999999999997,""effective_support_limited"":1.0,""specificity_limited"":0.18899999999999997,""statistical_resolution_limited"":1.0,""structurally_unavailable"":0.025750000000000002}","{""cluster_uncertainty_pass"":0,""complement_admissible_pass"":0,""control_adjusted_contrast_pass"":0,""control_specificity_pass"":0,""effect_direction_reproduced_pass"":0,""minimum_effect_pass"":0,""multiplicity_adjusted_threshold_pass"":0,""raw_statistical_threshold_pass"":0,""support_available_pass"":0,""target_contrast_positive_pass"":0}",0.0,0.0
1dbc920edffba9363b404b4e,Cp2_vs_Cp3__stability_plus_geometry,3e971f0bc08c8189f389,Cp2_vs_Cp3,stability_plus_geometry,fl3_entitled,confirmation,joint_gaussian_regularized_cluster,measurement_missingness_concentration,1.5,0.0,6,True,mixed_gate_limited,no_single_gate_rescue_or_dominant_failure_category,multiple,4000,0.996,0.9610000000000001,"{""control_contamination_limited"":0,""directionality_limited"":0,""effect_limited"":0,""effective_support_limited"":0,""specificity_limited"":0,""statistical_resolution_limited"":0,""structurally_unavailable"":0}","{""control_contamination_limited"":0.17075,""directionality_limited"":0.17075,""effect_limited"":0.17075,""effective_support_limited"":1.0,""specificity_limited"":0.17075,""statistical_resolution_limited"":1.0,""structurally_unavailable"":0.021500000000000002}","{""cluster_uncertainty_pass"":0,""complement_admissible_pass"":0,""control_adjusted_contrast_pass"":0,""control_specificity_pass"":0,""effect_direction_reproduced_pass"":0,""minimum_effect_pass"":0,""multiplicity_adjusted_threshold_pass"":0,""raw_statistical_threshold_pass"":0,""support_available_pass"":0,""target_contrast_positive_pass"":0}",0.0,0.0
1dbc920edffba9363b404b4e,Cp2_vs_Cp3__stability_plus_geometry,3e971f0bc08c8189f389,Cp2_vs_Cp3,stability_plus_geometry,fl3_entitled,confirmation,joint_gaussian_regularized_cluster,measurement_missingness_concentration,2.0,0.0,6,True,mixed_gate_limited,no_single_gate_rescue_or_dominant_failure_category,multiple,4000,0.996,0.96425,"{""control_contamination_limited"":0,""directionality_limited"":0,""effect_limited"":0,""effective_support_limited"":0,""specificity_limited"":0,""statistical_resolution_limited"":0,""structurally_unavailable"":0}","{""control_contamination_limited"":0.17225000000000001,""directionality_limited"":0.17225000000000001,""effect_limited"":0.17225000000000001,""effective_support_limited"":1.0,""specificity_limited"":0.17225000000000001,""statistical_resolution_limited"":1.0,""structurally_unavailable"":0.019875}","{""cluster_uncertainty_pass"":0,""complement_admissible_pass"":0,""control_adjusted_contrast_pass"":0,""control_specificity_pass"":0,""effect_direction_reproduced_pass"":0,""minimum_effect_pass"":0,""multiplicity_adjusted_threshold_pass"":0,""raw_statistical_threshold_pass"":0,""support_available_pass"":0,""target_contrast_positive_pass"":0}",0.0,0.0
1dbc920edffba9363b404b4e,Cp2_vs_Cp3__stability_plus_geometry,3e971f0bc08c8189f389,Cp2_vs_Cp3,stability_plus_geometry,fl3_entitled,confirmation,joint_gaussian_regularized_cluster,measurement_missingness_concentration,0.25,0.25,6,True,mixed_gate_limited,no_single_gate_rescue_or_dominant_failure_category,multiple,4000,0.99475,0.965,"{""control_contamination_limited"":0,""directionality_limited"":0,""effect_limited"":0,""effective_support_limited"":0,""specificity_limited"":0,""statistical_resolution_limited"":0,""structurally_unavailable"":0}","{""control_contamination_limited"":0.30524999999999997,""directionality_limited"":0.1765,""effect_limited"":0.33149999999999996,""effective_support_limited"":1.0,""specificity_limited"":0.20024999999999998,""statistical_resolution_limited"":1.0,""structurally_unavailable"":0.020125}","{""cluster_uncertainty_pass"":0,""complement_admissible_pass"":0,""control_adjusted_contrast_pass"":0,""control_specificity_pass"":0,""effect_direction_reproduced_pass"":0,""minimum_effect_pass"":0,""multiplicity_adjusted_threshold_pass"":0,""raw_statistical_threshold_pass"":0,""support_available_pass"":0,""target_contrast_positive_pass"":0}",0.0,0.0
1dbc920edffba9363b404b4e,Cp2_vs_Cp3__stability_plus_geometry,3e971f0bc08c8189f389,Cp2_vs_Cp3,stability_plus_geometry,fl3_entitled,confirmation,joint_gaussian_regularized_cluster,measurement_missingness_concentration,0.5,0.25,6,True,mixed_gate_limited,no_single_gate_rescue_or_dominant_failure_category,multiple,4000,0.99475,0.9612499999999999,"{""control_contamination_limited"":0,""directionality_limited"":0,""effect_limited"":0,""effective_support_limited"":0,""specificity_limited"":0,""statistical_resolution_limited"":0,""structurally_unavailable"":0}","{""control_contamination_limited"":0.215,""directionality_limited"":0.18525000000000003,""effect_limited"":0.19224999999999998,""effective_support_limited"":1.0,""specificity_limited"":0.19049999999999997,""statistical_resolution_limited"":1.0,""structurally_unavailable"":0.022000000000000002}","{""cluster_uncertainty_pass"":0,""complement_admissible_pass"":0,""control_adjusted_contrast_pass"":0,""control_specificity_pass"":0,""effect_direction_reproduced_pass"":0,""minimum_effect_pass"":0,""multiplicity_adjusted_threshold_pass"":0,""raw_statistical_threshold_pass"":0,""support_available_pass"":0,""target_contrast_positive_pass"":0}",0.0,0.0
1dbc920edffba9363b404b4e,Cp2_vs_Cp3__stability_plus_geometry,3e971f0bc08c8189f389,Cp2_vs_Cp3,stability_plus_geometry,fl3_entitled,confirmation,joint_gaussian_regularized_cluster,measurement_missingness_concentration,0.75,0.25,6,True,mixed_gate_limited,no_single_gate_rescue_or_dominant_failure_category,multiple,4000,0.9932500000000001,0.959,"{""control_contamination_limited"":0,""directionality_limited"":0,""effect_limited"":0,""effective_support_limited"":0,""specificity_limited"":0,""statistical_resolution_limited"":0,""structurally_unavailable"":0}","{""control_contamination_limited"":0.192,""directionality_limited"":0.1835,""effect_limited"":0.184,""effective_support_limited"":1.0,""specificity_limited"":0.18675000000000003,""statistical_resolution_limited"":1.0,""structurally_unavailable"":0.023875}","{""cluster_uncertainty_pass"":0,""complement_admissible_pass"":0,""control_adjusted_contrast_pass"":0,""control_specificity_pass"":0,""effect_direction_reproduced_pass"":0,""minimum_effect_pass"":0,""multiplicity_adjusted_threshold_pass"":0,""raw_statistical_threshold_pass"":0,""support_available_pass"":0,""target_contrast_positive_pass"":0}",0.0,0.0
1dbc920edffba9363b404b4e,Cp2_vs_Cp3__stability_plus_geometry,3e971f0bc08c8189f389,Cp2_vs_Cp3,stability_plus_geometry,fl3_entitled,confirmation,joint_gaussian_regularized_cluster,measurement_missingness_concentration,1.0,0.25,6,True,mixed_gate_limited,no_single_gate_rescue_or_dominant_failure_category,multiple,4000,0.99475,0.96225,"{""control_contamination_limited"":0,""directionality_limited"":0,""effect_limited"":0,""effective_support_limited"":0,""specificity_limited"":0,""statistical_resolution_limited"":0,""structurally_unavailable"":0}","{""control_contamination_limited"":0.18825,""directionality_limited"":0.18425000000000002,""effect_limited"":0.1845,""effective_support_limited"":1.0,""specificity_limited"":0.18475,""statistical_resolution_limited"":1.0,""structurally_unavailable"":0.021500000000000002}","{""cluster_uncertainty_pass"":0,""complement_admissible_pass"":0,""control_adjusted_contrast_pass"":0,""control_specificity_pass"":0,""effect_direction_reproduced_pass"":0,""minimum_effect_pass"":0,""multiplicity_adjusted_threshold_pass"":0,""raw_statistical_threshold_pass"":0,""support_available_pass"":0,""target_contrast_positive_pass"":0}",0.0,0.0
1dbc920edffba9363b404b4e,Cp2_vs_Cp3__stability_plus_geometry,3e971f0bc08c8189f389,Cp2_vs_Cp3,stability_plus_geometry,fl3_entitled,confirmation,joint_gaussian_regularized_cluster,measurement_missingness_concentration,1.5,0.25,6,True,mixed_gate_limited,no_single_gate_rescue_or_dominant_failure_category,multiple,4000,0.995,0.9525,"{""control_contamination_limited"":0,""directionality_limited"":0,""effect_limited"":0,""effective_support_limited"":0,""specificity_limited"":0,""statistical_resolution_limited"":0,""structurally_unavailable"":0}","{""control_contamination_limited"":0.1955,""directionality_limited"":0.19424999999999998,""effect_limited"":0.19424999999999998,""effective_support_limited"":1.0,""specificity_limited"":0.19424999999999998,""statistical_resolution_limited"":1.0,""structurally_unavailable"":0.026250000000000002}","{""cluster_uncertainty_pass"":0,""complement_admissible_pass"":0,""control_adjusted_contrast_pass"":0,""control_specificity_pass"":0,""effect_direction_reproduced_pass"":0,""minimum_effect_pass"":0,""multiplicity_adjusted_threshold_pass"":0,""raw_statistical_threshold_pass"":0,""support_available_pass"":0,""target_contrast_positive_pass"":0}",0.0,0.0
1dbc920edffba9363b404b4e,Cp2_vs_Cp3__stability_plus_geometry,3e971f0bc08c8189f389,Cp2_vs_Cp3,stability_plus_geometry,fl3_entitled,confirmation,joint_gaussian_regularized_cluster,measurement_missingness_concentration,2.0,0.25,6,True,mixed_gate_limited,no_single_gate_rescue_or_dominant_failure_category,multiple,4000,0.99525,0.954,"{""control_contamination_limited"":0,""directionality_limited"":0,""effect_limited"":0,""effective_support_limited"":0,""specificity_limited"":0,""statistical_resolution_limited"":0,""structurally_unavailable"":0}","{""control_contamination_limited"":0.2035,""directionality_limited"":0.2035,""effect_limited"":0.2035,""effective_support_limited"":1.0,""specificity_limited"":0.2035,""statistical_resolution_limited"":1.0,""structurally_unavailable"":0.025375}","{""cluster_uncertainty_pass"":0,""complement_admissible_pass"":0,""control_adjusted_contrast_pass"":0,""control_specificity_pass"":0,""effect_direction_reproduced_pass"":0,""minimum_effect_pass"":0,""multiplicity_adjusted_threshold_pass"":0,""raw_statistical_threshold_pass"":0,""support_available_pass"":0,""target_contrast_positive_pass"":0}",0.0,0.0
1dbc920edffba9363b404b4e,Cp2_vs_Cp3__stability_plus_geometry,3e971f0bc08c8189f389,Cp2_vs_Cp3,stability_plus_geometry,fl3_entitled,confirmation,joint_gaussian_regularized_cluster,measurement_missingness_concentration,0.25,0.5,6,True,mixed_gate_limited,no_single_gate_rescue_or_dominant_failure_category,multiple,4000,0.995,0.96525,"{""control_contamination_limited"":0,""directionality_limited"":0,""effect_limited"":0,""effective_support_limited"":0,""specificity_limited"":0,""statistical_resolution_limited"":0,""structurally_unavailable"":0}","{""control_contamination_limited"":0.44675,""directionality_limited"":0.17924999999999996,""effect_limited"":0.32525000000000004,""effective_support_limited"":1.0,""specificity_limited"":0.28625,""statistical_resolution_limited"":1.0,""structurally_unavailable"":0.019875}","{""cluster_uncertainty_pass"":0,""complement_admissible_pass"":0,""control_adjusted_contrast_pass"":0,""control_specificity_pass"":0,""effect_direction_reproduced_pass"":0,""minimum_effect_pass"":0,""multiplicity_adjusted_threshold_pass"":0,""raw_statistical_threshold_pass"":0,""support_available_pass"":0,""target_contrast_positive_pass"":0}",0.0,0.0
1dbc920edffba9363b404b4e,Cp2_vs_Cp3__stability_plus_geometry,3e971f0bc08c8189f389,Cp2_vs_Cp3,stability_plus_geometry,fl3_entitled,confirmation,joint_gaussian_regularized_cluster,measurement_missingness_concentration,0.5,0.5,6,True,mixed_gate_limited,no_single_gate_rescue_or_dominant_failure_category,multiple,4000,0.99425,0.96425,"{""control_contamination_limited"":0,""directionality_limited"":0,""effect_limited"":0,""effective_support_limited"":0,""specificity_limited"":0,""statistical_resolution_limited"":0,""structurally_unavailable"":0}","{""control_contamination_limited"":0.337,""directionality_limited"":0.17975000000000002,""effect_limited"":0.19,""effective_support_limited"":1.0,""specificity_limited"":0.2335,""statistical_resolution_limited"":1.0,""structurally_unavailable"":0.020750000000000005}","{""cluster_uncertainty_pass"":0,""complement_admissible_pass"":0,""control_adjusted_contrast_pass"":0,""control_specificity_pass"":0,""effect_direction_reproduced_pass"":0,""minimum_effect_pass"":0,""multiplicity_adjusted_threshold_pass"":0,""raw_statistical_threshold_pass"":0,""support_available_pass"":0,""target_contrast_positive_pass"":0}",0.0,0.0
1dbc920edffba9363b404b4e,Cp2_vs_Cp3__stability_plus_geometry,3e971f0bc08c8189f389,Cp2_vs_Cp3,stability_plus_geometry,fl3_entitled,confirmation,joint_gaussian_regularized_cluster,measurement_missingness_concentration,0.75,0.5,6,True,mixed_gate_limited,no_single_gate_rescue_or_dominant_failure_category,multiple,4000,0.9964999999999999,0.9630000000000001,"{""control_contamination_limited"":0,""directionality_limited"":0,""effect_limited"":0,""effective_support_limited"":0,""specificity_limited"":0,""statistical_resolution_limited"":0,""structurally_unavailable"":0}","{""control_contamination_limited"":0.25725,""directionality_limited"":0.16849999999999998,""effect_limited"":0.17125,""effective_support_limited"":1.0,""specificity_limited"":0.19874999999999998,""statistical_resolution_limited"":1.0,""structurally_unavailable"":0.02025}","{""cluster_uncertainty_pass"":0,""complement_admissible_pass"":0,""control_adjusted_contrast_pass"":0,""control_specificity_pass"":0,""effect_direction_reproduced_pass"":0,""minimum_effect_pass"":0,""multiplicity_adjusted_threshold_pass"":0,""raw_statistical_threshold_pass"":0,""support_available_pass"":0,""target_contrast_positive_pass"":0}",0.0,0.0
1dbc920edffba9363b404b4e,Cp2_vs_Cp3__stability_plus_geometry,3e971f0bc08c8189f389,Cp2_vs_Cp3,stability_plus_geometry,fl3_entitled,confirmation,joint_gaussian_regularized_cluster,measurement_missingness_concentration,1.0,0.5,6,True,mixed_gate_limited,no_single_gate_rescue_or_dominant_failure_category,multiple,4000,0.995,0.9612499999999999,"{""control_contamination_limited"":0,""directionality_limited"":0,""effect_limited"":0,""effective_support_limited"":0,""specificity_limited"":0,""statistical_resolution_limited"":0,""structurally_unavailable"":0}","{""control_contamination_limited"":0.2275,""directionality_limited"":0.15475,""effect_limited"":0.15475,""effective_support_limited"":1.0,""specificity_limited"":0.17925000000000002,""statistical_resolution_limited"":1.0,""structurally_unavailable"":0.021875}","{""cluster_uncertainty_pass"":0,""complement_admissible_pass"":0,""control_adjusted_contrast_pass"":0,""control_specificity_pass"":0,""effect_direction_reproduced_pass"":0,""minimum_effect_pass"":0,""multiplicity_adjusted_threshold_pass"":0,""raw_statistical_threshold_pass"":0,""support_available_pass"":0,""target_contrast_positive_pass"":0}",0.0,0.0
1dbc920edffba9363b404b4e,Cp2_vs_Cp3__stability_plus_geometry,3e971f0bc08c8189f389,Cp2_vs_Cp3,stability_plus_geometry,fl3_entitled,confirmation,joint_gaussian_regularized_cluster,measurement_missingness_concentration,1.5,0.5,6,True,mixed_gate_limited,no_single_gate_rescue_or_dominant_failure_category,multiple,4000,0.99575,0.9582499999999999,"{""control_contamination_limited"":0,""directionality_limited"":0,""effect_limited"":0,""effective_support_limited"":0,""specificity_limited"":0,""statistical_resolution_limited"":0,""structurally_unavailable"":0}","{""control_contamination_limited"":0.2265,""directionality_limited"":0.1775,""effect_limited"":0.1775,""effective_support_limited"":1.0,""specificity_limited"":0.19599999999999998,""statistical_resolution_limited"":1.0,""structurally_unavailable"":0.023}","{""cluster_uncertainty_pass"":0,""complement_admissible_pass"":0,""control_adjusted_contrast_pass"":0,""control_specificity_pass"":0,""effect_direction_reproduced_pass"":0,""minimum_effect_pass"":0,""multiplicity_adjusted_threshold_pass"":0,""raw_statistical_threshold_pass"":0,""support_available_pass"":0,""target_contrast_positive_pass"":0}",0.0,0.0
1dbc920edffba9363b404b4e,Cp2_vs_Cp3__stability_plus_geometry,3e971f0bc08c8189f389,Cp2_vs_Cp3,stability_plus_geometry,fl3_entitled,confirmation,joint_gaussian_regularized_cluster,measurement_missingness_concentration,2.0,0.5,6,True,mixed_gate_limited,no_single_gate_rescue_or_dominant_failure_category,multiple,4000,0.99425,0.9625,"{""control_contamination_limited"":0,""directionality_limited"":0,""effect_limited"":0,""effective_support_limited"":0,""specificity_limited"":0,""statistical_resolution_limited"":0,""structurally_unavailable"":0}","{""control_contamination_limited"":0.214,""directionality_limited"":0.18075,""effect_limited"":0.18075,""effective_support_limited"":1.0,""specificity_limited"":0.19274999999999998,""statistical_resolution_limited"":1.0,""structurally_unavailable"":0.021625}","{""cluster_uncertainty_pass"":0,""complement_admissible_pass"":0,""control_adjusted_contrast_pass"":0,""control_specificity_pass"":0,""effect_direction_reproduced_pass"":0,""minimum_effect_pass"":0,""multiplicity_adjusted_threshold_pass"":0,""raw_statistical_threshold_pass"":0,""support_available_pass"":0,""target_contrast_positive_pass"":0}",0.0,0.0
1dbc920edffba9363b404b4e,Cp2_vs_Cp3__stability_plus_geometry,3e971f0bc08c8189f389,Cp2_vs_Cp3,stability_plus_geometry,fl3_entitled,confirmation,joint_gaussian_regularized_cluster,measurement_missingness_concentration,0.25,1.0,6,True,mixed_gate_limited,no_single_gate_rescue_or_dominant_failure_category,multiple,4000,0.99325,0.9584999999999999,"{""control_contamination_limited"":0,""directionality_limited"":0,""effect_limited"":0,""effective_support_limited"":0,""specificity_limited"":0,""statistical_resolution_limited"":0,""structurally_unavailable"":0}","{""control_contamination_limited"":0.745,""directionality_limited"":0.17200000000000001,""effect_limited"":0.32875,""effective_support_limited"":1.0,""specificity_limited"":0.5309999999999999,""statistical_resolution_limited"":1.0,""structurally_unavailable"":0.024125}","{""cluster_uncertainty_pass"":0,""complement_admissible_pass"":0,""control_adjusted_contrast_pass"":0,""control_specificity_pass"":0,""effect_direction_reproduced_pass"":0,""minimum_effect_pass"":0,""multiplicity_adjusted_threshold_pass"":0,""raw_statistical_threshold_pass"":0,""support_available_pass"":0,""target_contrast_positive_pass"":0}",0.0,0.0
1dbc920edffba9363b404b4e,Cp2_vs_Cp3__stability_plus_geometry,3e971f0bc08c8189f389,Cp2_vs_Cp3,stability_plus_geometry,fl3_entitled,confirmation,joint_gaussian_regularized_cluster,measurement_missingness_concentration,0.5,1.0,6,True,mixed_gate_limited,no_single_gate_rescue_or_dominant_failure_category,multiple,4000,0.996,0.964,"{""control_contamination_limited"":0,""directionality_limited"":0,""effect_limited"":0,""effective_support_limited"":0,""specificity_limited"":0,""statistical_resolution_limited"":0,""structurally_unavailable"":0}","{""control_contamination_limited"":0.7215,""directionality_limited"":0.18225000000000002,""effect_limited"":0.19149999999999998,""effective_support_limited"":1.0,""specificity_limited"":0.526,""statistical_resolution_limited"":1.0,""structurally_unavailable"":0.020000000000000004}","{""cluster_uncertainty_pass"":0,""complement_admissible_pass"":0,""control_adjusted_contrast_pass"":0,""control_specificity_pass"":0,""effect_direction_reproduced_pass"":0,""minimum_effect_pass"":0,""multiplicity_adjusted_threshold_pass"":0,""raw_statistical_threshold_pass"":0,""support_available_pass"":0,""target_contrast_positive_pass"":0}",0.0,0.0
1dbc920edffba9363b404b4e,Cp2_vs_Cp3__stability_plus_geometry,3e971f0bc08c8189f389,Cp2_vs_Cp3,stability_plus_geometry,fl3_entitled,confirmation,joint_gaussian_regularized_cluster,measurement_missingness_concentration,0.75,1.0,6,True,mixed_gate_limited,no_single_gate_rescue_or_dominant_failure_category,multiple,4000,0.99425,0.9597500000000001,"{""control_contamination_limited"":0,""directionality_limited"":0,""effect_limited"":0,""effective_support_limited"":0,""specificity_limited"":0,""statistical_resolution_limited"":0,""structurally_unavailable"":0}","{""control_contamination_limited"":0.733,""directionality_limited"":0.1835,""effect_limited"":0.18399999999999997,""effective_support_limited"":1.0,""specificity_limited"":0.53275,""statistical_resolution_limited"":1.0,""structurally_unavailable"":0.023}","{""cluster_uncertainty_pass"":0,""complement_admissible_pass"":0,""control_adjusted_contrast_pass"":0,""control_specificity_pass"":0,""effect_direction_reproduced_pass"":0,""minimum_effect_pass"":0,""multiplicity_adjusted_threshold_pass"":0,""raw_statistical_threshold_pass"":0,""support_available_pass"":0,""target_contrast_positive_pass"":0}",0.0,0.0
1dbc920edffba9363b404b4e,Cp2_vs_Cp3__stability_plus_geometry,3e971f0bc08c8189f389,Cp2_vs_Cp3,stability_plus_geometry,fl3_entitled,confirmation,joint_gaussian_regularized_cluster,measurement_missingness_concentration,1.0,1.0,6,True,mixed_gate_limited,no_single_gate_rescue_or_dominant_failure_category,multiple,4000,0.99425,0.9605,"{""control_contamination_limited"":0,""directionality_limited"":0,""effect_limited"":0,""effective_support_limited"":0,""specificity_limited"":0,""statistical_resolution_limited"":0,""structurally_unavailable"":0}","{""control_contamination_limited"":0.7265,""directionality_limited"":0.173,""effect_limited"":0.173,""effective_support_limited"":1.0,""specificity_limited"":0.54825,""statistical_resolution_limited"":1.0,""structurally_unavailable"":0.022625}","{""cluster_uncertainty_pass"":0,""complement_admissible_pass"":0,""control_adjusted_contrast_pass"":0,""control_specificity_pass"":0,""effect_direction_reproduced_pass"":0,""minimum_effect_pass"":0,""multiplicity_adjusted_threshold_pass"":0,""raw_statistical_threshold_pass"":0,""support_available_pass"":0,""target_contrast_positive_pass"":0}",0.0,0.0
1dbc920edffba9363b404b4e,Cp2_vs_Cp3__stability_plus_geometry,3e971f0bc08c8189f389,Cp2_vs_Cp3,stability_plus_geometry,fl3_entitled,confirmation,joint_gaussian_regularized_cluster,measurement_missingness_concentration,1.5,1.0,6,True,mixed_gate_limited,no_single_gate_rescue_or_dominant_failure_category,multiple,4000,0.994,0.9572499999999999,"{""control_contamination_limited"":0,""directionality_limited"":0,""effect_limited"":0,""effective_support_limited"":0,""specificity_limited"":0,""statistical_resolution_limited"":0,""structurally_unavailable"":0}","{""control_contamination_limited"":0.72825,""directionality_limited"":0.18075000000000002,""effect_limited"":0.18075000000000002,""effective_support_limited"":1.0,""specificity_limited"":0.5327500000000001,""statistical_resolution_limited"":1.0,""structurally_unavailable"":0.024374999999999997}","{""cluster_uncertainty_pass"":0,""complement_admissible_pass"":0,""control_adjusted_contrast_pass"":0,""control_specificity_pass"":0,""effect_direction_reproduced_pass"":0,""minimum_effect_pass"":0,""multiplicity_adjusted_threshold_pass"":0,""raw_statistical_threshold_pass"":0,""support_available_pass"":0,""target_contrast_positive_pass"":0}",0.0,0.0
1dbc920edffba9363b404b4e,Cp2_vs_Cp3__stability_plus_geometry,3e971f0bc08c8189f389,Cp2_vs_Cp3,stability_plus_geometry,fl3_entitled,confirmation,joint_gaussian_regularized_cluster,measurement_missingness_concentration,2.0,1.0,6,True,mixed_gate_limited,no_single_gate_rescue_or_dominant_failure_category,multiple,4000,0.9945,0.95975,"{""control_contamination_limited"":0,""directionality_limited"":0,""effect_limited"":0,""effective_support_limited"":0,""specificity_limited"":0,""statistical_resolution_limited"":0,""structurally_unavailable"":0}","{""control_contamination_limited"":0.7642500000000001,""directionality_limited"":0.184,""effect_limited"":0.184,""effective_support_limited"":1.0,""specificity_limited"":0.556,""statistical_resolution_limited"":1.0,""structurally_unavailable"":0.022875}","{""cluster_uncertainty_pass"":0,""complement_admissible_pass"":0,""control_adjusted_contrast_pass"":0,""control_specificity_pass"":0,""effect_direction_reproduced_pass"":0,""minimum_effect_pass"":0,""multiplicity_adjusted_threshold_pass"":0,""raw_statistical_threshold_pass"":0,""support_available_pass"":0,""target_contrast_positive_pass"":0}",0.0,0.0
bfa569fbae807b7f50c3389f,C_vs_Cp2__stability_core_3,c683c10822cc59ae7587,C_vs_Cp2,stability_core_3,fl3_entitled,confirmation,joint_gaussian_regularized_cluster,measurement_missingness_concentration,0.0,0.0,6,True,mixed_gate_limited,no_single_gate_rescue_or_dominant_failure_category,multiple,4000,1.0,1.0,"{""control_contamination_limited"":0,""directionality_limited"":0,""effect_limited"":0,""effective_support_limited"":0,""specificity_limited"":0,""statistical_resolution_limited"":0,""structurally_unavailable"":0}","{""control_contamination_limited"":1.0,""directionality_limited"":1.0,""effect_limited"":1.0,""effective_support_limited"":1.0,""specificity_limited"":1.0,""statistical_resolution_limited"":1.0,""structurally_unavailable"":0.0}","{""cluster_uncertainty_pass"":0,""complement_admissible_pass"":0,""control_adjusted_contrast_pass"":0,""control_specificity_pass"":0,""effect_direction_reproduced_pass"":0,""minimum_effect_pass"":0,""multiplicity_adjusted_threshold_pass"":0,""raw_statistical_threshold_pass"":0,""support_available_pass"":0,""target_contrast_positive_pass"":0}",0.0,0.0
d10b3aec4edc47fefb2bd92f,C_vs_Cp3__geometry_scores_only,8eb760d133ac749e3327,C_vs_Cp3,geometry_scores_only,fl3_entitlement_capped,confirmation,joint_gaussian_regularized_cluster,measurement_missingness_concentration,0.0,0.0,6,True,mixed_gate_limited,no_single_gate_rescue_or_dominant_failure_category,multiple,4000,1.0,0.99775,"{""control_contamination_limited"":0,""directionality_limited"":0,""effect_limited"":0,""effective_support_limited"":0,""specificity_limited"":0,""statistical_resolution_limited"":0,""structurally_unavailable"":0}","{""control_contamination_limited"":1.0,""directionality_limited"":1.0,""effect_limited"":1.0,""effective_support_limited"":1.0,""specificity_limited"":1.0,""statistical_resolution_limited"":1.0,""structurally_unavailable"":0.0011250000000000001}","{""cluster_uncertainty_pass"":0,""complement_admissible_pass"":0,""control_adjusted_contrast_pass"":0,""control_specificity_pass"":0,""effect_direction_reproduced_pass"":0,""minimum_effect_pass"":0,""multiplicity_adjusted_threshold_pass"":0,""raw_statistical_threshold_pass"":0,""support_available_pass"":0,""target_contrast_positive_pass"":0}",0.0,0.0
fe17c18b39eb86c6e9f982bd,C_vs_Cp3__path_shares_only,28ecf7e42b861405b6b3,C_vs_Cp3,path_shares_only,fl3_entitled,confirmation,joint_gaussian_regularized_cluster,measurement_missingness_concentration,0.0,0.0,6,True,mixed_gate_limited,no_single_gate_rescue_or_dominant_failure_category,multiple,4000,1.0,0.9995,"{""control_contamination_limited"":0,""directionality_limited"":0,""effect_limited"":0,""effective_support_limited"":0,""specificity_limited"":0,""statistical_resolution_limited"":0,""structurally_unavailable"":0}","{""control_contamination_limited"":1.0,""directionality_limited"":1.0,""effect_limited"":1.0,""effective_support_limited"":1.0,""specificity_limited"":1.0,""statistical_resolution_limited"":1.0,""structurally_unavailable"":0.00025}","{""cluster_uncertainty_pass"":0,""complement_admissible_pass"":0,""control_adjusted_contrast_pass"":0,""control_specificity_pass"":0,""effect_direction_reproduced_pass"":0,""minimum_effect_pass"":0,""multiplicity_adjusted_threshold_pass"":0,""raw_statistical_threshold_pass"":0,""support_available_pass"":0,""target_contrast_positive_pass"":0}",0.0,0.0
03ef63db7584762143dc3914,three_way__no_window,114bd7932e0008f8ef79,three_way,no_window,fl3_entitlement_capped,confirmation,joint_wild_cluster_rademacher,measurement_missingness_concentration,0.0,0.0,6,True,mixed_gate_limited,no_single_gate_rescue_or_dominant_failure_category,multiple,4000,1.0,0.99925,"{""control_contamination_limited"":0,""directionality_limited"":0,""effect_limited"":0,""effective_support_limited"":0,""specificity_limited"":0,""statistical_resolution_limited"":0,""structurally_unavailable"":0}","{""control_contamination_limited"":1.0,""directionality_limited"":1.0,""effect_limited"":1.0,""effective_support_limited"":1.0,""specificity_limited"":1.0,""statistical_resolution_limited"":1.0,""structurally_unavailable"":0.000375}","{""cluster_uncertainty_pass"":0,""complement_admissible_pass"":0,""control_adjusted_contrast_pass"":0,""control_specificity_pass"":0,""effect_direction_reproduced_pass"":0,""minimum_effect_pass"":0,""multiplicity_adjusted_threshold_pass"":0,""raw_statistical_threshold_pass"":0,""support_available_pass"":0,""target_contrast_positive_pass"":0}",0.0,0.0
1cce3e5fe7c50070e58676c9,Cp2_vs_Cp3__strict_numeric_all,0262d70dda595cb6cda6,Cp2_vs_Cp3,strict_numeric_all,fl3_entitlement_capped,confirmation,joint_wild_cluster_rademacher,measurement_missingness_concentration,0.0,0.0,6,True,mixed_gate_limited,no_single_gate_rescue_or_dominant_failure_category,multiple,4000,0.9944999999999999,0.964,"{""control_contamination_limited"":0,""directionality_limited"":0,""effect_limited"":0,""effective_support_limited"":0,""specificity_limited"":0,""statistical_resolution_limited"":0,""structurally_unavailable"":0}","{""control_contamination_limited"":1.0,""directionality_limited"":1.0,""effect_limited"":1.0,""effective_support_limited"":1.0,""specificity_limited"":1.0,""statistical_resolution_limited"":1.0,""structurally_unavailable"":0.02075}","{""cluster_uncertainty_pass"":0,""complement_admissible_pass"":0,""control_adjusted_contrast_pass"":0,""control_specificity_pass"":0,""effect_direction_reproduced_pass"":0,""minimum_effect_pass"":0,""multiplicity_adjusted_threshold_pass"":0,""raw_statistical_threshold_pass"":0,""support_available_pass"":0,""target_contrast_positive_pass"":0}",0.0,0.0
1cce3e5fe7c50070e58676c9,Cp2_vs_Cp3__strict_numeric_all,0262d70dda595cb6cda6,Cp2_vs_Cp3,strict_numeric_all,fl3_entitlement_capped,confirmation,joint_wild_cluster_rademacher,measurement_missingness_concentration,0.25,0.0,6,True,mixed_gate_limited,no_single_gate_rescue_or_dominant_failure_category,multiple,4000,0.994,0.9615,"{""control_contamination_limited"":0,""directionality_limited"":0,""effect_limited"":0,""effective_support_limited"":0,""specificity_limited"":0,""statistical_resolution_limited"":0,""structurally_unavailable"":0}","{""control_contamination_limited"":0.21725,""directionality_limited"":0.186,""effect_limited"":0.33975,""effective_support_limited"":1.0,""specificity_limited"":0.186,""statistical_resolution_limited"":1.0,""structurally_unavailable"":0.02225}","{""cluster_uncertainty_pass"":0,""complement_admissible_pass"":0,""control_adjusted_contrast_pass"":0,""control_specificity_pass"":0,""effect_direction_reproduced_pass"":0,""minimum_effect_pass"":0,""multiplicity_adjusted_threshold_pass"":0,""raw_statistical_threshold_pass"":0,""support_available_pass"":0,""target_contrast_positive_pass"":0}",0.0,0.0
1cce3e5fe7c50070e58676c9,Cp2_vs_Cp3__strict_numeric_all,0262d70dda595cb6cda6,Cp2_vs_Cp3,strict_numeric_all,fl3_entitlement_capped,confirmation,joint_wild_cluster_rademacher,measurement_missingness_concentration,0.5,0.0,6,True,mixed_gate_limited,no_single_gate_rescue_or_dominant_failure_category,multiple,4000,0.99375,0.967,"{""control_contamination_limited"":0,""directionality_limited"":0,""effect_limited"":0,""effective_support_limited"":0,""specificity_limited"":0,""statistical_resolution_limited"":0,""structurally_unavailable"":0}","{""control_contamination_limited"":0.16749999999999998,""directionality_limited"":0.166,""effect_limited"":0.17975,""effective_support_limited"":1.0,""specificity_limited"":0.16599999999999998,""statistical_resolution_limited"":1.0,""structurally_unavailable"":0.019625000000000004}","{""cluster_uncertainty_pass"":0,""complement_admissible_pass"":0,""control_adjusted_contrast_pass"":0,""control_specificity_pass"":0,""effect_direction_reproduced_pass"":0,""minimum_effect_pass"":0,""multiplicity_adjusted_threshold_pass"":0,""raw_statistical_threshold_pass"":0,""support_available_pass"":0,""target_contrast_positive_pass"":0}",0.0,0.0
1cce3e5fe7c50070e58676c9,Cp2_vs_Cp3__strict_numeric_all,0262d70dda595cb6cda6,Cp2_vs_Cp3,strict_numeric_all,fl3_entitlement_capped,confirmation,joint_wild_cluster_rademacher,measurement_missingness_concentration,0.75,0.0,6,True,mixed_gate_limited,no_single_gate_rescue_or_dominant_failure_category,multiple,4000,0.9945,0.9562499999999999,"{""control_contamination_limited"":0,""directionality_limited"":0,""effect_limited"":0,""effective_support_limited"":0,""specificity_limited"":0,""statistical_resolution_limited"":0,""structurally_unavailable"":0}","{""control_contamination_limited"":0.186,""directionality_limited"":0.186,""effect_limited"":0.18724999999999997,""effective_support_limited"":1.0,""specificity_limited"":0.186,""statistical_resolution_limited"":1.0,""structurally_unavailable"":0.024624999999999998}","{""cluster_uncertainty_pass"":0,""complement_admissible_pass"":0,""control_adjusted_contrast_pass"":0,""control_specificity_pass"":0,""effect_direction_reproduced_pass"":0,""minimum_effect_pass"":0,""multiplicity_adjusted_threshold_pass"":0,""raw_statistical_threshold_pass"":0,""support_available_pass"":0,""target_contrast_positive_pass"":0}",0.0,0.0
1cce3e5fe7c50070e58676c9,Cp2_vs_Cp3__strict_numeric_all,0262d70dda595cb6cda6,Cp2_vs_Cp3,strict_numeric_all,fl3_entitlement_capped,confirmation,joint_wild_cluster_rademacher,measurement_missingness_concentration,1.0,0.0,6,True,mixed_gate_limited,no_single_gate_rescue_or_dominant_failure_category,multiple,4000,0.99675,0.96575,"{""control_contamination_limited"":0,""directionality_limited"":0,""effect_limited"":0,""effective_support_limited"":0,""specificity_limited"":0,""statistical_resolution_limited"":0,""structurally_unavailable"":0}","{""control_contamination_limited"":0.164,""directionality_limited"":0.164,""effect_limited"":0.164,""effective_support_limited"":1.0,""specificity_limited"":0.164,""statistical_resolution_limited"":1.0,""structurally_unavailable"":0.018750000000000003}","{""cluster_uncertainty_pass"":0,""complement_admissible_pass"":0,""control_adjusted_contrast_pass"":0,""control_specificity_pass"":0,""effect_direction_reproduced_pass"":0,""minimum_effect_pass"":0,""multiplicity_adjusted_threshold_pass"":0,""raw_statistical_threshold_pass"":0,""support_available_pass"":0,""target_contrast_positive_pass"":0}",0.0,0.0
1cce3e5fe7c50070e58676c9,Cp2_vs_Cp3__strict_numeric_all,0262d70dda595cb6cda6,Cp2_vs_Cp3,strict_numeric_all,fl3_entitlement_capped,confirmation,joint_wild_cluster_rademacher,measurement_missingness_concentration,1.5,0.0,6,True,mixed_gate_limited,no_single_gate_rescue_or_dominant_failure_category,multiple,4000,0.9945,0.9557499999999999,"{""control_contamination_limited"":0,""directionality_limited"":0,""effect_limited"":0,""effective_support_limited"":0,""specificity_limited"":0,""statistical_resolution_limited"":0,""structurally_unavailable"":0}","{""control_contamination_limited"":0.186,""directionality_limited"":0.186,""effect_limited"":0.186,""effective_support_limited"":1.0,""specificity_limited"":0.186,""statistical_resolution_limited"":1.0,""structurally_unavailable"":0.024874999999999998}","{""cluster_uncertainty_pass"":0,""complement_admissible_pass"":0,""control_adjusted_contrast_pass"":0,""control_specificity_pass"":0,""effect_direction_reproduced_pass"":0,""minimum_effect_pass"":0,""multiplicity_adjusted_threshold_pass"":0,""raw_statistical_threshold_pass"":0,""support_available_pass"":0,""target_contrast_positive_pass"":0}",0.0,0.0
1cce3e5fe7c50070e58676c9,Cp2_vs_Cp3__strict_numeric_all,0262d70dda595cb6cda6,Cp2_vs_Cp3,strict_numeric_all,fl3_entitlement_capped,confirmation,joint_wild_cluster_rademacher,measurement_missingness_concentration,2.0,0.0,6,True,mixed_gate_limited,no_single_gate_rescue_or_dominant_failure_category,multiple,4000,0.99575,0.95925,"{""control_contamination_limited"":0,""directionality_limited"":0,""effect_limited"":0,""effective_support_limited"":0,""specificity_limited"":0,""statistical_resolution_limited"":0,""structurally_unavailable"":0}","{""control_contamination_limited"":0.18,""directionality_limited"":0.18,""effect_limited"":0.18,""effective_support_limited"":1.0,""specificity_limited"":0.18,""statistical_resolution_limited"":1.0,""structurally_unavailable"":0.022500000000000003}","{""cluster_uncertainty_pass"":0,""complement_admissible_pass"":0,""control_adjusted_contrast_pass"":0,""control_specificity_pass"":0,""effect_direction_reproduced_pass"":0,""minimum_effect_pass"":0,""multiplicity_adjusted_threshold_pass"":0,""raw_statistical_threshold_pass"":0,""support_available_pass"":0,""target_contrast_positive_pass"":0}",0.0,0.0
1cce3e5fe7c50070e58676c9,Cp2_vs_Cp3__strict_numeric_all,0262d70dda595cb6cda6,Cp2_vs_Cp3,strict_numeric_all,fl3_entitlement_capped,confirmation,joint_wild_cluster_rademacher,measurement_missingness_concentration,0.25,0.25,6,True,mixed_gate_limited,no_single_gate_rescue_or_dominant_failure_category,multiple,4000,0.99225,0.9570000000000001,"{""control_contamination_limited"":0,""directionality_limited"":0,""effect_limited"":0,""effective_support_limited"":0,""specificity_limited"":0,""statistical_resolution_limited"":0,""structurally_unavailable"":0}","{""control_contamination_limited"":0.34450000000000003,""directionality_limited"":0.20750000000000002,""effect_limited"":0.37050000000000005,""effective_support_limited"":1.0,""specificity_limited"":0.23625,""statistical_resolution_limited"":1.0,""structurally_unavailable"":0.025374999999999998}","{""cluster_uncertainty_pass"":0,""complement_admissible_pass"":0,""control_adjusted_contrast_pass"":0,""control_specificity_pass"":0,""effect_direction_reproduced_pass"":0,""minimum_effect_pass"":0,""multiplicity_adjusted_threshold_pass"":0,""raw_statistical_threshold_pass"":0,""support_available_pass"":0,""target_contrast_positive_pass"":0}",0.0,0.0
1cce3e5fe7c50070e58676c9,Cp2_vs_Cp3__strict_numeric_all,0262d70dda595cb6cda6,Cp2_vs_Cp3,strict_numeric_all,fl3_entitlement_capped,confirmation,joint_wild_cluster_rademacher,measurement_missingness_concentration,0.5,0.25,6,True,mixed_gate_limited,no_single_gate_rescue_or_dominant_failure_category,multiple,4000,0.99625,0.9555,"{""control_contamination_limited"":0,""directionality_limited"":0,""effect_limited"":0,""effective_support_limited"":0,""specificity_limited"":0,""statistical_resolution_limited"":0,""structurally_unavailable"":0}","{""control_contamination_limited"":0.228,""directionality_limited"":0.18774999999999997,""effect_limited"":0.205,""effective_support_limited"":1.0,""specificity_limited"":0.1975,""statistical_resolution_limited"":1.0,""structurally_unavailable"":0.024125}","{""cluster_uncertainty_pass"":0,""complement_admissible_pass"":0,""control_adjusted_contrast_pass"":0,""control_specificity_pass"":0,""effect_direction_reproduced_pass"":0,""minimum_effect_pass"":0,""multiplicity_adjusted_threshold_pass"":0,""raw_statistical_threshold_pass"":0,""support_available_pass"":0,""target_contrast_positive_pass"":0}",0.0,0.0
1cce3e5fe7c50070e58676c9,Cp2_vs_Cp3__strict_numeric_all,0262d70dda595cb6cda6,Cp2_vs_Cp3,strict_numeric_all,fl3_entitlement_capped,confirmation,joint_wild_cluster_rademacher,measurement_missingness_concentration,0.75,0.25,6,True,mixed_gate_limited,no_single_gate_rescue_or_dominant_failure_category,multiple,4000,0.996,0.96375,"{""control_contamination_limited"":0,""directionality_limited"":0,""effect_limited"":0,""effective_support_limited"":0,""specificity_limited"":0,""statistical_resolution_limited"":0,""structurally_unavailable"":0}","{""control_contamination_limited"":0.1855,""directionality_limited"":0.17225000000000001,""effect_limited"":0.17350000000000002,""effective_support_limited"":1.0,""specificity_limited"":0.17450000000000002,""statistical_resolution_limited"":1.0,""structurally_unavailable"":0.020125}","{""cluster_uncertainty_pass"":0,""complement_admissible_pass"":0,""control_adjusted_contrast_pass"":0,""control_specificity_pass"":0,""effect_direction_reproduced_pass"":0,""minimum_effect_pass"":0,""multiplicity_adjusted_threshold_pass"":0,""raw_statistical_threshold_pass"":0,""support_available_pass"":0,""target_contrast_positive_pass"":0}",0.0,0.0
1cce3e5fe7c50070e58676c9,Cp2_vs_Cp3__strict_numeric_all,0262d70dda595cb6cda6,Cp2_vs_Cp3,strict_numeric_all,fl3_entitlement_capped,confirmation,joint_wild_cluster_rademacher,measurement_missingness_concentration,1.0,0.25,6,True,mixed_gate_limited,no_single_gate_rescue_or_dominant_failure_category,multiple,4000,0.9920000000000001,0.9592499999999999,"{""control_contamination_limited"":0,""directionality_limited"":0,""effect_limited"":0,""effective_support_limited"":0,""specificity_limited"":0,""statistical_resolution_limited"":0,""structurally_unavailable"":0}","{""control_contamination_limited"":0.1835,""directionality_limited"":0.17674999999999996,""effect_limited"":0.17725000000000002,""effective_support_limited"":1.0,""specificity_limited"":0.178,""statistical_resolution_limited"":1.0,""structurally_unavailable"":0.024375}","{""cluster_uncertainty_pass"":0,""complement_admissible_pass"":0,""control_adjusted_contrast_pass"":0,""control_specificity_pass"":0,""effect_direction_reproduced_pass"":0,""minimum_effect_pass"":0,""multiplicity_adjusted_threshold_pass"":0,""raw_statistical_threshold_pass"":0,""support_available_pass"":0,""target_contrast_positive_pass"":0}",0.0,0.0
1cce3e5fe7c50070e58676c9,Cp2_vs_Cp3__strict_numeric_all,0262d70dda595cb6cda6,Cp2_vs_Cp3,strict_numeric_all,fl3_entitlement_capped,confirmation,joint_wild_cluster_rademacher,measurement_missingness_concentration,1.5,0.25,6,True,mixed_gate_limited,no_single_gate_rescue_or_dominant_failure_category,multiple,4000,0.996,0.9595,"{""control_contamination_limited"":0,""directionality_limited"":0,""effect_limited"":0,""effective_support_limited"":0,""specificity_limited"":0,""statistical_resolution_limited"":0,""structurally_unavailable"":0}","{""control_contamination_limited"":0.17725000000000002,""directionality_limited"":0.17375000000000002,""effect_limited"":0.17375000000000002,""effective_support_limited"":1.0,""specificity_limited"":0.17500000000000002,""statistical_resolution_limited"":1.0,""structurally_unavailable"":0.02225}","{""cluster_uncertainty_pass"":0,""complement_admissible_pass"":0,""control_adjusted_contrast_pass"":0,""control_specificity_pass"":0,""effect_direction_reproduced_pass"":0,""minimum_effect_pass"":0,""multiplicity_adjusted_threshold_pass"":0,""raw_statistical_threshold_pass"":0,""support_available_pass"":0,""target_contrast_positive_pass"":0}",0.0,0.0
1cce3e5fe7c50070e58676c9,Cp2_vs_Cp3__strict_numeric_all,0262d70dda595cb6cda6,Cp2_vs_Cp3,strict_numeric_all,fl3_entitlement_capped,confirmation,joint_wild_cluster_rademacher,measurement_missingness_concentration,2.0,0.25,6,True,mixed_gate_limited,no_single_gate_rescue_or_dominant_failure_category,multiple,4000,0.9964999999999999,0.9644999999999999,"{""control_contamination_limited"":0,""directionality_limited"":0,""effect_limited"":0,""effective_support_limited"":0,""specificity_limited"":0,""statistical_resolution_limited"":0,""structurally_unavailable"":0}","{""control_contamination_limited"":0.18849999999999997,""directionality_limited"":0.18774999999999997,""effect_limited"":0.18774999999999997,""effective_support_limited"":1.0,""specificity_limited"":0.18774999999999997,""statistical_resolution_limited"":1.0,""structurally_unavailable"":0.0195}","{""cluster_uncertainty_pass"":0,""complement_admissible_pass"":0,""control_adjusted_contrast_pass"":0,""control_specificity_pass"":0,""effect_direction_reproduced_pass"":0,""minimum_effect_pass"":0,""multiplicity_adjusted_threshold_pass"":0,""raw_statistical_threshold_pass"":0,""support_available_pass"":0,""target_contrast_positive_pass"":0}",0.0,0.0
1cce3e5fe7c50070e58676c9,Cp2_vs_Cp3__strict_numeric_all,0262d70dda595cb6cda6,Cp2_vs_Cp3,strict_numeric_all,fl3_entitlement_capped,confirmation,joint_wild_cluster_rademacher,measurement_missingness_concentration,0.25,0.5,6,True,mixed_gate_limited,no_single_gate_rescue_or_dominant_failure_category,multiple,4000,0.9965,0.9655,"{""control_contamination_limited"":0,""directionality_limited"":0,""effect_limited"":0,""effective_support_limited"":0,""specificity_limited"":0,""statistical_resolution_limited"":0,""structurally_unavailable"":0}","{""control_contamination_limited"":0.47775,""directionality_limited"":0.1995,""effect_limited"":0.36175,""effective_support_limited"":1.0,""specificity_limited"":0.2995,""statistical_resolution_limited"":1.0,""structurally_unavailable"":0.019000000000000003}","{""cluster_uncertainty_pass"":0,""complement_admissible_pass"":0,""control_adjusted_contrast_pass"":0,""control_specificity_pass"":0,""effect_direction_reproduced_pass"":0,""minimum_effect_pass"":0,""multiplicity_adjusted_threshold_pass"":0,""raw_statistical_threshold_pass"":0,""support_available_pass"":0,""target_contrast_positive_pass"":0}",0.0,0.0
1cce3e5fe7c50070e58676c9,Cp2_vs_Cp3__strict_numeric_all,0262d70dda595cb6cda6,Cp2_vs_Cp3,strict_numeric_all,fl3_entitlement_capped,confirmation,joint_wild_cluster_rademacher,measurement_missingness_concentration,0.5,0.5,6,True,mixed_gate_limited,no_single_gate_rescue_or_dominant_failure_category,multiple,4000,0.9937499999999999,0.958,"{""control_contamination_limited"":0,""directionality_limited"":0,""effect_limited"":0,""effective_support_limited"":0,""specificity_limited"":0,""statistical_resolution_limited"":0,""structurally_unavailable"":0}","{""control_contamination_limited"":0.38249999999999995,""directionality_limited"":0.18325000000000002,""effect_limited"":0.20099999999999998,""effective_support_limited"":1.0,""specificity_limited"":0.26549999999999996,""statistical_resolution_limited"":1.0,""structurally_unavailable"":0.024125}","{""cluster_uncertainty_pass"":0,""complement_admissible_pass"":0,""control_adjusted_contrast_pass"":0,""control_specificity_pass"":0,""effect_direction_reproduced_pass"":0,""minimum_effect_pass"":0,""multiplicity_adjusted_threshold_pass"":0,""raw_statistical_threshold_pass"":0,""support_available_pass"":0,""target_contrast_positive_pass"":0}",0.0,0.0
1cce3e5fe7c50070e58676c9,Cp2_vs_Cp3__strict_numeric_all,0262d70dda595cb6cda6,Cp2_vs_Cp3,strict_numeric_all,fl3_entitlement_capped,confirmation,joint_wild_cluster_rademacher,measurement_missingness_concentration,0.75,0.5,6,True,mixed_gate_limited,no_single_gate_rescue_or_dominant_failure_category,multiple,4000,0.992,0.9515,"{""control_contamination_limited"":0,""directionality_limited"":0,""effect_limited"":0,""effective_support_limited"":0,""specificity_limited"":0,""statistical_resolution_limited"":0,""structurally_unavailable"":0}","{""control_contamination_limited"":0.27999999999999997,""directionality_limited"":0.17125,""effect_limited"":0.1725,""effective_support_limited"":1.0,""specificity_limited"":0.21025,""statistical_resolution_limited"":1.0,""structurally_unavailable"":0.028249999999999997}","{""cluster_uncertainty_pass"":0,""complement_admissible_pass"":0,""control_adjusted_contrast_pass"":0,""control_specificity_pass"":0,""effect_direction_reproduced_pass"":0,""minimum_effect_pass"":0,""multiplicity_adjusted_threshold_pass"":0,""raw_statistical_threshold_pass"":0,""support_available_pass"":0,""target_contrast_positive_pass"":0}",0.0,0.0
1cce3e5fe7c50070e58676c9,Cp2_vs_Cp3__strict_numeric_all,0262d70dda595cb6cda6,Cp2_vs_Cp3,strict_numeric_all,fl3_entitlement_capped,confirmation,joint_wild_cluster_rademacher,measurement_missingness_concentration,1.0,0.5,6,True,mixed_gate_limited,no_single_gate_rescue_or_dominant_failure_category,multiple,4000,0.9932500000000001,0.9557499999999999,"{""control_contamination_limited"":0,""directionality_limited"":0,""effect_limited"":0,""effective_support_limited"":0,""specificity_limited"":0,""statistical_resolution_limited"":0,""structurally_unavailable"":0}","{""control_contamination_limited"":0.27749999999999997,""directionality_limited"":0.19024999999999997,""effect_limited"":0.19024999999999997,""effective_support_limited"":1.0,""specificity_limited"":0.22474999999999998,""statistical_resolution_limited"":1.0,""structurally_unavailable"":0.0255}","{""cluster_uncertainty_pass"":0,""complement_admissible_pass"":0,""control_adjusted_contrast_pass"":0,""control_specificity_pass"":0,""effect_direction_reproduced_pass"":0,""minimum_effect_pass"":0,""multiplicity_adjusted_threshold_pass"":0,""raw_statistical_threshold_pass"":0,""support_available_pass"":0,""target_contrast_positive_pass"":0}",0.0,0.0
1cce3e5fe7c50070e58676c9,Cp2_vs_Cp3__strict_numeric_all,0262d70dda595cb6cda6,Cp2_vs_Cp3,strict_numeric_all,fl3_entitlement_capped,confirmation,joint_wild_cluster_rademacher,measurement_missingness_concentration,1.5,0.5,6,True,mixed_gate_limited,no_single_gate_rescue_or_dominant_failure_category,multiple,4000,0.9935,0.962,"{""control_contamination_limited"":0,""directionality_limited"":0,""effect_limited"":0,""effective_support_limited"":0,""specificity_limited"":0,""statistical_resolution_limited"":0,""structurally_unavailable"":0}","{""control_contamination_limited"":0.22949999999999998,""directionality_limited"":0.16975,""effect_limited"":0.16975,""effective_support_limited"":1.0,""specificity_limited"":0.19224999999999998,""statistical_resolution_limited"":1.0,""structurally_unavailable"":0.02225}","{""cluster_uncertainty_pass"":0,""complement_admissible_pass"":0,""control_adjusted_contrast_pass"":0,""control_specificity_pass"":0,""effect_direction_reproduced_pass"":0,""minimum_effect_pass"":0,""multiplicity_adjusted_threshold_pass"":0,""raw_statistical_threshold_pass"":0,""support_available_pass"":0,""target_contrast_positive_pass"":0}",0.0,0.0
1cce3e5fe7c50070e58676c9,Cp2_vs_Cp3__strict_numeric_all,0262d70dda595cb6cda6,Cp2_vs_Cp3,strict_numeric_all,fl3_entitlement_capped,confirmation,joint_wild_cluster_rademacher,measurement_missingness_concentration,2.0,0.5,6,True,mixed_gate_limited,no_single_gate_rescue_or_dominant_failure_category,multiple,4000,0.9975,0.966,"{""control_contamination_limited"":0,""directionality_limited"":0,""effect_limited"":0,""effective_support_limited"":0,""specificity_limited"":0,""statistical_resolution_limited"":0,""structurally_unavailable"":0}","{""control_contamination_limited"":0.2055,""directionality_limited"":0.1695,""effect_limited"":0.16949999999999998,""effective_support_limited"":1.0,""specificity_limited"":0.18,""statistical_resolution_limited"":1.0,""structurally_unavailable"":0.018250000000000002}","{""cluster_uncertainty_pass"":0,""complement_admissible_pass"":0,""control_adjusted_contrast_pass"":0,""control_specificity_pass"":0,""effect_direction_reproduced_pass"":0,""minimum_effect_pass"":0,""multiplicity_adjusted_threshold_pass"":0,""raw_statistical_threshold_pass"":0,""support_available_pass"":0,""target_contrast_positive_pass"":0}",0.0,0.0
1cce3e5fe7c50070e58676c9,Cp2_vs_Cp3__strict_numeric_all,0262d70dda595cb6cda6,Cp2_vs_Cp3,strict_numeric_all,fl3_entitlement_capped,confirmation,joint_wild_cluster_rademacher,measurement_missingness_concentration,0.25,1.0,6,True,mixed_gate_limited,no_single_gate_rescue_or_dominant_failure_category,multiple,4000,0.993,0.96125,"{""control_contamination_limited"":0,""directionality_limited"":0,""effect_limited"":0,""effective_support_limited"":0,""specificity_limited"":0,""statistical_resolution_limited"":0,""structurally_unavailable"":0}","{""control_contamination_limited"":0.73925,""directionality_limited"":0.21075,""effect_limited"":0.366,""effective_support_limited"":1.0,""specificity_limited"":0.5325,""statistical_resolution_limited"":1.0,""structurally_unavailable"":0.022875}","{""cluster_uncertainty_pass"":0,""complement_admissible_pass"":0,""control_adjusted_contrast_pass"":0,""control_specificity_pass"":0,""effect_direction_reproduced_pass"":0,""minimum_effect_pass"":0,""multiplicity_adjusted_threshold_pass"":0,""raw_statistical_threshold_pass"":0,""support_available_pass"":0,""target_contrast_positive_pass"":0}",0.0,0.0
1cce3e5fe7c50070e58676c9,Cp2_vs_Cp3__strict_numeric_all,0262d70dda595cb6cda6,Cp2_vs_Cp3,strict_numeric_all,fl3_entitlement_capped,confirmation,joint_wild_cluster_rademacher,measurement_missingness_concentration,0.5,1.0,6,True,mixed_gate_limited,no_single_gate_rescue_or_dominant_failure_category,multiple,4000,0.997,0.971,"{""control_contamination_limited"":0,""directionality_limited"":0,""effect_limited"":0,""effective_support_limited"":0,""specificity_limited"":0,""statistical_resolution_limited"":0,""structurally_unavailable"":0}","{""control_contamination_limited"":0.7270000000000001,""directionality_limited"":0.1515,""effect_limited"":0.16849999999999998,""effective_support_limited"":1.0,""specificity_limited"":0.5215,""statistical_resolution_limited"":1.0,""structurally_unavailable"":0.016}","{""cluster_uncertainty_pass"":0,""complement_admissible_pass"":0,""control_adjusted_contrast_pass"":0,""control_specificity_pass"":0,""effect_direction_reproduced_pass"":0,""minimum_effect_pass"":0,""multiplicity_adjusted_threshold_pass"":0,""raw_statistical_threshold_pass"":0,""support_available_pass"":0,""target_contrast_positive_pass"":0}",0.0,0.0
1cce3e5fe7c50070e58676c9,Cp2_vs_Cp3__strict_numeric_all,0262d70dda595cb6cda6,Cp2_vs_Cp3,strict_numeric_all,fl3_entitlement_capped,confirmation,joint_wild_cluster_rademacher,measurement_missingness_concentration,0.75,1.0,6,True,mixed_gate_limited,no_single_gate_rescue_or_dominant_failure_category,multiple,4000,0.996,0.9655,"{""control_contamination_limited"":0,""directionality_limited"":0,""effect_limited"":0,""effective_support_limited"":0,""specificity_limited"":0,""statistical_resolution_limited"":0,""structurally_unavailable"":0}","{""control_contamination_limited"":0.7175,""directionality_limited"":0.16875,""effect_limited"":0.17125,""effective_support_limited"":1.0,""specificity_limited"":0.52225,""statistical_resolution_limited"":1.0,""structurally_unavailable"":0.019250000000000003}","{""cluster_uncertainty_pass"":0,""complement_admissible_pass"":0,""control_adjusted_contrast_pass"":0,""control_specificity_pass"":0,""effect_direction_reproduced_pass"":0,""minimum_effect_pass"":0,""multiplicity_adjusted_threshold_pass"":0,""raw_statistical_threshold_pass"":0,""support_available_pass"":0,""target_contrast_positive_pass"":0}",0.0,0.0
1cce3e5fe7c50070e58676c9,Cp2_vs_Cp3__strict_numeric_all,0262d70dda595cb6cda6,Cp2_vs_Cp3,strict_numeric_all,fl3_entitlement_capped,confirmation,joint_wild_cluster_rademacher,measurement_missingness_concentration,1.0,1.0,6,True,mixed_gate_limited,no_single_gate_rescue_or_dominant_failure_category,multiple,4000,0.995,0.9625,"{""control_contamination_limited"":0,""directionality_limited"":0,""effect_limited"":0,""effective_support_limited"":0,""specificity_limited"":0,""statistical_resolution_limited"":0,""structurally_unavailable"":0}","{""control_contamination_limited"":0.70025,""directionality_limited"":0.17425000000000002,""effect_limited"":0.17425000000000002,""effective_support_limited"":1.0,""specificity_limited"":0.5165,""statistical_resolution_limited"":1.0,""structurally_unavailable"":0.021249999999999998}","{""cluster_uncertainty_pass"":0,""complement_admissible_pass"":0,""control_adjusted_contrast_pass"":0,""control_specificity_pass"":0,""effect_direction_reproduced_pass"":0,""minimum_effect_pass"":0,""multiplicity_adjusted_threshold_pass"":0,""raw_statistical_threshold_pass"":0,""support_available_pass"":0,""target_contrast_positive_pass"":0}",0.0,0.0
1cce3e5fe7c50070e58676c9,Cp2_vs_Cp3__strict_numeric_all,0262d70dda595cb6cda6,Cp2_vs_Cp3,strict_numeric_all,fl3_entitlement_capped,confirmation,joint_wild_cluster_rademacher,measurement_missingness_concentration,1.5,1.0,6,True,mixed_gate_limited,no_single_gate_rescue_or_dominant_failure_category,multiple,4000,0.9955,0.96275,"{""control_contamination_limited"":0,""directionality_limited"":0,""effect_limited"":0,""effective_support_limited"":0,""specificity_limited"":0,""statistical_resolution_limited"":0,""structurally_unavailable"":0}","{""control_contamination_limited"":0.69525,""directionality_limited"":0.187,""effect_limited"":0.187,""effective_support_limited"":1.0,""specificity_limited"":0.50975,""statistical_resolution_limited"":1.0,""structurally_unavailable"":0.020875}","{""cluster_uncertainty_pass"":0,""complement_admissible_pass"":0,""control_adjusted_contrast_pass"":0,""control_specificity_pass"":0,""effect_direction_reproduced_pass"":0,""minimum_effect_pass"":0,""multiplicity_adjusted_threshold_pass"":0,""raw_statistical_threshold_pass"":0,""support_available_pass"":0,""target_contrast_positive_pass"":0}",0.0,0.0
1cce3e5fe7c50070e58676c9,Cp2_vs_Cp3__strict_numeric_all,0262d70dda595cb6cda6,Cp2_vs_Cp3,strict_numeric_all,fl3_entitlement_capped,confirmation,joint_wild_cluster_rademacher,measurement_missingness_concentration,2.0,1.0,6,True,mixed_gate_limited,no_single_gate_rescue_or_dominant_failure_category,multiple,4000,0.99475,0.9552499999999999,"{""control_contamination_limited"":0,""directionality_limited"":0,""effect_limited"":0,""effective_support_limited"":0,""specificity_limited"":0,""statistical_resolution_limited"":0,""structurally_unavailable"":0}","{""control_contamination_limited"":0.7442500000000001,""directionality_limited"":0.18524999999999997,""effect_limited"":0.18524999999999997,""effective_support_limited"":1.0,""specificity_limited"":0.53825,""statistical_resolution_limited"":1.0,""structurally_unavailable"":0.025}","{""cluster_uncertainty_pass"":0,""complement_admissible_pass"":0,""control_adjusted_contrast_pass"":0,""control_specificity_pass"":0,""effect_direction_reproduced_pass"":0,""minimum_effect_pass"":0,""multiplicity_adjusted_threshold_pass"":0,""raw_statistical_threshold_pass"":0,""support_available_pass"":0,""target_contrast_positive_pass"":0}",0.0,0.0
1dbc920edffba9363b404b4e,Cp2_vs_Cp3__stability_plus_geometry,3e971f0bc08c8189f389,Cp2_vs_Cp3,stability_plus_geometry,fl3_entitled,confirmation,joint_wild_cluster_rademacher,measurement_missingness_concentration,0.0,0.0,6,True,mixed_gate_limited,no_single_gate_rescue_or_dominant_failure_category,multiple,4000,0.9935,0.9592499999999999,"{""control_contamination_limited"":0,""directionality_limited"":0,""effect_limited"":0,""effective_support_limited"":0,""specificity_limited"":0,""statistical_resolution_limited"":0,""structurally_unavailable"":0}","{""control_contamination_limited"":1.0,""directionality_limited"":1.0,""effect_limited"":1.0,""effective_support_limited"":1.0,""specificity_limited"":1.0,""statistical_resolution_limited"":1.0,""structurally_unavailable"":0.023625}","{""cluster_uncertainty_pass"":0,""complement_admissible_pass"":0,""control_adjusted_contrast_pass"":0,""control_specificity_pass"":0,""effect_direction_reproduced_pass"":0,""minimum_effect_pass"":0,""multiplicity_adjusted_threshold_pass"":0,""raw_statistical_threshold_pass"":0,""support_available_pass"":0,""target_contrast_positive_pass"":0}",0.0,0.0
1dbc920edffba9363b404b4e,Cp2_vs_Cp3__stability_plus_geometry,3e971f0bc08c8189f389,Cp2_vs_Cp3,stability_plus_geometry,fl3_entitled,confirmation,joint_wild_cluster_rademacher,measurement_missingness_concentration,0.25,0.0,6,True,mixed_gate_limited,no_single_gate_rescue_or_dominant_failure_category,multiple,4000,0.9957499999999999,0.9595,"{""control_contamination_limited"":0,""directionality_limited"":0,""effect_limited"":0,""effective_support_limited"":0,""specificity_limited"":0,""statistical_resolution_limited"":0,""structurally_unavailable"":0}","{""control_contamination_limited"":0.22025,""directionality_limited"":0.18724999999999997,""effect_limited"":0.34450000000000003,""effective_support_limited"":1.0,""specificity_limited"":0.18724999999999997,""statistical_resolution_limited"":1.0,""structurally_unavailable"":0.022375}","{""cluster_uncertainty_pass"":0,""complement_admissible_pass"":0,""control_adjusted_contrast_pass"":0,""control_specificity_pass"":0,""effect_direction_reproduced_pass"":0,""minimum_effect_pass"":0,""multiplicity_adjusted_threshold_pass"":0,""raw_statistical_threshold_pass"":0,""support_available_pass"":0,""target_contrast_positive_pass"":0}",0.0,0.0
1dbc920edffba9363b404b4e,Cp2_vs_Cp3__stability_plus_geometry,3e971f0bc08c8189f389,Cp2_vs_Cp3,stability_plus_geometry,fl3_entitled,confirmation,joint_wild_cluster_rademacher,measurement_missingness_concentration,0.5,0.0,6,True,mixed_gate_limited,no_single_gate_rescue_or_dominant_failure_category,multiple,4000,0.9965,0.9685,"{""control_contamination_limited"":0,""directionality_limited"":0,""effect_limited"":0,""effective_support_limited"":0,""specificity_limited"":0,""statistical_resolution_limited"":0,""structurally_unavailable"":0}","{""control_contamination_limited"":0.16875,""directionality_limited"":0.1685,""effect_limited"":0.17875,""effective_support_limited"":1.0,""specificity_limited"":0.1685,""statistical_resolution_limited"":1.0,""structurally_unavailable"":0.0175}","{""cluster_uncertainty_pass"":0,""complement_admissible_pass"":0,""control_adjusted_contrast_pass"":0,""control_specificity_pass"":0,""effect_direction_reproduced_pass"":0,""minimum_effect_pass"":0,""multiplicity_adjusted_threshold_pass"":0,""raw_statistical_threshold_pass"":0,""support_available_pass"":0,""target_contrast_positive_pass"":0}",0.0,0.0
1dbc920edffba9363b404b4e,Cp2_vs_Cp3__stability_plus_geometry,3e971f0bc08c8189f389,Cp2_vs_Cp3,stability_plus_geometry,fl3_entitled,confirmation,joint_wild_cluster_rademacher,measurement_missingness_concentration,0.75,0.0,6,True,mixed_gate_limited,no_single_gate_rescue_or_dominant_failure_category,multiple,4000,0.99275,0.96275,"{""control_contamination_limited"":0,""directionality_limited"":0,""effect_limited"":0,""effective_support_limited"":0,""specificity_limited"":0,""statistical_resolution_limited"":0,""structurally_unavailable"":0}","{""control_contamination_limited"":0.176,""directionality_limited"":0.176,""effect_limited"":0.1765,""effective_support_limited"":1.0,""specificity_limited"":0.176,""statistical_resolution_limited"":1.0,""structurally_unavailable"":0.02225}","{""cluster_uncertainty_pass"":0,""complement_admissible_pass"":0,""control_adjusted_contrast_pass"":0,""control_specificity_pass"":0,""effect_direction_reproduced_pass"":0,""minimum_effect_pass"":0,""multiplicity_adjusted_threshold_pass"":0,""raw_statistical_threshold_pass"":0,""support_available_pass"":0,""target_contrast_positive_pass"":0}",0.0,0.0
1dbc920edffba9363b404b4e,Cp2_vs_Cp3__stability_plus_geometry,3e971f0bc08c8189f389,Cp2_vs_Cp3,stability_plus_geometry,fl3_entitled,confirmation,joint_wild_cluster_rademacher,measurement_missingness_concentration,1.0,0.0,6,True,mixed_gate_limited,no_single_gate_rescue_or_dominant_failure_category,multiple,4000,0.99475,0.957,"{""control_contamination_limited"":0,""directionality_limited"":0,""effect_limited"":0,""effective_support_limited"":0,""specificity_limited"":0,""statistical_resolution_limited"":0,""structurally_unavailable"":0}","{""control_contamination_limited"":0.19974999999999998,""directionality_limited"":0.19974999999999998,""effect_limited"":0.19974999999999998,""effective_support_limited"":1.0,""specificity_limited"":0.19974999999999998,""statistical_resolution_limited"":1.0,""structurally_unavailable"":0.024125}","{""cluster_uncertainty_pass"":0,""complement_admissible_pass"":0,""control_adjusted_contrast_pass"":0,""control_specificity_pass"":0,""effect_direction_reproduced_pass"":0,""minimum_effect_pass"":0,""multiplicity_adjusted_threshold_pass"":0,""raw_statistical_threshold_pass"":0,""support_available_pass"":0,""target_contrast_positive_pass"":0}",0.0,0.0
1dbc920edffba9363b404b4e,Cp2_vs_Cp3__stability_plus_geometry,3e971f0bc08c8189f389,Cp2_vs_Cp3,stability_plus_geometry,fl3_entitled,confirmation,joint_wild_cluster_rademacher,measurement_missingness_concentration,1.5,0.0,6,True,mixed_gate_limited,no_single_gate_rescue_or_dominant_failure_category,multiple,4000,0.993,0.9572499999999999,"{""control_contamination_limited"":0,""directionality_limited"":0,""effect_limited"":0,""effective_support_limited"":0,""specificity_limited"":0,""statistical_resolution_limited"":0,""structurally_unavailable"":0}","{""control_contamination_limited"":0.19024999999999997,""directionality_limited"":0.19024999999999997,""effect_limited"":0.19024999999999997,""effective_support_limited"":1.0,""specificity_limited"":0.19024999999999997,""statistical_resolution_limited"":1.0,""structurally_unavailable"":0.024874999999999998}","{""cluster_uncertainty_pass"":0,""complement_admissible_pass"":0,""control_adjusted_contrast_pass"":0,""control_specificity_pass"":0,""effect_direction_reproduced_pass"":0,""minimum_effect_pass"":0,""multiplicity_adjusted_threshold_pass"":0,""raw_statistical_threshold_pass"":0,""support_available_pass"":0,""target_contrast_positive_pass"":0}",0.0,0.0
1dbc920edffba9363b404b4e,Cp2_vs_Cp3__stability_plus_geometry,3e971f0bc08c8189f389,Cp2_vs_Cp3,stability_plus_geometry,fl3_entitled,confirmation,joint_wild_cluster_rademacher,measurement_missingness_concentration,2.0,0.0,6,True,mixed_gate_limited,no_single_gate_rescue_or_dominant_failure_category,multiple,4000,0.9945,0.9635,"{""control_contamination_limited"":0,""directionality_limited"":0,""effect_limited"":0,""effective_support_limited"":0,""specificity_limited"":0,""statistical_resolution_limited"":0,""structurally_unavailable"":0}","{""control_contamination_limited"":0.16875,""directionality_limited"":0.16875,""effect_limited"":0.16875,""effective_support_limited"":1.0,""specificity_limited"":0.16875,""statistical_resolution_limited"":1.0,""structurally_unavailable"":0.021000000000000005}","{""cluster_uncertainty_pass"":0,""complement_admissible_pass"":0,""control_adjusted_contrast_pass"":0,""control_specificity_pass"":0,""effect_direction_reproduced_pass"":0,""minimum_effect_pass"":0,""multiplicity_adjusted_threshold_pass"":0,""raw_statistical_threshold_pass"":0,""support_available_pass"":0,""target_contrast_positive_pass"":0}",0.0,0.0
1dbc920edffba9363b404b4e,Cp2_vs_Cp3__stability_plus_geometry,3e971f0bc08c8189f389,Cp2_vs_Cp3,stability_plus_geometry,fl3_entitled,confirmation,joint_wild_cluster_rademacher,measurement_missingness_concentration,0.25,0.25,6,True,mixed_gate_limited,no_single_gate_rescue_or_dominant_failure_category,multiple,4000,0.99325,0.96275,"{""control_contamination_limited"":0,""directionality_limited"":0,""effect_limited"":0,""effective_support_limited"":0,""specificity_limited"":0,""statistical_resolution_limited"":0,""structurally_unavailable"":0}","{""control_contamination_limited"":0.31375000000000003,""directionality_limited"":0.18524999999999997,""effect_limited"":0.34375,""effective_support_limited"":1.0,""specificity_limited"":0.21925,""statistical_resolution_limited"":1.0,""structurally_unavailable"":0.022000000000000002}","{""cluster_uncertainty_pass"":0,""complement_admissible_pass"":0,""control_adjusted_contrast_pass"":0,""control_specificity_pass"":0,""effect_direction_reproduced_pass"":0,""minimum_effect_pass"":0,""multiplicity_adjusted_threshold_pass"":0,""raw_statistical_threshold_pass"":0,""support_available_pass"":0,""target_contrast_positive_pass"":0}",0.0,0.0
1dbc920edffba9363b404b4e,Cp2_vs_Cp3__stability_plus_geometry,3e971f0bc08c8189f389,Cp2_vs_Cp3,stability_plus_geometry,fl3_entitled,confirmation,joint_wild_cluster_rademacher,measurement_missingness_concentration,0.5,0.25,6,True,mixed_gate_limited,no_single_gate_rescue_or_dominant_failure_category,multiple,4000,0.9964999999999999,0.9665000000000001,"{""control_contamination_limited"":0,""directionality_limited"":0,""effect_limited"":0,""effective_support_limited"":0,""specificity_limited"":0,""statistical_resolution_limited"":0,""structurally_unavailable"":0}","{""control_contamination_limited"":0.19474999999999998,""directionality_limited"":0.16675,""effect_limited"":0.17450000000000002,""effective_support_limited"":1.0,""specificity_limited"":0.17175,""statistical_resolution_limited"":1.0,""structurally_unavailable"":0.018500000000000003}","{""cluster_uncertainty_pass"":0,""complement_admissible_pass"":0,""control_adjusted_contrast_pass"":0,""control_specificity_pass"":0,""effect_direction_reproduced_pass"":0,""minimum_effect_pass"":0,""multiplicity_adjusted_threshold_pass"":0,""raw_statistical_threshold_pass"":0,""support_available_pass"":0,""target_contrast_positive_pass"":0}",0.0,0.0
1dbc920edffba9363b404b4e,Cp2_vs_Cp3__stability_plus_geometry,3e971f0bc08c8189f389,Cp2_vs_Cp3,stability_plus_geometry,fl3_entitled,confirmation,joint_wild_cluster_rademacher,measurement_missingness_concentration,0.75,0.25,6,True,mixed_gate_limited,no_single_gate_rescue_or_dominant_failure_category,multiple,4000,0.9945,0.96825,"{""control_contamination_limited"":0,""directionality_limited"":0,""effect_limited"":0,""effective_support_limited"":0,""specificity_limited"":0,""statistical_resolution_limited"":0,""structurally_unavailable"":0}","{""control_contamination_limited"":0.1785,""directionality_limited"":0.16975,""effect_limited"":0.16975,""effective_support_limited"":1.0,""specificity_limited"":0.172,""statistical_resolution_limited"":1.0,""structurally_unavailable"":0.018625000000000003}","{""cluster_uncertainty_pass"":0,""complement_admissible_pass"":0,""control_adjusted_contrast_pass"":0,""control_specificity_pass"":0,""effect_direction_reproduced_pass"":0,""minimum_effect_pass"":0,""multiplicity_adjusted_threshold_pass"":0,""raw_statistical_threshold_pass"":0,""support_available_pass"":0,""target_contrast_positive_pass"":0}",0.0,0.0
1dbc920edffba9363b404b4e,Cp2_vs_Cp3__stability_plus_geometry,3e971f0bc08c8189f389,Cp2_vs_Cp3,stability_plus_geometry,fl3_entitled,confirmation,joint_wild_cluster_rademacher,measurement_missingness_concentration,1.0,0.25,6,True,mixed_gate_limited,no_single_gate_rescue_or_dominant_failure_category,multiple,4000,0.995,0.96225,"{""control_contamination_limited"":0,""directionality_limited"":0,""effect_limited"":0,""effective_support_limited"":0,""specificity_limited"":0,""statistical_resolution_limited"":0,""structurally_unavailable"":0}","{""control_contamination_limited"":0.178,""directionality_limited"":0.1755,""effect_limited"":0.1755,""effective_support_limited"":1.0,""specificity_limited"":0.1765,""statistical_resolution_limited"":1.0,""structurally_unavailable"":0.021374999999999998}","{""cluster_uncertainty_pass"":0,""complement_admissible_pass"":0,""control_adjusted_contrast_pass"":0,""control_specificity_pass"":0,""effect_direction_reproduced_pass"":0,""minimum_effect_pass"":0,""multiplicity_adjusted_threshold_pass"":0,""raw_statistical_threshold_pass"":0,""support_available_pass"":0,""target_contrast_positive_pass"":0}",0.0,0.0
1dbc920edffba9363b404b4e,Cp2_vs_Cp3__stability_plus_geometry,3e971f0bc08c8189f389,Cp2_vs_Cp3,stability_plus_geometry,fl3_entitled,confirmation,joint_wild_cluster_rademacher,measurement_missingness_concentration,1.5,0.25,6,True,mixed_gate_limited,no_single_gate_rescue_or_dominant_failure_category,multiple,4000,0.99375,0.961,"{""control_contamination_limited"":0,""directionality_limited"":0,""effect_limited"":0,""effective_support_limited"":0,""specificity_limited"":0,""statistical_resolution_limited"":0,""structurally_unavailable"":0}","{""control_contamination_limited"":0.1815,""directionality_limited"":0.18025000000000002,""effect_limited"":0.18025000000000002,""effective_support_limited"":1.0,""specificity_limited"":0.18075000000000002,""statistical_resolution_limited"":1.0,""structurally_unavailable"":0.022625}","{""cluster_uncertainty_pass"":0,""complement_admissible_pass"":0,""control_adjusted_contrast_pass"":0,""control_specificity_pass"":0,""effect_direction_reproduced_pass"":0,""minimum_effect_pass"":0,""multiplicity_adjusted_threshold_pass"":0,""raw_statistical_threshold_pass"":0,""support_available_pass"":0,""target_contrast_positive_pass"":0}",0.0,0.0
1dbc920edffba9363b404b4e,Cp2_vs_Cp3__stability_plus_geometry,3e971f0bc08c8189f389,Cp2_vs_Cp3,stability_plus_geometry,fl3_entitled,confirmation,joint_wild_cluster_rademacher,measurement_missingness_concentration,2.0,0.25,6,True,mixed_gate_limited,no_single_gate_rescue_or_dominant_failure_category,multiple,4000,0.992,0.95675,"{""control_contamination_limited"":0,""directionality_limited"":0,""effect_limited"":0,""effective_support_limited"":0,""specificity_limited"":0,""statistical_resolution_limited"":0,""structurally_unavailable"":0}","{""control_contamination_limited"":0.1725,""directionality_limited"":0.17175,""effect_limited"":0.17175,""effective_support_limited"":1.0,""specificity_limited"":0.17175,""statistical_resolution_limited"":1.0,""structurally_unavailable"":0.025625}","{""cluster_uncertainty_pass"":0,""complement_admissible_pass"":0,""control_adjusted_contrast_pass"":0,""control_specificity_pass"":0,""effect_direction_reproduced_pass"":0,""minimum_effect_pass"":0,""multiplicity_adjusted_threshold_pass"":0,""raw_statistical_threshold_pass"":0,""support_available_pass"":0,""target_contrast_positive_pass"":0}",0.0,0.0
1dbc920edffba9363b404b4e,Cp2_vs_Cp3__stability_plus_geometry,3e971f0bc08c8189f389,Cp2_vs_Cp3,stability_plus_geometry,fl3_entitled,confirmation,joint_wild_cluster_rademacher,measurement_missingness_concentration,0.25,0.5,6,True,mixed_gate_limited,no_single_gate_rescue_or_dominant_failure_category,multiple,4000,0.9944999999999999,0.9655,"{""control_contamination_limited"":0,""directionality_limited"":0,""effect_limited"":0,""effective_support_limited"":0,""specificity_limited"":0,""statistical_resolution_limited"":0,""structurally_unavailable"":0}","{""control_contamination_limited"":0.4775,""directionality_limited"":0.1945,""effect_limited"":0.34400000000000003,""effective_support_limited"":1.0,""specificity_limited"":0.30075,""statistical_resolution_limited"":1.0,""structurally_unavailable"":0.020000000000000004}","{""cluster_uncertainty_pass"":0,""complement_admissible_pass"":0,""control_adjusted_contrast_pass"":0,""control_specificity_pass"":0,""effect_direction_reproduced_pass"":0,""minimum_effect_pass"":0,""multiplicity_adjusted_threshold_pass"":0,""raw_statistical_threshold_pass"":0,""support_available_pass"":0,""target_contrast_positive_pass"":0}",0.0,0.0
1dbc920edffba9363b404b4e,Cp2_vs_Cp3__stability_plus_geometry,3e971f0bc08c8189f389,Cp2_vs_Cp3,stability_plus_geometry,fl3_entitled,confirmation,joint_wild_cluster_rademacher,measurement_missingness_concentration,0.5,0.5,6,True,mixed_gate_limited,no_single_gate_rescue_or_dominant_failure_category,multiple,4000,0.99525,0.96675,"{""control_contamination_limited"":0,""directionality_limited"":0,""effect_limited"":0,""effective_support_limited"":0,""specificity_limited"":0,""statistical_resolution_limited"":0,""structurally_unavailable"":0}","{""control_contamination_limited"":0.33075,""directionality_limited"":0.17675,""effect_limited"":0.1885,""effective_support_limited"":1.0,""specificity_limited"":0.23149999999999998,""statistical_resolution_limited"":1.0,""structurally_unavailable"":0.019}","{""cluster_uncertainty_pass"":0,""complement_admissible_pass"":0,""control_adjusted_contrast_pass"":0,""control_specificity_pass"":0,""effect_direction_reproduced_pass"":0,""minimum_effect_pass"":0,""multiplicity_adjusted_threshold_pass"":0,""raw_statistical_threshold_pass"":0,""support_available_pass"":0,""target_contrast_positive_pass"":0}",0.0,0.0
1dbc920edffba9363b404b4e,Cp2_vs_Cp3__stability_plus_geometry,3e971f0bc08c8189f389,Cp2_vs_Cp3,stability_plus_geometry,fl3_entitled,confirmation,joint_wild_cluster_rademacher,measurement_missingness_concentration,0.75,0.5,6,True,mixed_gate_limited,no_single_gate_rescue_or_dominant_failure_category,multiple,4000,0.9964999999999999,0.9640000000000001,"{""control_contamination_limited"":0,""directionality_limited"":0,""effect_limited"":0,""effective_support_limited"":0,""specificity_limited"":0,""statistical_resolution_limited"":0,""structurally_unavailable"":0}","{""control_contamination_limited"":0.27549999999999997,""directionality_limited"":0.17525000000000002,""effect_limited"":0.176,""effective_support_limited"":1.0,""specificity_limited"":0.21825,""statistical_resolution_limited"":1.0,""structurally_unavailable"":0.01975}","{""cluster_uncertainty_pass"":0,""complement_admissible_pass"":0,""control_adjusted_contrast_pass"":0,""control_specificity_pass"":0,""effect_direction_reproduced_pass"":0,""minimum_effect_pass"":0,""multiplicity_adjusted_threshold_pass"":0,""raw_statistical_threshold_pass"":0,""support_available_pass"":0,""target_contrast_positive_pass"":0}",0.0,0.0
1dbc920edffba9363b404b4e,Cp2_vs_Cp3__stability_plus_geometry,3e971f0bc08c8189f389,Cp2_vs_Cp3,stability_plus_geometry,fl3_entitled,confirmation,joint_wild_cluster_rademacher,measurement_missingness_concentration,1.0,0.5,6,True,mixed_gate_limited,no_single_gate_rescue_or_dominant_failure_category,multiple,4000,0.99575,0.9605,"{""control_contamination_limited"":0,""directionality_limited"":0,""effect_limited"":0,""effective_support_limited"":0,""specificity_limited"":0,""statistical_resolution_limited"":0,""structurally_unavailable"":0}","{""control_contamination_limited"":0.22475,""directionality_limited"":0.16475,""effect_limited"":0.16475,""effective_support_limited"":1.0,""specificity_limited"":0.187,""statistical_resolution_limited"":1.0,""structurally_unavailable"":0.021875000000000002}","{""cluster_uncertainty_pass"":0,""complement_admissible_pass"":0,""control_adjusted_contrast_pass"":0,""control_specificity_pass"":0,""effect_direction_reproduced_pass"":0,""minimum_effect_pass"":0,""multiplicity_adjusted_threshold_pass"":0,""raw_statistical_threshold_pass"":0,""support_available_pass"":0,""target_contrast_positive_pass"":0}",0.0,0.0
1dbc920edffba9363b404b4e,Cp2_vs_Cp3__stability_plus_geometry,3e971f0bc08c8189f389,Cp2_vs_Cp3,stability_plus_geometry,fl3_entitled,confirmation,joint_wild_cluster_rademacher,measurement_missingness_concentration,1.5,0.5,6,True,mixed_gate_limited,no_single_gate_rescue_or_dominant_failure_category,multiple,4000,0.9935,0.9644999999999999,"{""control_contamination_limited"":0,""directionality_limited"":0,""effect_limited"":0,""effective_support_limited"":0,""specificity_limited"":0,""statistical_resolution_limited"":0,""structurally_unavailable"":0}","{""control_contamination_limited"":0.20625,""directionality_limited"":0.162,""effect_limited"":0.162,""effective_support_limited"":1.0,""specificity_limited"":0.1755,""statistical_resolution_limited"":1.0,""structurally_unavailable"":0.020999999999999998}","{""cluster_uncertainty_pass"":0,""complement_admissible_pass"":0,""control_adjusted_contrast_pass"":0,""control_specificity_pass"":0,""effect_direction_reproduced_pass"":0,""minimum_effect_pass"":0,""multiplicity_adjusted_threshold_pass"":0,""raw_statistical_threshold_pass"":0,""support_available_pass"":0,""target_contrast_positive_pass"":0}",0.0,0.0
1dbc920edffba9363b404b4e,Cp2_vs_Cp3__stability_plus_geometry,3e971f0bc08c8189f389,Cp2_vs_Cp3,stability_plus_geometry,fl3_entitled,confirmation,joint_wild_cluster_rademacher,measurement_missingness_concentration,2.0,0.5,6,True,mixed_gate_limited,no_single_gate_rescue_or_dominant_failure_category,multiple,4000,0.9965,0.9644999999999999,"{""control_contamination_limited"":0,""directionality_limited"":0,""effect_limited"":0,""effective_support_limited"":0,""specificity_limited"":0,""statistical_resolution_limited"":0,""structurally_unavailable"":0}","{""control_contamination_limited"":0.20375,""directionality_limited"":0.17325000000000002,""effect_limited"":0.17325000000000002,""effective_support_limited"":1.0,""specificity_limited"":0.18399999999999997,""statistical_resolution_limited"":1.0,""structurally_unavailable"":0.0195}","{""cluster_uncertainty_pass"":0,""complement_admissible_pass"":0,""control_adjusted_contrast_pass"":0,""control_specificity_pass"":0,""effect_direction_reproduced_pass"":0,""minimum_effect_pass"":0,""multiplicity_adjusted_threshold_pass"":0,""raw_statistical_threshold_pass"":0,""support_available_pass"":0,""target_contrast_positive_pass"":0}",0.0,0.0
1dbc920edffba9363b404b4e,Cp2_vs_Cp3__stability_plus_geometry,3e971f0bc08c8189f389,Cp2_vs_Cp3,stability_plus_geometry,fl3_entitled,confirmation,joint_wild_cluster_rademacher,measurement_missingness_concentration,0.25,1.0,6,True,mixed_gate_limited,no_single_gate_rescue_or_dominant_failure_category,multiple,4000,0.993,0.96,"{""control_contamination_limited"":0,""directionality_limited"":0,""effect_limited"":0,""effective_support_limited"":0,""specificity_limited"":0,""statistical_resolution_limited"":0,""structurally_unavailable"":0}","{""control_contamination_limited"":0.78025,""directionality_limited"":0.18924999999999997,""effect_limited"":0.35300000000000004,""effective_support_limited"":1.0,""specificity_limited"":0.555,""statistical_resolution_limited"":1.0,""structurally_unavailable"":0.0235}","{""cluster_uncertainty_pass"":0,""complement_admissible_pass"":0,""control_adjusted_contrast_pass"":0,""control_specificity_pass"":0,""effect_direction_reproduced_pass"":0,""minimum_effect_pass"":0,""multiplicity_adjusted_threshold_pass"":0,""raw_statistical_threshold_pass"":0,""support_available_pass"":0,""target_contrast_positive_pass"":0}",0.0,0.0
1dbc920edffba9363b404b4e,Cp2_vs_Cp3__stability_plus_geometry,3e971f0bc08c8189f389,Cp2_vs_Cp3,stability_plus_geometry,fl3_entitled,confirmation,joint_wild_cluster_rademacher,measurement_missingness_concentration,0.5,1.0,6,True,mixed_gate_limited,no_single_gate_rescue_or_dominant_failure_category,multiple,4000,0.99575,0.96275,"{""control_contamination_limited"":0,""directionality_limited"":0,""effect_limited"":0,""effective_support_limited"":0,""specificity_limited"":0,""statistical_resolution_limited"":0,""structurally_unavailable"":0}","{""control_contamination_limited"":0.7497499999999999,""directionality_limited"":0.17825000000000002,""effect_limited"":0.187,""effective_support_limited"":1.0,""specificity_limited"":0.5345000000000001,""statistical_resolution_limited"":1.0,""structurally_unavailable"":0.020749999999999998}","{""cluster_uncertainty_pass"":0,""complement_admissible_pass"":0,""control_adjusted_contrast_pass"":0,""control_specificity_pass"":0,""effect_direction_reproduced_pass"":0,""minimum_effect_pass"":0,""multiplicity_adjusted_threshold_pass"":0,""raw_statistical_threshold_pass"":0,""support_available_pass"":0,""target_contrast_positive_pass"":0}",0.0,0.0
1dbc920edffba9363b404b4e,Cp2_vs_Cp3__stability_plus_geometry,3e971f0bc08c8189f389,Cp2_vs_Cp3,stability_plus_geometry,fl3_entitled,confirmation,joint_wild_cluster_rademacher,measurement_missingness_concentration,0.75,1.0,6,True,mixed_gate_limited,no_single_gate_rescue_or_dominant_failure_category,multiple,4000,0.99525,0.9622499999999999,"{""control_contamination_limited"":0,""directionality_limited"":0,""effect_limited"":0,""effective_support_limited"":0,""specificity_limited"":0,""statistical_resolution_limited"":0,""structurally_unavailable"":0}","{""control_contamination_limited"":0.718,""directionality_limited"":0.17175,""effect_limited"":0.17175,""effective_support_limited"":1.0,""specificity_limited"":0.52525,""statistical_resolution_limited"":1.0,""structurally_unavailable"":0.021249999999999998}","{""cluster_uncertainty_pass"":0,""complement_admissible_pass"":0,""control_adjusted_contrast_pass"":0,""control_specificity_pass"":0,""effect_direction_reproduced_pass"":0,""minimum_effect_pass"":0,""multiplicity_adjusted_threshold_pass"":0,""raw_statistical_threshold_pass"":0,""support_available_pass"":0,""target_contrast_positive_pass"":0}",0.0,0.0
1dbc920edffba9363b404b4e,Cp2_vs_Cp3__stability_plus_geometry,3e971f0bc08c8189f389,Cp2_vs_Cp3,stability_plus_geometry,fl3_entitled,confirmation,joint_wild_cluster_rademacher,measurement_missingness_concentration,1.0,1.0,6,True,mixed_gate_limited,no_single_gate_rescue_or_dominant_failure_category,multiple,4000,0.99125,0.9605,"{""control_contamination_limited"":0,""directionality_limited"":0,""effect_limited"":0,""effective_support_limited"":0,""specificity_limited"":0,""statistical_resolution_limited"":0,""structurally_unavailable"":0}","{""control_contamination_limited"":0.7354999999999999,""directionality_limited"":0.1765,""effect_limited"":0.1765,""effective_support_limited"":1.0,""specificity_limited"":0.5235,""statistical_resolution_limited"":1.0,""structurally_unavailable"":0.024124999999999997}","{""cluster_uncertainty_pass"":0,""complement_admissible_pass"":0,""control_adjusted_contrast_pass"":0,""control_specificity_pass"":0,""effect_direction_reproduced_pass"":0,""minimum_effect_pass"":0,""multiplicity_adjusted_threshold_pass"":0,""raw_statistical_threshold_pass"":0,""support_available_pass"":0,""target_contrast_positive_pass"":0}",0.0,0.0
1dbc920edffba9363b404b4e,Cp2_vs_Cp3__stability_plus_geometry,3e971f0bc08c8189f389,Cp2_vs_Cp3,stability_plus_geometry,fl3_entitled,confirmation,joint_wild_cluster_rademacher,measurement_missingness_concentration,1.5,1.0,6,True,mixed_gate_limited,no_single_gate_rescue_or_dominant_failure_category,multiple,4000,0.99125,0.957,"{""control_contamination_limited"":0,""directionality_limited"":0,""effect_limited"":0,""effective_support_limited"":0,""specificity_limited"":0,""statistical_resolution_limited"":0,""structurally_unavailable"":0}","{""control_contamination_limited"":0.72375,""directionality_limited"":0.18674999999999997,""effect_limited"":0.18674999999999997,""effective_support_limited"":1.0,""specificity_limited"":0.5387500000000001,""statistical_resolution_limited"":1.0,""structurally_unavailable"":0.025875}","{""cluster_uncertainty_pass"":0,""complement_admissible_pass"":0,""control_adjusted_contrast_pass"":0,""control_specificity_pass"":0,""effect_direction_reproduced_pass"":0,""minimum_effect_pass"":0,""multiplicity_adjusted_threshold_pass"":0,""raw_statistical_threshold_pass"":0,""support_available_pass"":0,""target_contrast_positive_pass"":0}",0.0,0.0
1dbc920edffba9363b404b4e,Cp2_vs_Cp3__stability_plus_geometry,3e971f0bc08c8189f389,Cp2_vs_Cp3,stability_plus_geometry,fl3_entitled,confirmation,joint_wild_cluster_rademacher,measurement_missingness_concentration,2.0,1.0,6,True,mixed_gate_limited,no_single_gate_rescue_or_dominant_failure_category,multiple,4000,0.99625,0.966,"{""control_contamination_limited"":0,""directionality_limited"":0,""effect_limited"":0,""effective_support_limited"":0,""specificity_limited"":0,""statistical_resolution_limited"":0,""structurally_unavailable"":0}","{""control_contamination_limited"":0.75525,""directionality_limited"":0.17475000000000002,""effect_limited"":0.17475000000000002,""effective_support_limited"":1.0,""specificity_limited"":0.5462499999999999,""statistical_resolution_limited"":1.0,""structurally_unavailable"":0.018875000000000003}","{""cluster_uncertainty_pass"":0,""complement_admissible_pass"":0,""control_adjusted_contrast_pass"":0,""control_specificity_pass"":0,""effect_direction_reproduced_pass"":0,""minimum_effect_pass"":0,""multiplicity_adjusted_threshold_pass"":0,""raw_statistical_threshold_pass"":0,""support_available_pass"":0,""target_contrast_positive_pass"":0}",0.0,0.0
bfa569fbae807b7f50c3389f,C_vs_Cp2__stability_core_3,c683c10822cc59ae7587,C_vs_Cp2,stability_core_3,fl3_entitled,confirmation,joint_wild_cluster_rademacher,measurement_missingness_concentration,0.0,0.0,6,True,mixed_gate_limited,no_single_gate_rescue_or_dominant_failure_category,multiple,4000,1.0,1.0,"{""control_contamination_limited"":0,""directionality_limited"":0,""effect_limited"":0,""effective_support_limited"":0,""specificity_limited"":0,""statistical_resolution_limited"":0,""structurally_unavailable"":0}","{""control_contamination_limited"":1.0,""directionality_limited"":1.0,""effect_limited"":1.0,""effective_support_limited"":1.0,""specificity_limited"":1.0,""statistical_resolution_limited"":1.0,""structurally_unavailable"":0.0}","{""cluster_uncertainty_pass"":0,""complement_admissible_pass"":0,""control_adjusted_contrast_pass"":0,""control_specificity_pass"":0,""effect_direction_reproduced_pass"":0,""minimum_effect_pass"":0,""multiplicity_adjusted_threshold_pass"":0,""raw_statistical_threshold_pass"":0,""support_available_pass"":0,""target_contrast_positive_pass"":0}",0.0,0.0
d10b3aec4edc47fefb2bd92f,C_vs_Cp3__geometry_scores_only,8eb760d133ac749e3327,C_vs_Cp3,geometry_scores_only,fl3_entitlement_capped,confirmation,joint_wild_cluster_rademacher,measurement_missingness_concentration,0.0,0.0,6,True,mixed_gate_limited,no_single_gate_rescue_or_dominant_failure_category,multiple,4000,1.0,0.99875,"{""control_contamination_limited"":0,""directionality_limited"":0,""effect_limited"":0,""effective_support_limited"":0,""specificity_limited"":0,""statistical_resolution_limited"":0,""structurally_unavailable"":0}","{""control_contamination_limited"":1.0,""directionality_limited"":1.0,""effect_limited"":1.0,""effective_support_limited"":1.0,""specificity_limited"":1.0,""statistical_resolution_limited"":1.0,""structurally_unavailable"":0.000625}","{""cluster_uncertainty_pass"":0,""complement_admissible_pass"":0,""control_adjusted_contrast_pass"":0,""control_specificity_pass"":0,""effect_direction_reproduced_pass"":0,""minimum_effect_pass"":0,""multiplicity_adjusted_threshold_pass"":0,""raw_statistical_threshold_pass"":0,""support_available_pass"":0,""target_contrast_positive_pass"":0}",0.0,0.0
fe17c18b39eb86c6e9f982bd,C_vs_Cp3__path_shares_only,28ecf7e42b861405b6b3,C_vs_Cp3,path_shares_only,fl3_entitled,confirmation,joint_wild_cluster_rademacher,measurement_missingness_concentration,0.0,0.0,6,True,mixed_gate_limited,no_single_gate_rescue_or_dominant_failure_category,multiple,4000,1.0,0.9995,"{""control_contamination_limited"":0,""directionality_limited"":0,""effect_limited"":0,""effective_support_limited"":0,""specificity_limited"":0,""statistical_resolution_limited"":0,""structurally_unavailable"":0}","{""control_contamination_limited"":1.0,""directionality_limited"":1.0,""effect_limited"":1.0,""effective_support_limited"":1.0,""specificity_limited"":1.0,""statistical_resolution_limited"":1.0,""structurally_unavailable"":0.00025}","{""cluster_uncertainty_pass"":0,""complement_admissible_pass"":0,""control_adjusted_contrast_pass"":0,""control_specificity_pass"":0,""effect_direction_reproduced_pass"":0,""minimum_effect_pass"":0,""multiplicity_adjusted_threshold_pass"":0,""raw_statistical_threshold_pass"":0,""support_available_pass"":0,""target_contrast_positive_pass"":0}",0.0,0.0
03ef63db7584762143dc3914,three_way__no_window,114bd7932e0008f8ef79,three_way,no_window,fl3_entitlement_capped,discovery,joint_gaussian_regularized_cluster,measurement_missingness_concentration,0.0,0.0,6,True,mixed_gate_limited,no_single_gate_rescue_or_dominant_failure_category,multiple,4000,1.0,0.999,"{""control_contamination_limited"":0,""directionality_limited"":0,""effect_limited"":0,""effective_support_limited"":0,""specificity_limited"":0,""statistical_resolution_limited"":0,""structurally_unavailable"":0}","{""control_contamination_limited"":1.0,""directionality_limited"":1.0,""effect_limited"":1.0,""effective_support_limited"":1.0,""specificity_limited"":1.0,""statistical_resolution_limited"":1.0,""structurally_unavailable"":0.0005}","{""cluster_uncertainty_pass"":0,""complement_admissible_pass"":0,""control_adjusted_contrast_pass"":0,""control_specificity_pass"":0,""effect_direction_reproduced_pass"":0,""minimum_effect_pass"":0,""multiplicity_adjusted_threshold_pass"":0,""raw_statistical_threshold_pass"":0,""support_available_pass"":0,""target_contrast_positive_pass"":0}",0.0,0.0
1cce3e5fe7c50070e58676c9,Cp2_vs_Cp3__strict_numeric_all,0262d70dda595cb6cda6,Cp2_vs_Cp3,strict_numeric_all,fl3_entitlement_capped,discovery,joint_gaussian_regularized_cluster,measurement_missingness_concentration,0.0,0.0,6,True,mixed_gate_limited,no_single_gate_rescue_or_dominant_failure_category,multiple,4000,1.0,0.99375,"{""control_contamination_limited"":0,""directionality_limited"":0,""effect_limited"":0,""effective_support_limited"":0,""specificity_limited"":0,""statistical_resolution_limited"":0,""structurally_unavailable"":0}","{""control_contamination_limited"":1.0,""directionality_limited"":1.0,""effect_limited"":1.0,""effective_support_limited"":1.0,""specificity_limited"":1.0,""statistical_resolution_limited"":1.0,""structurally_unavailable"":0.0031249999999999997}","{""cluster_uncertainty_pass"":0,""complement_admissible_pass"":0,""control_adjusted_contrast_pass"":0,""control_specificity_pass"":0,""effect_direction_reproduced_pass"":0,""minimum_effect_pass"":0,""multiplicity_adjusted_threshold_pass"":0,""raw_statistical_threshold_pass"":0,""support_available_pass"":0,""target_contrast_positive_pass"":0}",0.0,0.0
1dbc920edffba9363b404b4e,Cp2_vs_Cp3__stability_plus_geometry,3e971f0bc08c8189f389,Cp2_vs_Cp3,stability_plus_geometry,fl3_entitled,discovery,joint_gaussian_regularized_cluster,measurement_missingness_concentration,0.0,0.0,6,True,mixed_gate_limited,no_single_gate_rescue_or_dominant_failure_category,multiple,4000,0.99975,0.9984999999999999,"{""control_contamination_limited"":0,""directionality_limited"":0,""effect_limited"":0,""effective_support_limited"":0,""specificity_limited"":0,""statistical_resolution_limited"":0,""structurally_unavailable"":0}","{""control_contamination_limited"":1.0,""directionality_limited"":1.0,""effect_limited"":1.0,""effective_support_limited"":1.0,""specificity_limited"":1.0,""statistical_resolution_limited"":1.0,""structurally_unavailable"":0.000875}","{""cluster_uncertainty_pass"":0,""complement_admissible_pass"":0,""control_adjusted_contrast_pass"":0,""control_specificity_pass"":0,""effect_direction_reproduced_pass"":0,""minimum_effect_pass"":0,""multiplicity_adjusted_threshold_pass"":0,""raw_statistical_threshold_pass"":0,""support_available_pass"":0,""target_contrast_positive_pass"":0}",0.0,0.0
1dbc920edffba9363b404b4e,Cp2_vs_Cp3__stability_plus_geometry,3e971f0bc08c8189f389,Cp2_vs_Cp3,stability_plus_geometry,fl3_entitled,discovery,joint_gaussian_regularized_cluster,measurement_missingness_concentration,0.25,0.0,6,True,mixed_gate_limited,no_single_gate_rescue_or_dominant_failure_category,multiple,4000,1.0,0.998,"{""control_contamination_limited"":0,""directionality_limited"":0,""effect_limited"":0,""effective_support_limited"":0,""specificity_limited"":0,""statistical_resolution_limited"":0,""structurally_unavailable"":0}","{""control_contamination_limited"":0.12225,""directionality_limited"":0.09975,""effect_limited"":0.2295,""effective_support_limited"":1.0,""specificity_limited"":0.09975,""statistical_resolution_limited"":1.0,""structurally_unavailable"":0.001}","{""cluster_uncertainty_pass"":0,""complement_admissible_pass"":0,""control_adjusted_contrast_pass"":0,""control_specificity_pass"":0,""effect_direction_reproduced_pass"":0,""minimum_effect_pass"":0,""multiplicity_adjusted_threshold_pass"":0,""raw_statistical_threshold_pass"":0,""support_available_pass"":0,""target_contrast_positive_pass"":0}",0.0,0.0
1dbc920edffba9363b404b4e,Cp2_vs_Cp3__stability_plus_geometry,3e971f0bc08c8189f389,Cp2_vs_Cp3,stability_plus_geometry,fl3_entitled,discovery,joint_gaussian_regularized_cluster,measurement_missingness_concentration,0.5,0.0,6,True,mixed_gate_limited,no_single_gate_rescue_or_dominant_failure_category,multiple,4000,1.0,0.9984999999999999,"{""control_contamination_limited"":0,""directionality_limited"":0,""effect_limited"":0,""effective_support_limited"":0,""specificity_limited"":0,""statistical_resolution_limited"":0,""structurally_unavailable"":0}","{""control_contamination_limited"":0.10999999999999999,""directionality_limited"":0.10974999999999999,""effect_limited"":0.11599999999999999,""effective_support_limited"":1.0,""specificity_limited"":0.10974999999999999,""statistical_resolution_limited"":1.0,""structurally_unavailable"":0.00075}","{""cluster_uncertainty_pass"":0,""complement_admissible_pass"":0,""control_adjusted_contrast_pass"":0,""control_specificity_pass"":0,""effect_direction_reproduced_pass"":0,""minimum_effect_pass"":0,""multiplicity_adjusted_threshold_pass"":0,""raw_statistical_threshold_pass"":0,""support_available_pass"":0,""target_contrast_positive_pass"":0}",0.0,0.0
1dbc920edffba9363b404b4e,Cp2_vs_Cp3__stability_plus_geometry,3e971f0bc08c8189f389,Cp2_vs_Cp3,stability_plus_geometry,fl3_entitled,discovery,joint_gaussian_regularized_cluster,measurement_missingness_concentration,0.75,0.0,6,True,mixed_gate_limited,no_single_gate_rescue_or_dominant_failure_category,multiple,4000,0.9995,0.998,"{""control_contamination_limited"":0,""directionality_limited"":0,""effect_limited"":0,""effective_support_limited"":0,""specificity_limited"":0,""statistical_resolution_limited"":0,""structurally_unavailable"":0}","{""control_contamination_limited"":0.0995,""directionality_limited"":0.0995,""effect_limited"":0.09975,""effective_support_limited"":1.0,""specificity_limited"":0.0995,""statistical_resolution_limited"":1.0,""structurally_unavailable"":0.00125}","{""cluster_uncertainty_pass"":0,""complement_admissible_pass"":0,""control_adjusted_contrast_pass"":0,""control_specificity_pass"":0,""effect_direction_reproduced_pass"":0,""minimum_effect_pass"":0,""multiplicity_adjusted_threshold_pass"":0,""raw_statistical_threshold_pass"":0,""support_available_pass"":0,""target_contrast_positive_pass"":0}",0.0,0.0
1dbc920edffba9363b404b4e,Cp2_vs_Cp3__stability_plus_geometry,3e971f0bc08c8189f389,Cp2_vs_Cp3,stability_plus_geometry,fl3_entitled,discovery,joint_gaussian_regularized_cluster,measurement_missingness_concentration,1.0,0.0,6,True,mixed_gate_limited,no_single_gate_rescue_or_dominant_failure_category,multiple,4000,0.99975,0.9984999999999999,"{""control_contamination_limited"":0,""directionality_limited"":0,""effect_limited"":0,""effective_support_limited"":0,""specificity_limited"":0,""statistical_resolution_limited"":0,""structurally_unavailable"":0}","{""control_contamination_limited"":0.0965,""directionality_limited"":0.0965,""effect_limited"":0.0965,""effective_support_limited"":1.0,""specificity_limited"":0.0965,""statistical_resolution_limited"":1.0,""structurally_unavailable"":0.000875}","{""cluster_uncertainty_pass"":0,""complement_admissible_pass"":0,""control_adjusted_contrast_pass"":0,""control_specificity_pass"":0,""effect_direction_reproduced_pass"":0,""minimum_effect_pass"":0,""multiplicity_adjusted_threshold_pass"":0,""raw_statistical_threshold_pass"":0,""support_available_pass"":0,""target_contrast_positive_pass"":0}",0.0,0.0
1dbc920edffba9363b404b4e,Cp2_vs_Cp3__stability_plus_geometry,3e971f0bc08c8189f389,Cp2_vs_Cp3,stability_plus_geometry,fl3_entitled,discovery,joint_gaussian_regularized_cluster,measurement_missingness_concentration,1.5,0.0,6,True,mixed_gate_limited,no_single_gate_rescue_or_dominant_failure_category,multiple,4000,1.0,0.999,"{""control_contamination_limited"":0,""directionality_limited"":0,""effect_limited"":0,""effective_support_limited"":0,""specificity_limited"":0,""statistical_resolution_limited"":0,""structurally_unavailable"":0}","{""control_contamination_limited"":0.09849999999999999,""directionality_limited"":0.0985,""effect_limited"":0.09849999999999999,""effective_support_limited"":1.0,""specificity_limited"":0.09849999999999999,""statistical_resolution_limited"":1.0,""structurally_unavailable"":0.0005}","{""cluster_uncertainty_pass"":0,""complement_admissible_pass"":0,""control_adjusted_contrast_pass"":0,""control_specificity_pass"":0,""effect_direction_reproduced_pass"":0,""minimum_effect_pass"":0,""multiplicity_adjusted_threshold_pass"":0,""raw_statistical_threshold_pass"":0,""support_available_pass"":0,""target_contrast_positive_pass"":0}",0.0,0.0
1dbc920edffba9363b404b4e,Cp2_vs_Cp3__stability_plus_geometry,3e971f0bc08c8189f389,Cp2_vs_Cp3,stability_plus_geometry,fl3_entitled,discovery,joint_gaussian_regularized_cluster,measurement_missingness_concentration,2.0,0.0,6,True,mixed_gate_limited,no_single_gate_rescue_or_dominant_failure_category,multiple,4000,0.99975,0.999,"{""control_contamination_limited"":0,""directionality_limited"":0,""effect_limited"":0,""effective_support_limited"":0,""specificity_limited"":0,""statistical_resolution_limited"":0,""structurally_unavailable"":0}","{""control_contamination_limited"":0.09925,""directionality_limited"":0.09925,""effect_limited"":0.09925,""effective_support_limited"":1.0,""specificity_limited"":0.09925,""statistical_resolution_limited"":1.0,""structurally_unavailable"":0.000625}","{""cluster_uncertainty_pass"":0,""complement_admissible_pass"":0,""control_adjusted_contrast_pass"":0,""control_specificity_pass"":0,""effect_direction_reproduced_pass"":0,""minimum_effect_pass"":0,""multiplicity_adjusted_threshold_pass"":0,""raw_statistical_threshold_pass"":0,""support_available_pass"":0,""target_contrast_positive_pass"":0}",0.0,0.0
1dbc920edffba9363b404b4e,Cp2_vs_Cp3__stability_plus_geometry,3e971f0bc08c8189f389,Cp2_vs_Cp3,stability_plus_geometry,fl3_entitled,discovery,joint_gaussian_regularized_cluster,measurement_missingness_concentration,0.25,0.25,6,True,mixed_gate_limited,no_single_gate_rescue_or_dominant_failure_category,multiple,4000,1.0,0.99925,"{""control_contamination_limited"":0,""directionality_limited"":0,""effect_limited"":0,""effective_support_limited"":0,""specificity_limited"":0,""statistical_resolution_limited"":0,""structurally_unavailable"":0}","{""control_contamination_limited"":0.21125,""directionality_limited"":0.08850000000000001,""effect_limited"":0.22600000000000003,""effective_support_limited"":1.0,""specificity_limited"":0.10425000000000001,""statistical_resolution_limited"":1.0,""structurally_unavailable"":0.000375}","{""cluster_uncertainty_pass"":0,""complement_admissible_pass"":0,""control_adjusted_contrast_pass"":0,""control_specificity_pass"":0,""effect_direction_reproduced_pass"":0,""minimum_effect_pass"":0,""multiplicity_adjusted_threshold_pass"":0,""raw_statistical_threshold_pass"":0,""support_available_pass"":0,""target_contrast_positive_pass"":0}",0.0,0.0
1dbc920edffba9363b404b4e,Cp2_vs_Cp3__stability_plus_geometry,3e971f0bc08c8189f389,Cp2_vs_Cp3,stability_plus_geometry,fl3_entitled,discovery,joint_gaussian_regularized_cluster,measurement_missingness_concentration,0.5,0.25,6,True,mixed_gate_limited,no_single_gate_rescue_or_dominant_failure_category,multiple,4000,1.0,0.99975,"{""control_contamination_limited"":0,""directionality_limited"":0,""effect_limited"":0,""effective_support_limited"":0,""specificity_limited"":0,""statistical_resolution_limited"":0,""structurally_unavailable"":0}","{""control_contamination_limited"":0.104,""directionality_limited"":0.084,""effect_limited"":0.08925000000000001,""effective_support_limited"":1.0,""specificity_limited"":0.0885,""statistical_resolution_limited"":1.0,""structurally_unavailable"":0.000125}","{""cluster_uncertainty_pass"":0,""complement_admissible_pass"":0,""control_adjusted_contrast_pass"":0,""control_specificity_pass"":0,""effect_direction_reproduced_pass"":0,""minimum_effect_pass"":0,""multiplicity_adjusted_threshold_pass"":0,""raw_statistical_threshold_pass"":0,""support_available_pass"":0,""target_contrast_positive_pass"":0}",0.0,0.0
1dbc920edffba9363b404b4e,Cp2_vs_Cp3__stability_plus_geometry,3e971f0bc08c8189f389,Cp2_vs_Cp3,stability_plus_geometry,fl3_entitled,discovery,joint_gaussian_regularized_cluster,measurement_missingness_concentration,0.75,0.25,6,True,mixed_gate_limited,no_single_gate_rescue_or_dominant_failure_category,multiple,4000,1.0,0.99875,"{""control_contamination_limited"":0,""directionality_limited"":0,""effect_limited"":0,""effective_support_limited"":0,""specificity_limited"":0,""statistical_resolution_limited"":0,""structurally_unavailable"":0}","{""control_contamination_limited"":0.10400000000000001,""directionality_limited"":0.09575,""effect_limited"":0.09575,""effective_support_limited"":1.0,""specificity_limited"":0.0965,""statistical_resolution_limited"":1.0,""structurally_unavailable"":0.000625}","{""cluster_uncertainty_pass"":0,""complement_admissible_pass"":0,""control_adjusted_contrast_pass"":0,""control_specificity_pass"":0,""effect_direction_reproduced_pass"":0,""minimum_effect_pass"":0,""multiplicity_adjusted_threshold_pass"":0,""raw_statistical_threshold_pass"":0,""support_available_pass"":0,""target_contrast_positive_pass"":0}",0.0,0.0
1dbc920edffba9363b404b4e,Cp2_vs_Cp3__stability_plus_geometry,3e971f0bc08c8189f389,Cp2_vs_Cp3,stability_plus_geometry,fl3_entitled,discovery,joint_gaussian_regularized_cluster,measurement_missingness_concentration,1.0,0.25,6,True,mixed_gate_limited,no_single_gate_rescue_or_dominant_failure_category,multiple,4000,1.0,0.99925,"{""control_contamination_limited"":0,""directionality_limited"":0,""effect_limited"":0,""effective_support_limited"":0,""specificity_limited"":0,""statistical_resolution_limited"":0,""structurally_unavailable"":0}","{""control_contamination_limited"":0.10574999999999998,""directionality_limited"":0.10375000000000001,""effect_limited"":0.10375000000000001,""effective_support_limited"":1.0,""specificity_limited"":0.10375000000000001,""statistical_resolution_limited"":1.0,""structurally_unavailable"":0.000375}","{""cluster_uncertainty_pass"":0,""complement_admissible_pass"":0,""control_adjusted_contrast_pass"":0,""control_specificity_pass"":0,""effect_direction_reproduced_pass"":0,""minimum_effect_pass"":0,""multiplicity_adjusted_threshold_pass"":0,""raw_statistical_threshold_pass"":0,""support_available_pass"":0,""target_contrast_positive_pass"":0}",0.0,0.0
1dbc920edffba9363b404b4e,Cp2_vs_Cp3__stability_plus_geometry,3e971f0bc08c8189f389,Cp2_vs_Cp3,stability_plus_geometry,fl3_entitled,discovery,joint_gaussian_regularized_cluster,measurement_missingness_concentration,1.5,0.25,6,True,mixed_gate_limited,no_single_gate_rescue_or_dominant_failure_category,multiple,4000,1.0,0.9984999999999999,"{""control_contamination_limited"":0,""directionality_limited"":0,""effect_limited"":0,""effective_support_limited"":0,""specificity_limited"":0,""statistical_resolution_limited"":0,""structurally_unavailable"":0}","{""control_contamination_limited"":0.102,""directionality_limited"":0.10125,""effect_limited"":0.10125,""effective_support_limited"":1.0,""specificity_limited"":0.10125,""statistical_resolution_limited"":1.0,""structurally_unavailable"":0.00075}","{""cluster_uncertainty_pass"":0,""complement_admissible_pass"":0,""control_adjusted_contrast_pass"":0,""control_specificity_pass"":0,""effect_direction_reproduced_pass"":0,""minimum_effect_pass"":0,""multiplicity_adjusted_threshold_pass"":0,""raw_statistical_threshold_pass"":0,""support_available_pass"":0,""target_contrast_positive_pass"":0}",0.0,0.0
1dbc920edffba9363b404b4e,Cp2_vs_Cp3__stability_plus_geometry,3e971f0bc08c8189f389,Cp2_vs_Cp3,stability_plus_geometry,fl3_entitled,discovery,joint_gaussian_regularized_cluster,measurement_missingness_concentration,2.0,0.25,6,True,mixed_gate_limited,no_single_gate_rescue_or_dominant_failure_category,multiple,4000,1.0,0.999,"{""control_contamination_limited"":0,""directionality_limited"":0,""effect_limited"":0,""effective_support_limited"":0,""specificity_limited"":0,""statistical_resolution_limited"":0,""structurally_unavailable"":0}","{""control_contamination_limited"":0.09775,""directionality_limited"":0.09775,""effect_limited"":0.09775,""effective_support_limited"":1.0,""specificity_limited"":0.09775,""statistical_resolution_limited"":1.0,""structurally_unavailable"":0.0005}","{""cluster_uncertainty_pass"":0,""complement_admissible_pass"":0,""control_adjusted_contrast_pass"":0,""control_specificity_pass"":0,""effect_direction_reproduced_pass"":0,""minimum_effect_pass"":0,""multiplicity_adjusted_threshold_pass"":0,""raw_statistical_threshold_pass"":0,""support_available_pass"":0,""target_contrast_positive_pass"":0}",0.0,0.0
1dbc920edffba9363b404b4e,Cp2_vs_Cp3__stability_plus_geometry,3e971f0bc08c8189f389,Cp2_vs_Cp3,stability_plus_geometry,fl3_entitled,discovery,joint_gaussian_regularized_cluster,measurement_missingness_concentration,0.25,0.5,6,True,mixed_gate_limited,no_single_gate_rescue_or_dominant_failure_category,multiple,4000,1.0,0.9995,"{""control_contamination_limited"":0,""directionality_limited"":0,""effect_limited"":0,""effective_support_limited"":0,""specificity_limited"":0,""statistical_resolution_limited"":0,""structurally_unavailable"":0}","{""control_contamination_limited"":0.4025,""directionality_limited"":0.10975000000000001,""effect_limited"":0.23249999999999998,""effective_support_limited"":1.0,""specificity_limited"":0.1885,""statistical_resolution_limited"":1.0,""structurally_unavailable"":0.00025}","{""cluster_uncertainty_pass"":0,""complement_admissible_pass"":0,""control_adjusted_contrast_pass"":0,""control_specificity_pass"":0,""effect_direction_reproduced_pass"":0,""minimum_effect_pass"":0,""multiplicity_adjusted_threshold_pass"":0,""raw_statistical_threshold_pass"":0,""support_available_pass"":0,""target_contrast_positive_pass"":0}",0.0,0.0
1dbc920edffba9363b404b4e,Cp2_vs_Cp3__stability_plus_geometry,3e971f0bc08c8189f389,Cp2_vs_Cp3,stability_plus_geometry,fl3_entitled,discovery,joint_gaussian_regularized_cluster,measurement_missingness_concentration,0.5,0.5,6,True,mixed_gate_limited,no_single_gate_rescue_or_dominant_failure_category,multiple,4000,0.9995,0.998,"{""control_contamination_limited"":0,""directionality_limited"":0,""effect_limited"":0,""effective_support_limited"":0,""specificity_limited"":0,""statistical_resolution_limited"":0,""structurally_unavailable"":0}","{""control_contamination_limited"":0.2285,""directionality_limited"":0.08850000000000001,""effect_limited"":0.09125000000000001,""effective_support_limited"":1.0,""specificity_limited"":0.12425,""statistical_resolution_limited"":1.0,""structurally_unavailable"":0.00125}","{""cluster_uncertainty_pass"":0,""complement_admissible_pass"":0,""control_adjusted_contrast_pass"":0,""control_specificity_pass"":0,""effect_direction_reproduced_pass"":0,""minimum_effect_pass"":0,""multiplicity_adjusted_threshold_pass"":0,""raw_statistical_threshold_pass"":0,""support_available_pass"":0,""target_contrast_positive_pass"":0}",0.0,0.0
1dbc920edffba9363b404b4e,Cp2_vs_Cp3__stability_plus_geometry,3e971f0bc08c8189f389,Cp2_vs_Cp3,stability_plus_geometry,fl3_entitled,discovery,joint_gaussian_regularized_cluster,measurement_missingness_concentration,0.75,0.5,6,True,mixed_gate_limited,no_single_gate_rescue_or_dominant_failure_category,multiple,4000,1.0,0.99975,"{""control_contamination_limited"":0,""directionality_limited"":0,""effect_limited"":0,""effective_support_limited"":0,""specificity_limited"":0,""statistical_resolution_limited"":0,""structurally_unavailable"":0}","{""control_contamination_limited"":0.169,""directionality_limited"":0.09425,""effect_limited"":0.09475,""effective_support_limited"":1.0,""specificity_limited"":0.11775,""statistical_resolution_limited"":1.0,""structurally_unavailable"":0.000125}","{""cluster_uncertainty_pass"":0,""complement_admissible_pass"":0,""control_adjusted_contrast_pass"":0,""control_specificity_pass"":0,""effect_direction_reproduced_pass"":0,""minimum_effect_pass"":0,""multiplicity_adjusted_threshold_pass"":0,""raw_statistical_threshold_pass"":0,""support_available_pass"":0,""target_contrast_positive_pass"":0}",0.0,0.0
1dbc920edffba9363b404b4e,Cp2_vs_Cp3__stability_plus_geometry,3e971f0bc08c8189f389,Cp2_vs_Cp3,stability_plus_geometry,fl3_entitled,discovery,joint_gaussian_regularized_cluster,measurement_missingness_concentration,1.0,0.5,6,True,mixed_gate_limited,no_single_gate_rescue_or_dominant_failure_category,multiple,4000,1.0,0.9995,"{""control_contamination_limited"":0,""directionality_limited"":0,""effect_limited"":0,""effective_support_limited"":0,""specificity_limited"":0,""statistical_resolution_limited"":0,""structurally_unavailable"":0}","{""control_contamination_limited"":0.14550000000000002,""directionality_limited"":0.09075000000000001,""effect_limited"":0.09075000000000001,""effective_support_limited"":1.0,""specificity_limited"":0.10499999999999998,""statistical_resolution_limited"":1.0,""structurally_unavailable"":0.00025}","{""cluster_uncertainty_pass"":0,""complement_admissible_pass"":0,""control_adjusted_contrast_pass"":0,""control_specificity_pass"":0,""effect_direction_reproduced_pass"":0,""minimum_effect_pass"":0,""multiplicity_adjusted_threshold_pass"":0,""raw_statistical_threshold_pass"":0,""support_available_pass"":0,""target_contrast_positive_pass"":0}",0.0,0.0
1dbc920edffba9363b404b4e,Cp2_vs_Cp3__stability_plus_geometry,3e971f0bc08c8189f389,Cp2_vs_Cp3,stability_plus_geometry,fl3_entitled,discovery,joint_gaussian_regularized_cluster,measurement_missingness_concentration,1.5,0.5,6,True,mixed_gate_limited,no_single_gate_rescue_or_dominant_failure_category,multiple,4000,1.0,0.99875,"{""control_contamination_limited"":0,""directionality_limited"":0,""effect_limited"":0,""effective_support_limited"":0,""specificity_limited"":0,""statistical_resolution_limited"":0,""structurally_unavailable"":0}","{""control_contamination_limited"":0.107,""directionality_limited"":0.08475,""effect_limited"":0.08474999999999999,""effective_support_limited"":1.0,""specificity_limited"":0.08825,""statistical_resolution_limited"":1.0,""structurally_unavailable"":0.000625}","{""cluster_uncertainty_pass"":0,""complement_admissible_pass"":0,""control_adjusted_contrast_pass"":0,""control_specificity_pass"":0,""effect_direction_reproduced_pass"":0,""minimum_effect_pass"":0,""multiplicity_adjusted_threshold_pass"":0,""raw_statistical_threshold_pass"":0,""support_available_pass"":0,""target_contrast_positive_pass"":0}",0.0,0.0
1dbc920edffba9363b404b4e,Cp2_vs_Cp3__stability_plus_geometry,3e971f0bc08c8189f389,Cp2_vs_Cp3,stability_plus_geometry,fl3_entitled,discovery,joint_gaussian_regularized_cluster,measurement_missingness_concentration,2.0,0.5,6,True,mixed_gate_limited,no_single_gate_rescue_or_dominant_failure_category,multiple,4000,0.99975,0.99825,"{""control_contamination_limited"":0,""directionality_limited"":0,""effect_limited"":0,""effective_support_limited"":0,""specificity_limited"":0,""statistical_resolution_limited"":0,""structurally_unavailable"":0}","{""control_contamination_limited"":0.10375,""directionality_limited"":0.08575,""effect_limited"":0.08575,""effective_support_limited"":1.0,""specificity_limited"":0.09000000000000001,""statistical_resolution_limited"":1.0,""structurally_unavailable"":0.001}","{""cluster_uncertainty_pass"":0,""complement_admissible_pass"":0,""control_adjusted_contrast_pass"":0,""control_specificity_pass"":0,""effect_direction_reproduced_pass"":0,""minimum_effect_pass"":0,""multiplicity_adjusted_threshold_pass"":0,""raw_statistical_threshold_pass"":0,""support_available_pass"":0,""target_contrast_positive_pass"":0}",0.0,0.0
1dbc920edffba9363b404b4e,Cp2_vs_Cp3__stability_plus_geometry,3e971f0bc08c8189f389,Cp2_vs_Cp3,stability_plus_geometry,fl3_entitled,discovery,joint_gaussian_regularized_cluster,measurement_missingness_concentration,0.25,1.0,6,True,mixed_gate_limited,no_single_gate_rescue_or_dominant_failure_category,multiple,4000,1.0,0.99925,"{""control_contamination_limited"":0,""directionality_limited"":0,""effect_limited"":0,""effective_support_limited"":0,""specificity_limited"":0,""statistical_resolution_limited"":0,""structurally_unavailable"":0}","{""control_contamination_limited"":0.74875,""directionality_limited"":0.09675,""effect_limited"":0.21175000000000002,""effective_support_limited"":1.0,""specificity_limited"":0.46525,""statistical_resolution_limited"":1.0,""structurally_unavailable"":0.000375}","{""cluster_uncertainty_pass"":0,""complement_admissible_pass"":0,""control_adjusted_contrast_pass"":0,""control_specificity_pass"":0,""effect_direction_reproduced_pass"":0,""minimum_effect_pass"":0,""multiplicity_adjusted_threshold_pass"":0,""raw_statistical_threshold_pass"":0,""support_available_pass"":0,""target_contrast_positive_pass"":0}",0.0,0.0
1dbc920edffba9363b404b4e,Cp2_vs_Cp3__stability_plus_geometry,3e971f0bc08c8189f389,Cp2_vs_Cp3,stability_plus_geometry,fl3_entitled,discovery,joint_gaussian_regularized_cluster,measurement_missingness_concentration,0.5,1.0,6,True,mixed_gate_limited,no_single_gate_rescue_or_dominant_failure_category,multiple,4000,0.99975,0.99875,"{""control_contamination_limited"":0,""directionality_limited"":0,""effect_limited"":0,""effective_support_limited"":0,""specificity_limited"":0,""statistical_resolution_limited"":0,""structurally_unavailable"":0}","{""control_contamination_limited"":0.728,""directionality_limited"":0.09275,""effect_limited"":0.097,""effective_support_limited"":1.0,""specificity_limited"":0.4895,""statistical_resolution_limited"":1.0,""structurally_unavailable"":0.00075}","{""cluster_uncertainty_pass"":0,""complement_admissible_pass"":0,""control_adjusted_contrast_pass"":0,""control_specificity_pass"":0,""effect_direction_reproduced_pass"":0,""minimum_effect_pass"":0,""multiplicity_adjusted_threshold_pass"":0,""raw_statistical_threshold_pass"":0,""support_available_pass"":0,""target_contrast_positive_pass"":0}",0.0,0.0
1dbc920edffba9363b404b4e,Cp2_vs_Cp3__stability_plus_geometry,3e971f0bc08c8189f389,Cp2_vs_Cp3,stability_plus_geometry,fl3_entitled,discovery,joint_gaussian_regularized_cluster,measurement_missingness_concentration,0.75,1.0,6,True,mixed_gate_limited,no_single_gate_rescue_or_dominant_failure_category,multiple,4000,1.0,0.9984999999999999,"{""control_contamination_limited"":0,""directionality_limited"":0,""effect_limited"":0,""effective_support_limited"":0,""specificity_limited"":0,""statistical_resolution_limited"":0,""structurally_unavailable"":0}","{""control_contamination_limited"":0.7257499999999999,""directionality_limited"":0.097,""effect_limited"":0.0975,""effective_support_limited"":1.0,""specificity_limited"":0.46625,""statistical_resolution_limited"":1.0,""structurally_unavailable"":0.00075}","{""cluster_uncertainty_pass"":0,""complement_admissible_pass"":0,""control_adjusted_contrast_pass"":0,""control_specificity_pass"":0,""effect_direction_reproduced_pass"":0,""minimum_effect_pass"":0,""multiplicity_adjusted_threshold_pass"":0,""raw_statistical_threshold_pass"":0,""support_available_pass"":0,""target_contrast_positive_pass"":0}",0.0,0.0
1dbc920edffba9363b404b4e,Cp2_vs_Cp3__stability_plus_geometry,3e971f0bc08c8189f389,Cp2_vs_Cp3,stability_plus_geometry,fl3_entitled,discovery,joint_gaussian_regularized_cluster,measurement_missingness_concentration,1.0,1.0,6,True,mixed_gate_limited,no_single_gate_rescue_or_dominant_failure_category,multiple,4000,1.0,0.9984999999999999,"{""control_contamination_limited"":0,""directionality_limited"":0,""effect_limited"":0,""effective_support_limited"":0,""specificity_limited"":0,""statistical_resolution_limited"":0,""structurally_unavailable"":0}","{""control_contamination_limited"":0.715,""directionality_limited"":0.09775,""effect_limited"":0.09775,""effective_support_limited"":1.0,""specificity_limited"":0.468,""statistical_resolution_limited"":1.0,""structurally_unavailable"":0.00075}","{""cluster_uncertainty_pass"":0,""complement_admissible_pass"":0,""control_adjusted_contrast_pass"":0,""control_specificity_pass"":0,""effect_direction_reproduced_pass"":0,""minimum_effect_pass"":0,""multiplicity_adjusted_threshold_pass"":0,""raw_statistical_threshold_pass"":0,""support_available_pass"":0,""target_contrast_positive_pass"":0}",0.0,0.0
1dbc920edffba9363b404b4e,Cp2_vs_Cp3__stability_plus_geometry,3e971f0bc08c8189f389,Cp2_vs_Cp3,stability_plus_geometry,fl3_entitled,discovery,joint_gaussian_regularized_cluster,measurement_missingness_concentration,1.5,1.0,6,True,mixed_gate_limited,no_single_gate_rescue_or_dominant_failure_category,multiple,4000,1.0,0.999,"{""control_contamination_limited"":0,""directionality_limited"":0,""effect_limited"":0,""effective_support_limited"":0,""specificity_limited"":0,""statistical_resolution_limited"":0,""structurally_unavailable"":0}","{""control_contamination_limited"":0.7135,""directionality_limited"":0.08625000000000001,""effect_limited"":0.08625000000000001,""effective_support_limited"":1.0,""specificity_limited"":0.45775,""statistical_resolution_limited"":1.0,""structurally_unavailable"":0.0005}","{""cluster_uncertainty_pass"":0,""complement_admissible_pass"":0,""control_adjusted_contrast_pass"":0,""control_specificity_pass"":0,""effect_direction_reproduced_pass"":0,""minimum_effect_pass"":0,""multiplicity_adjusted_threshold_pass"":0,""raw_statistical_threshold_pass"":0,""support_available_pass"":0,""target_contrast_positive_pass"":0}",0.0,0.0
1dbc920edffba9363b404b4e,Cp2_vs_Cp3__stability_plus_geometry,3e971f0bc08c8189f389,Cp2_vs_Cp3,stability_plus_geometry,fl3_entitled,discovery,joint_gaussian_regularized_cluster,measurement_missingness_concentration,2.0,1.0,6,True,mixed_gate_limited,no_single_gate_rescue_or_dominant_failure_category,multiple,4000,1.0,0.99925,"{""control_contamination_limited"":0,""directionality_limited"":0,""effect_limited"":0,""effective_support_limited"":0,""specificity_limited"":0,""statistical_resolution_limited"":0,""structurally_unavailable"":0}","{""control_contamination_limited"":0.7595000000000001,""directionality_limited"":0.08875,""effect_limited"":0.08875,""effective_support_limited"":1.0,""specificity_limited"":0.4975,""statistical_resolution_limited"":1.0,""structurally_unavailable"":0.000375}","{""cluster_uncertainty_pass"":0,""complement_admissible_pass"":0,""control_adjusted_contrast_pass"":0,""control_specificity_pass"":0,""effect_direction_reproduced_pass"":0,""minimum_effect_pass"":0,""multiplicity_adjusted_threshold_pass"":0,""raw_statistical_threshold_pass"":0,""support_available_pass"":0,""target_contrast_positive_pass"":0}",0.0,0.0
bfa569fbae807b7f50c3389f,C_vs_Cp2__stability_core_3,c683c10822cc59ae7587,C_vs_Cp2,stability_core_3,fl3_entitled,discovery,joint_gaussian_regularized_cluster,measurement_missingness_concentration,0.0,0.0,6,True,mixed_gate_limited,no_single_gate_rescue_or_dominant_failure_category,multiple,4000,1.0,1.0,"{""control_contamination_limited"":0,""directionality_limited"":0,""effect_limited"":0,""effective_support_limited"":0,""specificity_limited"":0,""statistical_resolution_limited"":0,""structurally_unavailable"":0}","{""control_contamination_limited"":1.0,""directionality_limited"":1.0,""effect_limited"":1.0,""effective_support_limited"":1.0,""specificity_limited"":1.0,""statistical_resolution_limited"":1.0,""structurally_unavailable"":0.0}","{""cluster_uncertainty_pass"":0,""complement_admissible_pass"":0,""control_adjusted_contrast_pass"":0,""control_specificity_pass"":0,""effect_direction_reproduced_pass"":0,""minimum_effect_pass"":0,""multiplicity_adjusted_threshold_pass"":0,""raw_statistical_threshold_pass"":0,""support_available_pass"":0,""target_contrast_positive_pass"":0}",0.0,0.0
bfa569fbae807b7f50c3389f,C_vs_Cp2__stability_core_3,c683c10822cc59ae7587,C_vs_Cp2,stability_core_3,fl3_entitled,discovery,joint_gaussian_regularized_cluster,measurement_missingness_concentration,0.25,0.0,6,True,mixed_gate_limited,no_single_gate_rescue_or_dominant_failure_category,multiple,4000,1.0,1.0,"{""control_contamination_limited"":0,""directionality_limited"":0,""effect_limited"":0,""effective_support_limited"":0,""specificity_limited"":0,""statistical_resolution_limited"":0,""structurally_unavailable"":0}","{""control_contamination_limited"":0.09774999999999999,""directionality_limited"":0.0945,""effect_limited"":0.1605,""effective_support_limited"":1.0,""specificity_limited"":0.09449999999999999,""statistical_resolution_limited"":1.0,""structurally_unavailable"":0.0}","{""cluster_uncertainty_pass"":0,""complement_admissible_pass"":0,""control_adjusted_contrast_pass"":0,""control_specificity_pass"":0,""effect_direction_reproduced_pass"":0,""minimum_effect_pass"":0,""multiplicity_adjusted_threshold_pass"":0,""raw_statistical_threshold_pass"":0,""support_available_pass"":0,""target_contrast_positive_pass"":0}",0.0,0.0
bfa569fbae807b7f50c3389f,C_vs_Cp2__stability_core_3,c683c10822cc59ae7587,C_vs_Cp2,stability_core_3,fl3_entitled,discovery,joint_gaussian_regularized_cluster,measurement_missingness_concentration,0.5,0.0,6,True,mixed_gate_limited,no_single_gate_rescue_or_dominant_failure_category,multiple,4000,1.0,1.0,"{""control_contamination_limited"":0,""directionality_limited"":0,""effect_limited"":0,""effective_support_limited"":0,""specificity_limited"":0,""statistical_resolution_limited"":0,""structurally_unavailable"":0}","{""control_contamination_limited"":0.09375,""directionality_limited"":0.09375,""effect_limited"":0.09425,""effective_support_limited"":1.0,""specificity_limited"":0.09375,""statistical_resolution_limited"":1.0,""structurally_unavailable"":0.0}","{""cluster_uncertainty_pass"":0,""complement_admissible_pass"":0,""control_adjusted_contrast_pass"":0,""control_specificity_pass"":0,""effect_direction_reproduced_pass"":0,""minimum_effect_pass"":0,""multiplicity_adjusted_threshold_pass"":0,""raw_statistical_threshold_pass"":0,""support_available_pass"":0,""target_contrast_positive_pass"":0}",0.0,0.0
bfa569fbae807b7f50c3389f,C_vs_Cp2__stability_core_3,c683c10822cc59ae7587,C_vs_Cp2,stability_core_3,fl3_entitled,discovery,joint_gaussian_regularized_cluster,measurement_missingness_concentration,0.75,0.0,6,True,mixed_gate_limited,no_single_gate_rescue_or_dominant_failure_category,multiple,4000,1.0,1.0,"{""control_contamination_limited"":0,""directionality_limited"":0,""effect_limited"":0,""effective_support_limited"":0,""specificity_limited"":0,""statistical_resolution_limited"":0,""structurally_unavailable"":0}","{""control_contamination_limited"":0.097,""directionality_limited"":0.097,""effect_limited"":0.097,""effective_support_limited"":1.0,""specificity_limited"":0.097,""statistical_resolution_limited"":1.0,""structurally_unavailable"":0.0}","{""cluster_uncertainty_pass"":0,""complement_admissible_pass"":0,""control_adjusted_contrast_pass"":0,""control_specificity_pass"":0,""effect_direction_reproduced_pass"":0,""minimum_effect_pass"":0,""multiplicity_adjusted_threshold_pass"":0,""raw_statistical_threshold_pass"":0,""support_available_pass"":0,""target_contrast_positive_pass"":0}",0.0,0.0
bfa569fbae807b7f50c3389f,C_vs_Cp2__stability_core_3,c683c10822cc59ae7587,C_vs_Cp2,stability_core_3,fl3_entitled,discovery,joint_gaussian_regularized_cluster,measurement_missingness_concentration,1.0,0.0,6,True,mixed_gate_limited,no_single_gate_rescue_or_dominant_failure_category,multiple,4000,1.0,1.0,"{""control_contamination_limited"":0,""directionality_limited"":0,""effect_limited"":0,""effective_support_limited"":0,""specificity_limited"":0,""statistical_resolution_limited"":0,""structurally_unavailable"":0}","{""control_contamination_limited"":0.097,""directionality_limited"":0.097,""effect_limited"":0.097,""effective_support_limited"":1.0,""specificity_limited"":0.097,""statistical_resolution_limited"":1.0,""structurally_unavailable"":0.0}","{""cluster_uncertainty_pass"":0,""complement_admissible_pass"":0,""control_adjusted_contrast_pass"":0,""control_specificity_pass"":0,""effect_direction_reproduced_pass"":0,""minimum_effect_pass"":0,""multiplicity_adjusted_threshold_pass"":0,""raw_statistical_threshold_pass"":0,""support_available_pass"":0,""target_contrast_positive_pass"":0}",0.0,0.0
bfa569fbae807b7f50c3389f,C_vs_Cp2__stability_core_3,c683c10822cc59ae7587,C_vs_Cp2,stability_core_3,fl3_entitled,discovery,joint_gaussian_regularized_cluster,measurement_missingness_concentration,1.5,0.0,6,True,mixed_gate_limited,no_single_gate_rescue_or_dominant_failure_category,multiple,4000,1.0,1.0,"{""control_contamination_limited"":0,""directionality_limited"":0,""effect_limited"":0,""effective_support_limited"":0,""specificity_limited"":0,""statistical_resolution_limited"":0,""structurally_unavailable"":0}","{""control_contamination_limited"":0.08700000000000001,""directionality_limited"":0.08700000000000001,""effect_limited"":0.08700000000000001,""effective_support_limited"":1.0,""specificity_limited"":0.08700000000000001,""statistical_resolution_limited"":1.0,""structurally_unavailable"":0.0}","{""cluster_uncertainty_pass"":0,""complement_admissible_pass"":0,""control_adjusted_contrast_pass"":0,""control_specificity_pass"":0,""effect_direction_reproduced_pass"":0,""minimum_effect_pass"":0,""multiplicity_adjusted_threshold_pass"":0,""raw_statistical_threshold_pass"":0,""support_available_pass"":0,""target_contrast_positive_pass"":0}",0.0,0.0
bfa569fbae807b7f50c3389f,C_vs_Cp2__stability_core_3,c683c10822cc59ae7587,C_vs_Cp2,stability_core_3,fl3_entitled,discovery,joint_gaussian_regularized_cluster,measurement_missingness_concentration,2.0,0.0,6,True,mixed_gate_limited,no_single_gate_rescue_or_dominant_failure_category,multiple,4000,1.0,1.0,"{""control_contamination_limited"":0,""directionality_limited"":0,""effect_limited"":0,""effective_support_limited"":0,""specificity_limited"":0,""statistical_resolution_limited"":0,""structurally_unavailable"":0}","{""control_contamination_limited"":0.08825,""directionality_limited"":0.08825,""effect_limited"":0.08825,""effective_support_limited"":1.0,""specificity_limited"":0.08825,""statistical_resolution_limited"":1.0,""structurally_unavailable"":0.0}","{""cluster_uncertainty_pass"":0,""complement_admissible_pass"":0,""control_adjusted_contrast_pass"":0,""control_specificity_pass"":0,""effect_direction_reproduced_pass"":0,""minimum_effect_pass"":0,""multiplicity_adjusted_threshold_pass"":0,""raw_statistical_threshold_pass"":0,""support_available_pass"":0,""target_contrast_positive_pass"":0}",0.0,0.0
bfa569fbae807b7f50c3389f,C_vs_Cp2__stability_core_3,c683c10822cc59ae7587,C_vs_Cp2,stability_core_3,fl3_entitled,discovery,joint_gaussian_regularized_cluster,measurement_missingness_concentration,0.25,0.25,6,True,mixed_gate_limited,no_single_gate_rescue_or_dominant_failure_category,multiple,4000,1.0,1.0,"{""control_contamination_limited"":0,""directionality_limited"":0,""effect_limited"":0,""effective_support_limited"":0,""specificity_limited"":0,""statistical_resolution_limited"":0,""structurally_unavailable"":0}","{""control_contamination_limited"":0.14625,""directionality_limited"":0.08549999999999999,""effect_limited"":0.16299999999999998,""effective_support_limited"":1.0,""specificity_limited"":0.08825,""statistical_resolution_limited"":1.0,""structurally_unavailable"":0.0}","{""cluster_uncertainty_pass"":0,""complement_admissible_pass"":0,""control_adjusted_contrast_pass"":0,""control_specificity_pass"":0,""effect_direction_reproduced_pass"":0,""minimum_effect_pass"":0,""multiplicity_adjusted_threshold_pass"":0,""raw_statistical_threshold_pass"":0,""support_available_pass"":0,""target_contrast_positive_pass"":0}",0.0,0.0
bfa569fbae807b7f50c3389f,C_vs_Cp2__stability_core_3,c683c10822cc59ae7587,C_vs_Cp2,stability_core_3,fl3_entitled,discovery,joint_gaussian_regularized_cluster,measurement_missingness_concentration,0.5,0.25,6,True,mixed_gate_limited,no_single_gate_rescue_or_dominant_failure_category,multiple,4000,1.0,1.0,"{""control_contamination_limited"":0,""directionality_limited"":0,""effect_limited"":0,""effective_support_limited"":0,""specificity_limited"":0,""statistical_resolution_limited"":0,""structurally_unavailable"":0}","{""control_contamination_limited"":0.1095,""directionality_limited"":0.1055,""effect_limited"":0.1055,""effective_support_limited"":1.0,""specificity_limited"":0.1055,""statistical_resolution_limited"":1.0,""structurally_unavailable"":0.0}","{""cluster_uncertainty_pass"":0,""complement_admissible_pass"":0,""control_adjusted_contrast_pass"":0,""control_specificity_pass"":0,""effect_direction_reproduced_pass"":0,""minimum_effect_pass"":0,""multiplicity_adjusted_threshold_pass"":0,""raw_statistical_threshold_pass"":0,""support_available_pass"":0,""target_contrast_positive_pass"":0}",0.0,0.0
bfa569fbae807b7f50c3389f,C_vs_Cp2__stability_core_3,c683c10822cc59ae7587,C_vs_Cp2,stability_core_3,fl3_entitled,discovery,joint_gaussian_regularized_cluster,measurement_missingness_concentration,0.75,0.25,6,True,mixed_gate_limited,no_single_gate_rescue_or_dominant_failure_category,multiple,4000,1.0,1.0,"{""control_contamination_limited"":0,""directionality_limited"":0,""effect_limited"":0,""effective_support_limited"":0,""specificity_limited"":0,""statistical_resolution_limited"":0,""structurally_unavailable"":0}","{""control_contamination_limited"":0.105,""directionality_limited"":0.10400000000000001,""effect_limited"":0.104,""effective_support_limited"":1.0,""specificity_limited"":0.1045,""statistical_resolution_limited"":1.0,""structurally_unavailable"":0.0}","{""cluster_uncertainty_pass"":0,""complement_admissible_pass"":0,""control_adjusted_contrast_pass"":0,""control_specificity_pass"":0,""effect_direction_reproduced_pass"":0,""minimum_effect_pass"":0,""multiplicity_adjusted_threshold_pass"":0,""raw_statistical_threshold_pass"":0,""support_available_pass"":0,""target_contrast_positive_pass"":0}",0.0,0.0
bfa569fbae807b7f50c3389f,C_vs_Cp2__stability_core_3,c683c10822cc59ae7587,C_vs_Cp2,stability_core_3,fl3_entitled,discovery,joint_gaussian_regularized_cluster,measurement_missingness_concentration,1.0,0.25,6,True,mixed_gate_limited,no_single_gate_rescue_or_dominant_failure_category,multiple,4000,1.0,1.0,"{""control_contamination_limited"":0,""directionality_limited"":0,""effect_limited"":0,""effective_support_limited"":0,""specificity_limited"":0,""statistical_resolution_limited"":0,""structurally_unavailable"":0}","{""control_contamination_limited"":0.09225,""directionality_limited"":0.09225,""effect_limited"":0.09225,""effective_support_limited"":1.0,""specificity_limited"":0.09225,""statistical_resolution_limited"":1.0,""structurally_unavailable"":0.0}","{""cluster_uncertainty_pass"":0,""complement_admissible_pass"":0,""control_adjusted_contrast_pass"":0,""control_specificity_pass"":0,""effect_direction_reproduced_pass"":0,""minimum_effect_pass"":0,""multiplicity_adjusted_threshold_pass"":0,""raw_statistical_threshold_pass"":0,""support_available_pass"":0,""target_contrast_positive_pass"":0}",0.0,0.0
bfa569fbae807b7f50c3389f,C_vs_Cp2__stability_core_3,c683c10822cc59ae7587,C_vs_Cp2,stability_core_3,fl3_entitled,discovery,joint_gaussian_regularized_cluster,measurement_missingness_concentration,1.5,0.25,6,True,mixed_gate_limited,no_single_gate_rescue_or_dominant_failure_category,multiple,4000,1.0,1.0,"{""control_contamination_limited"":0,""directionality_limited"":0,""effect_limited"":0,""effective_support_limited"":0,""specificity_limited"":0,""statistical_resolution_limited"":0,""structurally_unavailable"":0}","{""control_contamination_limited"":0.10999999999999999,""directionality_limited"":0.10999999999999999,""effect_limited"":0.10999999999999999,""effective_support_limited"":1.0,""specificity_limited"":0.10999999999999999,""statistical_resolution_limited"":1.0,""structurally_unavailable"":0.0}","{""cluster_uncertainty_pass"":0,""complement_admissible_pass"":0,""control_adjusted_contrast_pass"":0,""control_specificity_pass"":0,""effect_direction_reproduced_pass"":0,""minimum_effect_pass"":0,""multiplicity_adjusted_threshold_pass"":0,""raw_statistical_threshold_pass"":0,""support_available_pass"":0,""target_contrast_positive_pass"":0}",0.0,0.0
bfa569fbae807b7f50c3389f,C_vs_Cp2__stability_core_3,c683c10822cc59ae7587,C_vs_Cp2,stability_core_3,fl3_entitled,discovery,joint_gaussian_regularized_cluster,measurement_missingness_concentration,2.0,0.25,6,True,mixed_gate_limited,no_single_gate_rescue_or_dominant_failure_category,multiple,4000,1.0,1.0,"{""control_contamination_limited"":0,""directionality_limited"":0,""effect_limited"":0,""effective_support_limited"":0,""specificity_limited"":0,""statistical_resolution_limited"":0,""structurally_unavailable"":0}","{""control_contamination_limited"":0.09375,""directionality_limited"":0.09375,""effect_limited"":0.09375,""effective_support_limited"":1.0,""specificity_limited"":0.09375,""statistical_resolution_limited"":1.0,""structurally_unavailable"":0.0}","{""cluster_uncertainty_pass"":0,""complement_admissible_pass"":0,""control_adjusted_contrast_pass"":0,""control_specificity_pass"":0,""effect_direction_reproduced_pass"":0,""minimum_effect_pass"":0,""multiplicity_adjusted_threshold_pass"":0,""raw_statistical_threshold_pass"":0,""support_available_pass"":0,""target_contrast_positive_pass"":0}",0.0,0.0
bfa569fbae807b7f50c3389f,C_vs_Cp2__stability_core_3,c683c10822cc59ae7587,C_vs_Cp2,stability_core_3,fl3_entitled,discovery,joint_gaussian_regularized_cluster,measurement_missingness_concentration,0.25,0.5,6,True,mixed_gate_limited,no_single_gate_rescue_or_dominant_failure_category,multiple,4000,1.0,1.0,"{""control_contamination_limited"":0,""directionality_limited"":0,""effect_limited"":0,""effective_support_limited"":0,""specificity_limited"":0,""statistical_resolution_limited"":0,""structurally_unavailable"":0}","{""control_contamination_limited"":0.36125,""directionality_limited"":0.09175,""effect_limited"":0.17024999999999998,""effective_support_limited"":1.0,""specificity_limited"":0.1365,""statistical_resolution_limited"":1.0,""structurally_unavailable"":0.0}","{""cluster_uncertainty_pass"":0,""complement_admissible_pass"":0,""control_adjusted_contrast_pass"":0,""control_specificity_pass"":0,""effect_direction_reproduced_pass"":0,""minimum_effect_pass"":0,""multiplicity_adjusted_threshold_pass"":0,""raw_statistical_threshold_pass"":0,""support_available_pass"":0,""target_contrast_positive_pass"":0}",0.0,0.0
bfa569fbae807b7f50c3389f,C_vs_Cp2__stability_core_3,c683c10822cc59ae7587,C_vs_Cp2,stability_core_3,fl3_entitled,discovery,joint_gaussian_regularized_cluster,measurement_missingness_concentration,0.5,0.5,6,True,mixed_gate_limited,no_single_gate_rescue_or_dominant_failure_category,multiple,4000,1.0,1.0,"{""control_contamination_limited"":0,""directionality_limited"":0,""effect_limited"":0,""effective_support_limited"":0,""specificity_limited"":0,""statistical_resolution_limited"":0,""structurally_unavailable"":0}","{""control_contamination_limited"":0.16225,""directionality_limited"":0.09475,""effect_limited"":0.09475,""effective_support_limited"":1.0,""specificity_limited"":0.10475,""statistical_resolution_limited"":1.0,""structurally_unavailable"":0.0}","{""cluster_uncertainty_pass"":0,""complement_admissible_pass"":0,""control_adjusted_contrast_pass"":0,""control_specificity_pass"":0,""effect_direction_reproduced_pass"":0,""minimum_effect_pass"":0,""multiplicity_adjusted_threshold_pass"":0,""raw_statistical_threshold_pass"":0,""support_available_pass"":0,""target_contrast_positive_pass"":0}",0.0,0.0
bfa569fbae807b7f50c3389f,C_vs_Cp2__stability_core_3,c683c10822cc59ae7587,C_vs_Cp2,stability_core_3,fl3_entitled,discovery,joint_gaussian_regularized_cluster,measurement_missingness_concentration,0.75,0.5,6,True,mixed_gate_limited,no_single_gate_rescue_or_dominant_failure_category,multiple,4000,1.0,1.0,"{""control_contamination_limited"":0,""directionality_limited"":0,""effect_limited"":0,""effective_support_limited"":0,""specificity_limited"":0,""statistical_resolution_limited"":0,""structurally_unavailable"":0}","{""control_contamination_limited"":0.13775,""directionality_limited"":0.104,""effect_limited"":0.104,""effective_support_limited"":1.0,""specificity_limited"":0.109,""statistical_resolution_limited"":1.0,""structurally_unavailable"":0.0}","{""cluster_uncertainty_pass"":0,""complement_admissible_pass"":0,""control_adjusted_contrast_pass"":0,""control_specificity_pass"":0,""effect_direction_reproduced_pass"":0,""minimum_effect_pass"":0,""multiplicity_adjusted_threshold_pass"":0,""raw_statistical_threshold_pass"":0,""support_available_pass"":0,""target_contrast_positive_pass"":0}",0.0,0.0
bfa569fbae807b7f50c3389f,C_vs_Cp2__stability_core_3,c683c10822cc59ae7587,C_vs_Cp2,stability_core_3,fl3_entitled,discovery,joint_gaussian_regularized_cluster,measurement_missingness_concentration,1.0,0.5,6,True,mixed_gate_limited,no_single_gate_rescue_or_dominant_failure_category,multiple,4000,1.0,1.0,"{""control_contamination_limited"":0,""directionality_limited"":0,""effect_limited"":0,""effective_support_limited"":0,""specificity_limited"":0,""statistical_resolution_limited"":0,""structurally_unavailable"":0}","{""control_contamination_limited"":0.10399999999999998,""directionality_limited"":0.09025,""effect_limited"":0.09025,""effective_support_limited"":1.0,""specificity_limited"":0.09325,""statistical_resolution_limited"":1.0,""structurally_unavailable"":0.0}","{""cluster_uncertainty_pass"":0,""complement_admissible_pass"":0,""control_adjusted_contrast_pass"":0,""control_specificity_pass"":0,""effect_direction_reproduced_pass"":0,""minimum_effect_pass"":0,""multiplicity_adjusted_threshold_pass"":0,""raw_statistical_threshold_pass"":0,""support_available_pass"":0,""target_contrast_positive_pass"":0}",0.0,0.0
bfa569fbae807b7f50c3389f,C_vs_Cp2__stability_core_3,c683c10822cc59ae7587,C_vs_Cp2,stability_core_3,fl3_entitled,discovery,joint_gaussian_regularized_cluster,measurement_missingness_concentration,1.5,0.5,6,True,mixed_gate_limited,no_single_gate_rescue_or_dominant_failure_category,multiple,4000,1.0,1.0,"{""control_contamination_limited"":0,""directionality_limited"":0,""effect_limited"":0,""effective_support_limited"":0,""specificity_limited"":0,""statistical_resolution_limited"":0,""structurally_unavailable"":0}","{""control_contamination_limited"":0.09225000000000001,""directionality_limited"":0.08700000000000001,""effect_limited"":0.08700000000000001,""effective_support_limited"":1.0,""specificity_limited"":0.08725000000000001,""statistical_resolution_limited"":1.0,""structurally_unavailable"":0.0}","{""cluster_uncertainty_pass"":0,""complement_admissible_pass"":0,""control_adjusted_contrast_pass"":0,""control_specificity_pass"":0,""effect_direction_reproduced_pass"":0,""minimum_effect_pass"":0,""multiplicity_adjusted_threshold_pass"":0,""raw_statistical_threshold_pass"":0,""support_available_pass"":0,""target_contrast_positive_pass"":0}",0.0,0.0
bfa569fbae807b7f50c3389f,C_vs_Cp2__stability_core_3,c683c10822cc59ae7587,C_vs_Cp2,stability_core_3,fl3_entitled,discovery,joint_gaussian_regularized_cluster,measurement_missingness_concentration,2.0,0.5,6,True,mixed_gate_limited,no_single_gate_rescue_or_dominant_failure_category,multiple,4000,1.0,1.0,"{""control_contamination_limited"":0,""directionality_limited"":0,""effect_limited"":0,""effective_support_limited"":0,""specificity_limited"":0,""statistical_resolution_limited"":0,""structurally_unavailable"":0}","{""control_contamination_limited"":0.09425,""directionality_limited"":0.09225,""effect_limited"":0.09225,""effective_support_limited"":1.0,""specificity_limited"":0.09275,""statistical_resolution_limited"":1.0,""structurally_unavailable"":0.0}","{""cluster_uncertainty_pass"":0,""complement_admissible_pass"":0,""control_adjusted_contrast_pass"":0,""control_specificity_pass"":0,""effect_direction_reproduced_pass"":0,""minimum_effect_pass"":0,""multiplicity_adjusted_threshold_pass"":0,""raw_statistical_threshold_pass"":0,""support_available_pass"":0,""target_contrast_positive_pass"":0}",0.0,0.0
bfa569fbae807b7f50c3389f,C_vs_Cp2__stability_core_3,c683c10822cc59ae7587,C_vs_Cp2,stability_core_3,fl3_entitled,discovery,joint_gaussian_regularized_cluster,measurement_missingness_concentration,0.25,1.0,6,True,mixed_gate_limited,no_single_gate_rescue_or_dominant_failure_category,multiple,4000,1.0,1.0,"{""control_contamination_limited"":0,""directionality_limited"":0,""effect_limited"":0,""effective_support_limited"":0,""specificity_limited"":0,""statistical_resolution_limited"":0,""structurally_unavailable"":0}","{""control_contamination_limited"":0.82725,""directionality_limited"":0.08600000000000001,""effect_limited"":0.16124999999999998,""effective_support_limited"":1.0,""specificity_limited"":0.47775,""statistical_resolution_limited"":1.0,""structurally_unavailable"":0.0}","{""cluster_uncertainty_pass"":0,""complement_admissible_pass"":0,""control_adjusted_contrast_pass"":0,""control_specificity_pass"":0,""effect_direction_reproduced_pass"":0,""minimum_effect_pass"":0,""multiplicity_adjusted_threshold_pass"":0,""raw_statistical_threshold_pass"":0,""support_available_pass"":0,""target_contrast_positive_pass"":0}",0.0,0.0
bfa569fbae807b7f50c3389f,C_vs_Cp2__stability_core_3,c683c10822cc59ae7587,C_vs_Cp2,stability_core_3,fl3_entitled,discovery,joint_gaussian_regularized_cluster,measurement_missingness_concentration,0.5,1.0,6,True,mixed_gate_limited,no_single_gate_rescue_or_dominant_failure_category,multiple,4000,1.0,1.0,"{""control_contamination_limited"":0,""directionality_limited"":0,""effect_limited"":0,""effective_support_limited"":0,""specificity_limited"":0,""statistical_resolution_limited"":0,""structurally_unavailable"":0}","{""control_contamination_limited"":0.7785000000000001,""directionality_limited"":0.0845,""effect_limited"":0.086,""effective_support_limited"":1.0,""specificity_limited"":0.451,""statistical_resolution_limited"":1.0,""structurally_unavailable"":0.0}","{""cluster_uncertainty_pass"":0,""complement_admissible_pass"":0,""control_adjusted_contrast_pass"":0,""control_specificity_pass"":0,""effect_direction_reproduced_pass"":0,""minimum_effect_pass"":0,""multiplicity_adjusted_threshold_pass"":0,""raw_statistical_threshold_pass"":0,""support_available_pass"":0,""target_contrast_positive_pass"":0}",0.0,0.0
bfa569fbae807b7f50c3389f,C_vs_Cp2__stability_core_3,c683c10822cc59ae7587,C_vs_Cp2,stability_core_3,fl3_entitled,discovery,joint_gaussian_regularized_cluster,measurement_missingness_concentration,0.75,1.0,6,True,mixed_gate_limited,no_single_gate_rescue_or_dominant_failure_category,multiple,4000,1.0,1.0,"{""control_contamination_limited"":0,""directionality_limited"":0,""effect_limited"":0,""effective_support_limited"":0,""specificity_limited"":0,""statistical_resolution_limited"":0,""structurally_unavailable"":0}","{""control_contamination_limited"":0.78325,""directionality_limited"":0.07875,""effect_limited"":0.07875,""effective_support_limited"":1.0,""specificity_limited"":0.47425,""statistical_resolution_limited"":1.0,""structurally_unavailable"":0.0}","{""cluster_uncertainty_pass"":0,""complement_admissible_pass"":0,""control_adjusted_contrast_pass"":0,""control_specificity_pass"":0,""effect_direction_reproduced_pass"":0,""minimum_effect_pass"":0,""multiplicity_adjusted_threshold_pass"":0,""raw_statistical_threshold_pass"":0,""support_available_pass"":0,""target_contrast_positive_pass"":0}",0.0,0.0
bfa569fbae807b7f50c3389f,C_vs_Cp2__stability_core_3,c683c10822cc59ae7587,C_vs_Cp2,stability_core_3,fl3_entitled,discovery,joint_gaussian_regularized_cluster,measurement_missingness_concentration,1.0,1.0,6,True,mixed_gate_limited,no_single_gate_rescue_or_dominant_failure_category,multiple,4000,1.0,1.0,"{""control_contamination_limited"":0,""directionality_limited"":0,""effect_limited"":0,""effective_support_limited"":0,""specificity_limited"":0,""statistical_resolution_limited"":0,""structurally_unavailable"":0}","{""control_contamination_limited"":0.758,""directionality_limited"":0.09075,""effect_limited"":0.09075,""effective_support_limited"":1.0,""specificity_limited"":0.4415,""statistical_resolution_limited"":1.0,""structurally_unavailable"":0.0}","{""cluster_uncertainty_pass"":0,""complement_admissible_pass"":0,""control_adjusted_contrast_pass"":0,""control_specificity_pass"":0,""effect_direction_reproduced_pass"":0,""minimum_effect_pass"":0,""multiplicity_adjusted_threshold_pass"":0,""raw_statistical_threshold_pass"":0,""support_available_pass"":0,""target_contrast_positive_pass"":0}",0.0,0.0
bfa569fbae807b7f50c3389f,C_vs_Cp2__stability_core_3,c683c10822cc59ae7587,C_vs_Cp2,stability_core_3,fl3_entitled,discovery,joint_gaussian_regularized_cluster,measurement_missingness_concentration,1.5,1.0,6,True,mixed_gate_limited,no_single_gate_rescue_or_dominant_failure_category,multiple,4000,1.0,1.0,"{""control_contamination_limited"":0,""directionality_limited"":0,""effect_limited"":0,""effective_support_limited"":0,""specificity_limited"":0,""statistical_resolution_limited"":0,""structurally_unavailable"":0}","{""control_contamination_limited"":0.78125,""directionality_limited"":0.08675000000000001,""effect_limited"":0.08675000000000001,""effective_support_limited"":1.0,""specificity_limited"":0.4565,""statistical_resolution_limited"":1.0,""structurally_unavailable"":0.0}","{""cluster_uncertainty_pass"":0,""complement_admissible_pass"":0,""control_adjusted_contrast_pass"":0,""control_specificity_pass"":0,""effect_direction_reproduced_pass"":0,""minimum_effect_pass"":0,""multiplicity_adjusted_threshold_pass"":0,""raw_statistical_threshold_pass"":0,""support_available_pass"":0,""target_contrast_positive_pass"":0}",0.0,0.0
bfa569fbae807b7f50c3389f,C_vs_Cp2__stability_core_3,c683c10822cc59ae7587,C_vs_Cp2,stability_core_3,fl3_entitled,discovery,joint_gaussian_regularized_cluster,measurement_missingness_concentration,2.0,1.0,6,True,mixed_gate_limited,no_single_gate_rescue_or_dominant_failure_category,multiple,4000,1.0,1.0,"{""control_contamination_limited"":0,""directionality_limited"":0,""effect_limited"":0,""effective_support_limited"":0,""specificity_limited"":0,""statistical_resolution_limited"":0,""structurally_unavailable"":0}","{""control_contamination_limited"":0.81625,""directionality_limited"":0.0995,""effect_limited"":0.09949999999999999,""effective_support_limited"":1.0,""specificity_limited"":0.46799999999999997,""statistical_resolution_limited"":1.0,""structurally_unavailable"":0.0}","{""cluster_uncertainty_pass"":0,""complement_admissible_pass"":0,""control_adjusted_contrast_pass"":0,""control_specificity_pass"":0,""effect_direction_reproduced_pass"":0,""minimum_effect_pass"":0,""multiplicity_adjusted_threshold_pass"":0,""raw_statistical_threshold_pass"":0,""support_available_pass"":0,""target_contrast_positive_pass"":0}",0.0,0.0
d10b3aec4edc47fefb2bd92f,C_vs_Cp3__geometry_scores_only,8eb760d133ac749e3327,C_vs_Cp3,geometry_scores_only,fl3_entitlement_capped,discovery,joint_gaussian_regularized_cluster,measurement_missingness_concentration,0.0,0.0,6,True,mixed_gate_limited,no_single_gate_rescue_or_dominant_failure_category,multiple,4000,1.0,0.99875,"{""control_contamination_limited"":0,""directionality_limited"":0,""effect_limited"":0,""effective_support_limited"":0,""specificity_limited"":0,""statistical_resolution_limited"":0,""structurally_unavailable"":0}","{""control_contamination_limited"":1.0,""directionality_limited"":1.0,""effect_limited"":1.0,""effective_support_limited"":1.0,""specificity_limited"":1.0,""statistical_resolution_limited"":1.0,""structurally_unavailable"":0.000625}","{""cluster_uncertainty_pass"":0,""complement_admissible_pass"":0,""control_adjusted_contrast_pass"":0,""control_specificity_pass"":0,""effect_direction_reproduced_pass"":0,""minimum_effect_pass"":0,""multiplicity_adjusted_threshold_pass"":0,""raw_statistical_threshold_pass"":0,""support_available_pass"":0,""target_contrast_positive_pass"":0}",0.0,0.0
d10b3aec4edc47fefb2bd92f,C_vs_Cp3__geometry_scores_only,8eb760d133ac749e3327,C_vs_Cp3,geometry_scores_only,fl3_entitlement_capped,discovery,joint_gaussian_regularized_cluster,measurement_missingness_concentration,0.25,0.0,6,True,mixed_gate_limited,no_single_gate_rescue_or_dominant_failure_category,multiple,4000,1.0,0.99825,"{""control_contamination_limited"":0,""directionality_limited"":0,""effect_limited"":0,""effective_support_limited"":0,""specificity_limited"":0,""statistical_resolution_limited"":0,""structurally_unavailable"":0}","{""control_contamination_limited"":0.111,""directionality_limited"":0.09925,""effect_limited"":0.21850000000000003,""effective_support_limited"":1.0,""specificity_limited"":0.09924999999999999,""statistical_resolution_limited"":1.0,""structurally_unavailable"":0.000875}","{""cluster_uncertainty_pass"":0,""complement_admissible_pass"":0,""control_adjusted_contrast_pass"":0,""control_specificity_pass"":0,""effect_direction_reproduced_pass"":0,""minimum_effect_pass"":0,""multiplicity_adjusted_threshold_pass"":0,""raw_statistical_threshold_pass"":0,""support_available_pass"":0,""target_contrast_positive_pass"":0}",0.0,0.0
d10b3aec4edc47fefb2bd92f,C_vs_Cp3__geometry_scores_only,8eb760d133ac749e3327,C_vs_Cp3,geometry_scores_only,fl3_entitlement_capped,discovery,joint_gaussian_regularized_cluster,measurement_missingness_concentration,0.5,0.0,6,True,mixed_gate_limited,no_single_gate_rescue_or_dominant_failure_category,multiple,4000,1.0,0.99775,"{""control_contamination_limited"":0,""directionality_limited"":0,""effect_limited"":0,""effective_support_limited"":0,""specificity_limited"":0,""statistical_resolution_limited"":0,""structurally_unavailable"":0}","{""control_contamination_limited"":0.096,""directionality_limited"":0.096,""effect_limited"":0.09775,""effective_support_limited"":1.0,""specificity_limited"":0.096,""statistical_resolution_limited"":1.0,""structurally_unavailable"":0.0011250000000000001}","{""cluster_uncertainty_pass"":0,""complement_admissible_pass"":0,""control_adjusted_contrast_pass"":0,""control_specificity_pass"":0,""effect_direction_reproduced_pass"":0,""minimum_effect_pass"":0,""multiplicity_adjusted_threshold_pass"":0,""raw_statistical_threshold_pass"":0,""support_available_pass"":0,""target_contrast_positive_pass"":0}",0.0,0.0
d10b3aec4edc47fefb2bd92f,C_vs_Cp3__geometry_scores_only,8eb760d133ac749e3327,C_vs_Cp3,geometry_scores_only,fl3_entitlement_capped,discovery,joint_gaussian_regularized_cluster,measurement_missingness_concentration,0.75,0.0,6,True,mixed_gate_limited,no_single_gate_rescue_or_dominant_failure_category,multiple,4000,1.0,0.99975,"{""control_contamination_limited"":0,""directionality_limited"":0,""effect_limited"":0,""effective_support_limited"":0,""specificity_limited"":0,""statistical_resolution_limited"":0,""structurally_unavailable"":0}","{""control_contamination_limited"":0.102,""directionality_limited"":0.10200000000000001,""effect_limited"":0.102,""effective_support_limited"":1.0,""specificity_limited"":0.102,""statistical_resolution_limited"":1.0,""structurally_unavailable"":0.000125}","{""cluster_uncertainty_pass"":0,""complement_admissible_pass"":0,""control_adjusted_contrast_pass"":0,""control_specificity_pass"":0,""effect_direction_reproduced_pass"":0,""minimum_effect_pass"":0,""multiplicity_adjusted_threshold_pass"":0,""raw_statistical_threshold_pass"":0,""support_available_pass"":0,""target_contrast_positive_pass"":0}",0.0,0.0
d10b3aec4edc47fefb2bd92f,C_vs_Cp3__geometry_scores_only,8eb760d133ac749e3327,C_vs_Cp3,geometry_scores_only,fl3_entitlement_capped,discovery,joint_gaussian_regularized_cluster,measurement_missingness_concentration,1.0,0.0,6,True,mixed_gate_limited,no_single_gate_rescue_or_dominant_failure_category,multiple,4000,1.0,0.99925,"{""control_contamination_limited"":0,""directionality_limited"":0,""effect_limited"":0,""effective_support_limited"":0,""specificity_limited"":0,""statistical_resolution_limited"":0,""structurally_unavailable"":0}","{""control_contamination_limited"":0.09100000000000001,""directionality_limited"":0.09100000000000001,""effect_limited"":0.09100000000000001,""effective_support_limited"":1.0,""specificity_limited"":0.09100000000000001,""statistical_resolution_limited"":1.0,""structurally_unavailable"":0.000375}","{""cluster_uncertainty_pass"":0,""complement_admissible_pass"":0,""control_adjusted_contrast_pass"":0,""control_specificity_pass"":0,""effect_direction_reproduced_pass"":0,""minimum_effect_pass"":0,""multiplicity_adjusted_threshold_pass"":0,""raw_statistical_threshold_pass"":0,""support_available_pass"":0,""target_contrast_positive_pass"":0}",0.0,0.0
d10b3aec4edc47fefb2bd92f,C_vs_Cp3__geometry_scores_only,8eb760d133ac749e3327,C_vs_Cp3,geometry_scores_only,fl3_entitlement_capped,discovery,joint_gaussian_regularized_cluster,measurement_missingness_concentration,1.5,0.0,6,True,mixed_gate_limited,no_single_gate_rescue_or_dominant_failure_category,multiple,4000,1.0,0.99975,"{""control_contamination_limited"":0,""directionality_limited"":0,""effect_limited"":0,""effective_support_limited"":0,""specificity_limited"":0,""statistical_resolution_limited"":0,""structurally_unavailable"":0}","{""control_contamination_limited"":0.08675,""directionality_limited"":0.08675000000000001,""effect_limited"":0.08675,""effective_support_limited"":1.0,""specificity_limited"":0.08675,""statistical_resolution_limited"":1.0,""structurally_unavailable"":0.000125}","{""cluster_uncertainty_pass"":0,""complement_admissible_pass"":0,""control_adjusted_contrast_pass"":0,""control_specificity_pass"":0,""effect_direction_reproduced_pass"":0,""minimum_effect_pass"":0,""multiplicity_adjusted_threshold_pass"":0,""raw_statistical_threshold_pass"":0,""support_available_pass"":0,""target_contrast_positive_pass"":0}",0.0,0.0
d10b3aec4edc47fefb2bd92f,C_vs_Cp3__geometry_scores_only,8eb760d133ac749e3327,C_vs_Cp3,geometry_scores_only,fl3_entitlement_capped,discovery,joint_gaussian_regularized_cluster,measurement_missingness_concentration,2.0,0.0,6,True,mixed_gate_limited,no_single_gate_rescue_or_dominant_failure_category,multiple,4000,1.0,0.99925,"{""control_contamination_limited"":0,""directionality_limited"":0,""effect_limited"":0,""effective_support_limited"":0,""specificity_limited"":0,""statistical_resolution_limited"":0,""structurally_unavailable"":0}","{""control_contamination_limited"":0.08850000000000001,""directionality_limited"":0.08850000000000001,""effect_limited"":0.08850000000000001,""effective_support_limited"":1.0,""specificity_limited"":0.08850000000000001,""statistical_resolution_limited"":1.0,""structurally_unavailable"":0.000375}","{""cluster_uncertainty_pass"":0,""complement_admissible_pass"":0,""control_adjusted_contrast_pass"":0,""control_specificity_pass"":0,""effect_direction_reproduced_pass"":0,""minimum_effect_pass"":0,""multiplicity_adjusted_threshold_pass"":0,""raw_statistical_threshold_pass"":0,""support_available_pass"":0,""target_contrast_positive_pass"":0}",0.0,0.0
d10b3aec4edc47fefb2bd92f,C_vs_Cp3__geometry_scores_only,8eb760d133ac749e3327,C_vs_Cp3,geometry_scores_only,fl3_entitlement_capped,discovery,joint_gaussian_regularized_cluster,measurement_missingness_concentration,0.25,0.25,6,True,mixed_gate_limited,no_single_gate_rescue_or_dominant_failure_category,multiple,4000,1.0,0.99925,"{""control_contamination_limited"":0,""directionality_limited"":0,""effect_limited"":0,""effective_support_limited"":0,""specificity_limited"":0,""statistical_resolution_limited"":0,""structurally_unavailable"":0}","{""control_contamination_limited"":0.18975,""directionality_limited"":0.0955,""effect_limited"":0.20500000000000002,""effective_support_limited"":1.0,""specificity_limited"":0.10600000000000001,""statistical_resolution_limited"":1.0,""structurally_unavailable"":0.000375}","{""cluster_uncertainty_pass"":0,""complement_admissible_pass"":0,""control_adjusted_contrast_pass"":0,""control_specificity_pass"":0,""effect_direction_reproduced_pass"":0,""minimum_effect_pass"":0,""multiplicity_adjusted_threshold_pass"":0,""raw_statistical_threshold_pass"":0,""support_available_pass"":0,""target_contrast_positive_pass"":0}",0.0,0.0
d10b3aec4edc47fefb2bd92f,C_vs_Cp3__geometry_scores_only,8eb760d133ac749e3327,C_vs_Cp3,geometry_scores_only,fl3_entitlement_capped,discovery,joint_gaussian_regularized_cluster,measurement_missingness_concentration,0.5,0.25,6,True,mixed_gate_limited,no_single_gate_rescue_or_dominant_failure_category,multiple,4000,1.0,0.999,"{""control_contamination_limited"":0,""directionality_limited"":0,""effect_limited"":0,""effective_support_limited"":0,""specificity_limited"":0,""statistical_resolution_limited"":0,""structurally_unavailable"":0}","{""control_contamination_limited"":0.11499999999999999,""directionality_limited"":0.09625,""effect_limited"":0.10099999999999999,""effective_support_limited"":1.0,""specificity_limited"":0.09824999999999999,""statistical_resolution_limited"":1.0,""structurally_unavailable"":0.0005}","{""cluster_uncertainty_pass"":0,""complement_admissible_pass"":0,""control_adjusted_contrast_pass"":0,""control_specificity_pass"":0,""effect_direction_reproduced_pass"":0,""minimum_effect_pass"":0,""multiplicity_adjusted_threshold_pass"":0,""raw_statistical_threshold_pass"":0,""support_available_pass"":0,""target_contrast_positive_pass"":0}",0.0,0.0
d10b3aec4edc47fefb2bd92f,C_vs_Cp3__geometry_scores_only,8eb760d133ac749e3327,C_vs_Cp3,geometry_scores_only,fl3_entitlement_capped,discovery,joint_gaussian_regularized_cluster,measurement_missingness_concentration,0.75,0.25,6,True,mixed_gate_limited,no_single_gate_rescue_or_dominant_failure_category,multiple,4000,1.0,0.99825,"{""control_contamination_limited"":0,""directionality_limited"":0,""effect_limited"":0,""effective_support_limited"":0,""specificity_limited"":0,""statistical_resolution_limited"":0,""structurally_unavailable"":0}","{""control_contamination_limited"":0.098,""directionality_limited"":0.09375,""effect_limited"":0.09375,""effective_support_limited"":1.0,""specificity_limited"":0.09425,""statistical_resolution_limited"":1.0,""structurally_unavailable"":0.000875}","{""cluster_uncertainty_pass"":0,""complement_admissible_pass"":0,""control_adjusted_contrast_pass"":0,""control_specificity_pass"":0,""effect_direction_reproduced_pass"":0,""minimum_effect_pass"":0,""multiplicity_adjusted_threshold_pass"":0,""raw_statistical_threshold_pass"":0,""support_available_pass"":0,""target_contrast_positive_pass"":0}",0.0,0.0
d10b3aec4edc47fefb2bd92f,C_vs_Cp3__geometry_scores_only,8eb760d133ac749e3327,C_vs_Cp3,geometry_scores_only,fl3_entitlement_capped,discovery,joint_gaussian_regularized_cluster,measurement_missingness_concentration,1.0,0.25,6,True,mixed_gate_limited,no_single_gate_rescue_or_dominant_failure_category,multiple,4000,0.99975,0.99975,"{""control_contamination_limited"":0,""directionality_limited"":0,""effect_limited"":0,""effective_support_limited"":0,""specificity_limited"":0,""statistical_resolution_limited"":0,""structurally_unavailable"":0}","{""control_contamination_limited"":0.1045,""directionality_limited"":0.10400000000000001,""effect_limited"":0.104,""effective_support_limited"":1.0,""specificity_limited"":0.104,""statistical_resolution_limited"":1.0,""structurally_unavailable"":0.00025}","{""cluster_uncertainty_pass"":0,""complement_admissible_pass"":0,""control_adjusted_contrast_pass"":0,""control_specificity_pass"":0,""effect_direction_reproduced_pass"":0,""minimum_effect_pass"":0,""multiplicity_adjusted_threshold_pass"":0,""raw_statistical_threshold_pass"":0,""support_available_pass"":0,""target_contrast_positive_pass"":0}",0.0,0.0
d10b3aec4edc47fefb2bd92f,C_vs_Cp3__geometry_scores_only,8eb760d133ac749e3327,C_vs_Cp3,geometry_scores_only,fl3_entitlement_capped,discovery,joint_gaussian_regularized_cluster,measurement_missingness_concentration,1.5,0.25,6,True,mixed_gate_limited,no_single_gate_rescue_or_dominant_failure_category,multiple,4000,1.0,0.99925,"{""control_contamination_limited"":0,""directionality_limited"":0,""effect_limited"":0,""effective_support_limited"":0,""specificity_limited"":0,""statistical_resolution_limited"":0,""structurally_unavailable"":0}","{""control_contamination_limited"":0.11025,""directionality_limited"":0.11000000000000001,""effect_limited"":0.11,""effective_support_limited"":1.0,""specificity_limited"":0.11,""statistical_resolution_limited"":1.0,""structurally_unavailable"":0.000375}","{""cluster_uncertainty_pass"":0,""complement_admissible_pass"":0,""control_adjusted_contrast_pass"":0,""control_specificity_pass"":0,""effect_direction_reproduced_pass"":0,""minimum_effect_pass"":0,""multiplicity_adjusted_threshold_pass"":0,""raw_statistical_threshold_pass"":0,""support_available_pass"":0,""target_contrast_positive_pass"":0}",0.0,0.0
d10b3aec4edc47fefb2bd92f,C_vs_Cp3__geometry_scores_only,8eb760d133ac749e3327,C_vs_Cp3,geometry_scores_only,fl3_entitlement_capped,discovery,joint_gaussian_regularized_cluster,measurement_missingness_concentration,2.0,0.25,6,True,mixed_gate_limited,no_single_gate_rescue_or_dominant_failure_category,multiple,4000,1.0,0.99875,"{""control_contamination_limited"":0,""directionality_limited"":0,""effect_limited"":0,""effective_support_limited"":0,""specificity_limited"":0,""statistical_resolution_limited"":0,""structurally_unavailable"":0}","{""control_contamination_limited"":0.09325000000000001,""directionality_limited"":0.09325000000000001,""effect_limited"":0.09325000000000001,""effective_support_limited"":1.0,""specificity_limited"":0.09325000000000001,""statistical_resolution_limited"":1.0,""structurally_unavailable"":0.000625}","{""cluster_uncertainty_pass"":0,""complement_admissible_pass"":0,""control_adjusted_contrast_pass"":0,""control_specificity_pass"":0,""effect_direction_reproduced_pass"":0,""minimum_effect_pass"":0,""multiplicity_adjusted_threshold_pass"":0,""raw_statistical_threshold_pass"":0,""support_available_pass"":0,""target_contrast_positive_pass"":0}",0.0,0.0
d10b3aec4edc47fefb2bd92f,C_vs_Cp3__geometry_scores_only,8eb760d133ac749e3327,C_vs_Cp3,geometry_scores_only,fl3_entitlement_capped,discovery,joint_gaussian_regularized_cluster,measurement_missingness_concentration,0.25,0.5,6,True,mixed_gate_limited,no_single_gate_rescue_or_dominant_failure_category,multiple,4000,1.0,0.999,"{""control_contamination_limited"":0,""directionality_limited"":0,""effect_limited"":0,""effective_support_limited"":0,""specificity_limited"":0,""statistical_resolution_limited"":0,""structurally_unavailable"":0}","{""control_contamination_limited"":0.39999999999999997,""directionality_limited"":0.08625000000000001,""effect_limited"":0.21400000000000002,""effective_support_limited"":1.0,""specificity_limited"":0.15525,""statistical_resolution_limited"":1.0,""structurally_unavailable"":0.0005}","{""cluster_uncertainty_pass"":0,""complement_admissible_pass"":0,""control_adjusted_contrast_pass"":0,""control_specificity_pass"":0,""effect_direction_reproduced_pass"":0,""minimum_effect_pass"":0,""multiplicity_adjusted_threshold_pass"":0,""raw_statistical_threshold_pass"":0,""support_available_pass"":0,""target_contrast_positive_pass"":0}",0.0,0.0
d10b3aec4edc47fefb2bd92f,C_vs_Cp3__geometry_scores_only,8eb760d133ac749e3327,C_vs_Cp3,geometry_scores_only,fl3_entitlement_capped,discovery,joint_gaussian_regularized_cluster,measurement_missingness_concentration,0.5,0.5,6,True,mixed_gate_limited,no_single_gate_rescue_or_dominant_failure_category,multiple,4000,1.0,0.9995,"{""control_contamination_limited"":0,""directionality_limited"":0,""effect_limited"":0,""effective_support_limited"":0,""specificity_limited"":0,""statistical_resolution_limited"":0,""structurally_unavailable"":0}","{""control_contamination_limited"":0.21375000000000002,""directionality_limited"":0.0995,""effect_limited"":0.101,""effective_support_limited"":1.0,""specificity_limited"":0.1255,""statistical_resolution_limited"":1.0,""structurally_unavailable"":0.00025}","{""cluster_uncertainty_pass"":0,""complement_admissible_pass"":0,""control_adjusted_contrast_pass"":0,""control_specificity_pass"":0,""effect_direction_reproduced_pass"":0,""minimum_effect_pass"":0,""multiplicity_adjusted_threshold_pass"":0,""raw_statistical_threshold_pass"":0,""support_available_pass"":0,""target_contrast_positive_pass"":0}",0.0,0.0
d10b3aec4edc47fefb2bd92f,C_vs_Cp3__geometry_scores_only,8eb760d133ac749e3327,C_vs_Cp3,geometry_scores_only,fl3_entitlement_capped,discovery,joint_gaussian_regularized_cluster,measurement_missingness_concentration,0.75,0.5,6,True,mixed_gate_limited,no_single_gate_rescue_or_dominant_failure_category,multiple,4000,1.0,0.99925,"{""control_contamination_limited"":0,""directionality_limited"":0,""effect_limited"":0,""effective_support_limited"":0,""specificity_limited"":0,""statistical_resolution_limited"":0,""structurally_unavailable"":0}","{""control_contamination_limited"":0.15775,""directionality_limited"":0.09325,""effect_limited"":0.09325,""effective_support_limited"":1.0,""specificity_limited"":0.11249999999999999,""statistical_resolution_limited"":1.0,""structurally_unavailable"":0.000375}","{""cluster_uncertainty_pass"":0,""complement_admissible_pass"":0,""control_adjusted_contrast_pass"":0,""control_specificity_pass"":0,""effect_direction_reproduced_pass"":0,""minimum_effect_pass"":0,""multiplicity_adjusted_threshold_pass"":0,""raw_statistical_threshold_pass"":0,""support_available_pass"":0,""target_contrast_positive_pass"":0}",0.0,0.0
d10b3aec4edc47fefb2bd92f,C_vs_Cp3__geometry_scores_only,8eb760d133ac749e3327,C_vs_Cp3,geometry_scores_only,fl3_entitlement_capped,discovery,joint_gaussian_regularized_cluster,measurement_missingness_concentration,1.0,0.5,6,True,mixed_gate_limited,no_single_gate_rescue_or_dominant_failure_category,multiple,4000,1.0,0.9995,"{""control_contamination_limited"":0,""directionality_limited"":0,""effect_limited"":0,""effective_support_limited"":0,""specificity_limited"":0,""statistical_resolution_limited"":0,""structurally_unavailable"":0}","{""control_contamination_limited"":0.14400000000000002,""directionality_limited"":0.10400000000000001,""effect_limited"":0.104,""effective_support_limited"":1.0,""specificity_limited"":0.11374999999999999,""statistical_resolution_limited"":1.0,""structurally_unavailable"":0.00025}","{""cluster_uncertainty_pass"":0,""complement_admissible_pass"":0,""control_adjusted_contrast_pass"":0,""control_specificity_pass"":0,""effect_direction_reproduced_pass"":0,""minimum_effect_pass"":0,""multiplicity_adjusted_threshold_pass"":0,""raw_statistical_threshold_pass"":0,""support_available_pass"":0,""target_contrast_positive_pass"":0}",0.0,0.0
d10b3aec4edc47fefb2bd92f,C_vs_Cp3__geometry_scores_only,8eb760d133ac749e3327,C_vs_Cp3,geometry_scores_only,fl3_entitlement_capped,discovery,joint_gaussian_regularized_cluster,measurement_missingness_concentration,1.5,0.5,6,True,mixed_gate_limited,no_single_gate_rescue_or_dominant_failure_category,multiple,4000,1.0,0.99925,"{""control_contamination_limited"":0,""directionality_limited"":0,""effect_limited"":0,""effective_support_limited"":0,""specificity_limited"":0,""statistical_resolution_limited"":0,""structurally_unavailable"":0}","{""control_contamination_limited"":0.1175,""directionality_limited"":0.09700000000000002,""effect_limited"":0.09700000000000002,""effective_support_limited"":1.0,""specificity_limited"":0.1,""statistical_resolution_limited"":1.0,""structurally_unavailable"":0.000375}","{""cluster_uncertainty_pass"":0,""complement_admissible_pass"":0,""control_adjusted_contrast_pass"":0,""control_specificity_pass"":0,""effect_direction_reproduced_pass"":0,""minimum_effect_pass"":0,""multiplicity_adjusted_threshold_pass"":0,""raw_statistical_threshold_pass"":0,""support_available_pass"":0,""target_contrast_positive_pass"":0}",0.0,0.0
d10b3aec4edc47fefb2bd92f,C_vs_Cp3__geometry_scores_only,8eb760d133ac749e3327,C_vs_Cp3,geometry_scores_only,fl3_entitlement_capped,discovery,joint_gaussian_regularized_cluster,measurement_missingness_concentration,2.0,0.5,6,True,mixed_gate_limited,no_single_gate_rescue_or_dominant_failure_category,multiple,4000,1.0,0.999,"{""control_contamination_limited"":0,""directionality_limited"":0,""effect_limited"":0,""effective_support_limited"":0,""specificity_limited"":0,""statistical_resolution_limited"":0,""structurally_unavailable"":0}","{""control_contamination_limited"":0.096,""directionality_limited"":0.08425,""effect_limited"":0.08425,""effective_support_limited"":1.0,""specificity_limited"":0.087,""statistical_resolution_limited"":1.0,""structurally_unavailable"":0.0005}","{""cluster_uncertainty_pass"":0,""complement_admissible_pass"":0,""control_adjusted_contrast_pass"":0,""control_specificity_pass"":0,""effect_direction_reproduced_pass"":0,""minimum_effect_pass"":0,""multiplicity_adjusted_threshold_pass"":0,""raw_statistical_threshold_pass"":0,""support_available_pass"":0,""target_contrast_positive_pass"":0}",0.0,0.0
d10b3aec4edc47fefb2bd92f,C_vs_Cp3__geometry_scores_only,8eb760d133ac749e3327,C_vs_Cp3,geometry_scores_only,fl3_entitlement_capped,discovery,joint_gaussian_regularized_cluster,measurement_missingness_concentration,0.25,1.0,6,True,mixed_gate_limited,no_single_gate_rescue_or_dominant_failure_category,multiple,4000,1.0,0.999,"{""control_contamination_limited"":0,""directionality_limited"":0,""effect_limited"":0,""effective_support_limited"":0,""specificity_limited"":0,""statistical_resolution_limited"":0,""structurally_unavailable"":0}","{""control_contamination_limited"":0.777,""directionality_limited"":0.10774999999999998,""effect_limited"":0.23625,""effective_support_limited"":1.0,""specificity_limited"":0.47724999999999995,""statistical_resolution_limited"":1.0,""structurally_unavailable"":0.0005}","{""cluster_uncertainty_pass"":0,""complement_admissible_pass"":0,""control_adjusted_contrast_pass"":0,""control_specificity_pass"":0,""effect_direction_reproduced_pass"":0,""minimum_effect_pass"":0,""multiplicity_adjusted_threshold_pass"":0,""raw_statistical_threshold_pass"":0,""support_available_pass"":0,""target_contrast_positive_pass"":0}",0.0,0.0
d10b3aec4edc47fefb2bd92f,C_vs_Cp3__geometry_scores_only,8eb760d133ac749e3327,C_vs_Cp3,geometry_scores_only,fl3_entitlement_capped,discovery,joint_gaussian_regularized_cluster,measurement_missingness_concentration,0.5,1.0,6,True,mixed_gate_limited,no_single_gate_rescue_or_dominant_failure_category,multiple,4000,1.0,0.99975,"{""control_contamination_limited"":0,""directionality_limited"":0,""effect_limited"":0,""effective_support_limited"":0,""specificity_limited"":0,""statistical_resolution_limited"":0,""structurally_unavailable"":0}","{""control_contamination_limited"":0.74175,""directionality_limited"":0.08475,""effect_limited"":0.08625000000000001,""effective_support_limited"":1.0,""specificity_limited"":0.47,""statistical_resolution_limited"":1.0,""structurally_unavailable"":0.000125}","{""cluster_uncertainty_pass"":0,""complement_admissible_pass"":0,""control_adjusted_contrast_pass"":0,""control_specificity_pass"":0,""effect_direction_reproduced_pass"":0,""minimum_effect_pass"":0,""multiplicity_adjusted_threshold_pass"":0,""raw_statistical_threshold_pass"":0,""support_available_pass"":0,""target_contrast_positive_pass"":0}",0.0,0.0
d10b3aec4edc47fefb2bd92f,C_vs_Cp3__geometry_scores_only,8eb760d133ac749e3327,C_vs_Cp3,geometry_scores_only,fl3_entitlement_capped,discovery,joint_gaussian_regularized_cluster,measurement_missingness_concentration,0.75,1.0,6,True,mixed_gate_limited,no_single_gate_rescue_or_dominant_failure_category,multiple,4000,1.0,0.99875,"{""control_contamination_limited"":0,""directionality_limited"":0,""effect_limited"":0,""effective_support_limited"":0,""specificity_limited"":0,""statistical_resolution_limited"":0,""structurally_unavailable"":0}","{""control_contamination_limited"":0.74275,""directionality_limited"":0.093,""effect_limited"":0.093,""effective_support_limited"":1.0,""specificity_limited"":0.47175000000000006,""statistical_resolution_limited"":1.0,""structurally_unavailable"":0.000625}","{""cluster_uncertainty_pass"":0,""complement_admissible_pass"":0,""control_adjusted_contrast_pass"":0,""control_specificity_pass"":0,""effect_direction_reproduced_pass"":0,""minimum_effect_pass"":0,""multiplicity_adjusted_threshold_pass"":0,""raw_statistical_threshold_pass"":0,""support_available_pass"":0,""target_contrast_positive_pass"":0}",0.0,0.0
d10b3aec4edc47fefb2bd92f,C_vs_Cp3__geometry_scores_only,8eb760d133ac749e3327,C_vs_Cp3,geometry_scores_only,fl3_entitlement_capped,discovery,joint_gaussian_regularized_cluster,measurement_missingness_concentration,1.0,1.0,6,True,mixed_gate_limited,no_single_gate_rescue_or_dominant_failure_category,multiple,4000,1.0,0.99875,"{""control_contamination_limited"":0,""directionality_limited"":0,""effect_limited"":0,""effective_support_limited"":0,""specificity_limited"":0,""statistical_resolution_limited"":0,""structurally_unavailable"":0}","{""control_contamination_limited"":0.7404999999999999,""directionality_limited"":0.084,""effect_limited"":0.084,""effective_support_limited"":1.0,""specificity_limited"":0.47875,""statistical_resolution_limited"":1.0,""structurally_unavailable"":0.000625}","{""cluster_uncertainty_pass"":0,""complement_admissible_pass"":0,""control_adjusted_contrast_pass"":0,""control_specificity_pass"":0,""effect_direction_reproduced_pass"":0,""minimum_effect_pass"":0,""multiplicity_adjusted_threshold_pass"":0,""raw_statistical_threshold_pass"":0,""support_available_pass"":0,""target_contrast_positive_pass"":0}",0.0,0.0
d10b3aec4edc47fefb2bd92f,C_vs_Cp3__geometry_scores_only,8eb760d133ac749e3327,C_vs_Cp3,geometry_scores_only,fl3_entitlement_capped,discovery,joint_gaussian_regularized_cluster,measurement_missingness_concentration,1.5,1.0,6,True,mixed_gate_limited,no_single_gate_rescue_or_dominant_failure_category,multiple,4000,0.99975,0.9984999999999999,"{""control_contamination_limited"":0,""directionality_limited"":0,""effect_limited"":0,""effective_support_limited"":0,""specificity_limited"":0,""statistical_resolution_limited"":0,""structurally_unavailable"":0}","{""control_contamination_limited"":0.74825,""directionality_limited"":0.09075,""effect_limited"":0.09075,""effective_support_limited"":1.0,""specificity_limited"":0.47475,""statistical_resolution_limited"":1.0,""structurally_unavailable"":0.000875}","{""cluster_uncertainty_pass"":0,""complement_admissible_pass"":0,""control_adjusted_contrast_pass"":0,""control_specificity_pass"":0,""effect_direction_reproduced_pass"":0,""minimum_effect_pass"":0,""multiplicity_adjusted_threshold_pass"":0,""raw_statistical_threshold_pass"":0,""support_available_pass"":0,""target_contrast_positive_pass"":0}",0.0,0.0
d10b3aec4edc47fefb2bd92f,C_vs_Cp3__geometry_scores_only,8eb760d133ac749e3327,C_vs_Cp3,geometry_scores_only,fl3_entitlement_capped,discovery,joint_gaussian_regularized_cluster,measurement_missingness_concentration,2.0,1.0,6,True,mixed_gate_limited,no_single_gate_rescue_or_dominant_failure_category,multiple,4000,0.99975,0.9984999999999999,"{""control_contamination_limited"":0,""directionality_limited"":0,""effect_limited"":0,""effective_support_limited"":0,""specificity_limited"":0,""statistical_resolution_limited"":0,""structurally_unavailable"":0}","{""control_contamination_limited"":0.7685,""directionality_limited"":0.09325000000000001,""effect_limited"":0.09325,""effective_support_limited"":1.0,""specificity_limited"":0.47200000000000003,""statistical_resolution_limited"":1.0,""structurally_unavailable"":0.000875}","{""cluster_uncertainty_pass"":0,""complement_admissible_pass"":0,""control_adjusted_contrast_pass"":0,""control_specificity_pass"":0,""effect_direction_reproduced_pass"":0,""minimum_effect_pass"":0,""multiplicity_adjusted_threshold_pass"":0,""raw_statistical_threshold_pass"":0,""support_available_pass"":0,""target_contrast_positive_pass"":0}",0.0,0.0
fe17c18b39eb86c6e9f982bd,C_vs_Cp3__path_shares_only,28ecf7e42b861405b6b3,C_vs_Cp3,path_shares_only,fl3_entitled,discovery,joint_gaussian_regularized_cluster,measurement_missingness_concentration,0.0,0.0,6,True,mixed_gate_limited,no_single_gate_rescue_or_dominant_failure_category,multiple,4000,1.0,0.99975,"{""control_contamination_limited"":0,""directionality_limited"":0,""effect_limited"":0,""effective_support_limited"":0,""specificity_limited"":0,""statistical_resolution_limited"":0,""structurally_unavailable"":0}","{""control_contamination_limited"":1.0,""directionality_limited"":1.0,""effect_limited"":1.0,""effective_support_limited"":1.0,""specificity_limited"":1.0,""statistical_resolution_limited"":1.0,""structurally_unavailable"":0.000125}","{""cluster_uncertainty_pass"":0,""complement_admissible_pass"":0,""control_adjusted_contrast_pass"":0,""control_specificity_pass"":0,""effect_direction_reproduced_pass"":0,""minimum_effect_pass"":0,""multiplicity_adjusted_threshold_pass"":0,""raw_statistical_threshold_pass"":0,""support_available_pass"":0,""target_contrast_positive_pass"":0}",0.0,0.0
03ef63db7584762143dc3914,three_way__no_window,114bd7932e0008f8ef79,three_way,no_window,fl3_entitlement_capped,discovery,joint_wild_cluster_rademacher,measurement_missingness_concentration,0.0,0.0,6,True,mixed_gate_limited,no_single_gate_rescue_or_dominant_failure_category,multiple,4000,1.0,0.999,"{""control_contamination_limited"":0,""directionality_limited"":0,""effect_limited"":0,""effective_support_limited"":0,""specificity_limited"":0,""statistical_resolution_limited"":0,""structurally_unavailable"":0}","{""control_contamination_limited"":1.0,""directionality_limited"":1.0,""effect_limited"":1.0,""effective_support_limited"":1.0,""specificity_limited"":1.0,""statistical_resolution_limited"":1.0,""structurally_unavailable"":0.0005}","{""cluster_uncertainty_pass"":0,""complement_admissible_pass"":0,""control_adjusted_contrast_pass"":0,""control_specificity_pass"":0,""effect_direction_reproduced_pass"":0,""minimum_effect_pass"":0,""multiplicity_adjusted_threshold_pass"":0,""raw_statistical_threshold_pass"":0,""support_available_pass"":0,""target_contrast_positive_pass"":0}",0.0,0.0
1cce3e5fe7c50070e58676c9,Cp2_vs_Cp3__strict_numeric_all,0262d70dda595cb6cda6,Cp2_vs_Cp3,strict_numeric_all,fl3_entitlement_capped,discovery,joint_wild_cluster_rademacher,measurement_missingness_concentration,0.0,0.0,6,True,mixed_gate_limited,no_single_gate_rescue_or_dominant_failure_category,multiple,4000,1.0,0.99425,"{""control_contamination_limited"":0,""directionality_limited"":0,""effect_limited"":0,""effective_support_limited"":0,""specificity_limited"":0,""statistical_resolution_limited"":0,""structurally_unavailable"":0}","{""control_contamination_limited"":1.0,""directionality_limited"":1.0,""effect_limited"":1.0,""effective_support_limited"":1.0,""specificity_limited"":1.0,""statistical_resolution_limited"":1.0,""structurally_unavailable"":0.002875}","{""cluster_uncertainty_pass"":0,""complement_admissible_pass"":0,""control_adjusted_contrast_pass"":0,""control_specificity_pass"":0,""effect_direction_reproduced_pass"":0,""minimum_effect_pass"":0,""multiplicity_adjusted_threshold_pass"":0,""raw_statistical_threshold_pass"":0,""support_available_pass"":0,""target_contrast_positive_pass"":0}",0.0,0.0
1dbc920edffba9363b404b4e,Cp2_vs_Cp3__stability_plus_geometry,3e971f0bc08c8189f389,Cp2_vs_Cp3,stability_plus_geometry,fl3_entitled,discovery,joint_wild_cluster_rademacher,measurement_missingness_concentration,0.0,0.0,6,True,mixed_gate_limited,no_single_gate_rescue_or_dominant_failure_category,multiple,4000,0.99975,0.997,"{""control_contamination_limited"":0,""directionality_limited"":0,""effect_limited"":0,""effective_support_limited"":0,""specificity_limited"":0,""statistical_resolution_limited"":0,""structurally_unavailable"":0}","{""control_contamination_limited"":1.0,""directionality_limited"":1.0,""effect_limited"":1.0,""effective_support_limited"":1.0,""specificity_limited"":1.0,""statistical_resolution_limited"":1.0,""structurally_unavailable"":0.0016249999999999997}","{""cluster_uncertainty_pass"":0,""complement_admissible_pass"":0,""control_adjusted_contrast_pass"":0,""control_specificity_pass"":0,""effect_direction_reproduced_pass"":0,""minimum_effect_pass"":0,""multiplicity_adjusted_threshold_pass"":0,""raw_statistical_threshold_pass"":0,""support_available_pass"":0,""target_contrast_positive_pass"":0}",0.0,0.0
1dbc920edffba9363b404b4e,Cp2_vs_Cp3__stability_plus_geometry,3e971f0bc08c8189f389,Cp2_vs_Cp3,stability_plus_geometry,fl3_entitled,discovery,joint_wild_cluster_rademacher,measurement_missingness_concentration,0.25,0.0,6,True,mixed_gate_limited,no_single_gate_rescue_or_dominant_failure_category,multiple,4000,0.99975,0.998,"{""control_contamination_limited"":0,""directionality_limited"":0,""effect_limited"":0,""effective_support_limited"":0,""specificity_limited"":0,""statistical_resolution_limited"":0,""structurally_unavailable"":0}","{""control_contamination_limited"":0.1335,""directionality_limited"":0.11000000000000001,""effect_limited"":0.2565,""effective_support_limited"":1.0,""specificity_limited"":0.11,""statistical_resolution_limited"":1.0,""structurally_unavailable"":0.0011250000000000001}","{""cluster_uncertainty_pass"":0,""complement_admissible_pass"":0,""control_adjusted_contrast_pass"":0,""control_specificity_pass"":0,""effect_direction_reproduced_pass"":0,""minimum_effect_pass"":0,""multiplicity_adjusted_threshold_pass"":0,""raw_statistical_threshold_pass"":0,""support_available_pass"":0,""target_contrast_positive_pass"":0}",0.0,0.0
1dbc920edffba9363b404b4e,Cp2_vs_Cp3__stability_plus_geometry,3e971f0bc08c8189f389,Cp2_vs_Cp3,stability_plus_geometry,fl3_entitled,discovery,joint_wild_cluster_rademacher,measurement_missingness_concentration,0.5,0.0,6,True,mixed_gate_limited,no_single_gate_rescue_or_dominant_failure_category,multiple,4000,1.0,0.99975,"{""control_contamination_limited"":0,""directionality_limited"":0,""effect_limited"":0,""effective_support_limited"":0,""specificity_limited"":0,""statistical_resolution_limited"":0,""structurally_unavailable"":0}","{""control_contamination_limited"":0.08475,""directionality_limited"":0.08425,""effect_limited"":0.09125000000000001,""effective_support_limited"":1.0,""specificity_limited"":0.08425,""statistical_resolution_limited"":1.0,""structurally_unavailable"":0.000125}","{""cluster_uncertainty_pass"":0,""complement_admissible_pass"":0,""control_adjusted_contrast_pass"":0,""control_specificity_pass"":0,""effect_direction_reproduced_pass"":0,""minimum_effect_pass"":0,""multiplicity_adjusted_threshold_pass"":0,""raw_statistical_threshold_pass"":0,""support_available_pass"":0,""target_contrast_positive_pass"":0}",0.0,0.0
1dbc920edffba9363b404b4e,Cp2_vs_Cp3__stability_plus_geometry,3e971f0bc08c8189f389,Cp2_vs_Cp3,stability_plus_geometry,fl3_entitled,discovery,joint_wild_cluster_rademacher,measurement_missingness_concentration,0.75,0.0,6,True,mixed_gate_limited,no_single_gate_rescue_or_dominant_failure_category,multiple,4000,1.0,0.998,"{""control_contamination_limited"":0,""directionality_limited"":0,""effect_limited"":0,""effective_support_limited"":0,""specificity_limited"":0,""statistical_resolution_limited"":0,""structurally_unavailable"":0}","{""control_contamination_limited"":0.11574999999999999,""directionality_limited"":0.11574999999999999,""effect_limited"":0.11574999999999999,""effective_support_limited"":1.0,""specificity_limited"":0.11574999999999999,""statistical_resolution_limited"":1.0,""structurally_unavailable"":0.001}","{""cluster_uncertainty_pass"":0,""complement_admissible_pass"":0,""control_adjusted_contrast_pass"":0,""control_specificity_pass"":0,""effect_direction_reproduced_pass"":0,""minimum_effect_pass"":0,""multiplicity_adjusted_threshold_pass"":0,""raw_statistical_threshold_pass"":0,""support_available_pass"":0,""target_contrast_positive_pass"":0}",0.0,0.0
1dbc920edffba9363b404b4e,Cp2_vs_Cp3__stability_plus_geometry,3e971f0bc08c8189f389,Cp2_vs_Cp3,stability_plus_geometry,fl3_entitled,discovery,joint_wild_cluster_rademacher,measurement_missingness_concentration,1.0,0.0,6,True,mixed_gate_limited,no_single_gate_rescue_or_dominant_failure_category,multiple,4000,0.99975,0.99825,"{""control_contamination_limited"":0,""directionality_limited"":0,""effect_limited"":0,""effective_support_limited"":0,""specificity_limited"":0,""statistical_resolution_limited"":0,""structurally_unavailable"":0}","{""control_contamination_limited"":0.096,""directionality_limited"":0.096,""effect_limited"":0.096,""effective_support_limited"":1.0,""specificity_limited"":0.096,""statistical_resolution_limited"":1.0,""structurally_unavailable"":0.001}","{""cluster_uncertainty_pass"":0,""complement_admissible_pass"":0,""control_adjusted_contrast_pass"":0,""control_specificity_pass"":0,""effect_direction_reproduced_pass"":0,""minimum_effect_pass"":0,""multiplicity_adjusted_threshold_pass"":0,""raw_statistical_threshold_pass"":0,""support_available_pass"":0,""target_contrast_positive_pass"":0}",0.0,0.0
1dbc920edffba9363b404b4e,Cp2_vs_Cp3__stability_plus_geometry,3e971f0bc08c8189f389,Cp2_vs_Cp3,stability_plus_geometry,fl3_entitled,discovery,joint_wild_cluster_rademacher,measurement_missingness_concentration,1.5,0.0,6,True,mixed_gate_limited,no_single_gate_rescue_or_dominant_failure_category,multiple,4000,1.0,0.999,"{""control_contamination_limited"":0,""directionality_limited"":0,""effect_limited"":0,""effective_support_limited"":0,""specificity_limited"":0,""statistical_resolution_limited"":0,""structurally_unavailable"":0}","{""control_contamination_limited"":0.09075000000000001,""directionality_limited"":0.09075000000000001,""effect_limited"":0.09075000000000001,""effective_support_limited"":1.0,""specificity_limited"":0.09075000000000001,""statistical_resolution_limited"":1.0,""structurally_unavailable"":0.0005}","{""cluster_uncertainty_pass"":0,""complement_admissible_pass"":0,""control_adjusted_contrast_pass"":0,""control_specificity_pass"":0,""effect_direction_reproduced_pass"":0,""minimum_effect_pass"":0,""multiplicity_adjusted_threshold_pass"":0,""raw_statistical_threshold_pass"":0,""support_available_pass"":0,""target_contrast_positive_pass"":0}",0.0,0.0
1dbc920edffba9363b404b4e,Cp2_vs_Cp3__stability_plus_geometry,3e971f0bc08c8189f389,Cp2_vs_Cp3,stability_plus_geometry,fl3_entitled,discovery,joint_wild_cluster_rademacher,measurement_missingness_concentration,2.0,0.0,6,True,mixed_gate_limited,no_single_gate_rescue_or_dominant_failure_category,multiple,4000,0.99975,0.99825,"{""control_contamination_limited"":0,""directionality_limited"":0,""effect_limited"":0,""effective_support_limited"":0,""specificity_limited"":0,""statistical_resolution_limited"":0,""structurally_unavailable"":0}","{""control_contamination_limited"":0.09375,""directionality_limited"":0.09375,""effect_limited"":0.09375,""effective_support_limited"":1.0,""specificity_limited"":0.09375,""statistical_resolution_limited"":1.0,""structurally_unavailable"":0.001}","{""cluster_uncertainty_pass"":0,""complement_admissible_pass"":0,""control_adjusted_contrast_pass"":0,""control_specificity_pass"":0,""effect_direction_reproduced_pass"":0,""minimum_effect_pass"":0,""multiplicity_adjusted_threshold_pass"":0,""raw_statistical_threshold_pass"":0,""support_available_pass"":0,""target_contrast_positive_pass"":0}",0.0,0.0
1dbc920edffba9363b404b4e,Cp2_vs_Cp3__stability_plus_geometry,3e971f0bc08c8189f389,Cp2_vs_Cp3,stability_plus_geometry,fl3_entitled,discovery,joint_wild_cluster_rademacher,measurement_missingness_concentration,0.25,0.25,6,True,mixed_gate_limited,no_single_gate_rescue_or_dominant_failure_category,multiple,4000,1.0,0.99825,"{""control_contamination_limited"":0,""directionality_limited"":0,""effect_limited"":0,""effective_support_limited"":0,""specificity_limited"":0,""statistical_resolution_limited"":0,""structurally_unavailable"":0}","{""control_contamination_limited"":0.21475,""directionality_limited"":0.09,""effect_limited"":0.2385,""effective_support_limited"":1.0,""specificity_limited"":0.10974999999999999,""statistical_resolution_limited"":1.0,""structurally_unavailable"":0.000875}","{""cluster_uncertainty_pass"":0,""complement_admissible_pass"":0,""control_adjusted_contrast_pass"":0,""control_specificity_pass"":0,""effect_direction_reproduced_pass"":0,""minimum_effect_pass"":0,""multiplicity_adjusted_threshold_pass"":0,""raw_statistical_threshold_pass"":0,""support_available_pass"":0,""target_contrast_positive_pass"":0}",0.0,0.0
1dbc920edffba9363b404b4e,Cp2_vs_Cp3__stability_plus_geometry,3e971f0bc08c8189f389,Cp2_vs_Cp3,stability_plus_geometry,fl3_entitled,discovery,joint_wild_cluster_rademacher,measurement_missingness_concentration,0.5,0.25,6,True,mixed_gate_limited,no_single_gate_rescue_or_dominant_failure_category,multiple,4000,1.0,0.99825,"{""control_contamination_limited"":0,""directionality_limited"":0,""effect_limited"":0,""effective_support_limited"":0,""specificity_limited"":0,""statistical_resolution_limited"":0,""structurally_unavailable"":0}","{""control_contamination_limited"":0.131,""directionality_limited"":0.11074999999999999,""effect_limited"":0.11449999999999999,""effective_support_limited"":1.0,""specificity_limited"":0.11524999999999999,""statistical_resolution_limited"":1.0,""structurally_unavailable"":0.000875}","{""cluster_uncertainty_pass"":0,""complement_admissible_pass"":0,""control_adjusted_contrast_pass"":0,""control_specificity_pass"":0,""effect_direction_reproduced_pass"":0,""minimum_effect_pass"":0,""multiplicity_adjusted_threshold_pass"":0,""raw_statistical_threshold_pass"":0,""support_available_pass"":0,""target_contrast_positive_pass"":0}",0.0,0.0
1dbc920edffba9363b404b4e,Cp2_vs_Cp3__stability_plus_geometry,3e971f0bc08c8189f389,Cp2_vs_Cp3,stability_plus_geometry,fl3_entitled,discovery,joint_wild_cluster_rademacher,measurement_missingness_concentration,0.75,0.25,6,True,mixed_gate_limited,no_single_gate_rescue_or_dominant_failure_category,multiple,4000,1.0,0.99825,"{""control_contamination_limited"":0,""directionality_limited"":0,""effect_limited"":0,""effective_support_limited"":0,""specificity_limited"":0,""statistical_resolution_limited"":0,""structurally_unavailable"":0}","{""control_contamination_limited"":0.09875,""directionality_limited"":0.09125,""effect_limited"":0.09125,""effective_support_limited"":1.0,""specificity_limited"":0.09225,""statistical_resolution_limited"":1.0,""structurally_unavailable"":0.000875}","{""cluster_uncertainty_pass"":0,""complement_admissible_pass"":0,""control_adjusted_contrast_pass"":0,""control_specificity_pass"":0,""effect_direction_reproduced_pass"":0,""minimum_effect_pass"":0,""multiplicity_adjusted_threshold_pass"":0,""raw_statistical_threshold_pass"":0,""support_available_pass"":0,""target_contrast_positive_pass"":0}",0.0,0.0
1dbc920edffba9363b404b4e,Cp2_vs_Cp3__stability_plus_geometry,3e971f0bc08c8189f389,Cp2_vs_Cp3,stability_plus_geometry,fl3_entitled,discovery,joint_wild_cluster_rademacher,measurement_missingness_concentration,1.0,0.25,6,True,mixed_gate_limited,no_single_gate_rescue_or_dominant_failure_category,multiple,4000,0.99975,0.999,"{""control_contamination_limited"":0,""directionality_limited"":0,""effect_limited"":0,""effective_support_limited"":0,""specificity_limited"":0,""statistical_resolution_limited"":0,""structurally_unavailable"":0}","{""control_contamination_limited"":0.1015,""directionality_limited"":0.101,""effect_limited"":0.101,""effective_support_limited"":1.0,""specificity_limited"":0.10125,""statistical_resolution_limited"":1.0,""structurally_unavailable"":0.000625}","{""cluster_uncertainty_pass"":0,""complement_admissible_pass"":0,""control_adjusted_contrast_pass"":0,""control_specificity_pass"":0,""effect_direction_reproduced_pass"":0,""minimum_effect_pass"":0,""multiplicity_adjusted_threshold_pass"":0,""raw_statistical_threshold_pass"":0,""support_available_pass"":0,""target_contrast_positive_pass"":0}",0.0,0.0
1dbc920edffba9363b404b4e,Cp2_vs_Cp3__stability_plus_geometry,3e971f0bc08c8189f389,Cp2_vs_Cp3,stability_plus_geometry,fl3_entitled,discovery,joint_wild_cluster_rademacher,measurement_missingness_concentration,1.5,0.25,6,True,mixed_gate_limited,no_single_gate_rescue_or_dominant_failure_category,multiple,4000,0.99975,0.998,"{""control_contamination_limited"":0,""directionality_limited"":0,""effect_limited"":0,""effective_support_limited"":0,""specificity_limited"":0,""statistical_resolution_limited"":0,""structurally_unavailable"":0}","{""control_contamination_limited"":0.0945,""directionality_limited"":0.09425,""effect_limited"":0.09425,""effective_support_limited"":1.0,""specificity_limited"":0.0945,""statistical_resolution_limited"":1.0,""structurally_unavailable"":0.0011250000000000001}","{""cluster_uncertainty_pass"":0,""complement_admissible_pass"":0,""control_adjusted_contrast_pass"":0,""control_specificity_pass"":0,""effect_direction_reproduced_pass"":0,""minimum_effect_pass"":0,""multiplicity_adjusted_threshold_pass"":0,""raw_statistical_threshold_pass"":0,""support_available_pass"":0,""target_contrast_positive_pass"":0}",0.0,0.0
1dbc920edffba9363b404b4e,Cp2_vs_Cp3__stability_plus_geometry,3e971f0bc08c8189f389,Cp2_vs_Cp3,stability_plus_geometry,fl3_entitled,discovery,joint_wild_cluster_rademacher,measurement_missingness_concentration,2.0,0.25,6,True,mixed_gate_limited,no_single_gate_rescue_or_dominant_failure_category,multiple,4000,1.0,0.99925,"{""control_contamination_limited"":0,""directionality_limited"":0,""effect_limited"":0,""effective_support_limited"":0,""specificity_limited"":0,""statistical_resolution_limited"":0,""structurally_unavailable"":0}","{""control_contamination_limited"":0.083,""directionality_limited"":0.083,""effect_limited"":0.083,""effective_support_limited"":1.0,""specificity_limited"":0.083,""statistical_resolution_limited"":1.0,""structurally_unavailable"":0.000375}","{""cluster_uncertainty_pass"":0,""complement_admissible_pass"":0,""control_adjusted_contrast_pass"":0,""control_specificity_pass"":0,""effect_direction_reproduced_pass"":0,""minimum_effect_pass"":0,""multiplicity_adjusted_threshold_pass"":0,""raw_statistical_threshold_pass"":0,""support_available_pass"":0,""target_contrast_positive_pass"":0}",0.0,0.0
1dbc920edffba9363b404b4e,Cp2_vs_Cp3__stability_plus_geometry,3e971f0bc08c8189f389,Cp2_vs_Cp3,stability_plus_geometry,fl3_entitled,discovery,joint_wild_cluster_rademacher,measurement_missingness_concentration,0.25,0.5,6,True,mixed_gate_limited,no_single_gate_rescue_or_dominant_failure_category,multiple,4000,1.0,0.99825,"{""control_contamination_limited"":0,""directionality_limited"":0,""effect_limited"":0,""effective_support_limited"":0,""specificity_limited"":0,""statistical_resolution_limited"":0,""structurally_unavailable"":0}","{""control_contamination_limited"":0.39000000000000007,""directionality_limited"":0.098,""effect_limited"":0.22599999999999998,""effective_support_limited"":1.0,""specificity_limited"":0.1865,""statistical_resolution_limited"":1.0,""structurally_unavailable"":0.000875}","{""cluster_uncertainty_pass"":0,""complement_admissible_pass"":0,""control_adjusted_contrast_pass"":0,""control_specificity_pass"":0,""effect_direction_reproduced_pass"":0,""minimum_effect_pass"":0,""multiplicity_adjusted_threshold_pass"":0,""raw_statistical_threshold_pass"":0,""support_available_pass"":0,""target_contrast_positive_pass"":0}",0.0,0.0
1dbc920edffba9363b404b4e,Cp2_vs_Cp3__stability_plus_geometry,3e971f0bc08c8189f389,Cp2_vs_Cp3,stability_plus_geometry,fl3_entitled,discovery,joint_wild_cluster_rademacher,measurement_missingness_concentration,0.5,0.5,6,True,mixed_gate_limited,no_single_gate_rescue_or_dominant_failure_category,multiple,4000,0.9995,0.9975,"{""control_contamination_limited"":0,""directionality_limited"":0,""effect_limited"":0,""effective_support_limited"":0,""specificity_limited"":0,""statistical_resolution_limited"":0,""structurally_unavailable"":0}","{""control_contamination_limited"":0.2505,""directionality_limited"":0.11274999999999999,""effect_limited"":0.11825,""effective_support_limited"":1.0,""specificity_limited"":0.15625,""statistical_resolution_limited"":1.0,""structurally_unavailable"":0.0015}","{""cluster_uncertainty_pass"":0,""complement_admissible_pass"":0,""control_adjusted_contrast_pass"":0,""control_specificity_pass"":0,""effect_direction_reproduced_pass"":0,""minimum_effect_pass"":0,""multiplicity_adjusted_threshold_pass"":0,""raw_statistical_threshold_pass"":0,""support_available_pass"":0,""target_contrast_positive_pass"":0}",0.0,0.0
1dbc920edffba9363b404b4e,Cp2_vs_Cp3__stability_plus_geometry,3e971f0bc08c8189f389,Cp2_vs_Cp3,stability_plus_geometry,fl3_entitled,discovery,joint_wild_cluster_rademacher,measurement_missingness_concentration,0.75,0.5,6,True,mixed_gate_limited,no_single_gate_rescue_or_dominant_failure_category,multiple,4000,1.0,0.99875,"{""control_contamination_limited"":0,""directionality_limited"":0,""effect_limited"":0,""effective_support_limited"":0,""specificity_limited"":0,""statistical_resolution_limited"":0,""structurally_unavailable"":0}","{""control_contamination_limited"":0.187,""directionality_limited"":0.0995,""effect_limited"":0.0995,""effective_support_limited"":1.0,""specificity_limited"":0.12525,""statistical_resolution_limited"":1.0,""structurally_unavailable"":0.000625}","{""cluster_uncertainty_pass"":0,""complement_admissible_pass"":0,""control_adjusted_contrast_pass"":0,""control_specificity_pass"":0,""effect_direction_reproduced_pass"":0,""minimum_effect_pass"":0,""multiplicity_adjusted_threshold_pass"":0,""raw_statistical_threshold_pass"":0,""support_available_pass"":0,""target_contrast_positive_pass"":0}",0.0,0.0
1dbc920edffba9363b404b4e,Cp2_vs_Cp3__stability_plus_geometry,3e971f0bc08c8189f389,Cp2_vs_Cp3,stability_plus_geometry,fl3_entitled,discovery,joint_wild_cluster_rademacher,measurement_missingness_concentration,1.0,0.5,6,True,mixed_gate_limited,no_single_gate_rescue_or_dominant_failure_category,multiple,4000,1.0,0.99775,"{""control_contamination_limited"":0,""directionality_limited"":0,""effect_limited"":0,""effective_support_limited"":0,""specificity_limited"":0,""statistical_resolution_limited"":0,""structurally_unavailable"":0}","{""control_contamination_limited"":0.1445,""directionality_limited"":0.09125,""effect_limited"":0.09125,""effective_support_limited"":1.0,""specificity_limited"":0.1065,""statistical_resolution_limited"":1.0,""structurally_unavailable"":0.0011250000000000001}","{""cluster_uncertainty_pass"":0,""complement_admissible_pass"":0,""control_adjusted_contrast_pass"":0,""control_specificity_pass"":0,""effect_direction_reproduced_pass"":0,""minimum_effect_pass"":0,""multiplicity_adjusted_threshold_pass"":0,""raw_statistical_threshold_pass"":0,""support_available_pass"":0,""target_contrast_positive_pass"":0}",0.0,0.0
1dbc920edffba9363b404b4e,Cp2_vs_Cp3__stability_plus_geometry,3e971f0bc08c8189f389,Cp2_vs_Cp3,stability_plus_geometry,fl3_entitled,discovery,joint_wild_cluster_rademacher,measurement_missingness_concentration,1.5,0.5,6,True,mixed_gate_limited,no_single_gate_rescue_or_dominant_failure_category,multiple,4000,1.0,0.99875,"{""control_contamination_limited"":0,""directionality_limited"":0,""effect_limited"":0,""effective_support_limited"":0,""specificity_limited"":0,""statistical_resolution_limited"":0,""structurally_unavailable"":0}","{""control_contamination_limited"":0.1355,""directionality_limited"":0.1015,""effect_limited"":0.10149999999999999,""effective_support_limited"":1.0,""specificity_limited"":0.108,""statistical_resolution_limited"":1.0,""structurally_unavailable"":0.000625}","{""cluster_uncertainty_pass"":0,""complement_admissible_pass"":0,""control_adjusted_contrast_pass"":0,""control_specificity_pass"":0,""effect_direction_reproduced_pass"":0,""minimum_effect_pass"":0,""multiplicity_adjusted_threshold_pass"":0,""raw_statistical_threshold_pass"":0,""support_available_pass"":0,""target_contrast_positive_pass"":0}",0.0,0.0
1dbc920edffba9363b404b4e,Cp2_vs_Cp3__stability_plus_geometry,3e971f0bc08c8189f389,Cp2_vs_Cp3,stability_plus_geometry,fl3_entitled,discovery,joint_wild_cluster_rademacher,measurement_missingness_concentration,2.0,0.5,6,True,mixed_gate_limited,no_single_gate_rescue_or_dominant_failure_category,multiple,4000,1.0,0.99875,"{""control_contamination_limited"":0,""directionality_limited"":0,""effect_limited"":0,""effective_support_limited"":0,""specificity_limited"":0,""statistical_resolution_limited"":0,""structurally_unavailable"":0}","{""control_contamination_limited"":0.1265,""directionality_limited"":0.105,""effect_limited"":0.105,""effective_support_limited"":1.0,""specificity_limited"":0.10875,""statistical_resolution_limited"":1.0,""structurally_unavailable"":0.000625}","{""cluster_uncertainty_pass"":0,""complement_admissible_pass"":0,""control_adjusted_contrast_pass"":0,""control_specificity_pass"":0,""effect_direction_reproduced_pass"":0,""minimum_effect_pass"":0,""multiplicity_adjusted_threshold_pass"":0,""raw_statistical_threshold_pass"":0,""support_available_pass"":0,""target_contrast_positive_pass"":0}",0.0,0.0
1dbc920edffba9363b404b4e,Cp2_vs_Cp3__stability_plus_geometry,3e971f0bc08c8189f389,Cp2_vs_Cp3,stability_plus_geometry,fl3_entitled,discovery,joint_wild_cluster_rademacher,measurement_missingness_concentration,0.25,1.0,6,True,mixed_gate_limited,no_single_gate_rescue_or_dominant_failure_category,multiple,4000,1.0,0.99675,"{""control_contamination_limited"":0,""directionality_limited"":0,""effect_limited"":0,""effective_support_limited"":0,""specificity_limited"":0,""statistical_resolution_limited"":0,""structurally_unavailable"":0}","{""control_contamination_limited"":0.7525,""directionality_limited"":0.097,""effect_limited"":0.23349999999999999,""effective_support_limited"":1.0,""specificity_limited"":0.487,""statistical_resolution_limited"":1.0,""structurally_unavailable"":0.001625}","{""cluster_uncertainty_pass"":0,""complement_admissible_pass"":0,""control_adjusted_contrast_pass"":0,""control_specificity_pass"":0,""effect_direction_reproduced_pass"":0,""minimum_effect_pass"":0,""multiplicity_adjusted_threshold_pass"":0,""raw_statistical_threshold_pass"":0,""support_available_pass"":0,""target_contrast_positive_pass"":0}",0.0,0.0
1dbc920edffba9363b404b4e,Cp2_vs_Cp3__stability_plus_geometry,3e971f0bc08c8189f389,Cp2_vs_Cp3,stability_plus_geometry,fl3_entitled,discovery,joint_wild_cluster_rademacher,measurement_missingness_concentration,0.5,1.0,6,True,mixed_gate_limited,no_single_gate_rescue_or_dominant_failure_category,multiple,4000,1.0,0.9995,"{""control_contamination_limited"":0,""directionality_limited"":0,""effect_limited"":0,""effective_support_limited"":0,""specificity_limited"":0,""statistical_resolution_limited"":0,""structurally_unavailable"":0}","{""control_contamination_limited"":0.71575,""directionality_limited"":0.09675,""effect_limited"":0.1,""effective_support_limited"":1.0,""specificity_limited"":0.47575,""statistical_resolution_limited"":1.0,""structurally_unavailable"":0.00025}","{""cluster_uncertainty_pass"":0,""complement_admissible_pass"":0,""control_adjusted_contrast_pass"":0,""control_specificity_pass"":0,""effect_direction_reproduced_pass"":0,""minimum_effect_pass"":0,""multiplicity_adjusted_threshold_pass"":0,""raw_statistical_threshold_pass"":0,""support_available_pass"":0,""target_contrast_positive_pass"":0}",0.0,0.0
1dbc920edffba9363b404b4e,Cp2_vs_Cp3__stability_plus_geometry,3e971f0bc08c8189f389,Cp2_vs_Cp3,stability_plus_geometry,fl3_entitled,discovery,joint_wild_cluster_rademacher,measurement_missingness_concentration,0.75,1.0,6,True,mixed_gate_limited,no_single_gate_rescue_or_dominant_failure_category,multiple,4000,1.0,0.99925,"{""control_contamination_limited"":0,""directionality_limited"":0,""effect_limited"":0,""effective_support_limited"":0,""specificity_limited"":0,""statistical_resolution_limited"":0,""structurally_unavailable"":0}","{""control_contamination_limited"":0.7305,""directionality_limited"":0.10500000000000001,""effect_limited"":0.105,""effective_support_limited"":1.0,""specificity_limited"":0.49749999999999994,""statistical_resolution_limited"":1.0,""structurally_unavailable"":0.000375}","{""cluster_uncertainty_pass"":0,""complement_admissible_pass"":0,""control_adjusted_contrast_pass"":0,""control_specificity_pass"":0,""effect_direction_reproduced_pass"":0,""minimum_effect_pass"":0,""multiplicity_adjusted_threshold_pass"":0,""raw_statistical_threshold_pass"":0,""support_available_pass"":0,""target_contrast_positive_pass"":0}",0.0,0.0
1dbc920edffba9363b404b4e,Cp2_vs_Cp3__stability_plus_geometry,3e971f0bc08c8189f389,Cp2_vs_Cp3,stability_plus_geometry,fl3_entitled,discovery,joint_wild_cluster_rademacher,measurement_missingness_concentration,1.0,1.0,6,True,mixed_gate_limited,no_single_gate_rescue_or_dominant_failure_category,multiple,4000,1.0,0.9984999999999999,"{""control_contamination_limited"":0,""directionality_limited"":0,""effect_limited"":0,""effective_support_limited"":0,""specificity_limited"":0,""statistical_resolution_limited"":0,""structurally_unavailable"":0}","{""control_contamination_limited"":0.7474999999999999,""directionality_limited"":0.10775,""effect_limited"":0.10775,""effective_support_limited"":1.0,""specificity_limited"":0.498,""statistical_resolution_limited"":1.0,""structurally_unavailable"":0.00075}","{""cluster_uncertainty_pass"":0,""complement_admissible_pass"":0,""control_adjusted_contrast_pass"":0,""control_specificity_pass"":0,""effect_direction_reproduced_pass"":0,""minimum_effect_pass"":0,""multiplicity_adjusted_threshold_pass"":0,""raw_statistical_threshold_pass"":0,""support_available_pass"":0,""target_contrast_positive_pass"":0}",0.0,0.0
1dbc920edffba9363b404b4e,Cp2_vs_Cp3__stability_plus_geometry,3e971f0bc08c8189f389,Cp2_vs_Cp3,stability_plus_geometry,fl3_entitled,discovery,joint_wild_cluster_rademacher,measurement_missingness_concentration,1.5,1.0,6,True,mixed_gate_limited,no_single_gate_rescue_or_dominant_failure_category,multiple,4000,1.0,0.998,"{""control_contamination_limited"":0,""directionality_limited"":0,""effect_limited"":0,""effective_support_limited"":0,""specificity_limited"":0,""statistical_resolution_limited"":0,""structurally_unavailable"":0}","{""control_contamination_limited"":0.7254999999999999,""directionality_limited"":0.09000000000000001,""effect_limited"":0.09000000000000001,""effective_support_limited"":1.0,""specificity_limited"":0.46525000000000005,""statistical_resolution_limited"":1.0,""structurally_unavailable"":0.001}","{""cluster_uncertainty_pass"":0,""complement_admissible_pass"":0,""control_adjusted_contrast_pass"":0,""control_specificity_pass"":0,""effect_direction_reproduced_pass"":0,""minimum_effect_pass"":0,""multiplicity_adjusted_threshold_pass"":0,""raw_statistical_threshold_pass"":0,""support_available_pass"":0,""target_contrast_positive_pass"":0}",0.0,0.0
1dbc920edffba9363b404b4e,Cp2_vs_Cp3__stability_plus_geometry,3e971f0bc08c8189f389,Cp2_vs_Cp3,stability_plus_geometry,fl3_entitled,discovery,joint_wild_cluster_rademacher,measurement_missingness_concentration,2.0,1.0,6,True,mixed_gate_limited,no_single_gate_rescue_or_dominant_failure_category,multiple,4000,1.0,0.9995,"{""control_contamination_limited"":0,""directionality_limited"":0,""effect_limited"":0,""effective_support_limited"":0,""specificity_limited"":0,""statistical_resolution_limited"":0,""structurally_unavailable"":0}","{""control_contamination_limited"":0.756,""directionality_limited"":0.0935,""effect_limited"":0.0935,""effective_support_limited"":1.0,""specificity_limited"":0.49724999999999997,""statistical_resolution_limited"":1.0,""structurally_unavailable"":0.00025}","{""cluster_uncertainty_pass"":0,""complement_admissible_pass"":0,""control_adjusted_contrast_pass"":0,""control_specificity_pass"":0,""effect_direction_reproduced_pass"":0,""minimum_effect_pass"":0,""multiplicity_adjusted_threshold_pass"":0,""raw_statistical_threshold_pass"":0,""support_available_pass"":0,""target_contrast_positive_pass"":0}",0.0,0.0
bfa569fbae807b7f50c3389f,C_vs_Cp2__stability_core_3,c683c10822cc59ae7587,C_vs_Cp2,stability_core_3,fl3_entitled,discovery,joint_wild_cluster_rademacher,measurement_missingness_concentration,0.0,0.0,6,True,mixed_gate_limited,no_single_gate_rescue_or_dominant_failure_category,multiple,4000,1.0,1.0,"{""control_contamination_limited"":0,""directionality_limited"":0,""effect_limited"":0,""effective_support_limited"":0,""specificity_limited"":0,""statistical_resolution_limited"":0,""structurally_unavailable"":0}","{""control_contamination_limited"":1.0,""directionality_limited"":1.0,""effect_limited"":1.0,""effective_support_limited"":1.0,""specificity_limited"":1.0,""statistical_resolution_limited"":1.0,""structurally_unavailable"":0.0}","{""cluster_uncertainty_pass"":0,""complement_admissible_pass"":0,""control_adjusted_contrast_pass"":0,""control_specificity_pass"":0,""effect_direction_reproduced_pass"":0,""minimum_effect_pass"":0,""multiplicity_adjusted_threshold_pass"":0,""raw_statistical_threshold_pass"":0,""support_available_pass"":0,""target_contrast_positive_pass"":0}",0.0,0.0
bfa569fbae807b7f50c3389f,C_vs_Cp2__stability_core_3,c683c10822cc59ae7587,C_vs_Cp2,stability_core_3,fl3_entitled,discovery,joint_wild_cluster_rademacher,measurement_missingness_concentration,0.25,0.0,6,True,mixed_gate_limited,no_single_gate_rescue_or_dominant_failure_category,multiple,4000,1.0,1.0,"{""control_contamination_limited"":0,""directionality_limited"":0,""effect_limited"":0,""effective_support_limited"":0,""specificity_limited"":0,""statistical_resolution_limited"":0,""structurally_unavailable"":0}","{""control_contamination_limited"":0.097,""directionality_limited"":0.08800000000000001,""effect_limited"":0.16649999999999998,""effective_support_limited"":1.0,""specificity_limited"":0.08800000000000001,""statistical_resolution_limited"":1.0,""structurally_unavailable"":0.0}","{""cluster_uncertainty_pass"":0,""complement_admissible_pass"":0,""control_adjusted_contrast_pass"":0,""control_specificity_pass"":0,""effect_direction_reproduced_pass"":0,""minimum_effect_pass"":0,""multiplicity_adjusted_threshold_pass"":0,""raw_statistical_threshold_pass"":0,""support_available_pass"":0,""target_contrast_positive_pass"":0}",0.0,0.0
bfa569fbae807b7f50c3389f,C_vs_Cp2__stability_core_3,c683c10822cc59ae7587,C_vs_Cp2,stability_core_3,fl3_entitled,discovery,joint_wild_cluster_rademacher,measurement_missingness_concentration,0.5,0.0,6,True,mixed_gate_limited,no_single_gate_rescue_or_dominant_failure_category,multiple,4000,1.0,1.0,"{""control_contamination_limited"":0,""directionality_limited"":0,""effect_limited"":0,""effective_support_limited"":0,""specificity_limited"":0,""statistical_resolution_limited"":0,""structurally_unavailable"":0}","{""control_contamination_limited"":0.087,""directionality_limited"":0.08700000000000001,""effect_limited"":0.08725,""effective_support_limited"":1.0,""specificity_limited"":0.087,""statistical_resolution_limited"":1.0,""structurally_unavailable"":0.0}","{""cluster_uncertainty_pass"":0,""complement_admissible_pass"":0,""control_adjusted_contrast_pass"":0,""control_specificity_pass"":0,""effect_direction_reproduced_pass"":0,""minimum_effect_pass"":0,""multiplicity_adjusted_threshold_pass"":0,""raw_statistical_threshold_pass"":0,""support_available_pass"":0,""target_contrast_positive_pass"":0}",0.0,0.0
bfa569fbae807b7f50c3389f,C_vs_Cp2__stability_core_3,c683c10822cc59ae7587,C_vs_Cp2,stability_core_3,fl3_entitled,discovery,joint_wild_cluster_rademacher,measurement_missingness_concentration,0.75,0.0,6,True,mixed_gate_limited,no_single_gate_rescue_or_dominant_failure_category,multiple,4000,1.0,1.0,"{""control_contamination_limited"":0,""directionality_limited"":0,""effect_limited"":0,""effective_support_limited"":0,""specificity_limited"":0,""statistical_resolution_limited"":0,""structurally_unavailable"":0}","{""control_contamination_limited"":0.09300000000000001,""directionality_limited"":0.09300000000000001,""effect_limited"":0.09300000000000001,""effective_support_limited"":1.0,""specificity_limited"":0.09300000000000001,""statistical_resolution_limited"":1.0,""structurally_unavailable"":0.0}","{""cluster_uncertainty_pass"":0,""complement_admissible_pass"":0,""control_adjusted_contrast_pass"":0,""control_specificity_pass"":0,""effect_direction_reproduced_pass"":0,""minimum_effect_pass"":0,""multiplicity_adjusted_threshold_pass"":0,""raw_statistical_threshold_pass"":0,""support_available_pass"":0,""target_contrast_positive_pass"":0}",0.0,0.0
bfa569fbae807b7f50c3389f,C_vs_Cp2__stability_core_3,c683c10822cc59ae7587,C_vs_Cp2,stability_core_3,fl3_entitled,discovery,joint_wild_cluster_rademacher,measurement_missingness_concentration,1.0,0.0,6,True,mixed_gate_limited,no_single_gate_rescue_or_dominant_failure_category,multiple,4000,1.0,1.0,"{""control_contamination_limited"":0,""directionality_limited"":0,""effect_limited"":0,""effective_support_limited"":0,""specificity_limited"":0,""statistical_resolution_limited"":0,""structurally_unavailable"":0}","{""control_contamination_limited"":0.0875,""directionality_limited"":0.08750000000000001,""effect_limited"":0.0875,""effective_support_limited"":1.0,""specificity_limited"":0.0875,""statistical_resolution_limited"":1.0,""structurally_unavailable"":0.0}","{""cluster_uncertainty_pass"":0,""complement_admissible_pass"":0,""control_adjusted_contrast_pass"":0,""control_specificity_pass"":0,""effect_direction_reproduced_pass"":0,""minimum_effect_pass"":0,""multiplicity_adjusted_threshold_pass"":0,""raw_statistical_threshold_pass"":0,""support_available_pass"":0,""target_contrast_positive_pass"":0}",0.0,0.0
bfa569fbae807b7f50c3389f,C_vs_Cp2__stability_core_3,c683c10822cc59ae7587,C_vs_Cp2,stability_core_3,fl3_entitled,discovery,joint_wild_cluster_rademacher,measurement_missingness_concentration,1.5,0.0,6,True,mixed_gate_limited,no_single_gate_rescue_or_dominant_failure_category,multiple,4000,1.0,1.0,"{""control_contamination_limited"":0,""directionality_limited"":0,""effect_limited"":0,""effective_support_limited"":0,""specificity_limited"":0,""statistical_resolution_limited"":0,""structurally_unavailable"":0}","{""control_contamination_limited"":0.086,""directionality_limited"":0.086,""effect_limited"":0.086,""effective_support_limited"":1.0,""specificity_limited"":0.086,""statistical_resolution_limited"":1.0,""structurally_unavailable"":0.0}","{""cluster_uncertainty_pass"":0,""complement_admissible_pass"":0,""control_adjusted_contrast_pass"":0,""control_specificity_pass"":0,""effect_direction_reproduced_pass"":0,""minimum_effect_pass"":0,""multiplicity_adjusted_threshold_pass"":0,""raw_statistical_threshold_pass"":0,""support_available_pass"":0,""target_contrast_positive_pass"":0}",0.0,0.0
bfa569fbae807b7f50c3389f,C_vs_Cp2__stability_core_3,c683c10822cc59ae7587,C_vs_Cp2,stability_core_3,fl3_entitled,discovery,joint_wild_cluster_rademacher,measurement_missingness_concentration,2.0,0.0,6,True,mixed_gate_limited,no_single_gate_rescue_or_dominant_failure_category,multiple,4000,1.0,1.0,"{""control_contamination_limited"":0,""directionality_limited"":0,""effect_limited"":0,""effective_support_limited"":0,""specificity_limited"":0,""statistical_resolution_limited"":0,""structurally_unavailable"":0}","{""control_contamination_limited"":0.09724999999999999,""directionality_limited"":0.09724999999999999,""effect_limited"":0.09724999999999999,""effective_support_limited"":1.0,""specificity_limited"":0.09724999999999999,""statistical_resolution_limited"":1.0,""structurally_unavailable"":0.0}","{""cluster_uncertainty_pass"":0,""complement_admissible_pass"":0,""control_adjusted_contrast_pass"":0,""control_specificity_pass"":0,""effect_direction_reproduced_pass"":0,""minimum_effect_pass"":0,""multiplicity_adjusted_threshold_pass"":0,""raw_statistical_threshold_pass"":0,""support_available_pass"":0,""target_contrast_positive_pass"":0}",0.0,0.0
bfa569fbae807b7f50c3389f,C_vs_Cp2__stability_core_3,c683c10822cc59ae7587,C_vs_Cp2,stability_core_3,fl3_entitled,discovery,joint_wild_cluster_rademacher,measurement_missingness_concentration,0.25,0.25,6,True,mixed_gate_limited,no_single_gate_rescue_or_dominant_failure_category,multiple,4000,1.0,1.0,"{""control_contamination_limited"":0,""directionality_limited"":0,""effect_limited"":0,""effective_support_limited"":0,""specificity_limited"":0,""statistical_resolution_limited"":0,""structurally_unavailable"":0}","{""control_contamination_limited"":0.15575,""directionality_limited"":0.09,""effect_limited"":0.16149999999999998,""effective_support_limited"":1.0,""specificity_limited"":0.0945,""statistical_resolution_limited"":1.0,""structurally_unavailable"":0.0}","{""cluster_uncertainty_pass"":0,""complement_admissible_pass"":0,""control_adjusted_contrast_pass"":0,""control_specificity_pass"":0,""effect_direction_reproduced_pass"":0,""minimum_effect_pass"":0,""multiplicity_adjusted_threshold_pass"":0,""raw_statistical_threshold_pass"":0,""support_available_pass"":0,""target_contrast_positive_pass"":0}",0.0,0.0
bfa569fbae807b7f50c3389f,C_vs_Cp2__stability_core_3,c683c10822cc59ae7587,C_vs_Cp2,stability_core_3,fl3_entitled,discovery,joint_wild_cluster_rademacher,measurement_missingness_concentration,0.5,0.25,6,True,mixed_gate_limited,no_single_gate_rescue_or_dominant_failure_category,multiple,4000,1.0,1.0,"{""control_contamination_limited"":0,""directionality_limited"":0,""effect_limited"":0,""effective_support_limited"":0,""specificity_limited"":0,""statistical_resolution_limited"":0,""structurally_unavailable"":0}","{""control_contamination_limited"":0.094,""directionality_limited"":0.091,""effect_limited"":0.09125,""effective_support_limited"":1.0,""specificity_limited"":0.091,""statistical_resolution_limited"":1.0,""structurally_unavailable"":0.0}","{""cluster_uncertainty_pass"":0,""complement_admissible_pass"":0,""control_adjusted_contrast_pass"":0,""control_specificity_pass"":0,""effect_direction_reproduced_pass"":0,""minimum_effect_pass"":0,""multiplicity_adjusted_threshold_pass"":0,""raw_statistical_threshold_pass"":0,""support_available_pass"":0,""target_contrast_positive_pass"":0}",0.0,0.0
bfa569fbae807b7f50c3389f,C_vs_Cp2__stability_core_3,c683c10822cc59ae7587,C_vs_Cp2,stability_core_3,fl3_entitled,discovery,joint_wild_cluster_rademacher,measurement_missingness_concentration,0.75,0.25,6,True,mixed_gate_limited,no_single_gate_rescue_or_dominant_failure_category,multiple,4000,1.0,1.0,"{""control_contamination_limited"":0,""directionality_limited"":0,""effect_limited"":0,""effective_support_limited"":0,""specificity_limited"":0,""statistical_resolution_limited"":0,""structurally_unavailable"":0}","{""control_contamination_limited"":0.08775,""directionality_limited"":0.08775,""effect_limited"":0.08775,""effective_support_limited"":1.0,""specificity_limited"":0.08775,""statistical_resolution_limited"":1.0,""structurally_unavailable"":0.0}","{""cluster_uncertainty_pass"":0,""complement_admissible_pass"":0,""control_adjusted_contrast_pass"":0,""control_specificity_pass"":0,""effect_direction_reproduced_pass"":0,""minimum_effect_pass"":0,""multiplicity_adjusted_threshold_pass"":0,""raw_statistical_threshold_pass"":0,""support_available_pass"":0,""target_contrast_positive_pass"":0}",0.0,0.0
bfa569fbae807b7f50c3389f,C_vs_Cp2__stability_core_3,c683c10822cc59ae7587,C_vs_Cp2,stability_core_3,fl3_entitled,discovery,joint_wild_cluster_rademacher,measurement_missingness_concentration,1.0,0.25,6,True,mixed_gate_limited,no_single_gate_rescue_or_dominant_failure_category,multiple,4000,1.0,1.0,"{""control_contamination_limited"":0,""directionality_limited"":0,""effect_limited"":0,""effective_support_limited"":0,""specificity_limited"":0,""statistical_resolution_limited"":0,""structurally_unavailable"":0}","{""control_contamination_limited"":0.0735,""directionality_limited"":0.0735,""effect_limited"":0.0735,""effective_support_limited"":1.0,""specificity_limited"":0.0735,""statistical_resolution_limited"":1.0,""structurally_unavailable"":0.0}","{""cluster_uncertainty_pass"":0,""complement_admissible_pass"":0,""control_adjusted_contrast_pass"":0,""control_specificity_pass"":0,""effect_direction_reproduced_pass"":0,""minimum_effect_pass"":0,""multiplicity_adjusted_threshold_pass"":0,""raw_statistical_threshold_pass"":0,""support_available_pass"":0,""target_contrast_positive_pass"":0}",0.0,0.0
bfa569fbae807b7f50c3389f,C_vs_Cp2__stability_core_3,c683c10822cc59ae7587,C_vs_Cp2,stability_core_3,fl3_entitled,discovery,joint_wild_cluster_rademacher,measurement_missingness_concentration,1.5,0.25,6,True,mixed_gate_limited,no_single_gate_rescue_or_dominant_failure_category,multiple,4000,1.0,1.0,"{""control_contamination_limited"":0,""directionality_limited"":0,""effect_limited"":0,""effective_support_limited"":0,""specificity_limited"":0,""statistical_resolution_limited"":0,""structurally_unavailable"":0}","{""control_contamination_limited"":0.089,""directionality_limited"":0.089,""effect_limited"":0.089,""effective_support_limited"":1.0,""specificity_limited"":0.089,""statistical_resolution_limited"":1.0,""structurally_unavailable"":0.0}","{""cluster_uncertainty_pass"":0,""complement_admissible_pass"":0,""control_adjusted_contrast_pass"":0,""control_specificity_pass"":0,""effect_direction_reproduced_pass"":0,""minimum_effect_pass"":0,""multiplicity_adjusted_threshold_pass"":0,""raw_statistical_threshold_pass"":0,""support_available_pass"":0,""target_contrast_positive_pass"":0}",0.0,0.0
bfa569fbae807b7f50c3389f,C_vs_Cp2__stability_core_3,c683c10822cc59ae7587,C_vs_Cp2,stability_core_3,fl3_entitled,discovery,joint_wild_cluster_rademacher,measurement_missingness_concentration,2.0,0.25,6,True,mixed_gate_limited,no_single_gate_rescue_or_dominant_failure_category,multiple,4000,1.0,1.0,"{""control_contamination_limited"":0,""directionality_limited"":0,""effect_limited"":0,""effective_support_limited"":0,""specificity_limited"":0,""statistical_resolution_limited"":0,""structurally_unavailable"":0}","{""control_contamination_limited"":0.091,""directionality_limited"":0.091,""effect_limited"":0.091,""effective_support_limited"":1.0,""specificity_limited"":0.091,""statistical_resolution_limited"":1.0,""structurally_unavailable"":0.0}","{""cluster_uncertainty_pass"":0,""complement_admissible_pass"":0,""control_adjusted_contrast_pass"":0,""control_specificity_pass"":0,""effect_direction_reproduced_pass"":0,""minimum_effect_pass"":0,""multiplicity_adjusted_threshold_pass"":0,""raw_statistical_threshold_pass"":0,""support_available_pass"":0,""target_contrast_positive_pass"":0}",0.0,0.0
bfa569fbae807b7f50c3389f,C_vs_Cp2__stability_core_3,c683c10822cc59ae7587,C_vs_Cp2,stability_core_3,fl3_entitled,discovery,joint_wild_cluster_rademacher,measurement_missingness_concentration,0.25,0.5,6,True,mixed_gate_limited,no_single_gate_rescue_or_dominant_failure_category,multiple,4000,1.0,1.0,"{""control_contamination_limited"":0,""directionality_limited"":0,""effect_limited"":0,""effective_support_limited"":0,""specificity_limited"":0,""statistical_resolution_limited"":0,""structurally_unavailable"":0}","{""control_contamination_limited"":0.31675,""directionality_limited"":0.0805,""effect_limited"":0.1405,""effective_support_limited"":1.0,""specificity_limited"":0.11124999999999999,""statistical_resolution_limited"":1.0,""structurally_unavailable"":0.0}","{""cluster_uncertainty_pass"":0,""complement_admissible_pass"":0,""control_adjusted_contrast_pass"":0,""control_specificity_pass"":0,""effect_direction_reproduced_pass"":0,""minimum_effect_pass"":0,""multiplicity_adjusted_threshold_pass"":0,""raw_statistical_threshold_pass"":0,""support_available_pass"":0,""target_contrast_positive_pass"":0}",0.0,0.0
bfa569fbae807b7f50c3389f,C_vs_Cp2__stability_core_3,c683c10822cc59ae7587,C_vs_Cp2,stability_core_3,fl3_entitled,discovery,joint_wild_cluster_rademacher,measurement_missingness_concentration,0.5,0.5,6,True,mixed_gate_limited,no_single_gate_rescue_or_dominant_failure_category,multiple,4000,1.0,1.0,"{""control_contamination_limited"":0,""directionality_limited"":0,""effect_limited"":0,""effective_support_limited"":0,""specificity_limited"":0,""statistical_resolution_limited"":0,""structurally_unavailable"":0}","{""control_contamination_limited"":0.163,""directionality_limited"":0.09425,""effect_limited"":0.09449999999999999,""effective_support_limited"":1.0,""specificity_limited"":0.10625,""statistical_resolution_limited"":1.0,""structurally_unavailable"":0.0}","{""cluster_uncertainty_pass"":0,""complement_admissible_pass"":0,""control_adjusted_contrast_pass"":0,""control_specificity_pass"":0,""effect_direction_reproduced_pass"":0,""minimum_effect_pass"":0,""multiplicity_adjusted_threshold_pass"":0,""raw_statistical_threshold_pass"":0,""support_available_pass"":0,""target_contrast_positive_pass"":0}",0.0,0.0
bfa569fbae807b7f50c3389f,C_vs_Cp2__stability_core_3,c683c10822cc59ae7587,C_vs_Cp2,stability_core_3,fl3_entitled,discovery,joint_wild_cluster_rademacher,measurement_missingness_concentration,0.75,0.5,6,True,mixed_gate_limited,no_single_gate_rescue_or_dominant_failure_category,multiple,4000,1.0,1.0,"{""control_contamination_limited"":0,""directionality_limited"":0,""effect_limited"":0,""effective_support_limited"":0,""specificity_limited"":0,""statistical_resolution_limited"":0,""structurally_unavailable"":0}","{""control_contamination_limited"":0.1345,""directionality_limited"":0.09975,""effect_limited"":0.09974999999999999,""effective_support_limited"":1.0,""specificity_limited"":0.1045,""statistical_resolution_limited"":1.0,""structurally_unavailable"":0.0}","{""cluster_uncertainty_pass"":0,""complement_admissible_pass"":0,""control_adjusted_contrast_pass"":0,""control_specificity_pass"":0,""effect_direction_reproduced_pass"":0,""minimum_effect_pass"":0,""multiplicity_adjusted_threshold_pass"":0,""raw_statistical_threshold_pass"":0,""support_available_pass"":0,""target_contrast_positive_pass"":0}",0.0,0.0
bfa569fbae807b7f50c3389f,C_vs_Cp2__stability_core_3,c683c10822cc59ae7587,C_vs_Cp2,stability_core_3,fl3_entitled,discovery,joint_wild_cluster_rademacher,measurement_missingness_concentration,1.0,0.5,6,True,mixed_gate_limited,no_single_gate_rescue_or_dominant_failure_category,multiple,4000,1.0,1.0,"{""control_contamination_limited"":0,""directionality_limited"":0,""effect_limited"":0,""effective_support_limited"":0,""specificity_limited"":0,""statistical_resolution_limited"":0,""structurally_unavailable"":0}","{""control_contamination_limited"":0.09425,""directionality_limited"":0.08175,""effect_limited"":0.08175,""effective_support_limited"":1.0,""specificity_limited"":0.08325,""statistical_resolution_limited"":1.0,""structurally_unavailable"":0.0}","{""cluster_uncertainty_pass"":0,""complement_admissible_pass"":0,""control_adjusted_contrast_pass"":0,""control_specificity_pass"":0,""effect_direction_reproduced_pass"":0,""minimum_effect_pass"":0,""multiplicity_adjusted_threshold_pass"":0,""raw_statistical_threshold_pass"":0,""support_available_pass"":0,""target_contrast_positive_pass"":0}",0.0,0.0
bfa569fbae807b7f50c3389f,C_vs_Cp2__stability_core_3,c683c10822cc59ae7587,C_vs_Cp2,stability_core_3,fl3_entitled,discovery,joint_wild_cluster_rademacher,measurement_missingness_concentration,1.5,0.5,6,True,mixed_gate_limited,no_single_gate_rescue_or_dominant_failure_category,multiple,4000,1.0,1.0,"{""control_contamination_limited"":0,""directionality_limited"":0,""effect_limited"":0,""effective_support_limited"":0,""specificity_limited"":0,""statistical_resolution_limited"":0,""structurally_unavailable"":0}","{""control_contamination_limited"":0.103,""directionality_limited"":0.09725,""effect_limited"":0.09724999999999999,""effective_support_limited"":1.0,""specificity_limited"":0.09724999999999999,""statistical_resolution_limited"":1.0,""structurally_unavailable"":0.0}","{""cluster_uncertainty_pass"":0,""complement_admissible_pass"":0,""control_adjusted_contrast_pass"":0,""control_specificity_pass"":0,""effect_direction_reproduced_pass"":0,""minimum_effect_pass"":0,""multiplicity_adjusted_threshold_pass"":0,""raw_statistical_threshold_pass"":0,""support_available_pass"":0,""target_contrast_positive_pass"":0}",0.0,0.0
bfa569fbae807b7f50c3389f,C_vs_Cp2__stability_core_3,c683c10822cc59ae7587,C_vs_Cp2,stability_core_3,fl3_entitled,discovery,joint_wild_cluster_rademacher,measurement_missingness_concentration,2.0,0.5,6,True,mixed_gate_limited,no_single_gate_rescue_or_dominant_failure_category,multiple,4000,1.0,1.0,"{""control_contamination_limited"":0,""directionality_limited"":0,""effect_limited"":0,""effective_support_limited"":0,""specificity_limited"":0,""statistical_resolution_limited"":0,""structurally_unavailable"":0}","{""control_contamination_limited"":0.08625000000000001,""directionality_limited"":0.0825,""effect_limited"":0.0825,""effective_support_limited"":1.0,""specificity_limited"":0.0835,""statistical_resolution_limited"":1.0,""structurally_unavailable"":0.0}","{""cluster_uncertainty_pass"":0,""complement_admissible_pass"":0,""control_adjusted_contrast_pass"":0,""control_specificity_pass"":0,""effect_direction_reproduced_pass"":0,""minimum_effect_pass"":0,""multiplicity_adjusted_threshold_pass"":0,""raw_statistical_threshold_pass"":0,""support_available_pass"":0,""target_contrast_positive_pass"":0}",0.0,0.0
bfa569fbae807b7f50c3389f,C_vs_Cp2__stability_core_3,c683c10822cc59ae7587,C_vs_Cp2,stability_core_3,fl3_entitled,discovery,joint_wild_cluster_rademacher,measurement_missingness_concentration,0.25,1.0,6,True,mixed_gate_limited,no_single_gate_rescue_or_dominant_failure_category,multiple,4000,1.0,1.0,"{""control_contamination_limited"":0,""directionality_limited"":0,""effect_limited"":0,""effective_support_limited"":0,""specificity_limited"":0,""statistical_resolution_limited"":0,""structurally_unavailable"":0}","{""control_contamination_limited"":0.807,""directionality_limited"":0.08975,""effect_limited"":0.15924999999999997,""effective_support_limited"":1.0,""specificity_limited"":0.45,""statistical_resolution_limited"":1.0,""structurally_unavailable"":0.0}","{""cluster_uncertainty_pass"":0,""complement_admissible_pass"":0,""control_adjusted_contrast_pass"":0,""control_specificity_pass"":0,""effect_direction_reproduced_pass"":0,""minimum_effect_pass"":0,""multiplicity_adjusted_threshold_pass"":0,""raw_statistical_threshold_pass"":0,""support_available_pass"":0,""target_contrast_positive_pass"":0}",0.0,0.0
bfa569fbae807b7f50c3389f,C_vs_Cp2__stability_core_3,c683c10822cc59ae7587,C_vs_Cp2,stability_core_3,fl3_entitled,discovery,joint_wild_cluster_rademacher,measurement_missingness_concentration,0.5,1.0,6,True,mixed_gate_limited,no_single_gate_rescue_or_dominant_failure_category,multiple,4000,1.0,1.0,"{""control_contamination_limited"":0,""directionality_limited"":0,""effect_limited"":0,""effective_support_limited"":0,""specificity_limited"":0,""statistical_resolution_limited"":0,""structurally_unavailable"":0}","{""control_contamination_limited"":0.7825,""directionality_limited"":0.10450000000000001,""effect_limited"":0.10475,""effective_support_limited"":1.0,""specificity_limited"":0.48275000000000007,""statistical_resolution_limited"":1.0,""structurally_unavailable"":0.0}","{""cluster_uncertainty_pass"":0,""complement_admissible_pass"":0,""control_adjusted_contrast_pass"":0,""control_specificity_pass"":0,""effect_direction_reproduced_pass"":0,""minimum_effect_pass"":0,""multiplicity_adjusted_threshold_pass"":0,""raw_statistical_threshold_pass"":0,""support_available_pass"":0,""target_contrast_positive_pass"":0}",0.0,0.0
bfa569fbae807b7f50c3389f,C_vs_Cp2__stability_core_3,c683c10822cc59ae7587,C_vs_Cp2,stability_core_3,fl3_entitled,discovery,joint_wild_cluster_rademacher,measurement_missingness_concentration,0.75,1.0,6,True,mixed_gate_limited,no_single_gate_rescue_or_dominant_failure_category,multiple,4000,1.0,1.0,"{""control_contamination_limited"":0,""directionality_limited"":0,""effect_limited"":0,""effective_support_limited"":0,""specificity_limited"":0,""statistical_resolution_limited"":0,""structurally_unavailable"":0}","{""control_contamination_limited"":0.7757499999999999,""directionality_limited"":0.09325,""effect_limited"":0.09325,""effective_support_limited"":1.0,""specificity_limited"":0.47775,""statistical_resolution_limited"":1.0,""structurally_unavailable"":0.0}","{""cluster_uncertainty_pass"":0,""complement_admissible_pass"":0,""control_adjusted_contrast_pass"":0,""control_specificity_pass"":0,""effect_direction_reproduced_pass"":0,""minimum_effect_pass"":0,""multiplicity_adjusted_threshold_pass"":0,""raw_statistical_threshold_pass"":0,""support_available_pass"":0,""target_contrast_positive_pass"":0}",0.0,0.0
bfa569fbae807b7f50c3389f,C_vs_Cp2__stability_core_3,c683c10822cc59ae7587,C_vs_Cp2,stability_core_3,fl3_entitled,discovery,joint_wild_cluster_rademacher,measurement_missingness_concentration,1.0,1.0,6,True,mixed_gate_limited,no_single_gate_rescue_or_dominant_failure_category,multiple,4000,1.0,1.0,"{""control_contamination_limited"":0,""directionality_limited"":0,""effect_limited"":0,""effective_support_limited"":0,""specificity_limited"":0,""statistical_resolution_limited"":0,""structurally_unavailable"":0}","{""control_contamination_limited"":0.7615000000000001,""directionality_limited"":0.07525,""effect_limited"":0.07525,""effective_support_limited"":1.0,""specificity_limited"":0.46175,""statistical_resolution_limited"":1.0,""structurally_unavailable"":0.0}","{""cluster_uncertainty_pass"":0,""complement_admissible_pass"":0,""control_adjusted_contrast_pass"":0,""control_specificity_pass"":0,""effect_direction_reproduced_pass"":0,""minimum_effect_pass"":0,""multiplicity_adjusted_threshold_pass"":0,""raw_statistical_threshold_pass"":0,""support_available_pass"":0,""target_contrast_positive_pass"":0}",0.0,0.0
bfa569fbae807b7f50c3389f,C_vs_Cp2__stability_core_3,c683c10822cc59ae7587,C_vs_Cp2,stability_core_3,fl3_entitled,discovery,joint_wild_cluster_rademacher,measurement_missingness_concentration,1.5,1.0,6,True,mixed_gate_limited,no_single_gate_rescue_or_dominant_failure_category,multiple,4000,1.0,1.0,"{""control_contamination_limited"":0,""directionality_limited"":0,""effect_limited"":0,""effective_support_limited"":0,""specificity_limited"":0,""statistical_resolution_limited"":0,""structurally_unavailable"":0}","{""control_contamination_limited"":0.78225,""directionality_limited"":0.09425,""effect_limited"":0.09425,""effective_support_limited"":1.0,""specificity_limited"":0.45975,""statistical_resolution_limited"":1.0,""structurally_unavailable"":0.0}","{""cluster_uncertainty_pass"":0,""complement_admissible_pass"":0,""control_adjusted_contrast_pass"":0,""control_specificity_pass"":0,""effect_direction_reproduced_pass"":0,""minimum_effect_pass"":0,""multiplicity_adjusted_threshold_pass"":0,""raw_statistical_threshold_pass"":0,""support_available_pass"":0,""target_contrast_positive_pass"":0}",0.0,0.0
bfa569fbae807b7f50c3389f,C_vs_Cp2__stability_core_3,c683c10822cc59ae7587,C_vs_Cp2,stability_core_3,fl3_entitled,discovery,joint_wild_cluster_rademacher,measurement_missingness_concentration,2.0,1.0,6,True,mixed_gate_limited,no_single_gate_rescue_or_dominant_failure_category,multiple,4000,1.0,1.0,"{""control_contamination_limited"":0,""directionality_limited"":0,""effect_limited"":0,""effective_support_limited"":0,""specificity_limited"":0,""statistical_resolution_limited"":0,""structurally_unavailable"":0}","{""control_contamination_limited"":0.8085,""directionality_limited"":0.08574999999999999,""effect_limited"":0.08574999999999999,""effective_support_limited"":1.0,""specificity_limited"":0.45975,""statistical_resolution_limited"":1.0,""structurally_unavailable"":0.0}","{""cluster_uncertainty_pass"":0,""complement_admissible_pass"":0,""control_adjusted_contrast_pass"":0,""control_specificity_pass"":0,""effect_direction_reproduced_pass"":0,""minimum_effect_pass"":0,""multiplicity_adjusted_threshold_pass"":0,""raw_statistical_threshold_pass"":0,""support_available_pass"":0,""target_contrast_positive_pass"":0}",0.0,0.0
d10b3aec4edc47fefb2bd92f,C_vs_Cp3__geometry_scores_only,8eb760d133ac749e3327,C_vs_Cp3,geometry_scores_only,fl3_entitlement_capped,discovery,joint_wild_cluster_rademacher,measurement_missingness_concentration,0.0,0.0,6,True,mixed_gate_limited,no_single_gate_rescue_or_dominant_failure_category,multiple,4000,1.0,0.9984999999999999,"{""control_contamination_limited"":0,""directionality_limited"":0,""effect_limited"":0,""effective_support_limited"":0,""specificity_limited"":0,""statistical_resolution_limited"":0,""structurally_unavailable"":0}","{""control_contamination_limited"":1.0,""directionality_limited"":1.0,""effect_limited"":1.0,""effective_support_limited"":1.0,""specificity_limited"":1.0,""statistical_resolution_limited"":1.0,""structurally_unavailable"":0.00075}","{""cluster_uncertainty_pass"":0,""complement_admissible_pass"":0,""control_adjusted_contrast_pass"":0,""control_specificity_pass"":0,""effect_direction_reproduced_pass"":0,""minimum_effect_pass"":0,""multiplicity_adjusted_threshold_pass"":0,""raw_statistical_threshold_pass"":0,""support_available_pass"":0,""target_contrast_positive_pass"":0}",0.0,0.0
d10b3aec4edc47fefb2bd92f,C_vs_Cp3__geometry_scores_only,8eb760d133ac749e3327,C_vs_Cp3,geometry_scores_only,fl3_entitlement_capped,discovery,joint_wild_cluster_rademacher,measurement_missingness_concentration,0.25,0.0,6,True,mixed_gate_limited,no_single_gate_rescue_or_dominant_failure_category,multiple,4000,1.0,0.99875,"{""control_contamination_limited"":0,""directionality_limited"":0,""effect_limited"":0,""effective_support_limited"":0,""specificity_limited"":0,""statistical_resolution_limited"":0,""structurally_unavailable"":0}","{""control_contamination_limited"":0.10899999999999999,""directionality_limited"":0.096,""effect_limited"":0.20700000000000002,""effective_support_limited"":1.0,""specificity_limited"":0.096,""statistical_resolution_limited"":1.0,""structurally_unavailable"":0.000625}","{""cluster_uncertainty_pass"":0,""complement_admissible_pass"":0,""control_adjusted_contrast_pass"":0,""control_specificity_pass"":0,""effect_direction_reproduced_pass"":0,""minimum_effect_pass"":0,""multiplicity_adjusted_threshold_pass"":0,""raw_statistical_threshold_pass"":0,""support_available_pass"":0,""target_contrast_positive_pass"":0}",0.0,0.0
d10b3aec4edc47fefb2bd92f,C_vs_Cp3__geometry_scores_only,8eb760d133ac749e3327,C_vs_Cp3,geometry_scores_only,fl3_entitlement_capped,discovery,joint_wild_cluster_rademacher,measurement_missingness_concentration,0.5,0.0,6,True,mixed_gate_limited,no_single_gate_rescue_or_dominant_failure_category,multiple,4000,1.0,0.999,"{""control_contamination_limited"":0,""directionality_limited"":0,""effect_limited"":0,""effective_support_limited"":0,""specificity_limited"":0,""statistical_resolution_limited"":0,""structurally_unavailable"":0}","{""control_contamination_limited"":0.0855,""directionality_limited"":0.0855,""effect_limited"":0.08700000000000001,""effective_support_limited"":1.0,""specificity_limited"":0.0855,""statistical_resolution_limited"":1.0,""structurally_unavailable"":0.0005}","{""cluster_uncertainty_pass"":0,""complement_admissible_pass"":0,""control_adjusted_contrast_pass"":0,""control_specificity_pass"":0,""effect_direction_reproduced_pass"":0,""minimum_effect_pass"":0,""multiplicity_adjusted_threshold_pass"":0,""raw_statistical_threshold_pass"":0,""support_available_pass"":0,""target_contrast_positive_pass"":0}",0.0,0.0
d10b3aec4edc47fefb2bd92f,C_vs_Cp3__geometry_scores_only,8eb760d133ac749e3327,C_vs_Cp3,geometry_scores_only,fl3_entitlement_capped,discovery,joint_wild_cluster_rademacher,measurement_missingness_concentration,0.75,0.0,6,True,mixed_gate_limited,no_single_gate_rescue_or_dominant_failure_category,multiple,4000,1.0,0.999,"{""control_contamination_limited"":0,""directionality_limited"":0,""effect_limited"":0,""effective_support_limited"":0,""specificity_limited"":0,""statistical_resolution_limited"":0,""structurally_unavailable"":0}","{""control_contamination_limited"":0.091,""directionality_limited"":0.091,""effect_limited"":0.091,""effective_support_limited"":1.0,""specificity_limited"":0.091,""statistical_resolution_limited"":1.0,""structurally_unavailable"":0.0005}","{""cluster_uncertainty_pass"":0,""complement_admissible_pass"":0,""control_adjusted_contrast_pass"":0,""control_specificity_pass"":0,""effect_direction_reproduced_pass"":0,""minimum_effect_pass"":0,""multiplicity_adjusted_threshold_pass"":0,""raw_statistical_threshold_pass"":0,""support_available_pass"":0,""target_contrast_positive_pass"":0}",0.0,0.0
d10b3aec4edc47fefb2bd92f,C_vs_Cp3__geometry_scores_only,8eb760d133ac749e3327,C_vs_Cp3,geometry_scores_only,fl3_entitlement_capped,discovery,joint_wild_cluster_rademacher,measurement_missingness_concentration,1.0,0.0,6,True,mixed_gate_limited,no_single_gate_rescue_or_dominant_failure_category,multiple,4000,1.0,0.998,"{""control_contamination_limited"":0,""directionality_limited"":0,""effect_limited"":0,""effective_support_limited"":0,""specificity_limited"":0,""statistical_resolution_limited"":0,""structurally_unavailable"":0}","{""control_contamination_limited"":0.104,""directionality_limited"":0.10400000000000001,""effect_limited"":0.104,""effective_support_limited"":1.0,""specificity_limited"":0.104,""statistical_resolution_limited"":1.0,""structurally_unavailable"":0.001}","{""cluster_uncertainty_pass"":0,""complement_admissible_pass"":0,""control_adjusted_contrast_pass"":0,""control_specificity_pass"":0,""effect_direction_reproduced_pass"":0,""minimum_effect_pass"":0,""multiplicity_adjusted_threshold_pass"":0,""raw_statistical_threshold_pass"":0,""support_available_pass"":0,""target_contrast_positive_pass"":0}",0.0,0.0
d10b3aec4edc47fefb2bd92f,C_vs_Cp3__geometry_scores_only,8eb760d133ac749e3327,C_vs_Cp3,geometry_scores_only,fl3_entitlement_capped,discovery,joint_wild_cluster_rademacher,measurement_missingness_concentration,1.5,0.0,6,True,mixed_gate_limited,no_single_gate_rescue_or_dominant_failure_category,multiple,4000,1.0,0.9984999999999999,"{""control_contamination_limited"":0,""directionality_limited"":0,""effect_limited"":0,""effective_support_limited"":0,""specificity_limited"":0,""statistical_resolution_limited"":0,""structurally_unavailable"":0}","{""control_contamination_limited"":0.09425,""directionality_limited"":0.09425,""effect_limited"":0.09425,""effective_support_limited"":1.0,""specificity_limited"":0.09425,""statistical_resolution_limited"":1.0,""structurally_unavailable"":0.00075}","{""cluster_uncertainty_pass"":0,""complement_admissible_pass"":0,""control_adjusted_contrast_pass"":0,""control_specificity_pass"":0,""effect_direction_reproduced_pass"":0,""minimum_effect_pass"":0,""multiplicity_adjusted_threshold_pass"":0,""raw_statistical_threshold_pass"":0,""support_available_pass"":0,""target_contrast_positive_pass"":0}",0.0,0.0
d10b3aec4edc47fefb2bd92f,C_vs_Cp3__geometry_scores_only,8eb760d133ac749e3327,C_vs_Cp3,geometry_scores_only,fl3_entitlement_capped,discovery,joint_wild_cluster_rademacher,measurement_missingness_concentration,2.0,0.0,6,True,mixed_gate_limited,no_single_gate_rescue_or_dominant_failure_category,multiple,4000,1.0,0.9984999999999999,"{""control_contamination_limited"":0,""directionality_limited"":0,""effect_limited"":0,""effective_support_limited"":0,""specificity_limited"":0,""statistical_resolution_limited"":0,""structurally_unavailable"":0}","{""control_contamination_limited"":0.0895,""directionality_limited"":0.0895,""effect_limited"":0.0895,""effective_support_limited"":1.0,""specificity_limited"":0.0895,""statistical_resolution_limited"":1.0,""structurally_unavailable"":0.00075}","{""cluster_uncertainty_pass"":0,""complement_admissible_pass"":0,""control_adjusted_contrast_pass"":0,""control_specificity_pass"":0,""effect_direction_reproduced_pass"":0,""minimum_effect_pass"":0,""multiplicity_adjusted_threshold_pass"":0,""raw_statistical_threshold_pass"":0,""support_available_pass"":0,""target_contrast_positive_pass"":0}",0.0,0.0
d10b3aec4edc47fefb2bd92f,C_vs_Cp3__geometry_scores_only,8eb760d133ac749e3327,C_vs_Cp3,geometry_scores_only,fl3_entitlement_capped,discovery,joint_wild_cluster_rademacher,measurement_missingness_concentration,0.25,0.25,6,True,mixed_gate_limited,no_single_gate_rescue_or_dominant_failure_category,multiple,4000,0.99975,0.9984999999999999,"{""control_contamination_limited"":0,""directionality_limited"":0,""effect_limited"":0,""effective_support_limited"":0,""specificity_limited"":0,""statistical_resolution_limited"":0,""structurally_unavailable"":0}","{""control_contamination_limited"":0.19925,""directionality_limited"":0.10225000000000001,""effect_limited"":0.21150000000000002,""effective_support_limited"":1.0,""specificity_limited"":0.11274999999999999,""statistical_resolution_limited"":1.0,""structurally_unavailable"":0.000875}","{""cluster_uncertainty_pass"":0,""complement_admissible_pass"":0,""control_adjusted_contrast_pass"":0,""control_specificity_pass"":0,""effect_direction_reproduced_pass"":0,""minimum_effect_pass"":0,""multiplicity_adjusted_threshold_pass"":0,""raw_statistical_threshold_pass"":0,""support_available_pass"":0,""target_contrast_positive_pass"":0}",0.0,0.0
d10b3aec4edc47fefb2bd92f,C_vs_Cp3__geometry_scores_only,8eb760d133ac749e3327,C_vs_Cp3,geometry_scores_only,fl3_entitlement_capped,discovery,joint_wild_cluster_rademacher,measurement_missingness_concentration,0.5,0.25,6,True,mixed_gate_limited,no_single_gate_rescue_or_dominant_failure_category,multiple,4000,1.0,0.99975,"{""control_contamination_limited"":0,""directionality_limited"":0,""effect_limited"":0,""effective_support_limited"":0,""specificity_limited"":0,""statistical_resolution_limited"":0,""structurally_unavailable"":0}","{""control_contamination_limited"":0.09425,""directionality_limited"":0.0835,""effect_limited"":0.08524999999999999,""effective_support_limited"":1.0,""specificity_limited"":0.08374999999999999,""statistical_resolution_limited"":1.0,""structurally_unavailable"":0.000125}","{""cluster_uncertainty_pass"":0,""complement_admissible_pass"":0,""control_adjusted_contrast_pass"":0,""control_specificity_pass"":0,""effect_direction_reproduced_pass"":0,""minimum_effect_pass"":0,""multiplicity_adjusted_threshold_pass"":0,""raw_statistical_threshold_pass"":0,""support_available_pass"":0,""target_contrast_positive_pass"":0}",0.0,0.0
d10b3aec4edc47fefb2bd92f,C_vs_Cp3__geometry_scores_only,8eb760d133ac749e3327,C_vs_Cp3,geometry_scores_only,fl3_entitlement_capped,discovery,joint_wild_cluster_rademacher,measurement_missingness_concentration,0.75,0.25,6,True,mixed_gate_limited,no_single_gate_rescue_or_dominant_failure_category,multiple,4000,1.0,0.99875,"{""control_contamination_limited"":0,""directionality_limited"":0,""effect_limited"":0,""effective_support_limited"":0,""specificity_limited"":0,""statistical_resolution_limited"":0,""structurally_unavailable"":0}","{""control_contamination_limited"":0.091,""directionality_limited"":0.08750000000000001,""effect_limited"":0.08750000000000001,""effective_support_limited"":1.0,""specificity_limited"":0.08875,""statistical_resolution_limited"":1.0,""structurally_unavailable"":0.000625}","{""cluster_uncertainty_pass"":0,""complement_admissible_pass"":0,""control_adjusted_contrast_pass"":0,""control_specificity_pass"":0,""effect_direction_reproduced_pass"":0,""minimum_effect_pass"":0,""multiplicity_adjusted_threshold_pass"":0,""raw_statistical_threshold_pass"":0,""support_available_pass"":0,""target_contrast_positive_pass"":0}",0.0,0.0
d10b3aec4edc47fefb2bd92f,C_vs_Cp3__geometry_scores_only,8eb760d133ac749e3327,C_vs_Cp3,geometry_scores_only,fl3_entitlement_capped,discovery,joint_wild_cluster_rademacher,measurement_missingness_concentration,1.0,0.25,6,True,mixed_gate_limited,no_single_gate_rescue_or_dominant_failure_category,multiple,4000,1.0,0.9995,"{""control_contamination_limited"":0,""directionality_limited"":0,""effect_limited"":0,""effective_support_limited"":0,""specificity_limited"":0,""statistical_resolution_limited"":0,""structurally_unavailable"":0}","{""control_contamination_limited"":0.1015,""directionality_limited"":0.1,""effect_limited"":0.1,""effective_support_limited"":1.0,""specificity_limited"":0.10025,""statistical_resolution_limited"":1.0,""structurally_unavailable"":0.00025}","{""cluster_uncertainty_pass"":0,""complement_admissible_pass"":0,""control_adjusted_contrast_pass"":0,""control_specificity_pass"":0,""effect_direction_reproduced_pass"":0,""minimum_effect_pass"":0,""multiplicity_adjusted_threshold_pass"":0,""raw_statistical_threshold_pass"":0,""support_available_pass"":0,""target_contrast_positive_pass"":0}",0.0,0.0
d10b3aec4edc47fefb2bd92f,C_vs_Cp3__geometry_scores_only,8eb760d133ac749e3327,C_vs_Cp3,geometry_scores_only,fl3_entitlement_capped,discovery,joint_wild_cluster_rademacher,measurement_missingness_concentration,1.5,0.25,6,True,mixed_gate_limited,no_single_gate_rescue_or_dominant_failure_category,multiple,4000,1.0,0.999,"{""control_contamination_limited"":0,""directionality_limited"":0,""effect_limited"":0,""effective_support_limited"":0,""specificity_limited"":0,""statistical_resolution_limited"":0,""structurally_unavailable"":0}","{""control_contamination_limited"":0.08575,""directionality_limited"":0.08575,""effect_limited"":0.08575,""effective_support_limited"":1.0,""specificity_limited"":0.08575,""statistical_resolution_limited"":1.0,""structurally_unavailable"":0.0005}","{""cluster_uncertainty_pass"":0,""complement_admissible_pass"":0,""control_adjusted_contrast_pass"":0,""control_specificity_pass"":0,""effect_direction_reproduced_pass"":0,""minimum_effect_pass"":0,""multiplicity_adjusted_threshold_pass"":0,""raw_statistical_threshold_pass"":0,""support_available_pass"":0,""target_contrast_positive_pass"":0}",0.0,0.0
d10b3aec4edc47fefb2bd92f,C_vs_Cp3__geometry_scores_only,8eb760d133ac749e3327,C_vs_Cp3,geometry_scores_only,fl3_entitlement_capped,discovery,joint_wild_cluster_rademacher,measurement_missingness_concentration,2.0,0.25,6,True,mixed_gate_limited,no_single_gate_rescue_or_dominant_failure_category,multiple,4000,1.0,0.99775,"{""control_contamination_limited"":0,""directionality_limited"":0,""effect_limited"":0,""effective_support_limited"":0,""specificity_limited"":0,""statistical_resolution_limited"":0,""structurally_unavailable"":0}","{""control_contamination_limited"":0.093,""directionality_limited"":0.093,""effect_limited"":0.093,""effective_support_limited"":1.0,""specificity_limited"":0.093,""statistical_resolution_limited"":1.0,""structurally_unavailable"":0.0011250000000000001}","{""cluster_uncertainty_pass"":0,""complement_admissible_pass"":0,""control_adjusted_contrast_pass"":0,""control_specificity_pass"":0,""effect_direction_reproduced_pass"":0,""minimum_effect_pass"":0,""multiplicity_adjusted_threshold_pass"":0,""raw_statistical_threshold_pass"":0,""support_available_pass"":0,""target_contrast_positive_pass"":0}",0.0,0.0
d10b3aec4edc47fefb2bd92f,C_vs_Cp3__geometry_scores_only,8eb760d133ac749e3327,C_vs_Cp3,geometry_scores_only,fl3_entitlement_capped,discovery,joint_wild_cluster_rademacher,measurement_missingness_concentration,0.25,0.5,6,True,mixed_gate_limited,no_single_gate_rescue_or_dominant_failure_category,multiple,4000,1.0,0.99925,"{""control_contamination_limited"":0,""directionality_limited"":0,""effect_limited"":0,""effective_support_limited"":0,""specificity_limited"":0,""statistical_resolution_limited"":0,""structurally_unavailable"":0}","{""control_contamination_limited"":0.406,""directionality_limited"":0.10775,""effect_limited"":0.2255,""effective_support_limited"":1.0,""specificity_limited"":0.17775000000000002,""statistical_resolution_limited"":1.0,""structurally_unavailable"":0.000375}","{""cluster_uncertainty_pass"":0,""complement_admissible_pass"":0,""control_adjusted_contrast_pass"":0,""control_specificity_pass"":0,""effect_direction_reproduced_pass"":0,""minimum_effect_pass"":0,""multiplicity_adjusted_threshold_pass"":0,""raw_statistical_threshold_pass"":0,""support_available_pass"":0,""target_contrast_positive_pass"":0}",0.0,0.0
d10b3aec4edc47fefb2bd92f,C_vs_Cp3__geometry_scores_only,8eb760d133ac749e3327,C_vs_Cp3,geometry_scores_only,fl3_entitlement_capped,discovery,joint_wild_cluster_rademacher,measurement_missingness_concentration,0.5,0.5,6,True,mixed_gate_limited,no_single_gate_rescue_or_dominant_failure_category,multiple,4000,1.0,0.99925,"{""control_contamination_limited"":0,""directionality_limited"":0,""effect_limited"":0,""effective_support_limited"":0,""specificity_limited"":0,""statistical_resolution_limited"":0,""structurally_unavailable"":0}","{""control_contamination_limited"":0.2105,""directionality_limited"":0.10650000000000001,""effect_limited"":0.107,""effective_support_limited"":1.0,""specificity_limited"":0.1325,""statistical_resolution_limited"":1.0,""structurally_unavailable"":0.000375}","{""cluster_uncertainty_pass"":0,""complement_admissible_pass"":0,""control_adjusted_contrast_pass"":0,""control_specificity_pass"":0,""effect_direction_reproduced_pass"":0,""minimum_effect_pass"":0,""multiplicity_adjusted_threshold_pass"":0,""raw_statistical_threshold_pass"":0,""support_available_pass"":0,""target_contrast_positive_pass"":0}",0.0,0.0
d10b3aec4edc47fefb2bd92f,C_vs_Cp3__geometry_scores_only,8eb760d133ac749e3327,C_vs_Cp3,geometry_scores_only,fl3_entitlement_capped,discovery,joint_wild_cluster_rademacher,measurement_missingness_concentration,0.75,0.5,6,True,mixed_gate_limited,no_single_gate_rescue_or_dominant_failure_category,multiple,4000,1.0,0.99925,"{""control_contamination_limited"":0,""directionality_limited"":0,""effect_limited"":0,""effective_support_limited"":0,""specificity_limited"":0,""statistical_resolution_limited"":0,""structurally_unavailable"":0}","{""control_contamination_limited"":0.162,""directionality_limited"":0.09875,""effect_limited"":0.09875,""effective_support_limited"":1.0,""specificity_limited"":0.11274999999999999,""statistical_resolution_limited"":1.0,""structurally_unavailable"":0.000375}","{""cluster_uncertainty_pass"":0,""complement_admissible_pass"":0,""control_adjusted_contrast_pass"":0,""control_specificity_pass"":0,""effect_direction_reproduced_pass"":0,""minimum_effect_pass"":0,""multiplicity_adjusted_threshold_pass"":0,""raw_statistical_threshold_pass"":0,""support_available_pass"":0,""target_contrast_positive_pass"":0}",0.0,0.0
d10b3aec4edc47fefb2bd92f,C_vs_Cp3__geometry_scores_only,8eb760d133ac749e3327,C_vs_Cp3,geometry_scores_only,fl3_entitlement_capped,discovery,joint_wild_cluster_rademacher,measurement_missingness_concentration,1.0,0.5,6,True,mixed_gate_limited,no_single_gate_rescue_or_dominant_failure_category,multiple,4000,0.99975,0.9995,"{""control_contamination_limited"":0,""directionality_limited"":0,""effect_limited"":0,""effective_support_limited"":0,""specificity_limited"":0,""statistical_resolution_limited"":0,""structurally_unavailable"":0}","{""control_contamination_limited"":0.14100000000000001,""directionality_limited"":0.10175000000000001,""effect_limited"":0.10175000000000001,""effective_support_limited"":1.0,""specificity_limited"":0.112,""statistical_resolution_limited"":1.0,""structurally_unavailable"":0.000375}","{""cluster_uncertainty_pass"":0,""complement_admissible_pass"":0,""control_adjusted_contrast_pass"":0,""control_specificity_pass"":0,""effect_direction_reproduced_pass"":0,""minimum_effect_pass"":0,""multiplicity_adjusted_threshold_pass"":0,""raw_statistical_threshold_pass"":0,""support_available_pass"":0,""target_contrast_positive_pass"":0}",0.0,0.0
d10b3aec4edc47fefb2bd92f,C_vs_Cp3__geometry_scores_only,8eb760d133ac749e3327,C_vs_Cp3,geometry_scores_only,fl3_entitlement_capped,discovery,joint_wild_cluster_rademacher,measurement_missingness_concentration,1.5,0.5,6,True,mixed_gate_limited,no_single_gate_rescue_or_dominant_failure_category,multiple,4000,1.0,0.99875,"{""control_contamination_limited"":0,""directionality_limited"":0,""effect_limited"":0,""effective_support_limited"":0,""specificity_limited"":0,""statistical_resolution_limited"":0,""structurally_unavailable"":0}","{""control_contamination_limited"":0.11599999999999999,""directionality_limited"":0.09,""effect_limited"":0.09,""effective_support_limited"":1.0,""specificity_limited"":0.095,""statistical_resolution_limited"":1.0,""structurally_unavailable"":0.000625}","{""cluster_uncertainty_pass"":0,""complement_admissible_pass"":0,""control_adjusted_contrast_pass"":0,""control_specificity_pass"":0,""effect_direction_reproduced_pass"":0,""minimum_effect_pass"":0,""multiplicity_adjusted_threshold_pass"":0,""raw_statistical_threshold_pass"":0,""support_available_pass"":0,""target_contrast_positive_pass"":0}",0.0,0.0
d10b3aec4edc47fefb2bd92f,C_vs_Cp3__geometry_scores_only,8eb760d133ac749e3327,C_vs_Cp3,geometry_scores_only,fl3_entitlement_capped,discovery,joint_wild_cluster_rademacher,measurement_missingness_concentration,2.0,0.5,6,True,mixed_gate_limited,no_single_gate_rescue_or_dominant_failure_category,multiple,4000,1.0,0.998,"{""control_contamination_limited"":0,""directionality_limited"":0,""effect_limited"":0,""effective_support_limited"":0,""specificity_limited"":0,""statistical_resolution_limited"":0,""structurally_unavailable"":0}","{""control_contamination_limited"":0.10900000000000001,""directionality_limited"":0.09400000000000001,""effect_limited"":0.09400000000000001,""effective_support_limited"":1.0,""specificity_limited"":0.09625,""statistical_resolution_limited"":1.0,""structurally_unavailable"":0.001}","{""cluster_uncertainty_pass"":0,""complement_admissible_pass"":0,""control_adjusted_contrast_pass"":0,""control_specificity_pass"":0,""effect_direction_reproduced_pass"":0,""minimum_effect_pass"":0,""multiplicity_adjusted_threshold_pass"":0,""raw_statistical_threshold_pass"":0,""support_available_pass"":0,""target_contrast_positive_pass"":0}",0.0,0.0
d10b3aec4edc47fefb2bd92f,C_vs_Cp3__geometry_scores_only,8eb760d133ac749e3327,C_vs_Cp3,geometry_scores_only,fl3_entitlement_capped,discovery,joint_wild_cluster_rademacher,measurement_missingness_concentration,0.25,1.0,6,True,mixed_gate_limited,no_single_gate_rescue_or_dominant_failure_category,multiple,4000,1.0,0.9995,"{""control_contamination_limited"":0,""directionality_limited"":0,""effect_limited"":0,""effective_support_limited"":0,""specificity_limited"":0,""statistical_resolution_limited"":0,""structurally_unavailable"":0}","{""control_contamination_limited"":0.7955,""directionality_limited"":0.09725,""effect_limited"":0.21575,""effective_support_limited"":1.0,""specificity_limited"":0.50275,""statistical_resolution_limited"":1.0,""structurally_unavailable"":0.00025}","{""cluster_uncertainty_pass"":0,""complement_admissible_pass"":0,""control_adjusted_contrast_pass"":0,""control_specificity_pass"":0,""effect_direction_reproduced_pass"":0,""minimum_effect_pass"":0,""multiplicity_adjusted_threshold_pass"":0,""raw_statistical_threshold_pass"":0,""support_available_pass"":0,""target_contrast_positive_pass"":0}",0.0,0.0
d10b3aec4edc47fefb2bd92f,C_vs_Cp3__geometry_scores_only,8eb760d133ac749e3327,C_vs_Cp3,geometry_scores_only,fl3_entitlement_capped,discovery,joint_wild_cluster_rademacher,measurement_missingness_concentration,0.5,1.0,6,True,mixed_gate_limited,no_single_gate_rescue_or_dominant_failure_category,multiple,4000,1.0,0.999,"{""control_contamination_limited"":0,""directionality_limited"":0,""effect_limited"":0,""effective_support_limited"":0,""specificity_limited"":0,""statistical_resolution_limited"":0,""structurally_unavailable"":0}","{""control_contamination_limited"":0.7395,""directionality_limited"":0.08525,""effect_limited"":0.08675000000000001,""effective_support_limited"":1.0,""specificity_limited"":0.46125,""statistical_resolution_limited"":1.0,""structurally_unavailable"":0.0005}","{""cluster_uncertainty_pass"":0,""complement_admissible_pass"":0,""control_adjusted_contrast_pass"":0,""control_specificity_pass"":0,""effect_direction_reproduced_pass"":0,""minimum_effect_pass"":0,""multiplicity_adjusted_threshold_pass"":0,""raw_statistical_threshold_pass"":0,""support_available_pass"":0,""target_contrast_positive_pass"":0}",0.0,0.0
d10b3aec4edc47fefb2bd92f,C_vs_Cp3__geometry_scores_only,8eb760d133ac749e3327,C_vs_Cp3,geometry_scores_only,fl3_entitlement_capped,discovery,joint_wild_cluster_rademacher,measurement_missingness_concentration,0.75,1.0,6,True,mixed_gate_limited,no_single_gate_rescue_or_dominant_failure_category,multiple,4000,1.0,0.9984999999999999,"{""control_contamination_limited"":0,""directionality_limited"":0,""effect_limited"":0,""effective_support_limited"":0,""specificity_limited"":0,""statistical_resolution_limited"":0,""structurally_unavailable"":0}","{""control_contamination_limited"":0.7409999999999999,""directionality_limited"":0.10450000000000001,""effect_limited"":0.1045,""effective_support_limited"":1.0,""specificity_limited"":0.46975000000000006,""statistical_resolution_limited"":1.0,""structurally_unavailable"":0.00075}","{""cluster_uncertainty_pass"":0,""complement_admissible_pass"":0,""control_adjusted_contrast_pass"":0,""control_specificity_pass"":0,""effect_direction_reproduced_pass"":0,""minimum_effect_pass"":0,""multiplicity_adjusted_threshold_pass"":0,""raw_statistical_threshold_pass"":0,""support_available_pass"":0,""target_contrast_positive_pass"":0}",0.0,0.0
d10b3aec4edc47fefb2bd92f,C_vs_Cp3__geometry_scores_only,8eb760d133ac749e3327,C_vs_Cp3,geometry_scores_only,fl3_entitlement_capped,discovery,joint_wild_cluster_rademacher,measurement_missingness_concentration,1.0,1.0,6,True,mixed_gate_limited,no_single_gate_rescue_or_dominant_failure_category,multiple,4000,1.0,0.99875,"{""control_contamination_limited"":0,""directionality_limited"":0,""effect_limited"":0,""effective_support_limited"":0,""specificity_limited"":0,""statistical_resolution_limited"":0,""structurally_unavailable"":0}","{""control_contamination_limited"":0.7195,""directionality_limited"":0.08650000000000001,""effect_limited"":0.08650000000000001,""effective_support_limited"":1.0,""specificity_limited"":0.44775000000000004,""statistical_resolution_limited"":1.0,""structurally_unavailable"":0.000625}","{""cluster_uncertainty_pass"":0,""complement_admissible_pass"":0,""control_adjusted_contrast_pass"":0,""control_specificity_pass"":0,""effect_direction_reproduced_pass"":0,""minimum_effect_pass"":0,""multiplicity_adjusted_threshold_pass"":0,""raw_statistical_threshold_pass"":0,""support_available_pass"":0,""target_contrast_positive_pass"":0}",0.0,0.0
d10b3aec4edc47fefb2bd92f,C_vs_Cp3__geometry_scores_only,8eb760d133ac749e3327,C_vs_Cp3,geometry_scores_only,fl3_entitlement_capped,discovery,joint_wild_cluster_rademacher,measurement_missingness_concentration,1.5,1.0,6,True,mixed_gate_limited,no_single_gate_rescue_or_dominant_failure_category,multiple,4000,1.0,0.998,"{""control_contamination_limited"":0,""directionality_limited"":0,""effect_limited"":0,""effective_support_limited"":0,""specificity_limited"":0,""statistical_resolution_limited"":0,""structurally_unavailable"":0}","{""control_contamination_limited"":0.75525,""directionality_limited"":0.10600000000000001,""effect_limited"":0.10600000000000001,""effective_support_limited"":1.0,""specificity_limited"":0.48225,""statistical_resolution_limited"":1.0,""structurally_unavailable"":0.001}","{""cluster_uncertainty_pass"":0,""complement_admissible_pass"":0,""control_adjusted_contrast_pass"":0,""control_specificity_pass"":0,""effect_direction_reproduced_pass"":0,""minimum_effect_pass"":0,""multiplicity_adjusted_threshold_pass"":0,""raw_statistical_threshold_pass"":0,""support_available_pass"":0,""target_contrast_positive_pass"":0}",0.0,0.0
d10b3aec4edc47fefb2bd92f,C_vs_Cp3__geometry_scores_only,8eb760d133ac749e3327,C_vs_Cp3,geometry_scores_only,fl3_entitlement_capped,discovery,joint_wild_cluster_rademacher,measurement_missingness_concentration,2.0,1.0,6,True,mixed_gate_limited,no_single_gate_rescue_or_dominant_failure_category,multiple,4000,0.99975,0.99875,"{""control_contamination_limited"":0,""directionality_limited"":0,""effect_limited"":0,""effective_support_limited"":0,""specificity_limited"":0,""statistical_resolution_limited"":0,""structurally_unavailable"":0}","{""control_contamination_limited"":0.7837500000000001,""directionality_limited"":0.11299999999999999,""effect_limited"":0.11299999999999999,""effective_support_limited"":1.0,""specificity_limited"":0.49475,""statistical_resolution_limited"":1.0,""structurally_unavailable"":0.00075}","{""cluster_uncertainty_pass"":0,""complement_admissible_pass"":0,""control_adjusted_contrast_pass"":0,""control_specificity_pass"":0,""effect_direction_reproduced_pass"":0,""minimum_effect_pass"":0,""multiplicity_adjusted_threshold_pass"":0,""raw_statistical_threshold_pass"":0,""support_available_pass"":0,""target_contrast_positive_pass"":0}",0.0,0.0
fe17c18b39eb86c6e9f982bd,C_vs_Cp3__path_shares_only,28ecf7e42b861405b6b3,C_vs_Cp3,path_shares_only,fl3_entitled,discovery,joint_wild_cluster_rademacher,measurement_missingness_concentration,0.0,0.0,6,True,mixed_gate_limited,no_single_gate_rescue_or_dominant_failure_category,multiple,4000,1.0,0.99975,"{""control_contamination_limited"":0,""directionality_limited"":0,""effect_limited"":0,""effective_support_limited"":0,""specificity_limited"":0,""statistical_resolution_limited"":0,""structurally_unavailable"":0}","{""control_contamination_limited"":1.0,""directionality_limited"":1.0,""effect_limited"":1.0,""effective_support_limited"":1.0,""specificity_limited"":1.0,""statistical_resolution_limited"":1.0,""structurally_unavailable"":0.000125}","{""cluster_uncertainty_pass"":0,""complement_admissible_pass"":0,""control_adjusted_contrast_pass"":0,""control_specificity_pass"":0,""effect_direction_reproduced_pass"":0,""minimum_effect_pass"":0,""multiplicity_adjusted_threshold_pass"":0,""raw_statistical_threshold_pass"":0,""support_available_pass"":0,""target_contrast_positive_pass"":0}",0.0,0.0
03ef63db7584762143dc3914,three_way__no_window,114bd7932e0008f8ef79,three_way,no_window,fl3_entitlement_capped,confirmation,joint_gaussian_regularized_cluster,measurement_missingness_concentration,0.25,0.0,6,False,empirically_passable,complete_pass_observed,none,4000,1.0,0.99975,"{""control_contamination_limited"":0,""directionality_limited"":0,""effect_limited"":123,""effective_support_limited"":0,""specificity_limited"":0,""statistical_resolution_limited"":0,""structurally_unavailable"":0}","{""control_contamination_limited"":0.03375,""directionality_limited"":0.0025,""effect_limited"":0.1635,""effective_support_limited"":0.191,""specificity_limited"":0.0025,""statistical_resolution_limited"":0.56675,""structurally_unavailable"":0.000125}","{""cluster_uncertainty_pass"":0,""complement_admissible_pass"":0,""control_adjusted_contrast_pass"":0,""control_specificity_pass"":0,""effect_direction_reproduced_pass"":0,""minimum_effect_pass"":123,""multiplicity_adjusted_threshold_pass"":0,""raw_statistical_threshold_pass"":0,""support_available_pass"":0,""target_contrast_positive_pass"":0}",0.659,0.659
03ef63db7584762143dc3914,three_way__no_window,114bd7932e0008f8ef79,three_way,no_window,fl3_entitlement_capped,confirmation,joint_gaussian_regularized_cluster,measurement_missingness_concentration,0.5,0.0,6,False,empirically_passable,complete_pass_observed,none,4000,1.0,0.999,"{""control_contamination_limited"":0,""directionality_limited"":0,""effect_limited"":3,""effective_support_limited"":0,""specificity_limited"":0,""statistical_resolution_limited"":0,""structurally_unavailable"":0}","{""control_contamination_limited"":0.001,""directionality_limited"":0.00075,""effect_limited"":0.006500000000000001,""effective_support_limited"":0.05925,""specificity_limited"":0.00075,""statistical_resolution_limited"":0.36024999999999996,""structurally_unavailable"":0.0005}","{""cluster_uncertainty_pass"":0,""complement_admissible_pass"":0,""control_adjusted_contrast_pass"":0,""control_specificity_pass"":0,""effect_direction_reproduced_pass"":0,""minimum_effect_pass"":3,""multiplicity_adjusted_threshold_pass"":0,""raw_statistical_threshold_pass"":0,""support_available_pass"":0,""target_contrast_positive_pass"":0}",0.897,0.897
03ef63db7584762143dc3914,three_way__no_window,114bd7932e0008f8ef79,three_way,no_window,fl3_entitlement_capped,confirmation,joint_gaussian_regularized_cluster,measurement_missingness_concentration,0.75,0.0,6,False,empirically_passable,complete_pass_observed,none,4000,1.0,0.99925,"{""control_contamination_limited"":0,""directionality_limited"":0,""effect_limited"":0,""effective_support_limited"":0,""specificity_limited"":0,""statistical_resolution_limited"":0,""structurally_unavailable"":0}","{""control_contamination_limited"":0.0005,""directionality_limited"":0.00025,""effect_limited"":0.001,""effective_support_limited"":0.041749999999999995,""specificity_limited"":0.00025,""statistical_resolution_limited"":0.323,""structurally_unavailable"":0.000375}","{""cluster_uncertainty_pass"":0,""complement_admissible_pass"":0,""control_adjusted_contrast_pass"":0,""control_specificity_pass"":0,""effect_direction_reproduced_pass"":0,""minimum_effect_pass"":0,""multiplicity_adjusted_threshold_pass"":0,""raw_statistical_threshold_pass"":0,""support_available_pass"":0,""target_contrast_positive_pass"":0}",0.917,0.917
03ef63db7584762143dc3914,three_way__no_window,114bd7932e0008f8ef79,three_way,no_window,fl3_entitlement_capped,confirmation,joint_gaussian_regularized_cluster,measurement_missingness_concentration,1.0,0.0,6,False,empirically_passable,complete_pass_observed,none,4000,1.0,1.0,"{""control_contamination_limited"":0,""directionality_limited"":0,""effect_limited"":0,""effective_support_limited"":0,""specificity_limited"":0,""statistical_resolution_limited"":0,""structurally_unavailable"":0}","{""control_contamination_limited"":0.0,""directionality_limited"":0.0,""effect_limited"":0.0,""effective_support_limited"":0.038250000000000006,""specificity_limited"":0.0,""statistical_resolution_limited"":0.31175,""structurally_unavailable"":0.0}","{""cluster_uncertainty_pass"":0,""complement_admissible_pass"":0,""control_adjusted_contrast_pass"":0,""control_specificity_pass"":0,""effect_direction_reproduced_pass"":0,""minimum_effect_pass"":0,""multiplicity_adjusted_threshold_pass"":0,""raw_statistical_threshold_pass"":0,""support_available_pass"":0,""target_contrast_positive_pass"":0}",0.932,0.932
03ef63db7584762143dc3914,three_way__no_window,114bd7932e0008f8ef79,three_way,no_window,fl3_entitlement_capped,confirmation,joint_gaussian_regularized_cluster,measurement_missingness_concentration,1.5,0.0,6,False,empirically_passable,complete_pass_observed,none,4000,1.0,0.9995,"{""control_contamination_limited"":0,""directionality_limited"":0,""effect_limited"":0,""effective_support_limited"":0,""specificity_limited"":0,""statistical_resolution_limited"":0,""structurally_unavailable"":0}","{""control_contamination_limited"":0.0,""directionality_limited"":0.0,""effect_limited"":0.0,""effective_support_limited"":0.03950000000000001,""specificity_limited"":0.0,""statistical_resolution_limited"":0.32275000000000004,""structurally_unavailable"":0.00025}","{""cluster_uncertainty_pass"":0,""complement_admissible_pass"":0,""control_adjusted_contrast_pass"":0,""control_specificity_pass"":0,""effect_direction_reproduced_pass"":0,""minimum_effect_pass"":0,""multiplicity_adjusted_threshold_pass"":0,""raw_statistical_threshold_pass"":0,""support_available_pass"":0,""target_contrast_positive_pass"":0}",0.93,0.93
03ef63db7584762143dc3914,three_way__no_window,114bd7932e0008f8ef79,three_way,no_window,fl3_entitlement_capped,confirmation,joint_gaussian_regularized_cluster,measurement_missingness_concentration,2.0,0.0,6,False,empirically_passable,complete_pass_observed,none,4000,1.0,0.9995,"{""control_contamination_limited"":0,""directionality_limited"":0,""effect_limited"":0,""effective_support_limited"":0,""specificity_limited"":0,""statistical_resolution_limited"":0,""structurally_unavailable"":0}","{""control_contamination_limited"":0.0005,""directionality_limited"":0.0005,""effect_limited"":0.0005,""effective_support_limited"":0.04,""specificity_limited"":0.0005,""statistical_resolution_limited"":0.32075,""structurally_unavailable"":0.00025}","{""cluster_uncertainty_pass"":0,""complement_admissible_pass"":0,""control_adjusted_contrast_pass"":0,""control_specificity_pass"":0,""effect_direction_reproduced_pass"":0,""minimum_effect_pass"":0,""multiplicity_adjusted_threshold_pass"":0,""raw_statistical_threshold_pass"":0,""support_available_pass"":0,""target_contrast_positive_pass"":0}",0.926,0.926
03ef63db7584762143dc3914,three_way__no_window,114bd7932e0008f8ef79,three_way,no_window,fl3_entitlement_capped,confirmation,joint_gaussian_regularized_cluster,measurement_missingness_concentration,0.25,0.25,6,False,empirically_passable,complete_pass_observed,none,4000,1.0,0.999,"{""control_contamination_limited"":30,""directionality_limited"":0,""effect_limited"":67,""effective_support_limited"":0,""specificity_limited"":0,""statistical_resolution_limited"":0,""structurally_unavailable"":0}","{""control_contamination_limited"":0.1275,""directionality_limited"":0.0022500000000000003,""effect_limited"":0.169,""effective_support_limited"":0.16799999999999998,""specificity_limited"":0.01825,""statistical_resolution_limited"":0.5415000000000001,""structurally_unavailable"":0.0005}","{""cluster_uncertainty_pass"":0,""complement_admissible_pass"":0,""control_adjusted_contrast_pass"":30,""control_specificity_pass"":0,""effect_direction_reproduced_pass"":0,""minimum_effect_pass"":67,""multiplicity_adjusted_threshold_pass"":0,""raw_statistical_threshold_pass"":0,""support_available_pass"":0,""target_contrast_positive_pass"":0}",0.665,0.665
03ef63db7584762143dc3914,three_way__no_window,114bd7932e0008f8ef79,three_way,no_window,fl3_entitlement_capped,confirmation,joint_gaussian_regularized_cluster,measurement_missingness_concentration,0.5,0.25,6,False,empirically_passable,complete_pass_observed,none,4000,1.0,0.99975,"{""control_contamination_limited"":35,""directionality_limited"":0,""effect_limited"":0,""effective_support_limited"":0,""specificity_limited"":0,""statistical_resolution_limited"":0,""structurally_unavailable"":0}","{""control_contamination_limited"":0.03225,""directionality_limited"":0.0,""effect_limited"":0.00825,""effective_support_limited"":0.055749999999999994,""specificity_limited"":0.005,""statistical_resolution_limited"":0.369,""structurally_unavailable"":0.000125}","{""cluster_uncertainty_pass"":0,""complement_admissible_pass"":0,""control_adjusted_contrast_pass"":35,""control_specificity_pass"":0,""effect_direction_reproduced_pass"":0,""minimum_effect_pass"":0,""multiplicity_adjusted_threshold_pass"":0,""raw_statistical_threshold_pass"":0,""support_available_pass"":0,""target_contrast_positive_pass"":0}",0.88,0.88
03ef63db7584762143dc3914,three_way__no_window,114bd7932e0008f8ef79,three_way,no_window,fl3_entitlement_capped,confirmation,joint_gaussian_regularized_cluster,measurement_missingness_concentration,0.75,0.25,6,False,empirically_passable,complete_pass_observed,none,4000,1.0,0.9995,"{""control_contamination_limited"":11,""directionality_limited"":0,""effect_limited"":0,""effective_support_limited"":0,""specificity_limited"":0,""statistical_resolution_limited"":0,""structurally_unavailable"":0}","{""control_contamination_limited"":0.010500000000000002,""directionality_limited"":0.0,""effect_limited"":0.0005,""effective_support_limited"":0.04875,""specificity_limited"":0.00125,""statistical_resolution_limited"":0.3355,""structurally_unavailable"":0.00025}","{""cluster_uncertainty_pass"":0,""complement_admissible_pass"":0,""control_adjusted_contrast_pass"":11,""control_specificity_pass"":0,""effect_direction_reproduced_pass"":0,""minimum_effect_pass"":0,""multiplicity_adjusted_threshold_pass"":0,""raw_statistical_threshold_pass"":0,""support_available_pass"":0,""target_contrast_positive_pass"":0}",0.918,0.918
03ef63db7584762143dc3914,three_way__no_window,114bd7932e0008f8ef79,three_way,no_window,fl3_entitlement_capped,confirmation,joint_gaussian_regularized_cluster,measurement_missingness_concentration,1.0,0.25,6,False,empirically_passable,complete_pass_observed,none,4000,1.0,1.0,"{""control_contamination_limited"":4,""directionality_limited"":0,""effect_limited"":0,""effective_support_limited"":0,""specificity_limited"":0,""statistical_resolution_limited"":0,""structurally_unavailable"":0}","{""control_contamination_limited"":0.0055000000000000005,""directionality_limited"":0.0,""effect_limited"":0.00025,""effective_support_limited"":0.04650000000000001,""specificity_limited"":0.002,""statistical_resolution_limited"":0.32825000000000004,""structurally_unavailable"":0.0}","{""cluster_uncertainty_pass"":0,""complement_admissible_pass"":0,""control_adjusted_contrast_pass"":4,""control_specificity_pass"":0,""effect_direction_reproduced_pass"":0,""minimum_effect_pass"":0,""multiplicity_adjusted_threshold_pass"":0,""raw_statistical_threshold_pass"":0,""support_available_pass"":0,""target_contrast_positive_pass"":0}",0.93,0.93
03ef63db7584762143dc3914,three_way__no_window,114bd7932e0008f8ef79,three_way,no_window,fl3_entitlement_capped,confirmation,joint_gaussian_regularized_cluster,measurement_missingness_concentration,1.5,0.25,6,False,empirically_passable,complete_pass_observed,none,4000,1.0,0.99975,"{""control_contamination_limited"":5,""directionality_limited"":0,""effect_limited"":0,""effective_support_limited"":0,""specificity_limited"":0,""statistical_resolution_limited"":0,""structurally_unavailable"":0}","{""control_contamination_limited"":0.0035000000000000005,""directionality_limited"":0.0,""effect_limited"":0.0,""effective_support_limited"":0.03975,""specificity_limited"":0.00025,""statistical_resolution_limited"":0.31125,""structurally_unavailable"":0.000125}","{""cluster_uncertainty_pass"":0,""complement_admissible_pass"":0,""control_adjusted_contrast_pass"":5,""control_specificity_pass"":0,""effect_direction_reproduced_pass"":0,""minimum_effect_pass"":0,""multiplicity_adjusted_threshold_pass"":0,""raw_statistical_threshold_pass"":0,""support_available_pass"":0,""target_contrast_positive_pass"":0}",0.926,0.926
03ef63db7584762143dc3914,three_way__no_window,114bd7932e0008f8ef79,three_way,no_window,fl3_entitlement_capped,confirmation,joint_gaussian_regularized_cluster,measurement_missingness_concentration,2.0,0.25,6,False,empirically_passable,complete_pass_observed,none,4000,1.0,0.99975,"{""control_contamination_limited"":1,""directionality_limited"":0,""effect_limited"":0,""effective_support_limited"":0,""specificity_limited"":0,""statistical_resolution_limited"":0,""structurally_unavailable"":0}","{""control_contamination_limited"":0.0022500000000000003,""directionality_limited"":0.0,""effect_limited"":0.0,""effective_support_limited"":0.03375,""specificity_limited"":0.0005,""statistical_resolution_limited"":0.30725,""structurally_unavailable"":0.000125}","{""cluster_uncertainty_pass"":0,""complement_admissible_pass"":0,""control_adjusted_contrast_pass"":1,""control_specificity_pass"":0,""effect_direction_reproduced_pass"":0,""minimum_effect_pass"":0,""multiplicity_adjusted_threshold_pass"":0,""raw_statistical_threshold_pass"":0,""support_available_pass"":0,""target_contrast_positive_pass"":0}",0.919,0.919
03ef63db7584762143dc3914,three_way__no_window,114bd7932e0008f8ef79,three_way,no_window,fl3_entitlement_capped,confirmation,joint_gaussian_regularized_cluster,measurement_missingness_concentration,0.25,0.5,6,False,empirically_passable,complete_pass_observed,none,4000,1.0,0.9995,"{""control_contamination_limited"":269,""directionality_limited"":0,""effect_limited"":0,""effective_support_limited"":0,""specificity_limited"":0,""statistical_resolution_limited"":0,""structurally_unavailable"":0}","{""control_contamination_limited"":0.33999999999999997,""directionality_limited"":0.00525,""effect_limited"":0.17075,""effective_support_limited"":0.18025000000000002,""specificity_limited"":0.085,""statistical_resolution_limited"":0.54825,""structurally_unavailable"":0.00025}","{""cluster_uncertainty_pass"":0,""complement_admissible_pass"":0,""control_adjusted_contrast_pass"":269,""control_specificity_pass"":0,""effect_direction_reproduced_pass"":0,""minimum_effect_pass"":0,""multiplicity_adjusted_threshold_pass"":0,""raw_statistical_threshold_pass"":0,""support_available_pass"":0,""target_contrast_positive_pass"":0}",0.563,0.563
03ef63db7584762143dc3914,three_way__no_window,114bd7932e0008f8ef79,three_way,no_window,fl3_entitlement_capped,confirmation,joint_gaussian_regularized_cluster,measurement_missingness_concentration,0.5,0.5,6,False,empirically_passable,complete_pass_observed,none,4000,1.0,0.99975,"{""control_contamination_limited"":251,""directionality_limited"":0,""effect_limited"":0,""effective_support_limited"":0,""specificity_limited"":0,""statistical_resolution_limited"":0,""structurally_unavailable"":0}","{""control_contamination_limited"":0.168,""directionality_limited"":0.001,""effect_limited"":0.0055,""effective_support_limited"":0.052750000000000005,""specificity_limited"":0.04675,""statistical_resolution_limited"":0.37925,""structurally_unavailable"":0.000125}","{""cluster_uncertainty_pass"":0,""complement_admissible_pass"":0,""control_adjusted_contrast_pass"":251,""control_specificity_pass"":0,""effect_direction_reproduced_pass"":0,""minimum_effect_pass"":0,""multiplicity_adjusted_threshold_pass"":0,""raw_statistical_threshold_pass"":0,""support_available_pass"":0,""target_contrast_positive_pass"":0}",0.787,0.787
03ef63db7584762143dc3914,three_way__no_window,114bd7932e0008f8ef79,three_way,no_window,fl3_entitlement_capped,confirmation,joint_gaussian_regularized_cluster,measurement_missingness_concentration,0.75,0.5,6,False,empirically_passable,complete_pass_observed,none,4000,1.0,0.9995,"{""control_contamination_limited"":168,""directionality_limited"":0,""effect_limited"":0,""effective_support_limited"":0,""specificity_limited"":0,""statistical_resolution_limited"":0,""structurally_unavailable"":0}","{""control_contamination_limited"":0.105,""directionality_limited"":0.00025,""effect_limited"":0.00125,""effective_support_limited"":0.045250000000000005,""specificity_limited"":0.029249999999999998,""statistical_resolution_limited"":0.32875,""structurally_unavailable"":0.00025}","{""cluster_uncertainty_pass"":0,""complement_admissible_pass"":0,""control_adjusted_contrast_pass"":168,""control_specificity_pass"":0,""effect_direction_reproduced_pass"":0,""minimum_effect_pass"":0,""multiplicity_adjusted_threshold_pass"":0,""raw_statistical_threshold_pass"":0,""support_available_pass"":0,""target_contrast_positive_pass"":0}",0.85,0.85
03ef63db7584762143dc3914,three_way__no_window,114bd7932e0008f8ef79,three_way,no_window,fl3_entitlement_capped,confirmation,joint_gaussian_regularized_cluster,measurement_missingness_concentration,1.0,0.5,6,False,empirically_passable,complete_pass_observed,none,4000,1.0,0.99975,"{""control_contamination_limited"":115,""directionality_limited"":0,""effect_limited"":0,""effective_support_limited"":0,""specificity_limited"":0,""statistical_resolution_limited"":0,""structurally_unavailable"":0}","{""control_contamination_limited"":0.061500000000000006,""directionality_limited"":0.0,""effect_limited"":0.00025,""effective_support_limited"":0.043750000000000004,""specificity_limited"":0.01225,""statistical_resolution_limited"":0.32725000000000004,""structurally_unavailable"":0.000125}","{""cluster_uncertainty_pass"":0,""complement_admissible_pass"":0,""control_adjusted_contrast_pass"":115,""control_specificity_pass"":0,""effect_direction_reproduced_pass"":0,""minimum_effect_pass"":0,""multiplicity_adjusted_threshold_pass"":0,""raw_statistical_threshold_pass"":0,""support_available_pass"":0,""target_contrast_positive_pass"":0}",0.892,0.892
03ef63db7584762143dc3914,three_way__no_window,114bd7932e0008f8ef79,three_way,no_window,fl3_entitlement_capped,confirmation,joint_gaussian_regularized_cluster,measurement_missingness_concentration,1.5,0.5,6,False,empirically_passable,complete_pass_observed,none,4000,1.0,1.0,"{""control_contamination_limited"":53,""directionality_limited"":0,""effect_limited"":0,""effective_support_limited"":0,""specificity_limited"":0,""statistical_resolution_limited"":0,""structurally_unavailable"":0}","{""control_contamination_limited"":0.038250000000000006,""directionality_limited"":0.0,""effect_limited"":0.0,""effective_support_limited"":0.04075,""specificity_limited"":0.011750000000000002,""statistical_resolution_limited"":0.3205,""structurally_unavailable"":0.0}","{""cluster_uncertainty_pass"":0,""complement_admissible_pass"":0,""control_adjusted_contrast_pass"":53,""control_specificity_pass"":0,""effect_direction_reproduced_pass"":0,""minimum_effect_pass"":0,""multiplicity_adjusted_threshold_pass"":0,""raw_statistical_threshold_pass"":0,""support_available_pass"":0,""target_contrast_positive_pass"":0}",0.912,0.912
03ef63db7584762143dc3914,three_way__no_window,114bd7932e0008f8ef79,three_way,no_window,fl3_entitlement_capped,confirmation,joint_gaussian_regularized_cluster,measurement_missingness_concentration,2.0,0.5,6,False,empirically_passable,complete_pass_observed,none,4000,1.0,0.99975,"{""control_contamination_limited"":53,""directionality_limited"":0,""effect_limited"":0,""effective_support_limited"":0,""specificity_limited"":0,""statistical_resolution_limited"":0,""structurally_unavailable"":0}","{""control_contamination_limited"":0.0325,""directionality_limited"":0.00025,""effect_limited"":0.00025,""effective_support_limited"":0.035750000000000004,""specificity_limited"":0.00775,""statistical_resolution_limited"":0.308,""structurally_unavailable"":0.000125}","{""cluster_uncertainty_pass"":0,""complement_admissible_pass"":0,""control_adjusted_contrast_pass"":53,""control_specificity_pass"":0,""effect_direction_reproduced_pass"":0,""minimum_effect_pass"":0,""multiplicity_adjusted_threshold_pass"":0,""raw_statistical_threshold_pass"":0,""support_available_pass"":0,""target_contrast_positive_pass"":0}",0.923,0.923
03ef63db7584762143dc3914,three_way__no_window,114bd7932e0008f8ef79,three_way,no_window,fl3_entitlement_capped,confirmation,joint_gaussian_regularized_cluster,measurement_missingness_concentration,0.25,1.0,6,False,empirically_passable,complete_pass_observed,none,4000,1.0,0.99925,"{""control_contamination_limited"":690,""directionality_limited"":0,""effect_limited"":0,""effective_support_limited"":0,""specificity_limited"":0,""statistical_resolution_limited"":0,""structurally_unavailable"":0}","{""control_contamination_limited"":0.7330000000000001,""directionality_limited"":0.006750000000000001,""effect_limited"":0.1685,""effective_support_limited"":0.18874999999999997,""specificity_limited"":0.38625000000000004,""statistical_resolution_limited"":0.54825,""structurally_unavailable"":0.000375}","{""cluster_uncertainty_pass"":0,""complement_admissible_pass"":0,""control_adjusted_contrast_pass"":690,""control_specificity_pass"":0,""effect_direction_reproduced_pass"":0,""minimum_effect_pass"":0,""multiplicity_adjusted_threshold_pass"":0,""raw_statistical_threshold_pass"":0,""support_available_pass"":0,""target_contrast_positive_pass"":0}",0.19,0.19
03ef63db7584762143dc3914,three_way__no_window,114bd7932e0008f8ef79,three_way,no_window,fl3_entitlement_capped,confirmation,joint_gaussian_regularized_cluster,measurement_missingness_concentration,0.5,1.0,6,False,empirically_passable,complete_pass_observed,none,4000,1.0,1.0,"{""control_contamination_limited"":797,""directionality_limited"":0,""effect_limited"":0,""effective_support_limited"":0,""specificity_limited"":0,""statistical_resolution_limited"":0,""structurally_unavailable"":0}","{""control_contamination_limited"":0.67275,""directionality_limited"":0.00025,""effect_limited"":0.009750000000000002,""effective_support_limited"":0.06225,""specificity_limited"":0.3785,""statistical_resolution_limited"":0.375,""structurally_unavailable"":0.0}","{""cluster_uncertainty_pass"":0,""complement_admissible_pass"":0,""control_adjusted_contrast_pass"":797,""control_specificity_pass"":0,""effect_direction_reproduced_pass"":0,""minimum_effect_pass"":0,""multiplicity_adjusted_threshold_pass"":0,""raw_statistical_threshold_pass"":0,""support_available_pass"":0,""target_contrast_positive_pass"":0}",0.268,0.268
03ef63db7584762143dc3914,three_way__no_window,114bd7932e0008f8ef79,three_way,no_window,fl3_entitlement_capped,confirmation,joint_gaussian_regularized_cluster,measurement_missingness_concentration,0.75,1.0,6,False,empirically_passable,complete_pass_observed,none,4000,1.0,0.9995,"{""control_contamination_limited"":769,""directionality_limited"":0,""effect_limited"":0,""effective_support_limited"":0,""specificity_limited"":0,""statistical_resolution_limited"":0,""structurally_unavailable"":0}","{""control_contamination_limited"":0.67,""directionality_limited"":0.0005,""effect_limited"":0.0025,""effective_support_limited"":0.044750000000000005,""specificity_limited"":0.391,""statistical_resolution_limited"":0.34275000000000005,""structurally_unavailable"":0.00025}","{""cluster_uncertainty_pass"":0,""complement_admissible_pass"":0,""control_adjusted_contrast_pass"":769,""control_specificity_pass"":0,""effect_direction_reproduced_pass"":0,""minimum_effect_pass"":0,""multiplicity_adjusted_threshold_pass"":0,""raw_statistical_threshold_pass"":0,""support_available_pass"":0,""target_contrast_positive_pass"":0}",0.275,0.275
03ef63db7584762143dc3914,three_way__no_window,114bd7932e0008f8ef79,three_way,no_window,fl3_entitlement_capped,confirmation,joint_gaussian_regularized_cluster,measurement_missingness_concentration,1.0,1.0,6,False,empirically_passable,complete_pass_observed,none,4000,1.0,0.99975,"{""control_contamination_limited"":810,""directionality_limited"":0,""effect_limited"":0,""effective_support_limited"":0,""specificity_limited"":0,""statistical_resolution_limited"":0,""structurally_unavailable"":0}","{""control_contamination_limited"":0.6825,""directionality_limited"":0.00025,""effect_limited"":0.00025,""effective_support_limited"":0.03925000000000001,""specificity_limited"":0.397,""statistical_resolution_limited"":0.3235,""structurally_unavailable"":0.000125}","{""cluster_uncertainty_pass"":0,""complement_admissible_pass"":0,""control_adjusted_contrast_pass"":810,""control_specificity_pass"":0,""effect_direction_reproduced_pass"":0,""minimum_effect_pass"":0,""multiplicity_adjusted_threshold_pass"":0,""raw_statistical_threshold_pass"":0,""support_available_pass"":0,""target_contrast_positive_pass"":0}",0.261,0.261
03ef63db7584762143dc3914,three_way__no_window,114bd7932e0008f8ef79,three_way,no_window,fl3_entitlement_capped,confirmation,joint_gaussian_regularized_cluster,measurement_missingness_concentration,1.5,1.0,6,False,empirically_passable,complete_pass_observed,none,4000,1.0,0.99875,"{""control_contamination_limited"":784,""directionality_limited"":0,""effect_limited"":0,""effective_support_limited"":0,""specificity_limited"":0,""statistical_resolution_limited"":0,""structurally_unavailable"":0}","{""control_contamination_limited"":0.67625,""directionality_limited"":0.0,""effect_limited"":0.0,""effective_support_limited"":0.043500000000000004,""specificity_limited"":0.39825,""statistical_resolution_limited"":0.3165,""structurally_unavailable"":0.000625}","{""cluster_uncertainty_pass"":0,""complement_admissible_pass"":0,""control_adjusted_contrast_pass"":784,""control_specificity_pass"":0,""effect_direction_reproduced_pass"":0,""minimum_effect_pass"":0,""multiplicity_adjusted_threshold_pass"":0,""raw_statistical_threshold_pass"":0,""support_available_pass"":0,""target_contrast_positive_pass"":0}",0.258,0.258
03ef63db7584762143dc3914,three_way__no_window,114bd7932e0008f8ef79,three_way,no_window,fl3_entitlement_capped,confirmation,joint_gaussian_regularized_cluster,measurement_missingness_concentration,2.0,1.0,6,False,empirically_passable,complete_pass_observed,none,4000,1.0,0.9995,"{""control_contamination_limited"":868,""directionality_limited"":0,""effect_limited"":0,""effective_support_limited"":0,""specificity_limited"":0,""statistical_resolution_limited"":0,""structurally_unavailable"":0}","{""control_contamination_limited"":0.7085,""directionality_limited"":0.0,""effect_limited"":0.0,""effective_support_limited"":0.044500000000000005,""specificity_limited"":0.38950000000000007,""statistical_resolution_limited"":0.32375,""structurally_unavailable"":0.00025}","{""cluster_uncertainty_pass"":0,""complement_admissible_pass"":0,""control_adjusted_contrast_pass"":868,""control_specificity_pass"":0,""effect_direction_reproduced_pass"":0,""minimum_effect_pass"":0,""multiplicity_adjusted_threshold_pass"":0,""raw_statistical_threshold_pass"":0,""support_available_pass"":0,""target_contrast_positive_pass"":0}",0.239,0.239
bfa569fbae807b7f50c3389f,C_vs_Cp2__stability_core_3,c683c10822cc59ae7587,C_vs_Cp2,stability_core_3,fl3_entitled,confirmation,joint_gaussian_regularized_cluster,measurement_missingness_concentration,0.25,0.0,6,False,empirically_passable,complete_pass_observed,none,4000,1.0,1.0,"{""control_contamination_limited"":0,""directionality_limited"":0,""effect_limited"":2,""effective_support_limited"":0,""specificity_limited"":0,""statistical_resolution_limited"":0,""structurally_unavailable"":0}","{""control_contamination_limited"":0.01775,""directionality_limited"":0.00675,""effect_limited"":0.124,""effective_support_limited"":0.643,""specificity_limited"":0.00675,""statistical_resolution_limited"":0.95475,""structurally_unavailable"":0.0}","{""cluster_uncertainty_pass"":0,""complement_admissible_pass"":0,""control_adjusted_contrast_pass"":0,""control_specificity_pass"":0,""effect_direction_reproduced_pass"":0,""minimum_effect_pass"":2,""multiplicity_adjusted_threshold_pass"":0,""raw_statistical_threshold_pass"":0,""support_available_pass"":0,""target_contrast_positive_pass"":0}",0.103,0.103
bfa569fbae807b7f50c3389f,C_vs_Cp2__stability_core_3,c683c10822cc59ae7587,C_vs_Cp2,stability_core_3,fl3_entitled,confirmation,joint_gaussian_regularized_cluster,measurement_missingness_concentration,0.5,0.0,6,False,empirically_passable,complete_pass_observed,none,4000,1.0,0.9995,"{""control_contamination_limited"":0,""directionality_limited"":0,""effect_limited"":0,""effective_support_limited"":0,""specificity_limited"":0,""statistical_resolution_limited"":0,""structurally_unavailable"":0}","{""control_contamination_limited"":0.0045,""directionality_limited"":0.00425,""effect_limited"":0.00675,""effective_support_limited"":0.41800000000000004,""specificity_limited"":0.00425,""statistical_resolution_limited"":0.877,""structurally_unavailable"":0.00025}","{""cluster_uncertainty_pass"":0,""complement_admissible_pass"":0,""control_adjusted_contrast_pass"":0,""control_specificity_pass"":0,""effect_direction_reproduced_pass"":0,""minimum_effect_pass"":0,""multiplicity_adjusted_threshold_pass"":0,""raw_statistical_threshold_pass"":0,""support_available_pass"":0,""target_contrast_positive_pass"":0}",0.243,0.243
bfa569fbae807b7f50c3389f,C_vs_Cp2__stability_core_3,c683c10822cc59ae7587,C_vs_Cp2,stability_core_3,fl3_entitled,confirmation,joint_gaussian_regularized_cluster,measurement_missingness_concentration,0.75,0.0,6,False,empirically_passable,complete_pass_observed,none,4000,1.0,1.0,"{""control_contamination_limited"":0,""directionality_limited"":0,""effect_limited"":0,""effective_support_limited"":0,""specificity_limited"":0,""statistical_resolution_limited"":0,""structurally_unavailable"":0}","{""control_contamination_limited"":0.006500000000000001,""directionality_limited"":0.006500000000000001,""effect_limited"":0.006500000000000001,""effective_support_limited"":0.35175,""specificity_limited"":0.006500000000000001,""statistical_resolution_limited"":0.8382499999999999,""structurally_unavailable"":0.0}","{""cluster_uncertainty_pass"":0,""complement_admissible_pass"":0,""control_adjusted_contrast_pass"":0,""control_specificity_pass"":0,""effect_direction_reproduced_pass"":0,""minimum_effect_pass"":0,""multiplicity_adjusted_threshold_pass"":0,""raw_statistical_threshold_pass"":0,""support_available_pass"":0,""target_contrast_positive_pass"":0}",0.319,0.319
bfa569fbae807b7f50c3389f,C_vs_Cp2__stability_core_3,c683c10822cc59ae7587,C_vs_Cp2,stability_core_3,fl3_entitled,confirmation,joint_gaussian_regularized_cluster,measurement_missingness_concentration,1.0,0.0,6,False,empirically_passable,complete_pass_observed,none,4000,1.0,1.0,"{""control_contamination_limited"":0,""directionality_limited"":0,""effect_limited"":0,""effective_support_limited"":0,""specificity_limited"":0,""statistical_resolution_limited"":0,""structurally_unavailable"":0}","{""control_contamination_limited"":0.00275,""directionality_limited"":0.00275,""effect_limited"":0.00275,""effective_support_limited"":0.3415,""specificity_limited"":0.00275,""statistical_resolution_limited"":0.835,""structurally_unavailable"":0.0}","{""cluster_uncertainty_pass"":0,""complement_admissible_pass"":0,""control_adjusted_contrast_pass"":0,""control_specificity_pass"":0,""effect_direction_reproduced_pass"":0,""minimum_effect_pass"":0,""multiplicity_adjusted_threshold_pass"":0,""raw_statistical_threshold_pass"":0,""support_available_pass"":0,""target_contrast_positive_pass"":0}",0.327,0.327
bfa569fbae807b7f50c3389f,C_vs_Cp2__stability_core_3,c683c10822cc59ae7587,C_vs_Cp2,stability_core_3,fl3_entitled,confirmation,joint_gaussian_regularized_cluster,measurement_missingness_concentration,1.5,0.0,6,False,empirically_passable,complete_pass_observed,none,4000,1.0,1.0,"{""control_contamination_limited"":0,""directionality_limited"":0,""effect_limited"":0,""effective_support_limited"":0,""specificity_limited"":0,""statistical_resolution_limited"":0,""structurally_unavailable"":0}","{""control_contamination_limited"":0.00625,""directionality_limited"":0.0062499999999999995,""effect_limited"":0.00625,""effective_support_limited"":0.319,""specificity_limited"":0.00625,""statistical_resolution_limited"":0.81675,""structurally_unavailable"":0.0}","{""cluster_uncertainty_pass"":0,""complement_admissible_pass"":0,""control_adjusted_contrast_pass"":0,""control_specificity_pass"":0,""effect_direction_reproduced_pass"":0,""minimum_effect_pass"":0,""multiplicity_adjusted_threshold_pass"":0,""raw_statistical_threshold_pass"":0,""support_available_pass"":0,""target_contrast_positive_pass"":0}",0.368,0.368
bfa569fbae807b7f50c3389f,C_vs_Cp2__stability_core_3,c683c10822cc59ae7587,C_vs_Cp2,stability_core_3,fl3_entitled,confirmation,joint_gaussian_regularized_cluster,measurement_missingness_concentration,2.0,0.0,6,False,empirically_passable,complete_pass_observed,none,4000,1.0,1.0,"{""control_contamination_limited"":0,""directionality_limited"":0,""effect_limited"":0,""effective_support_limited"":0,""specificity_limited"":0,""statistical_resolution_limited"":0,""structurally_unavailable"":0}","{""control_contamination_limited"":0.00475,""directionality_limited"":0.00475,""effect_limited"":0.00475,""effective_support_limited"":0.3265,""specificity_limited"":0.00475,""statistical_resolution_limited"":0.8207500000000001,""structurally_unavailable"":0.0}","{""cluster_uncertainty_pass"":0,""complement_admissible_pass"":0,""control_adjusted_contrast_pass"":0,""control_specificity_pass"":0,""effect_direction_reproduced_pass"":0,""minimum_effect_pass"":0,""multiplicity_adjusted_threshold_pass"":0,""raw_statistical_threshold_pass"":0,""support_available_pass"":0,""target_contrast_positive_pass"":0}",0.345,0.345
bfa569fbae807b7f50c3389f,C_vs_Cp2__stability_core_3,c683c10822cc59ae7587,C_vs_Cp2,stability_core_3,fl3_entitled,confirmation,joint_gaussian_regularized_cluster,measurement_missingness_concentration,0.25,0.25,6,False,empirically_passable,complete_pass_observed,none,4000,1.0,1.0,"{""control_contamination_limited"":2,""directionality_limited"":0,""effect_limited"":1,""effective_support_limited"":0,""specificity_limited"":0,""statistical_resolution_limited"":0,""structurally_unavailable"":0}","{""control_contamination_limited"":0.111,""directionality_limited"":0.00775,""effect_limited"":0.1245,""effective_support_limited"":0.667,""specificity_limited"":0.019250000000000003,""statistical_resolution_limited"":0.9630000000000001,""structurally_unavailable"":0.0}","{""cluster_uncertainty_pass"":0,""complement_admissible_pass"":0,""control_adjusted_contrast_pass"":2,""control_specificity_pass"":0,""effect_direction_reproduced_pass"":0,""minimum_effect_pass"":1,""multiplicity_adjusted_threshold_pass"":0,""raw_statistical_threshold_pass"":0,""support_available_pass"":0,""target_contrast_positive_pass"":0}",0.077,0.077
bfa569fbae807b7f50c3389f,C_vs_Cp2__stability_core_3,c683c10822cc59ae7587,C_vs_Cp2,stability_core_3,fl3_entitled,confirmation,joint_gaussian_regularized_cluster,measurement_missingness_concentration,0.5,0.25,6,False,empirically_passable,complete_pass_observed,none,4000,1.0,1.0,"{""control_contamination_limited"":2,""directionality_limited"":0,""effect_limited"":0,""effective_support_limited"":0,""specificity_limited"":0,""statistical_resolution_limited"":0,""structurally_unavailable"":0}","{""control_contamination_limited"":0.013500000000000002,""directionality_limited"":0.0022500000000000003,""effect_limited"":0.00375,""effective_support_limited"":0.43749999999999994,""specificity_limited"":0.0035,""statistical_resolution_limited"":0.88825,""structurally_unavailable"":0.0}","{""cluster_uncertainty_pass"":0,""complement_admissible_pass"":0,""control_adjusted_contrast_pass"":2,""control_specificity_pass"":0,""effect_direction_reproduced_pass"":0,""minimum_effect_pass"":0,""multiplicity_adjusted_threshold_pass"":0,""raw_statistical_threshold_pass"":0,""support_available_pass"":0,""target_contrast_positive_pass"":0}",0.226,0.226
bfa569fbae807b7f50c3389f,C_vs_Cp2__stability_core_3,c683c10822cc59ae7587,C_vs_Cp2,stability_core_3,fl3_entitled,confirmation,joint_gaussian_regularized_cluster,measurement_missingness_concentration,0.75,0.25,6,False,empirically_passable,complete_pass_observed,none,4000,1.0,1.0,"{""control_contamination_limited"":0,""directionality_limited"":0,""effect_limited"":0,""effective_support_limited"":0,""specificity_limited"":0,""statistical_resolution_limited"":0,""structurally_unavailable"":0}","{""control_contamination_limited"":0.0085,""directionality_limited"":0.00525,""effect_limited"":0.00525,""effective_support_limited"":0.38925,""specificity_limited"":0.0055000000000000005,""statistical_resolution_limited"":0.87,""structurally_unavailable"":0.0}","{""cluster_uncertainty_pass"":0,""complement_admissible_pass"":0,""control_adjusted_contrast_pass"":0,""control_specificity_pass"":0,""effect_direction_reproduced_pass"":0,""minimum_effect_pass"":0,""multiplicity_adjusted_threshold_pass"":0,""raw_statistical_threshold_pass"":0,""support_available_pass"":0,""target_contrast_positive_pass"":0}",0.265,0.265
bfa569fbae807b7f50c3389f,C_vs_Cp2__stability_core_3,c683c10822cc59ae7587,C_vs_Cp2,stability_core_3,fl3_entitled,confirmation,joint_gaussian_regularized_cluster,measurement_missingness_concentration,1.0,0.25,6,False,empirically_passable,complete_pass_observed,none,4000,1.0,0.99975,"{""control_contamination_limited"":0,""directionality_limited"":0,""effect_limited"":0,""effective_support_limited"":0,""specificity_limited"":0,""statistical_resolution_limited"":0,""structurally_unavailable"":0}","{""control_contamination_limited"":0.006,""directionality_limited"":0.0055,""effect_limited"":0.0055,""effective_support_limited"":0.32625000000000004,""specificity_limited"":0.0055,""statistical_resolution_limited"":0.827,""structurally_unavailable"":0.000125}","{""cluster_uncertainty_pass"":0,""complement_admissible_pass"":0,""control_adjusted_contrast_pass"":0,""control_specificity_pass"":0,""effect_direction_reproduced_pass"":0,""minimum_effect_pass"":0,""multiplicity_adjusted_threshold_pass"":0,""raw_statistical_threshold_pass"":0,""support_available_pass"":0,""target_contrast_positive_pass"":0}",0.323,0.323
bfa569fbae807b7f50c3389f,C_vs_Cp2__stability_core_3,c683c10822cc59ae7587,C_vs_Cp2,stability_core_3,fl3_entitled,confirmation,joint_gaussian_regularized_cluster,measurement_missingness_concentration,1.5,0.25,6,False,empirically_passable,complete_pass_observed,none,4000,1.0,1.0,"{""control_contamination_limited"":0,""directionality_limited"":0,""effect_limited"":0,""effective_support_limited"":0,""specificity_limited"":0,""statistical_resolution_limited"":0,""structurally_unavailable"":0}","{""control_contamination_limited"":0.002,""directionality_limited"":0.00175,""effect_limited"":0.00175,""effective_support_limited"":0.3185,""specificity_limited"":0.002,""statistical_resolution_limited"":0.8265,""structurally_unavailable"":0.0}","{""cluster_uncertainty_pass"":0,""complement_admissible_pass"":0,""control_adjusted_contrast_pass"":0,""control_specificity_pass"":0,""effect_direction_reproduced_pass"":0,""minimum_effect_pass"":0,""multiplicity_adjusted_threshold_pass"":0,""raw_statistical_threshold_pass"":0,""support_available_pass"":0,""target_contrast_positive_pass"":0}",0.343,0.343
bfa569fbae807b7f50c3389f,C_vs_Cp2__stability_core_3,c683c10822cc59ae7587,C_vs_Cp2,stability_core_3,fl3_entitled,confirmation,joint_gaussian_regularized_cluster,measurement_missingness_concentration,2.0,0.25,6,False,empirically_passable,complete_pass_observed,none,4000,1.0,0.99975,"{""control_contamination_limited"":0,""directionality_limited"":0,""effect_limited"":0,""effective_support_limited"":0,""specificity_limited"":0,""statistical_resolution_limited"":0,""structurally_unavailable"":0}","{""control_contamination_limited"":0.0032500000000000003,""directionality_limited"":0.00325,""effect_limited"":0.0032500000000000003,""effective_support_limited"":0.33575,""specificity_limited"":0.0032500000000000003,""statistical_resolution_limited"":0.8145,""structurally_unavailable"":0.000125}","{""cluster_uncertainty_pass"":0,""complement_admissible_pass"":0,""control_adjusted_contrast_pass"":0,""control_specificity_pass"":0,""effect_direction_reproduced_pass"":0,""minimum_effect_pass"":0,""multiplicity_adjusted_threshold_pass"":0,""raw_statistical_threshold_pass"":0,""support_available_pass"":0,""target_contrast_positive_pass"":0}",0.356,0.356
bfa569fbae807b7f50c3389f,C_vs_Cp2__stability_core_3,c683c10822cc59ae7587,C_vs_Cp2,stability_core_3,fl3_entitled,confirmation,joint_gaussian_regularized_cluster,measurement_missingness_concentration,0.25,0.5,6,False,empirically_passable,complete_pass_observed,none,4000,1.0,0.99975,"{""control_contamination_limited"":12,""directionality_limited"":0,""effect_limited"":0,""effective_support_limited"":0,""specificity_limited"":0,""statistical_resolution_limited"":0,""structurally_unavailable"":0}","{""control_contamination_limited"":0.3135,""directionality_limited"":0.0072499999999999995,""effect_limited"":0.12675,""effective_support_limited"":0.6387499999999999,""specificity_limited"":0.07525000000000001,""statistical_resolution_limited"":0.95775,""structurally_unavailable"":0.000125}","{""cluster_uncertainty_pass"":0,""complement_admissible_pass"":0,""control_adjusted_contrast_pass"":12,""control_specificity_pass"":0,""effect_direction_reproduced_pass"":0,""minimum_effect_pass"":0,""multiplicity_adjusted_threshold_pass"":0,""raw_statistical_threshold_pass"":0,""support_available_pass"":0,""target_contrast_positive_pass"":0}",0.093,0.093
bfa569fbae807b7f50c3389f,C_vs_Cp2__stability_core_3,c683c10822cc59ae7587,C_vs_Cp2,stability_core_3,fl3_entitled,confirmation,joint_gaussian_regularized_cluster,measurement_missingness_concentration,0.5,0.5,6,False,empirically_passable,complete_pass_observed,none,4000,1.0,1.0,"{""control_contamination_limited"":24,""directionality_limited"":0,""effect_limited"":0,""effective_support_limited"":0,""specificity_limited"":0,""statistical_resolution_limited"":0,""structurally_unavailable"":0}","{""control_contamination_limited"":0.12525,""directionality_limited"":0.00425,""effect_limited"":0.007,""effective_support_limited"":0.4415,""specificity_limited"":0.026999999999999996,""statistical_resolution_limited"":0.88,""structurally_unavailable"":0.0}","{""cluster_uncertainty_pass"":0,""complement_admissible_pass"":0,""control_adjusted_contrast_pass"":24,""control_specificity_pass"":0,""effect_direction_reproduced_pass"":0,""minimum_effect_pass"":0,""multiplicity_adjusted_threshold_pass"":0,""raw_statistical_threshold_pass"":0,""support_available_pass"":0,""target_contrast_positive_pass"":0}",0.234,0.234
bfa569fbae807b7f50c3389f,C_vs_Cp2__stability_core_3,c683c10822cc59ae7587,C_vs_Cp2,stability_core_3,fl3_entitled,confirmation,joint_gaussian_regularized_cluster,measurement_missingness_concentration,0.75,0.5,6,False,empirically_passable,complete_pass_observed,none,4000,1.0,0.99925,"{""control_contamination_limited"":23,""directionality_limited"":0,""effect_limited"":0,""effective_support_limited"":0,""specificity_limited"":0,""statistical_resolution_limited"":0,""structurally_unavailable"":0}","{""control_contamination_limited"":0.07475000000000001,""directionality_limited"":0.006,""effect_limited"":0.006,""effective_support_limited"":0.374,""specificity_limited"":0.02325,""statistical_resolution_limited"":0.8465,""structurally_unavailable"":0.000375}","{""cluster_uncertainty_pass"":0,""complement_admissible_pass"":0,""control_adjusted_contrast_pass"":23,""control_specificity_pass"":0,""effect_direction_reproduced_pass"":0,""minimum_effect_pass"":0,""multiplicity_adjusted_threshold_pass"":0,""raw_statistical_threshold_pass"":0,""support_available_pass"":0,""target_contrast_positive_pass"":0}",0.301,0.301
bfa569fbae807b7f50c3389f,C_vs_Cp2__stability_core_3,c683c10822cc59ae7587,C_vs_Cp2,stability_core_3,fl3_entitled,confirmation,joint_gaussian_regularized_cluster,measurement_missingness_concentration,1.0,0.5,6,False,empirically_passable,complete_pass_observed,none,4000,1.0,0.9995,"{""control_contamination_limited"":12,""directionality_limited"":0,""effect_limited"":0,""effective_support_limited"":0,""specificity_limited"":0,""statistical_resolution_limited"":0,""structurally_unavailable"":0}","{""control_contamination_limited"":0.0425,""directionality_limited"":0.005,""effect_limited"":0.005,""effective_support_limited"":0.32825000000000004,""specificity_limited"":0.01375,""statistical_resolution_limited"":0.8240000000000001,""structurally_unavailable"":0.00025}","{""cluster_uncertainty_pass"":0,""complement_admissible_pass"":0,""control_adjusted_contrast_pass"":12,""control_specificity_pass"":0,""effect_direction_reproduced_pass"":0,""minimum_effect_pass"":0,""multiplicity_adjusted_threshold_pass"":0,""raw_statistical_threshold_pass"":0,""support_available_pass"":0,""target_contrast_positive_pass"":0}",0.34,0.34
bfa569fbae807b7f50c3389f,C_vs_Cp2__stability_core_3,c683c10822cc59ae7587,C_vs_Cp2,stability_core_3,fl3_entitled,confirmation,joint_gaussian_regularized_cluster,measurement_missingness_concentration,1.5,0.5,6,False,empirically_passable,complete_pass_observed,none,4000,1.0,0.99975,"{""control_contamination_limited"":5,""directionality_limited"":0,""effect_limited"":0,""effective_support_limited"":0,""specificity_limited"":0,""statistical_resolution_limited"":0,""structurally_unavailable"":0}","{""control_contamination_limited"":0.028,""directionality_limited"":0.007,""effect_limited"":0.007,""effective_support_limited"":0.33225,""specificity_limited"":0.012,""statistical_resolution_limited"":0.8222499999999999,""structurally_unavailable"":0.000125}","{""cluster_uncertainty_pass"":0,""complement_admissible_pass"":0,""control_adjusted_contrast_pass"":5,""control_specificity_pass"":0,""effect_direction_reproduced_pass"":0,""minimum_effect_pass"":0,""multiplicity_adjusted_threshold_pass"":0,""raw_statistical_threshold_pass"":0,""support_available_pass"":0,""target_contrast_positive_pass"":0}",0.344,0.344
bfa569fbae807b7f50c3389f,C_vs_Cp2__stability_core_3,c683c10822cc59ae7587,C_vs_Cp2,stability_core_3,fl3_entitled,confirmation,joint_gaussian_regularized_cluster,measurement_missingness_concentration,2.0,0.5,6,False,empirically_passable,complete_pass_observed,none,4000,1.0,1.0,"{""control_contamination_limited"":3,""directionality_limited"":0,""effect_limited"":0,""effective_support_limited"":0,""specificity_limited"":0,""statistical_resolution_limited"":0,""structurally_unavailable"":0}","{""control_contamination_limited"":0.01625,""directionality_limited"":0.0052499999999999995,""effect_limited"":0.0052499999999999995,""effective_support_limited"":0.34625,""specificity_limited"":0.00725,""statistical_resolution_limited"":0.8340000000000001,""structurally_unavailable"":0.0}","{""cluster_uncertainty_pass"":0,""complement_admissible_pass"":0,""control_adjusted_contrast_pass"":3,""control_specificity_pass"":0,""effect_direction_reproduced_pass"":0,""minimum_effect_pass"":0,""multiplicity_adjusted_threshold_pass"":0,""raw_statistical_threshold_pass"":0,""support_available_pass"":0,""target_contrast_positive_pass"":0}",0.34,0.34
bfa569fbae807b7f50c3389f,C_vs_Cp2__stability_core_3,c683c10822cc59ae7587,C_vs_Cp2,stability_core_3,fl3_entitled,confirmation,joint_gaussian_regularized_cluster,measurement_missingness_concentration,0.25,1.0,6,False,empirically_passable,complete_pass_observed,none,4000,1.0,1.0,"{""control_contamination_limited"":66,""directionality_limited"":0,""effect_limited"":0,""effective_support_limited"":0,""specificity_limited"":0,""statistical_resolution_limited"":0,""structurally_unavailable"":0}","{""control_contamination_limited"":0.7865,""directionality_limited"":0.00975,""effect_limited"":0.12475000000000001,""effective_support_limited"":0.63325,""specificity_limited"":0.446,""statistical_resolution_limited"":0.9550000000000001,""structurally_unavailable"":0.0}","{""cluster_uncertainty_pass"":0,""complement_admissible_pass"":0,""control_adjusted_contrast_pass"":66,""control_specificity_pass"":0,""effect_direction_reproduced_pass"":0,""minimum_effect_pass"":0,""multiplicity_adjusted_threshold_pass"":0,""raw_statistical_threshold_pass"":0,""support_available_pass"":0,""target_contrast_positive_pass"":0}",0.035,0.035
bfa569fbae807b7f50c3389f,C_vs_Cp2__stability_core_3,c683c10822cc59ae7587,C_vs_Cp2,stability_core_3,fl3_entitled,confirmation,joint_gaussian_regularized_cluster,measurement_missingness_concentration,0.5,1.0,6,False,empirically_passable,complete_pass_observed,none,4000,1.0,0.99925,"{""control_contamination_limited"":164,""directionality_limited"":0,""effect_limited"":0,""effective_support_limited"":0,""specificity_limited"":0,""statistical_resolution_limited"":0,""structurally_unavailable"":0}","{""control_contamination_limited"":0.7425,""directionality_limited"":0.00575,""effect_limited"":0.009000000000000001,""effective_support_limited"":0.41750000000000004,""specificity_limited"":0.43025,""statistical_resolution_limited"":0.88025,""structurally_unavailable"":0.000375}","{""cluster_uncertainty_pass"":0,""complement_admissible_pass"":0,""control_adjusted_contrast_pass"":164,""control_specificity_pass"":0,""effect_direction_reproduced_pass"":0,""minimum_effect_pass"":0,""multiplicity_adjusted_threshold_pass"":0,""raw_statistical_threshold_pass"":0,""support_available_pass"":0,""target_contrast_positive_pass"":0}",0.07,0.07
bfa569fbae807b7f50c3389f,C_vs_Cp2__stability_core_3,c683c10822cc59ae7587,C_vs_Cp2,stability_core_3,fl3_entitled,confirmation,joint_gaussian_regularized_cluster,measurement_missingness_concentration,0.75,1.0,6,False,empirically_passable,complete_pass_observed,none,4000,1.0,0.9995,"{""control_contamination_limited"":217,""directionality_limited"":0,""effect_limited"":0,""effective_support_limited"":0,""specificity_limited"":0,""statistical_resolution_limited"":0,""structurally_unavailable"":0}","{""control_contamination_limited"":0.72175,""directionality_limited"":0.00625,""effect_limited"":0.00625,""effective_support_limited"":0.3325,""specificity_limited"":0.4165,""statistical_resolution_limited"":0.8395,""structurally_unavailable"":0.00025}","{""cluster_uncertainty_pass"":0,""complement_admissible_pass"":0,""control_adjusted_contrast_pass"":217,""control_specificity_pass"":0,""effect_direction_reproduced_pass"":0,""minimum_effect_pass"":0,""multiplicity_adjusted_threshold_pass"":0,""raw_statistical_threshold_pass"":0,""support_available_pass"":0,""target_contrast_positive_pass"":0}",0.097,0.097
bfa569fbae807b7f50c3389f,C_vs_Cp2__stability_core_3,c683c10822cc59ae7587,C_vs_Cp2,stability_core_3,fl3_entitled,confirmation,joint_gaussian_regularized_cluster,measurement_missingness_concentration,1.0,1.0,6,False,empirically_passable,complete_pass_observed,none,4000,1.0,1.0,"{""control_contamination_limited"":233,""directionality_limited"":0,""effect_limited"":0,""effective_support_limited"":0,""specificity_limited"":0,""statistical_resolution_limited"":0,""structurally_unavailable"":0}","{""control_contamination_limited"":0.7057499999999999,""directionality_limited"":0.0035,""effect_limited"":0.0035,""effective_support_limited"":0.346,""specificity_limited"":0.4125,""statistical_resolution_limited"":0.8275,""structurally_unavailable"":0.0}","{""cluster_uncertainty_pass"":0,""complement_admissible_pass"":0,""control_adjusted_contrast_pass"":233,""control_specificity_pass"":0,""effect_direction_reproduced_pass"":0,""minimum_effect_pass"":0,""multiplicity_adjusted_threshold_pass"":0,""raw_statistical_threshold_pass"":0,""support_available_pass"":0,""target_contrast_positive_pass"":0}",0.088,0.088
bfa569fbae807b7f50c3389f,C_vs_Cp2__stability_core_3,c683c10822cc59ae7587,C_vs_Cp2,stability_core_3,fl3_entitled,confirmation,joint_gaussian_regularized_cluster,measurement_missingness_concentration,1.5,1.0,6,False,empirically_passable,complete_pass_observed,none,4000,1.0,1.0,"{""control_contamination_limited"":260,""directionality_limited"":0,""effect_limited"":0,""effective_support_limited"":0,""specificity_limited"":0,""statistical_resolution_limited"":0,""structurally_unavailable"":0}","{""control_contamination_limited"":0.723,""directionality_limited"":0.00275,""effect_limited"":0.00275,""effective_support_limited"":0.33775,""specificity_limited"":0.4055000000000001,""statistical_resolution_limited"":0.82525,""structurally_unavailable"":0.0}","{""cluster_uncertainty_pass"":0,""complement_admissible_pass"":0,""control_adjusted_contrast_pass"":260,""control_specificity_pass"":0,""effect_direction_reproduced_pass"":0,""minimum_effect_pass"":0,""multiplicity_adjusted_threshold_pass"":0,""raw_statistical_threshold_pass"":0,""support_available_pass"":0,""target_contrast_positive_pass"":0}",0.068,0.068
bfa569fbae807b7f50c3389f,C_vs_Cp2__stability_core_3,c683c10822cc59ae7587,C_vs_Cp2,stability_core_3,fl3_entitled,confirmation,joint_gaussian_regularized_cluster,measurement_missingness_concentration,2.0,1.0,6,False,empirically_passable,complete_pass_observed,none,4000,1.0,1.0,"{""control_contamination_limited"":297,""directionality_limited"":0,""effect_limited"":0,""effective_support_limited"":0,""specificity_limited"":0,""statistical_resolution_limited"":0,""structurally_unavailable"":0}","{""control_contamination_limited"":0.74575,""directionality_limited"":0.0055000000000000005,""effect_limited"":0.0055000000000000005,""effective_support_limited"":0.30375,""specificity_limited"":0.41574999999999995,""statistical_resolution_limited"":0.7985,""structurally_unavailable"":0.0}","{""cluster_uncertainty_pass"":0,""complement_admissible_pass"":0,""control_adjusted_contrast_pass"":297,""control_specificity_pass"":0,""effect_direction_reproduced_pass"":0,""minimum_effect_pass"":0,""multiplicity_adjusted_threshold_pass"":0,""raw_statistical_threshold_pass"":0,""support_available_pass"":0,""target_contrast_positive_pass"":0}",0.082,0.082
d10b3aec4edc47fefb2bd92f,C_vs_Cp3__geometry_scores_only,8eb760d133ac749e3327,C_vs_Cp3,geometry_scores_only,fl3_entitlement_capped,confirmation,joint_gaussian_regularized_cluster,measurement_missingness_concentration,0.25,0.0,6,False,empirically_passable,complete_pass_observed,none,4000,0.9995,0.99575,"{""control_contamination_limited"":0,""directionality_limited"":0,""effect_limited"":5,""effective_support_limited"":0,""specificity_limited"":0,""statistical_resolution_limited"":0,""structurally_unavailable"":0}","{""control_contamination_limited"":0.023,""directionality_limited"":0.01625,""effect_limited"":0.087,""effective_support_limited"":0.41500000000000004,""specificity_limited"":0.01625,""statistical_resolution_limited"":0.86725,""structurally_unavailable"":0.0023750000000000004}","{""cluster_uncertainty_pass"":0,""complement_admissible_pass"":0,""control_adjusted_contrast_pass"":0,""control_specificity_pass"":0,""effect_direction_reproduced_pass"":0,""minimum_effect_pass"":5,""multiplicity_adjusted_threshold_pass"":0,""raw_statistical_threshold_pass"":0,""support_available_pass"":0,""target_contrast_positive_pass"":0}",0.254,0.254
d10b3aec4edc47fefb2bd92f,C_vs_Cp3__geometry_scores_only,8eb760d133ac749e3327,C_vs_Cp3,geometry_scores_only,fl3_entitlement_capped,confirmation,joint_gaussian_regularized_cluster,measurement_missingness_concentration,0.5,0.0,6,False,empirically_passable,complete_pass_observed,none,4000,0.99975,0.9984999999999999,"{""control_contamination_limited"":0,""directionality_limited"":0,""effect_limited"":0,""effective_support_limited"":0,""specificity_limited"":0,""statistical_resolution_limited"":0,""structurally_unavailable"":0}","{""control_contamination_limited"":0.01175,""directionality_limited"":0.011749999999999998,""effect_limited"":0.01225,""effective_support_limited"":0.35375,""specificity_limited"":0.01175,""statistical_resolution_limited"":0.8424999999999999,""structurally_unavailable"":0.000875}","{""cluster_uncertainty_pass"":0,""complement_admissible_pass"":0,""control_adjusted_contrast_pass"":0,""control_specificity_pass"":0,""effect_direction_reproduced_pass"":0,""minimum_effect_pass"":0,""multiplicity_adjusted_threshold_pass"":0,""raw_statistical_threshold_pass"":0,""support_available_pass"":0,""target_contrast_positive_pass"":0}",0.303,0.303
d10b3aec4edc47fefb2bd92f,C_vs_Cp3__geometry_scores_only,8eb760d133ac749e3327,C_vs_Cp3,geometry_scores_only,fl3_entitlement_capped,confirmation,joint_gaussian_regularized_cluster,measurement_missingness_concentration,0.75,0.0,6,False,empirically_passable,complete_pass_observed,none,4000,0.99975,0.99675,"{""control_contamination_limited"":0,""directionality_limited"":0,""effect_limited"":0,""effective_support_limited"":0,""specificity_limited"":0,""statistical_resolution_limited"":0,""structurally_unavailable"":0}","{""control_contamination_limited"":0.01125,""directionality_limited"":0.01125,""effect_limited"":0.01125,""effective_support_limited"":0.35,""specificity_limited"":0.01125,""statistical_resolution_limited"":0.84475,""structurally_unavailable"":0.0017500000000000003}","{""cluster_uncertainty_pass"":0,""complement_admissible_pass"":0,""control_adjusted_contrast_pass"":0,""control_specificity_pass"":0,""effect_direction_reproduced_pass"":0,""minimum_effect_pass"":0,""multiplicity_adjusted_threshold_pass"":0,""raw_statistical_threshold_pass"":0,""support_available_pass"":0,""target_contrast_positive_pass"":0}",0.3,0.3
d10b3aec4edc47fefb2bd92f,C_vs_Cp3__geometry_scores_only,8eb760d133ac749e3327,C_vs_Cp3,geometry_scores_only,fl3_entitlement_capped,confirmation,joint_gaussian_regularized_cluster,measurement_missingness_concentration,1.0,0.0,6,False,empirically_passable,complete_pass_observed,none,4000,1.0,0.997,"{""control_contamination_limited"":0,""directionality_limited"":0,""effect_limited"":0,""effective_support_limited"":0,""specificity_limited"":0,""statistical_resolution_limited"":0,""structurally_unavailable"":0}","{""control_contamination_limited"":0.011000000000000001,""directionality_limited"":0.011000000000000001,""effect_limited"":0.011000000000000001,""effective_support_limited"":0.31224999999999997,""specificity_limited"":0.011000000000000001,""statistical_resolution_limited"":0.81875,""structurally_unavailable"":0.0015}","{""cluster_uncertainty_pass"":0,""complement_admissible_pass"":0,""control_adjusted_contrast_pass"":0,""control_specificity_pass"":0,""effect_direction_reproduced_pass"":0,""minimum_effect_pass"":0,""multiplicity_adjusted_threshold_pass"":0,""raw_statistical_threshold_pass"":0,""support_available_pass"":0,""target_contrast_positive_pass"":0}",0.351,0.351
d10b3aec4edc47fefb2bd92f,C_vs_Cp3__geometry_scores_only,8eb760d133ac749e3327,C_vs_Cp3,geometry_scores_only,fl3_entitlement_capped,confirmation,joint_gaussian_regularized_cluster,measurement_missingness_concentration,1.5,0.0,6,False,empirically_passable,complete_pass_observed,none,4000,1.0,0.9984999999999999,"{""control_contamination_limited"":0,""directionality_limited"":0,""effect_limited"":0,""effective_support_limited"":0,""specificity_limited"":0,""statistical_resolution_limited"":0,""structurally_unavailable"":0}","{""control_contamination_limited"":0.00625,""directionality_limited"":0.00625,""effect_limited"":0.00625,""effective_support_limited"":0.32275,""specificity_limited"":0.00625,""statistical_resolution_limited"":0.811,""structurally_unavailable"":0.00075}","{""cluster_uncertainty_pass"":0,""complement_admissible_pass"":0,""control_adjusted_contrast_pass"":0,""control_specificity_pass"":0,""effect_direction_reproduced_pass"":0,""minimum_effect_pass"":0,""multiplicity_adjusted_threshold_pass"":0,""raw_statistical_threshold_pass"":0,""support_available_pass"":0,""target_contrast_positive_pass"":0}",0.35,0.35
d10b3aec4edc47fefb2bd92f,C_vs_Cp3__geometry_scores_only,8eb760d133ac749e3327,C_vs_Cp3,geometry_scores_only,fl3_entitlement_capped,confirmation,joint_gaussian_regularized_cluster,measurement_missingness_concentration,2.0,0.0,6,False,empirically_passable,complete_pass_observed,none,4000,1.0,0.998,"{""control_contamination_limited"":0,""directionality_limited"":0,""effect_limited"":0,""effective_support_limited"":0,""specificity_limited"":0,""statistical_resolution_limited"":0,""structurally_unavailable"":0}","{""control_contamination_limited"":0.013000000000000001,""directionality_limited"":0.013000000000000001,""effect_limited"":0.013000000000000001,""effective_support_limited"":0.32925,""specificity_limited"":0.013000000000000001,""statistical_resolution_limited"":0.8207500000000001,""structurally_unavailable"":0.001}","{""cluster_uncertainty_pass"":0,""complement_admissible_pass"":0,""control_adjusted_contrast_pass"":0,""control_specificity_pass"":0,""effect_direction_reproduced_pass"":0,""minimum_effect_pass"":0,""multiplicity_adjusted_threshold_pass"":0,""raw_statistical_threshold_pass"":0,""support_available_pass"":0,""target_contrast_positive_pass"":0}",0.346,0.346
d10b3aec4edc47fefb2bd92f,C_vs_Cp3__geometry_scores_only,8eb760d133ac749e3327,C_vs_Cp3,geometry_scores_only,fl3_entitlement_capped,confirmation,joint_gaussian_regularized_cluster,measurement_missingness_concentration,0.25,0.25,6,False,empirically_passable,complete_pass_observed,none,4000,1.0,0.99875,"{""control_contamination_limited"":3,""directionality_limited"":0,""effect_limited"":6,""effective_support_limited"":0,""specificity_limited"":0,""statistical_resolution_limited"":0,""structurally_unavailable"":0}","{""control_contamination_limited"":0.088,""directionality_limited"":0.013000000000000001,""effect_limited"":0.09525,""effective_support_limited"":0.41400000000000003,""specificity_limited"":0.019250000000000003,""statistical_resolution_limited"":0.8712500000000001,""structurally_unavailable"":0.000625}","{""cluster_uncertainty_pass"":0,""complement_admissible_pass"":0,""control_adjusted_contrast_pass"":3,""control_specificity_pass"":0,""effect_direction_reproduced_pass"":0,""minimum_effect_pass"":6,""multiplicity_adjusted_threshold_pass"":0,""raw_statistical_threshold_pass"":0,""support_available_pass"":0,""target_contrast_positive_pass"":0}",0.244,0.244
d10b3aec4edc47fefb2bd92f,C_vs_Cp3__geometry_scores_only,8eb760d133ac749e3327,C_vs_Cp3,geometry_scores_only,fl3_entitlement_capped,confirmation,joint_gaussian_regularized_cluster,measurement_missingness_concentration,0.5,0.25,6,False,empirically_passable,complete_pass_observed,none,4000,0.99975,0.99925,"{""control_contamination_limited"":0,""directionality_limited"":0,""effect_limited"":0,""effective_support_limited"":0,""specificity_limited"":0,""statistical_resolution_limited"":0,""structurally_unavailable"":0}","{""control_contamination_limited"":0.017750000000000002,""directionality_limited"":0.01175,""effect_limited"":0.01325,""effective_support_limited"":0.32425,""specificity_limited"":0.0125,""statistical_resolution_limited"":0.8380000000000001,""structurally_unavailable"":0.0005}","{""cluster_uncertainty_pass"":0,""complement_admissible_pass"":0,""control_adjusted_contrast_pass"":0,""control_specificity_pass"":0,""effect_direction_reproduced_pass"":0,""minimum_effect_pass"":0,""multiplicity_adjusted_threshold_pass"":0,""raw_statistical_threshold_pass"":0,""support_available_pass"":0,""target_contrast_positive_pass"":0}",0.323,0.323
d10b3aec4edc47fefb2bd92f,C_vs_Cp3__geometry_scores_only,8eb760d133ac749e3327,C_vs_Cp3,geometry_scores_only,fl3_entitlement_capped,confirmation,joint_gaussian_regularized_cluster,measurement_missingness_concentration,0.75,0.25,6,False,empirically_passable,complete_pass_observed,none,4000,1.0,0.998,"{""control_contamination_limited"":0,""directionality_limited"":0,""effect_limited"":0,""effective_support_limited"":0,""specificity_limited"":0,""statistical_resolution_limited"":0,""structurally_unavailable"":0}","{""control_contamination_limited"":0.007750000000000001,""directionality_limited"":0.006,""effect_limited"":0.00625,""effective_support_limited"":0.31375,""specificity_limited"":0.00625,""statistical_resolution_limited"":0.82025,""structurally_unavailable"":0.001}","{""cluster_uncertainty_pass"":0,""complement_admissible_pass"":0,""control_adjusted_contrast_pass"":0,""control_specificity_pass"":0,""effect_direction_reproduced_pass"":0,""minimum_effect_pass"":0,""multiplicity_adjusted_threshold_pass"":0,""raw_statistical_threshold_pass"":0,""support_available_pass"":0,""target_contrast_positive_pass"":0}",0.345,0.345
d10b3aec4edc47fefb2bd92f,C_vs_Cp3__geometry_scores_only,8eb760d133ac749e3327,C_vs_Cp3,geometry_scores_only,fl3_entitlement_capped,confirmation,joint_gaussian_regularized_cluster,measurement_missingness_concentration,1.0,0.25,6,False,empirically_passable,complete_pass_observed,none,4000,0.9995,0.99725,"{""control_contamination_limited"":0,""directionality_limited"":0,""effect_limited"":0,""effective_support_limited"":0,""specificity_limited"":0,""statistical_resolution_limited"":0,""structurally_unavailable"":0}","{""control_contamination_limited"":0.0165,""directionality_limited"":0.01575,""effect_limited"":0.01575,""effective_support_limited"":0.33075,""specificity_limited"":0.01575,""statistical_resolution_limited"":0.8202499999999999,""structurally_unavailable"":0.001625}","{""cluster_uncertainty_pass"":0,""complement_admissible_pass"":0,""control_adjusted_contrast_pass"":0,""control_specificity_pass"":0,""effect_direction_reproduced_pass"":0,""minimum_effect_pass"":0,""multiplicity_adjusted_threshold_pass"":0,""raw_statistical_threshold_pass"":0,""support_available_pass"":0,""target_contrast_positive_pass"":0}",0.359,0.359
d10b3aec4edc47fefb2bd92f,C_vs_Cp3__geometry_scores_only,8eb760d133ac749e3327,C_vs_Cp3,geometry_scores_only,fl3_entitlement_capped,confirmation,joint_gaussian_regularized_cluster,measurement_missingness_concentration,1.5,0.25,6,False,empirically_passable,complete_pass_observed,none,4000,1.0,0.999,"{""control_contamination_limited"":0,""directionality_limited"":0,""effect_limited"":0,""effective_support_limited"":0,""specificity_limited"":0,""statistical_resolution_limited"":0,""structurally_unavailable"":0}","{""control_contamination_limited"":0.008,""directionality_limited"":0.008,""effect_limited"":0.008,""effective_support_limited"":0.32499999999999996,""specificity_limited"":0.008,""statistical_resolution_limited"":0.8135,""structurally_unavailable"":0.0005}","{""cluster_uncertainty_pass"":0,""complement_admissible_pass"":0,""control_adjusted_contrast_pass"":0,""control_specificity_pass"":0,""effect_direction_reproduced_pass"":0,""minimum_effect_pass"":0,""multiplicity_adjusted_threshold_pass"":0,""raw_statistical_threshold_pass"":0,""support_available_pass"":0,""target_contrast_positive_pass"":0}",0.356,0.356
d10b3aec4edc47fefb2bd92f,C_vs_Cp3__geometry_scores_only,8eb760d133ac749e3327,C_vs_Cp3,geometry_scores_only,fl3_entitlement_capped,confirmation,joint_gaussian_regularized_cluster,measurement_missingness_concentration,2.0,0.25,6,False,empirically_passable,complete_pass_observed,none,4000,1.0,0.99875,"{""control_contamination_limited"":0,""directionality_limited"":0,""effect_limited"":0,""effective_support_limited"":0,""specificity_limited"":0,""statistical_resolution_limited"":0,""structurally_unavailable"":0}","{""control_contamination_limited"":0.009250000000000001,""directionality_limited"":0.009250000000000001,""effect_limited"":0.009250000000000001,""effective_support_limited"":0.3305,""specificity_limited"":0.009250000000000001,""statistical_resolution_limited"":0.8285,""structurally_unavailable"":0.000625}","{""cluster_uncertainty_pass"":0,""complement_admissible_pass"":0,""control_adjusted_contrast_pass"":0,""control_specificity_pass"":0,""effect_direction_reproduced_pass"":0,""minimum_effect_pass"":0,""multiplicity_adjusted_threshold_pass"":0,""raw_statistical_threshold_pass"":0,""support_available_pass"":0,""target_contrast_positive_pass"":0}",0.342,0.342
d10b3aec4edc47fefb2bd92f,C_vs_Cp3__geometry_scores_only,8eb760d133ac749e3327,C_vs_Cp3,geometry_scores_only,fl3_entitlement_capped,confirmation,joint_gaussian_regularized_cluster,measurement_missingness_concentration,0.25,0.5,6,False,empirically_passable,complete_pass_observed,none,4000,1.0,0.998,"{""control_contamination_limited"":74,""directionality_limited"":0,""effect_limited"":0,""effective_support_limited"":0,""specificity_limited"":0,""statistical_resolution_limited"":0,""structurally_unavailable"":0}","{""control_contamination_limited"":0.2715,""directionality_limited"":0.00975,""effect_limited"":0.08499999999999999,""effective_support_limited"":0.3775,""specificity_limited"":0.047999999999999994,""statistical_resolution_limited"":0.8747499999999999,""structurally_unavailable"":0.001}","{""cluster_uncertainty_pass"":0,""complement_admissible_pass"":0,""control_adjusted_contrast_pass"":74,""control_specificity_pass"":0,""effect_direction_reproduced_pass"":0,""minimum_effect_pass"":0,""multiplicity_adjusted_threshold_pass"":0,""raw_statistical_threshold_pass"":0,""support_available_pass"":0,""target_contrast_positive_pass"":0}",0.215,0.215
d10b3aec4edc47fefb2bd92f,C_vs_Cp3__geometry_scores_only,8eb760d133ac749e3327,C_vs_Cp3,geometry_scores_only,fl3_entitlement_capped,confirmation,joint_gaussian_regularized_cluster,measurement_missingness_concentration,0.5,0.5,6,False,empirically_passable,complete_pass_observed,none,4000,1.0,0.99775,"{""control_contamination_limited"":23,""directionality_limited"":0,""effect_limited"":0,""effective_support_limited"":0,""specificity_limited"":0,""statistical_resolution_limited"":0,""structurally_unavailable"":0}","{""control_contamination_limited"":0.0955,""directionality_limited"":0.010750000000000001,""effect_limited"":0.012,""effective_support_limited"":0.33549999999999996,""specificity_limited"":0.027999999999999997,""statistical_resolution_limited"":0.82525,""structurally_unavailable"":0.0011250000000000001}","{""cluster_uncertainty_pass"":0,""complement_admissible_pass"":0,""control_adjusted_contrast_pass"":23,""control_specificity_pass"":0,""effect_direction_reproduced_pass"":0,""minimum_effect_pass"":0,""multiplicity_adjusted_threshold_pass"":0,""raw_statistical_threshold_pass"":0,""support_available_pass"":0,""target_contrast_positive_pass"":0}",0.337,0.337
d10b3aec4edc47fefb2bd92f,C_vs_Cp3__geometry_scores_only,8eb760d133ac749e3327,C_vs_Cp3,geometry_scores_only,fl3_entitlement_capped,confirmation,joint_gaussian_regularized_cluster,measurement_missingness_concentration,0.75,0.5,6,False,empirically_passable,complete_pass_observed,none,4000,1.0,0.99625,"{""control_contamination_limited"":16,""directionality_limited"":0,""effect_limited"":0,""effective_support_limited"":0,""specificity_limited"":0,""statistical_resolution_limited"":0,""structurally_unavailable"":0}","{""control_contamination_limited"":0.055999999999999994,""directionality_limited"":0.01075,""effect_limited"":0.01125,""effective_support_limited"":0.31925000000000003,""specificity_limited"":0.0205,""statistical_resolution_limited"":0.8105,""structurally_unavailable"":0.001875}","{""cluster_uncertainty_pass"":0,""complement_admissible_pass"":0,""control_adjusted_contrast_pass"":16,""control_specificity_pass"":0,""effect_direction_reproduced_pass"":0,""minimum_effect_pass"":0,""multiplicity_adjusted_threshold_pass"":0,""raw_statistical_threshold_pass"":0,""support_available_pass"":0,""target_contrast_positive_pass"":0}",0.355,0.355
d10b3aec4edc47fefb2bd92f,C_vs_Cp3__geometry_scores_only,8eb760d133ac749e3327,C_vs_Cp3,geometry_scores_only,fl3_entitlement_capped,confirmation,joint_gaussian_regularized_cluster,measurement_missingness_concentration,1.0,0.5,6,False,empirically_passable,complete_pass_observed,none,4000,1.0,0.9984999999999999,"{""control_contamination_limited"":3,""directionality_limited"":0,""effect_limited"":0,""effective_support_limited"":0,""specificity_limited"":0,""statistical_resolution_limited"":0,""structurally_unavailable"":0}","{""control_contamination_limited"":0.029249999999999998,""directionality_limited"":0.011,""effect_limited"":0.011,""effective_support_limited"":0.30000000000000004,""specificity_limited"":0.01525,""statistical_resolution_limited"":0.8160000000000001,""structurally_unavailable"":0.00075}","{""cluster_uncertainty_pass"":0,""complement_admissible_pass"":0,""control_adjusted_contrast_pass"":3,""control_specificity_pass"":0,""effect_direction_reproduced_pass"":0,""minimum_effect_pass"":0,""multiplicity_adjusted_threshold_pass"":0,""raw_statistical_threshold_pass"":0,""support_available_pass"":0,""target_contrast_positive_pass"":0}",0.365,0.365
d10b3aec4edc47fefb2bd92f,C_vs_Cp3__geometry_scores_only,8eb760d133ac749e3327,C_vs_Cp3,geometry_scores_only,fl3_entitlement_capped,confirmation,joint_gaussian_regularized_cluster,measurement_missingness_concentration,1.5,0.5,6,False,empirically_passable,complete_pass_observed,none,4000,1.0,0.998,"{""control_contamination_limited"":0,""directionality_limited"":0,""effect_limited"":0,""effective_support_limited"":0,""specificity_limited"":0,""statistical_resolution_limited"":0,""structurally_unavailable"":0}","{""control_contamination_limited"":0.02225,""directionality_limited"":0.01225,""effect_limited"":0.01225,""effective_support_limited"":0.33525,""specificity_limited"":0.01525,""statistical_resolution_limited"":0.829,""structurally_unavailable"":0.001}","{""cluster_uncertainty_pass"":0,""complement_admissible_pass"":0,""control_adjusted_contrast_pass"":0,""control_specificity_pass"":0,""effect_direction_reproduced_pass"":0,""minimum_effect_pass"":0,""multiplicity_adjusted_threshold_pass"":0,""raw_statistical_threshold_pass"":0,""support_available_pass"":0,""target_contrast_positive_pass"":0}",0.333,0.333
d10b3aec4edc47fefb2bd92f,C_vs_Cp3__geometry_scores_only,8eb760d133ac749e3327,C_vs_Cp3,geometry_scores_only,fl3_entitlement_capped,confirmation,joint_gaussian_regularized_cluster,measurement_missingness_concentration,2.0,0.5,6,False,empirically_passable,complete_pass_observed,none,4000,1.0,0.999,"{""control_contamination_limited"":2,""directionality_limited"":0,""effect_limited"":0,""effective_support_limited"":0,""specificity_limited"":0,""statistical_resolution_limited"":0,""structurally_unavailable"":0}","{""control_contamination_limited"":0.013000000000000001,""directionality_limited"":0.0085,""effect_limited"":0.0085,""effective_support_limited"":0.33225,""specificity_limited"":0.00925,""statistical_resolution_limited"":0.8360000000000001,""structurally_unavailable"":0.0005}","{""cluster_uncertainty_pass"":0,""complement_admissible_pass"":0,""control_adjusted_contrast_pass"":2,""control_specificity_pass"":0,""effect_direction_reproduced_pass"":0,""minimum_effect_pass"":0,""multiplicity_adjusted_threshold_pass"":0,""raw_statistical_threshold_pass"":0,""support_available_pass"":0,""target_contrast_positive_pass"":0}",0.317,0.317
d10b3aec4edc47fefb2bd92f,C_vs_Cp3__geometry_scores_only,8eb760d133ac749e3327,C_vs_Cp3,geometry_scores_only,fl3_entitlement_capped,confirmation,joint_gaussian_regularized_cluster,measurement_missingness_concentration,0.25,1.0,6,False,empirically_passable,complete_pass_observed,none,4000,1.0,0.9964999999999999,"{""control_contamination_limited"":220,""directionality_limited"":0,""effect_limited"":0,""effective_support_limited"":0,""specificity_limited"":0,""statistical_resolution_limited"":0,""structurally_unavailable"":0}","{""control_contamination_limited"":0.808,""directionality_limited"":0.012000000000000002,""effect_limited"":0.10175000000000001,""effective_support_limited"":0.44025000000000003,""specificity_limited"":0.41625,""statistical_resolution_limited"":0.8887499999999999,""structurally_unavailable"":0.0017499999999999998}","{""cluster_uncertainty_pass"":0,""complement_admissible_pass"":0,""control_adjusted_contrast_pass"":220,""control_specificity_pass"":0,""effect_direction_reproduced_pass"":0,""minimum_effect_pass"":0,""multiplicity_adjusted_threshold_pass"":0,""raw_statistical_threshold_pass"":0,""support_available_pass"":0,""target_contrast_positive_pass"":0}",0.035,0.035
d10b3aec4edc47fefb2bd92f,C_vs_Cp3__geometry_scores_only,8eb760d133ac749e3327,C_vs_Cp3,geometry_scores_only,fl3_entitlement_capped,confirmation,joint_gaussian_regularized_cluster,measurement_missingness_concentration,0.5,1.0,6,False,empirically_passable,complete_pass_observed,none,4000,0.99975,0.9955,"{""control_contamination_limited"":287,""directionality_limited"":0,""effect_limited"":0,""effective_support_limited"":0,""specificity_limited"":0,""statistical_resolution_limited"":0,""structurally_unavailable"":0}","{""control_contamination_limited"":0.77825,""directionality_limited"":0.009,""effect_limited"":0.0095,""effective_support_limited"":0.34400000000000003,""specificity_limited"":0.438,""statistical_resolution_limited"":0.8167500000000001,""structurally_unavailable"":0.0023749999999999995}","{""cluster_uncertainty_pass"":0,""complement_admissible_pass"":0,""control_adjusted_contrast_pass"":287,""control_specificity_pass"":0,""effect_direction_reproduced_pass"":0,""minimum_effect_pass"":0,""multiplicity_adjusted_threshold_pass"":0,""raw_statistical_threshold_pass"":0,""support_available_pass"":0,""target_contrast_positive_pass"":0}",0.063,0.063
d10b3aec4edc47fefb2bd92f,C_vs_Cp3__geometry_scores_only,8eb760d133ac749e3327,C_vs_Cp3,geometry_scores_only,fl3_entitlement_capped,confirmation,joint_gaussian_regularized_cluster,measurement_missingness_concentration,0.75,1.0,6,False,empirically_passable,complete_pass_observed,none,4000,1.0,0.99775,"{""control_contamination_limited"":283,""directionality_limited"":0,""effect_limited"":0,""effective_support_limited"":0,""specificity_limited"":0,""statistical_resolution_limited"":0,""structurally_unavailable"":0}","{""control_contamination_limited"":0.7502500000000001,""directionality_limited"":0.01,""effect_limited"":0.01,""effective_support_limited"":0.332,""specificity_limited"":0.42075,""statistical_resolution_limited"":0.81475,""structurally_unavailable"":0.0011250000000000001}","{""cluster_uncertainty_pass"":0,""complement_admissible_pass"":0,""control_adjusted_contrast_pass"":283,""control_specificity_pass"":0,""effect_direction_reproduced_pass"":0,""minimum_effect_pass"":0,""multiplicity_adjusted_threshold_pass"":0,""raw_statistical_threshold_pass"":0,""support_available_pass"":0,""target_contrast_positive_pass"":0}",0.056,0.056
d10b3aec4edc47fefb2bd92f,C_vs_Cp3__geometry_scores_only,8eb760d133ac749e3327,C_vs_Cp3,geometry_scores_only,fl3_entitlement_capped,confirmation,joint_gaussian_regularized_cluster,measurement_missingness_concentration,1.0,1.0,6,False,empirically_passable,complete_pass_observed,none,4000,1.0,0.99675,"{""control_contamination_limited"":294,""directionality_limited"":0,""effect_limited"":0,""effective_support_limited"":0,""specificity_limited"":0,""statistical_resolution_limited"":0,""structurally_unavailable"":0}","{""control_contamination_limited"":0.7545000000000001,""directionality_limited"":0.010750000000000001,""effect_limited"":0.010750000000000001,""effective_support_limited"":0.32975,""specificity_limited"":0.41025,""statistical_resolution_limited"":0.82675,""structurally_unavailable"":0.0016250000000000001}","{""cluster_uncertainty_pass"":0,""complement_admissible_pass"":0,""control_adjusted_contrast_pass"":294,""control_specificity_pass"":0,""effect_direction_reproduced_pass"":0,""minimum_effect_pass"":0,""multiplicity_adjusted_threshold_pass"":0,""raw_statistical_threshold_pass"":0,""support_available_pass"":0,""target_contrast_positive_pass"":0}",0.054,0.054
d10b3aec4edc47fefb2bd92f,C_vs_Cp3__geometry_scores_only,8eb760d133ac749e3327,C_vs_Cp3,geometry_scores_only,fl3_entitlement_capped,confirmation,joint_gaussian_regularized_cluster,measurement_missingness_concentration,1.5,1.0,6,False,empirically_passable,complete_pass_observed,none,4000,1.0,0.99825,"{""control_contamination_limited"":307,""directionality_limited"":0,""effect_limited"":0,""effective_support_limited"":0,""specificity_limited"":0,""statistical_resolution_limited"":0,""structurally_unavailable"":0}","{""control_contamination_limited"":0.7482500000000001,""directionality_limited"":0.010000000000000002,""effect_limited"":0.010000000000000002,""effective_support_limited"":0.32575,""specificity_limited"":0.40900000000000003,""statistical_resolution_limited"":0.8180000000000001,""structurally_unavailable"":0.000875}","{""cluster_uncertainty_pass"":0,""complement_admissible_pass"":0,""control_adjusted_contrast_pass"":307,""control_specificity_pass"":0,""effect_direction_reproduced_pass"":0,""minimum_effect_pass"":0,""multiplicity_adjusted_threshold_pass"":0,""raw_statistical_threshold_pass"":0,""support_available_pass"":0,""target_contrast_positive_pass"":0}",0.08,0.08
d10b3aec4edc47fefb2bd92f,C_vs_Cp3__geometry_scores_only,8eb760d133ac749e3327,C_vs_Cp3,geometry_scores_only,fl3_entitlement_capped,confirmation,joint_gaussian_regularized_cluster,measurement_missingness_concentration,2.0,1.0,6,False,empirically_passable,complete_pass_observed,none,4000,1.0,0.9984999999999999,"{""control_contamination_limited"":294,""directionality_limited"":0,""effect_limited"":0,""effective_support_limited"":0,""specificity_limited"":0,""statistical_resolution_limited"":0,""structurally_unavailable"":0}","{""control_contamination_limited"":0.783,""directionality_limited"":0.008,""effect_limited"":0.008,""effective_support_limited"":0.32175000000000004,""specificity_limited"":0.40575,""statistical_resolution_limited"":0.82575,""structurally_unavailable"":0.00075}","{""cluster_uncertainty_pass"":0,""complement_admissible_pass"":0,""control_adjusted_contrast_pass"":294,""control_specificity_pass"":0,""effect_direction_reproduced_pass"":0,""minimum_effect_pass"":0,""multiplicity_adjusted_threshold_pass"":0,""raw_statistical_threshold_pass"":0,""support_available_pass"":0,""target_contrast_positive_pass"":0}",0.05,0.05
fe17c18b39eb86c6e9f982bd,C_vs_Cp3__path_shares_only,28ecf7e42b861405b6b3,C_vs_Cp3,path_shares_only,fl3_entitled,confirmation,joint_gaussian_regularized_cluster,measurement_missingness_concentration,0.25,0.0,6,False,empirically_passable,complete_pass_observed,none,4000,1.0,0.99925,"{""control_contamination_limited"":0,""directionality_limited"":0,""effect_limited"":0,""effective_support_limited"":0,""specificity_limited"":0,""statistical_resolution_limited"":0,""structurally_unavailable"":0}","{""control_contamination_limited"":0.0555,""directionality_limited"":0.0335,""effect_limited"":0.19075,""effective_support_limited"":0.4265,""specificity_limited"":0.0335,""statistical_resolution_limited"":0.6855,""structurally_unavailable"":0.000375}","{""cluster_uncertainty_pass"":0,""complement_admissible_pass"":0,""control_adjusted_contrast_pass"":0,""control_specificity_pass"":0,""effect_direction_reproduced_pass"":0,""minimum_effect_pass"":0,""multiplicity_adjusted_threshold_pass"":0,""raw_statistical_threshold_pass"":0,""support_available_pass"":0,""target_contrast_positive_pass"":0}",0.549,0.549
fe17c18b39eb86c6e9f982bd,C_vs_Cp3__path_shares_only,28ecf7e42b861405b6b3,C_vs_Cp3,path_shares_only,fl3_entitled,confirmation,joint_gaussian_regularized_cluster,measurement_missingness_concentration,0.5,0.0,6,False,empirically_passable,complete_pass_observed,none,4000,1.0,0.9995,"{""control_contamination_limited"":0,""directionality_limited"":0,""effect_limited"":0,""effective_support_limited"":0,""specificity_limited"":0,""statistical_resolution_limited"":0,""structurally_unavailable"":0}","{""control_contamination_limited"":0.0022500000000000003,""directionality_limited"":0.002,""effect_limited"":0.0145,""effective_support_limited"":0.14225,""specificity_limited"":0.002,""statistical_resolution_limited"":0.34500000000000003,""structurally_unavailable"":0.00025}","{""cluster_uncertainty_pass"":0,""complement_admissible_pass"":0,""control_adjusted_contrast_pass"":0,""control_specificity_pass"":0,""effect_direction_reproduced_pass"":0,""minimum_effect_pass"":0,""multiplicity_adjusted_threshold_pass"":0,""raw_statistical_threshold_pass"":0,""support_available_pass"":0,""target_contrast_positive_pass"":0}",0.916,0.916
fe17c18b39eb86c6e9f982bd,C_vs_Cp3__path_shares_only,28ecf7e42b861405b6b3,C_vs_Cp3,path_shares_only,fl3_entitled,confirmation,joint_gaussian_regularized_cluster,measurement_missingness_concentration,0.75,0.0,6,False,empirically_passable,complete_pass_observed,none,4000,1.0,0.9995,"{""control_contamination_limited"":0,""directionality_limited"":0,""effect_limited"":0,""effective_support_limited"":0,""specificity_limited"":0,""statistical_resolution_limited"":0,""structurally_unavailable"":0}","{""control_contamination_limited"":0.00025,""directionality_limited"":0.00025,""effect_limited"":0.0015,""effective_support_limited"":0.046,""specificity_limited"":0.00025,""statistical_resolution_limited"":0.18025,""structurally_unavailable"":0.00025}","{""cluster_uncertainty_pass"":0,""complement_admissible_pass"":0,""control_adjusted_contrast_pass"":0,""control_specificity_pass"":0,""effect_direction_reproduced_pass"":0,""minimum_effect_pass"":0,""multiplicity_adjusted_threshold_pass"":0,""raw_statistical_threshold_pass"":0,""support_available_pass"":0,""target_contrast_positive_pass"":0}",0.986,0.986
fe17c18b39eb86c6e9f982bd,C_vs_Cp3__path_shares_only,28ecf7e42b861405b6b3,C_vs_Cp3,path_shares_only,fl3_entitled,confirmation,joint_gaussian_regularized_cluster,measurement_missingness_concentration,1.0,0.0,6,False,empirically_passable,complete_pass_observed,none,4000,1.0,0.99925,"{""control_contamination_limited"":0,""directionality_limited"":0,""effect_limited"":0,""effective_support_limited"":0,""specificity_limited"":0,""statistical_resolution_limited"":0,""structurally_unavailable"":0}","{""control_contamination_limited"":0.0,""directionality_limited"":0.0,""effect_limited"":0.0005,""effective_support_limited"":0.01525,""specificity_limited"":0.0,""statistical_resolution_limited"":0.11600000000000002,""structurally_unavailable"":0.000375}","{""cluster_uncertainty_pass"":0,""complement_admissible_pass"":0,""control_adjusted_contrast_pass"":0,""control_specificity_pass"":0,""effect_direction_reproduced_pass"":0,""minimum_effect_pass"":0,""multiplicity_adjusted_threshold_pass"":0,""raw_statistical_threshold_pass"":0,""support_available_pass"":0,""target_contrast_positive_pass"":0}",0.995,0.995
fe17c18b39eb86c6e9f982bd,C_vs_Cp3__path_shares_only,28ecf7e42b861405b6b3,C_vs_Cp3,path_shares_only,fl3_entitled,confirmation,joint_gaussian_regularized_cluster,measurement_missingness_concentration,1.5,0.0,6,False,empirically_passable,complete_pass_observed,none,4000,1.0,0.99975,"{""control_contamination_limited"":0,""directionality_limited"":0,""effect_limited"":0,""effective_support_limited"":0,""specificity_limited"":0,""statistical_resolution_limited"":0,""structurally_unavailable"":0}","{""control_contamination_limited"":0.0,""directionality_limited"":0.0,""effect_limited"":0.0,""effective_support_limited"":0.00425,""specificity_limited"":0.0,""statistical_resolution_limited"":0.07325000000000001,""structurally_unavailable"":0.000125}","{""cluster_uncertainty_pass"":0,""complement_admissible_pass"":0,""control_adjusted_contrast_pass"":0,""control_specificity_pass"":0,""effect_direction_reproduced_pass"":0,""minimum_effect_pass"":0,""multiplicity_adjusted_threshold_pass"":0,""raw_statistical_threshold_pass"":0,""support_available_pass"":0,""target_contrast_positive_pass"":0}",0.999,0.999
fe17c18b39eb86c6e9f982bd,C_vs_Cp3__path_shares_only,28ecf7e42b861405b6b3,C_vs_Cp3,path_shares_only,fl3_entitled,confirmation,joint_gaussian_regularized_cluster,measurement_missingness_concentration,2.0,0.0,6,False,empirically_passable,complete_pass_observed,none,4000,1.0,0.9995,"{""control_contamination_limited"":0,""directionality_limited"":0,""effect_limited"":0,""effective_support_limited"":0,""specificity_limited"":0,""statistical_resolution_limited"":0,""structurally_unavailable"":0}","{""control_contamination_limited"":0.0,""directionality_limited"":0.0,""effect_limited"":0.0,""effective_support_limited"":0.001,""specificity_limited"":0.0,""statistical_resolution_limited"":0.053,""structurally_unavailable"":0.00025}","{""cluster_uncertainty_pass"":0,""complement_admissible_pass"":0,""control_adjusted_contrast_pass"":0,""control_specificity_pass"":0,""effect_direction_reproduced_pass"":0,""minimum_effect_pass"":0,""multiplicity_adjusted_threshold_pass"":0,""raw_statistical_threshold_pass"":0,""support_available_pass"":0,""target_contrast_positive_pass"":0}",1.0,1.0
fe17c18b39eb86c6e9f982bd,C_vs_Cp3__path_shares_only,28ecf7e42b861405b6b3,C_vs_Cp3,path_shares_only,fl3_entitled,confirmation,joint_gaussian_regularized_cluster,measurement_missingness_concentration,0.25,0.25,6,False,empirically_passable,complete_pass_observed,none,4000,1.0,0.99925,"{""control_contamination_limited"":5,""directionality_limited"":0,""effect_limited"":0,""effective_support_limited"":0,""specificity_limited"":0,""statistical_resolution_limited"":0,""structurally_unavailable"":0}","{""control_contamination_limited"":0.158,""directionality_limited"":0.0315,""effect_limited"":0.17175,""effective_support_limited"":0.42225000000000007,""specificity_limited"":0.06249999999999999,""statistical_resolution_limited"":0.675,""structurally_unavailable"":0.000375}","{""cluster_uncertainty_pass"":0,""complement_admissible_pass"":0,""control_adjusted_contrast_pass"":5,""control_specificity_pass"":0,""effect_direction_reproduced_pass"":0,""minimum_effect_pass"":0,""multiplicity_adjusted_threshold_pass"":0,""raw_statistical_threshold_pass"":0,""support_available_pass"":0,""target_contrast_positive_pass"":0}",0.562,0.562
fe17c18b39eb86c6e9f982bd,C_vs_Cp3__path_shares_only,28ecf7e42b861405b6b3,C_vs_Cp3,path_shares_only,fl3_entitled,confirmation,joint_gaussian_regularized_cluster,measurement_missingness_concentration,0.5,0.25,6,False,empirically_passable,complete_pass_observed,none,4000,1.0,1.0,"{""control_contamination_limited"":18,""directionality_limited"":0,""effect_limited"":0,""effective_support_limited"":0,""specificity_limited"":0,""statistical_resolution_limited"":0,""structurally_unavailable"":0}","{""control_contamination_limited"":0.0535,""directionality_limited"":0.00175,""effect_limited"":0.01725,""effective_support_limited"":0.13475,""specificity_limited"":0.015000000000000001,""statistical_resolution_limited"":0.3335,""structurally_unavailable"":0.0}","{""cluster_uncertainty_pass"":0,""complement_admissible_pass"":0,""control_adjusted_contrast_pass"":18,""control_specificity_pass"":0,""effect_direction_reproduced_pass"":0,""minimum_effect_pass"":0,""multiplicity_adjusted_threshold_pass"":0,""raw_statistical_threshold_pass"":0,""support_available_pass"":0,""target_contrast_positive_pass"":0}",0.898,0.898
fe17c18b39eb86c6e9f982bd,C_vs_Cp3__path_shares_only,28ecf7e42b861405b6b3,C_vs_Cp3,path_shares_only,fl3_entitled,confirmation,joint_gaussian_regularized_cluster,measurement_missingness_concentration,0.75,0.25,6,False,empirically_passable,complete_pass_observed,none,4000,1.0,0.99875,"{""control_contamination_limited"":14,""directionality_limited"":0,""effect_limited"":0,""effective_support_limited"":0,""specificity_limited"":0,""statistical_resolution_limited"":0,""structurally_unavailable"":0}","{""control_contamination_limited"":0.0195,""directionality_limited"":0.0005,""effect_limited"":0.0025000000000000005,""effective_support_limited"":0.039,""specificity_limited"":0.006500000000000001,""statistical_resolution_limited"":0.1745,""structurally_unavailable"":0.000625}","{""cluster_uncertainty_pass"":0,""complement_admissible_pass"":0,""control_adjusted_contrast_pass"":14,""control_specificity_pass"":0,""effect_direction_reproduced_pass"":0,""minimum_effect_pass"":0,""multiplicity_adjusted_threshold_pass"":0,""raw_statistical_threshold_pass"":0,""support_available_pass"":0,""target_contrast_positive_pass"":0}",0.977,0.977
fe17c18b39eb86c6e9f982bd,C_vs_Cp3__path_shares_only,28ecf7e42b861405b6b3,C_vs_Cp3,path_shares_only,fl3_entitled,confirmation,joint_gaussian_regularized_cluster,measurement_missingness_concentration,1.0,0.25,6,False,empirically_passable,complete_pass_observed,none,4000,1.0,0.99975,"{""control_contamination_limited"":3,""directionality_limited"":0,""effect_limited"":0,""effective_support_limited"":0,""specificity_limited"":0,""statistical_resolution_limited"":0,""structurally_unavailable"":0}","{""control_contamination_limited"":0.006750000000000001,""directionality_limited"":0.0,""effect_limited"":0.00025,""effective_support_limited"":0.01875,""specificity_limited"":0.00175,""statistical_resolution_limited"":0.12025,""structurally_unavailable"":0.000125}","{""cluster_uncertainty_pass"":0,""complement_admissible_pass"":0,""control_adjusted_contrast_pass"":3,""control_specificity_pass"":0,""effect_direction_reproduced_pass"":0,""minimum_effect_pass"":0,""multiplicity_adjusted_threshold_pass"":0,""raw_statistical_threshold_pass"":0,""support_available_pass"":0,""target_contrast_positive_pass"":0}",0.996,0.996
fe17c18b39eb86c6e9f982bd,C_vs_Cp3__path_shares_only,28ecf7e42b861405b6b3,C_vs_Cp3,path_shares_only,fl3_entitled,confirmation,joint_gaussian_regularized_cluster,measurement_missingness_concentration,1.5,0.25,6,False,empirically_passable,complete_pass_observed,none,4000,1.0,0.9995,"{""control_contamination_limited"":4,""directionality_limited"":0,""effect_limited"":0,""effective_support_limited"":0,""specificity_limited"":0,""statistical_resolution_limited"":0,""structurally_unavailable"":0}","{""control_contamination_limited"":0.00175,""directionality_limited"":0.0,""effect_limited"":0.0,""effective_support_limited"":0.0045000000000000005,""specificity_limited"":0.0005,""statistical_resolution_limited"":0.07250000000000001,""structurally_unavailable"":0.00025}","{""cluster_uncertainty_pass"":0,""complement_admissible_pass"":0,""control_adjusted_contrast_pass"":4,""control_specificity_pass"":0,""effect_direction_reproduced_pass"":0,""minimum_effect_pass"":0,""multiplicity_adjusted_threshold_pass"":0,""raw_statistical_threshold_pass"":0,""support_available_pass"":0,""target_contrast_positive_pass"":0}",0.996,0.996
fe17c18b39eb86c6e9f982bd,C_vs_Cp3__path_shares_only,28ecf7e42b861405b6b3,C_vs_Cp3,path_shares_only,fl3_entitled,confirmation,joint_gaussian_regularized_cluster,measurement_missingness_concentration,2.0,0.25,6,False,empirically_passable,complete_pass_observed,none,4000,1.0,1.0,"{""control_contamination_limited"":0,""directionality_limited"":0,""effect_limited"":0,""effective_support_limited"":0,""specificity_limited"":0,""statistical_resolution_limited"":0,""structurally_unavailable"":0}","{""control_contamination_limited"":0.0,""directionality_limited"":0.0,""effect_limited"":0.0,""effective_support_limited"":0.00075,""specificity_limited"":0.0,""statistical_resolution_limited"":0.0585,""structurally_unavailable"":0.0}","{""cluster_uncertainty_pass"":0,""complement_admissible_pass"":0,""control_adjusted_contrast_pass"":0,""control_specificity_pass"":0,""effect_direction_reproduced_pass"":0,""minimum_effect_pass"":0,""multiplicity_adjusted_threshold_pass"":0,""raw_statistical_threshold_pass"":0,""support_available_pass"":0,""target_contrast_positive_pass"":0}",0.999,0.999
fe17c18b39eb86c6e9f982bd,C_vs_Cp3__path_shares_only,28ecf7e42b861405b6b3,C_vs_Cp3,path_shares_only,fl3_entitled,confirmation,joint_gaussian_regularized_cluster,measurement_missingness_concentration,0.25,0.5,6,False,empirically_passable,complete_pass_observed,none,4000,1.0,0.99975,"{""control_contamination_limited"":95,""directionality_limited"":0,""effect_limited"":0,""effective_support_limited"":0,""specificity_limited"":0,""statistical_resolution_limited"":0,""structurally_unavailable"":0}","{""control_contamination_limited"":0.3675,""directionality_limited"":0.034499999999999996,""effect_limited"":0.19825,""effective_support_limited"":0.43649999999999994,""specificity_limited"":0.149,""statistical_resolution_limited"":0.684,""structurally_unavailable"":0.000125}","{""cluster_uncertainty_pass"":0,""complement_admissible_pass"":0,""control_adjusted_contrast_pass"":95,""control_specificity_pass"":0,""effect_direction_reproduced_pass"":0,""minimum_effect_pass"":0,""multiplicity_adjusted_threshold_pass"":0,""raw_statistical_threshold_pass"":0,""support_available_pass"":0,""target_contrast_positive_pass"":0}",0.486,0.486
fe17c18b39eb86c6e9f982bd,C_vs_Cp3__path_shares_only,28ecf7e42b861405b6b3,C_vs_Cp3,path_shares_only,fl3_entitled,confirmation,joint_gaussian_regularized_cluster,measurement_missingness_concentration,0.5,0.5,6,False,empirically_passable,complete_pass_observed,none,4000,1.0,0.9995,"{""control_contamination_limited"":231,""directionality_limited"":0,""effect_limited"":0,""effective_support_limited"":0,""specificity_limited"":0,""statistical_resolution_limited"":0,""structurally_unavailable"":0}","{""control_contamination_limited"":0.1895,""directionality_limited"":0.00075,""effect_limited"":0.012249999999999999,""effective_support_limited"":0.11950000000000001,""specificity_limited"":0.06475,""statistical_resolution_limited"":0.311,""structurally_unavailable"":0.00025}","{""cluster_uncertainty_pass"":0,""complement_admissible_pass"":0,""control_adjusted_contrast_pass"":231,""control_specificity_pass"":0,""effect_direction_reproduced_pass"":0,""minimum_effect_pass"":0,""multiplicity_adjusted_threshold_pass"":0,""raw_statistical_threshold_pass"":0,""support_available_pass"":0,""target_contrast_positive_pass"":0}",0.822,0.822
fe17c18b39eb86c6e9f982bd,C_vs_Cp3__path_shares_only,28ecf7e42b861405b6b3,C_vs_Cp3,path_shares_only,fl3_entitled,confirmation,joint_gaussian_regularized_cluster,measurement_missingness_concentration,0.75,0.5,6,False,empirically_passable,complete_pass_observed,none,4000,1.0,0.9995,"{""control_contamination_limited"":219,""directionality_limited"":0,""effect_limited"":0,""effective_support_limited"":0,""specificity_limited"":0,""statistical_resolution_limited"":0,""structurally_unavailable"":0}","{""control_contamination_limited"":0.12725,""directionality_limited"":0.00025,""effect_limited"":0.002,""effective_support_limited"":0.04,""specificity_limited"":0.0485,""statistical_resolution_limited"":0.16575,""structurally_unavailable"":0.00025}","{""cluster_uncertainty_pass"":0,""complement_admissible_pass"":0,""control_adjusted_contrast_pass"":219,""control_specificity_pass"":0,""effect_direction_reproduced_pass"":0,""minimum_effect_pass"":0,""multiplicity_adjusted_threshold_pass"":0,""raw_statistical_threshold_pass"":0,""support_available_pass"":0,""target_contrast_positive_pass"":0}",0.904,0.904
fe17c18b39eb86c6e9f982bd,C_vs_Cp3__path_shares_only,28ecf7e42b861405b6b3,C_vs_Cp3,path_shares_only,fl3_entitled,confirmation,joint_gaussian_regularized_cluster,measurement_missingness_concentration,1.0,0.5,6,False,empirically_passable,complete_pass_observed,none,4000,1.0,0.999,"{""control_contamination_limited"":184,""directionality_limited"":0,""effect_limited"":0,""effective_support_limited"":0,""specificity_limited"":0,""statistical_resolution_limited"":0,""structurally_unavailable"":0}","{""control_contamination_limited"":0.08925,""directionality_limited"":0.0,""effect_limited"":0.0005,""effective_support_limited"":0.01525,""specificity_limited"":0.026999999999999996,""statistical_resolution_limited"":0.12175,""structurally_unavailable"":0.0005}","{""cluster_uncertainty_pass"":0,""complement_admissible_pass"":0,""control_adjusted_contrast_pass"":184,""control_specificity_pass"":0,""effect_direction_reproduced_pass"":0,""minimum_effect_pass"":0,""multiplicity_adjusted_threshold_pass"":0,""raw_statistical_threshold_pass"":0,""support_available_pass"":0,""target_contrast_positive_pass"":0}",0.944,0.944
fe17c18b39eb86c6e9f982bd,C_vs_Cp3__path_shares_only,28ecf7e42b861405b6b3,C_vs_Cp3,path_shares_only,fl3_entitled,confirmation,joint_gaussian_regularized_cluster,measurement_missingness_concentration,1.5,0.5,6,False,empirically_passable,complete_pass_observed,none,4000,1.0,0.99975,"{""control_contamination_limited"":118,""directionality_limited"":0,""effect_limited"":0,""effective_support_limited"":0,""specificity_limited"":0,""statistical_resolution_limited"":0,""structurally_unavailable"":0}","{""control_contamination_limited"":0.052250000000000005,""directionality_limited"":0.0,""effect_limited"":0.0,""effective_support_limited"":0.00325,""specificity_limited"":0.019,""statistical_resolution_limited"":0.066,""structurally_unavailable"":0.000125}","{""cluster_uncertainty_pass"":0,""complement_admissible_pass"":0,""control_adjusted_contrast_pass"":118,""control_specificity_pass"":0,""effect_direction_reproduced_pass"":0,""minimum_effect_pass"":0,""multiplicity_adjusted_threshold_pass"":0,""raw_statistical_threshold_pass"":0,""support_available_pass"":0,""target_contrast_positive_pass"":0}",0.967,0.967
fe17c18b39eb86c6e9f982bd,C_vs_Cp3__path_shares_only,28ecf7e42b861405b6b3,C_vs_Cp3,path_shares_only,fl3_entitled,confirmation,joint_gaussian_regularized_cluster,measurement_missingness_concentration,2.0,0.5,6,False,empirically_passable,complete_pass_observed,none,4000,1.0,0.99975,"{""control_contamination_limited"":100,""directionality_limited"":0,""effect_limited"":0,""effective_support_limited"":0,""specificity_limited"":0,""statistical_resolution_limited"":0,""structurally_unavailable"":0}","{""control_contamination_limited"":0.04375,""directionality_limited"":0.0,""effect_limited"":0.0,""effective_support_limited"":0.00175,""specificity_limited"":0.01225,""statistical_resolution_limited"":0.0685,""structurally_unavailable"":0.000125}","{""cluster_uncertainty_pass"":0,""complement_admissible_pass"":0,""control_adjusted_contrast_pass"":100,""control_specificity_pass"":0,""effect_direction_reproduced_pass"":0,""minimum_effect_pass"":0,""multiplicity_adjusted_threshold_pass"":0,""raw_statistical_threshold_pass"":0,""support_available_pass"":0,""target_contrast_positive_pass"":0}",0.979,0.979
fe17c18b39eb86c6e9f982bd,C_vs_Cp3__path_shares_only,28ecf7e42b861405b6b3,C_vs_Cp3,path_shares_only,fl3_entitled,confirmation,joint_gaussian_regularized_cluster,measurement_missingness_concentration,0.25,1.0,6,False,empirically_passable,complete_pass_observed,none,4000,1.0,1.0,"{""control_contamination_limited"":423,""directionality_limited"":0,""effect_limited"":0,""effective_support_limited"":0,""specificity_limited"":0,""statistical_resolution_limited"":0,""structurally_unavailable"":0}","{""control_contamination_limited"":0.6937500000000001,""directionality_limited"":0.02425,""effect_limited"":0.18275000000000002,""effective_support_limited"":0.41,""specificity_limited"":0.4425,""statistical_resolution_limited"":0.6595,""structurally_unavailable"":0.0}","{""cluster_uncertainty_pass"":0,""complement_admissible_pass"":0,""control_adjusted_contrast_pass"":423,""control_specificity_pass"":0,""effect_direction_reproduced_pass"":0,""minimum_effect_pass"":0,""multiplicity_adjusted_threshold_pass"":0,""raw_statistical_threshold_pass"":0,""support_available_pass"":0,""target_contrast_positive_pass"":0}",0.245,0.245
fe17c18b39eb86c6e9f982bd,C_vs_Cp3__path_shares_only,28ecf7e42b861405b6b3,C_vs_Cp3,path_shares_only,fl3_entitled,confirmation,joint_gaussian_regularized_cluster,measurement_missingness_concentration,0.5,1.0,6,False,empirically_passable,complete_pass_observed,none,4000,1.0,1.0,"{""control_contamination_limited"":776,""directionality_limited"":0,""effect_limited"":0,""effective_support_limited"":0,""specificity_limited"":0,""statistical_resolution_limited"":0,""structurally_unavailable"":0}","{""control_contamination_limited"":0.6652500000000001,""directionality_limited"":0.0022500000000000003,""effect_limited"":0.01425,""effective_support_limited"":0.1255,""specificity_limited"":0.414,""statistical_resolution_limited"":0.32475,""structurally_unavailable"":0.0}","{""cluster_uncertainty_pass"":0,""complement_admissible_pass"":0,""control_adjusted_contrast_pass"":776,""control_specificity_pass"":0,""effect_direction_reproduced_pass"":0,""minimum_effect_pass"":0,""multiplicity_adjusted_threshold_pass"":0,""raw_statistical_threshold_pass"":0,""support_available_pass"":0,""target_contrast_positive_pass"":0}",0.318,0.298
fe17c18b39eb86c6e9f982bd,C_vs_Cp3__path_shares_only,28ecf7e42b861405b6b3,C_vs_Cp3,path_shares_only,fl3_entitled,confirmation,joint_gaussian_regularized_cluster,measurement_missingness_concentration,0.75,1.0,6,False,empirically_passable,complete_pass_observed,none,4000,1.0,0.9995,"{""control_contamination_limited"":803,""directionality_limited"":0,""effect_limited"":0,""effective_support_limited"":0,""specificity_limited"":0,""statistical_resolution_limited"":0,""structurally_unavailable"":0}","{""control_contamination_limited"":0.66275,""directionality_limited"":0.0,""effect_limited"":0.00175,""effective_support_limited"":0.044000000000000004,""specificity_limited"":0.42925,""statistical_resolution_limited"":0.19574999999999998,""structurally_unavailable"":0.00025}","{""cluster_uncertainty_pass"":0,""complement_admissible_pass"":0,""control_adjusted_contrast_pass"":803,""control_specificity_pass"":0,""effect_direction_reproduced_pass"":0,""minimum_effect_pass"":0,""multiplicity_adjusted_threshold_pass"":0,""raw_statistical_threshold_pass"":0,""support_available_pass"":0,""target_contrast_positive_pass"":0}",0.32,0.304
fe17c18b39eb86c6e9f982bd,C_vs_Cp3__path_shares_only,28ecf7e42b861405b6b3,C_vs_Cp3,path_shares_only,fl3_entitled,confirmation,joint_gaussian_regularized_cluster,measurement_missingness_concentration,1.0,1.0,6,False,empirically_passable,complete_pass_observed,none,4000,1.0,0.99925,"{""control_contamination_limited"":810,""directionality_limited"":0,""effect_limited"":0,""effective_support_limited"":0,""specificity_limited"":0,""statistical_resolution_limited"":0,""structurally_unavailable"":0}","{""control_contamination_limited"":0.64725,""directionality_limited"":0.0005,""effect_limited"":0.0005,""effective_support_limited"":0.019750000000000004,""specificity_limited"":0.42324999999999996,""statistical_resolution_limited"":0.12075,""structurally_unavailable"":0.000375}","{""cluster_uncertainty_pass"":0,""complement_admissible_pass"":0,""control_adjusted_contrast_pass"":810,""control_specificity_pass"":0,""effect_direction_reproduced_pass"":0,""minimum_effect_pass"":0,""multiplicity_adjusted_threshold_pass"":0,""raw_statistical_threshold_pass"":0,""support_available_pass"":0,""target_contrast_positive_pass"":0}",0.344,0.331
fe17c18b39eb86c6e9f982bd,C_vs_Cp3__path_shares_only,28ecf7e42b861405b6b3,C_vs_Cp3,path_shares_only,fl3_entitled,confirmation,joint_gaussian_regularized_cluster,measurement_missingness_concentration,1.5,1.0,6,False,empirically_passable,complete_pass_observed,none,4000,1.0,0.9995,"{""control_contamination_limited"":898,""directionality_limited"":0,""effect_limited"":0,""effective_support_limited"":0,""specificity_limited"":0,""statistical_resolution_limited"":0,""structurally_unavailable"":0}","{""control_contamination_limited"":0.66225,""directionality_limited"":0.0005,""effect_limited"":0.0005,""effective_support_limited"":0.00325,""specificity_limited"":0.426,""statistical_resolution_limited"":0.07175,""structurally_unavailable"":0.00025}","{""cluster_uncertainty_pass"":0,""complement_admissible_pass"":0,""control_adjusted_contrast_pass"":898,""control_specificity_pass"":0,""effect_direction_reproduced_pass"":0,""minimum_effect_pass"":0,""multiplicity_adjusted_threshold_pass"":0,""raw_statistical_threshold_pass"":0,""support_available_pass"":0,""target_contrast_positive_pass"":0}",0.344,0.308
fe17c18b39eb86c6e9f982bd,C_vs_Cp3__path_shares_only,28ecf7e42b861405b6b3,C_vs_Cp3,path_shares_only,fl3_entitled,confirmation,joint_gaussian_regularized_cluster,measurement_missingness_concentration,2.0,1.0,6,False,empirically_passable,complete_pass_observed,none,4000,1.0,0.99875,"{""control_contamination_limited"":983,""directionality_limited"":0,""effect_limited"":0,""effective_support_limited"":0,""specificity_limited"":0,""statistical_resolution_limited"":0,""structurally_unavailable"":0}","{""control_contamination_limited"":0.70675,""directionality_limited"":0.00025,""effect_limited"":0.00025,""effective_support_limited"":0.0032500000000000003,""specificity_limited"":0.45075,""statistical_resolution_limited"":0.058750000000000004,""structurally_unavailable"":0.000625}","{""cluster_uncertainty_pass"":0,""complement_admissible_pass"":0,""control_adjusted_contrast_pass"":983,""control_specificity_pass"":0,""effect_direction_reproduced_pass"":0,""minimum_effect_pass"":0,""multiplicity_adjusted_threshold_pass"":0,""raw_statistical_threshold_pass"":0,""support_available_pass"":0,""target_contrast_positive_pass"":0}",0.288,0.278
03ef63db7584762143dc3914,three_way__no_window,114bd7932e0008f8ef79,three_way,no_window,fl3_entitlement_capped,confirmation,joint_wild_cluster_rademacher,measurement_missingness_concentration,0.25,0.0,6,False,empirically_passable,complete_pass_observed,none,4000,1.0,0.99975,"{""control_contamination_limited"":0,""directionality_limited"":0,""effect_limited"":161,""effective_support_limited"":0,""specificity_limited"":0,""statistical_resolution_limited"":0,""structurally_unavailable"":0}","{""control_contamination_limited"":0.037,""directionality_limited"":0.005,""effect_limited"":0.18125,""effective_support_limited"":0.177,""specificity_limited"":0.005,""statistical_resolution_limited"":0.5345,""structurally_unavailable"":0.000125}","{""cluster_uncertainty_pass"":0,""complement_admissible_pass"":0,""control_adjusted_contrast_pass"":0,""control_specificity_pass"":0,""effect_direction_reproduced_pass"":0,""minimum_effect_pass"":161,""multiplicity_adjusted_threshold_pass"":0,""raw_statistical_threshold_pass"":0,""support_available_pass"":0,""target_contrast_positive_pass"":0}",0.677,0.677
03ef63db7584762143dc3914,three_way__no_window,114bd7932e0008f8ef79,three_way,no_window,fl3_entitlement_capped,confirmation,joint_wild_cluster_rademacher,measurement_missingness_concentration,0.5,0.0,6,False,empirically_passable,complete_pass_observed,none,4000,1.0,1.0,"{""control_contamination_limited"":0,""directionality_limited"":0,""effect_limited"":1,""effective_support_limited"":0,""specificity_limited"":0,""statistical_resolution_limited"":0,""structurally_unavailable"":0}","{""control_contamination_limited"":0.00125,""directionality_limited"":0.00025,""effect_limited"":0.00775,""effective_support_limited"":0.057,""specificity_limited"":0.00025,""statistical_resolution_limited"":0.37025,""structurally_unavailable"":0.0}","{""cluster_uncertainty_pass"":0,""complement_admissible_pass"":0,""control_adjusted_contrast_pass"":0,""control_specificity_pass"":0,""effect_direction_reproduced_pass"":0,""minimum_effect_pass"":1,""multiplicity_adjusted_threshold_pass"":0,""raw_statistical_threshold_pass"":0,""support_available_pass"":0,""target_contrast_positive_pass"":0}",0.895,0.895
03ef63db7584762143dc3914,three_way__no_window,114bd7932e0008f8ef79,three_way,no_window,fl3_entitlement_capped,confirmation,joint_wild_cluster_rademacher,measurement_missingness_concentration,0.75,0.0,6,False,empirically_passable,complete_pass_observed,none,4000,1.0,1.0,"{""control_contamination_limited"":0,""directionality_limited"":0,""effect_limited"":1,""effective_support_limited"":0,""specificity_limited"":0,""statistical_resolution_limited"":0,""structurally_unavailable"":0}","{""control_contamination_limited"":0.0,""directionality_limited"":0.0,""effect_limited"":0.00075,""effective_support_limited"":0.04525,""specificity_limited"":0.0,""statistical_resolution_limited"":0.3325,""structurally_unavailable"":0.0}","{""cluster_uncertainty_pass"":0,""complement_admissible_pass"":0,""control_adjusted_contrast_pass"":0,""control_specificity_pass"":0,""effect_direction_reproduced_pass"":0,""minimum_effect_pass"":1,""multiplicity_adjusted_threshold_pass"":0,""raw_statistical_threshold_pass"":0,""support_available_pass"":0,""target_contrast_positive_pass"":0}",0.905,0.905
03ef63db7584762143dc3914,three_way__no_window,114bd7932e0008f8ef79,three_way,no_window,fl3_entitlement_capped,confirmation,joint_wild_cluster_rademacher,measurement_missingness_concentration,1.0,0.0,6,False,empirically_passable,complete_pass_observed,none,4000,1.0,0.99925,"{""control_contamination_limited"":0,""directionality_limited"":0,""effect_limited"":0,""effective_support_limited"":0,""specificity_limited"":0,""statistical_resolution_limited"":0,""structurally_unavailable"":0}","{""control_contamination_limited"":0.0,""directionality_limited"":0.0,""effect_limited"":0.0,""effective_support_limited"":0.044000000000000004,""specificity_limited"":0.0,""statistical_resolution_limited"":0.33325000000000005,""structurally_unavailable"":0.000375}","{""cluster_uncertainty_pass"":0,""complement_admissible_pass"":0,""control_adjusted_contrast_pass"":0,""control_specificity_pass"":0,""effect_direction_reproduced_pass"":0,""minimum_effect_pass"":0,""multiplicity_adjusted_threshold_pass"":0,""raw_statistical_threshold_pass"":0,""support_available_pass"":0,""target_contrast_positive_pass"":0}",0.917,0.917
03ef63db7584762143dc3914,three_way__no_window,114bd7932e0008f8ef79,three_way,no_window,fl3_entitlement_capped,confirmation,joint_wild_cluster_rademacher,measurement_missingness_concentration,1.5,0.0,6,False,empirically_passable,complete_pass_observed,none,4000,1.0,0.999,"{""control_contamination_limited"":0,""directionality_limited"":0,""effect_limited"":0,""effective_support_limited"":0,""specificity_limited"":0,""statistical_resolution_limited"":0,""structurally_unavailable"":0}","{""control_contamination_limited"":0.0005,""directionality_limited"":0.0005,""effect_limited"":0.0005,""effective_support_limited"":0.036000000000000004,""specificity_limited"":0.0005,""statistical_resolution_limited"":0.323,""structurally_unavailable"":0.0005}","{""cluster_uncertainty_pass"":0,""complement_admissible_pass"":0,""control_adjusted_contrast_pass"":0,""control_specificity_pass"":0,""effect_direction_reproduced_pass"":0,""minimum_effect_pass"":0,""multiplicity_adjusted_threshold_pass"":0,""raw_statistical_threshold_pass"":0,""support_available_pass"":0,""target_contrast_positive_pass"":0}",0.927,0.927
03ef63db7584762143dc3914,three_way__no_window,114bd7932e0008f8ef79,three_way,no_window,fl3_entitlement_capped,confirmation,joint_wild_cluster_rademacher,measurement_missingness_concentration,2.0,0.0,6,False,empirically_passable,complete_pass_observed,none,4000,1.0,0.9995,"{""control_contamination_limited"":0,""directionality_limited"":0,""effect_limited"":0,""effective_support_limited"":0,""specificity_limited"":0,""statistical_resolution_limited"":0,""structurally_unavailable"":0}","{""control_contamination_limited"":0.00025,""directionality_limited"":0.00025,""effect_limited"":0.00025,""effective_support_limited"":0.041,""specificity_limited"":0.00025,""statistical_resolution_limited"":0.3285,""structurally_unavailable"":0.00025}","{""cluster_uncertainty_pass"":0,""complement_admissible_pass"":0,""control_adjusted_contrast_pass"":0,""control_specificity_pass"":0,""effect_direction_reproduced_pass"":0,""minimum_effect_pass"":0,""multiplicity_adjusted_threshold_pass"":0,""raw_statistical_threshold_pass"":0,""support_available_pass"":0,""target_contrast_positive_pass"":0}",0.922,0.922
03ef63db7584762143dc3914,three_way__no_window,114bd7932e0008f8ef79,three_way,no_window,fl3_entitlement_capped,confirmation,joint_wild_cluster_rademacher,measurement_missingness_concentration,0.25,0.25,6,False,empirically_passable,complete_pass_observed,none,4000,1.0,0.99875,"{""control_contamination_limited"":29,""directionality_limited"":0,""effect_limited"":57,""effective_support_limited"":0,""specificity_limited"":0,""statistical_resolution_limited"":0,""structurally_unavailable"":0}","{""control_contamination_limited"":0.13025,""directionality_limited"":0.0075,""effect_limited"":0.1625,""effective_support_limited"":0.18075,""specificity_limited"":0.016,""statistical_resolution_limited"":0.541,""structurally_unavailable"":0.000625}","{""cluster_uncertainty_pass"":0,""complement_admissible_pass"":0,""control_adjusted_contrast_pass"":29,""control_specificity_pass"":0,""effect_direction_reproduced_pass"":0,""minimum_effect_pass"":57,""multiplicity_adjusted_threshold_pass"":0,""raw_statistical_threshold_pass"":0,""support_available_pass"":0,""target_contrast_positive_pass"":0}",0.682,0.682
03ef63db7584762143dc3914,three_way__no_window,114bd7932e0008f8ef79,three_way,no_window,fl3_entitlement_capped,confirmation,joint_wild_cluster_rademacher,measurement_missingness_concentration,0.5,0.25,6,False,empirically_passable,complete_pass_observed,none,4000,1.0,1.0,"{""control_contamination_limited"":14,""directionality_limited"":0,""effect_limited"":0,""effective_support_limited"":0,""specificity_limited"":0,""statistical_resolution_limited"":0,""structurally_unavailable"":0}","{""control_contamination_limited"":0.024000000000000004,""directionality_limited"":0.00025,""effect_limited"":0.0065,""effective_support_limited"":0.05275,""specificity_limited"":0.00375,""statistical_resolution_limited"":0.35624999999999996,""structurally_unavailable"":0.0}","{""cluster_uncertainty_pass"":0,""complement_admissible_pass"":0,""control_adjusted_contrast_pass"":14,""control_specificity_pass"":0,""effect_direction_reproduced_pass"":0,""minimum_effect_pass"":0,""multiplicity_adjusted_threshold_pass"":0,""raw_statistical_threshold_pass"":0,""support_available_pass"":0,""target_contrast_positive_pass"":0}",0.902,0.902
03ef63db7584762143dc3914,three_way__no_window,114bd7932e0008f8ef79,three_way,no_window,fl3_entitlement_capped,confirmation,joint_wild_cluster_rademacher,measurement_missingness_concentration,0.75,0.25,6,False,empirically_passable,complete_pass_observed,none,4000,1.0,0.9995,"{""control_contamination_limited"":16,""directionality_limited"":0,""effect_limited"":0,""effective_support_limited"":0,""specificity_limited"":0,""statistical_resolution_limited"":0,""structurally_unavailable"":0}","{""control_contamination_limited"":0.011000000000000001,""directionality_limited"":0.0,""effect_limited"":0.00025,""effective_support_limited"":0.04775,""specificity_limited"":0.00075,""statistical_resolution_limited"":0.33125,""structurally_unavailable"":0.00025}","{""cluster_uncertainty_pass"":0,""complement_admissible_pass"":0,""control_adjusted_contrast_pass"":16,""control_specificity_pass"":0,""effect_direction_reproduced_pass"":0,""minimum_effect_pass"":0,""multiplicity_adjusted_threshold_pass"":0,""raw_statistical_threshold_pass"":0,""support_available_pass"":0,""target_contrast_positive_pass"":0}",0.922,0.922
03ef63db7584762143dc3914,three_way__no_window,114bd7932e0008f8ef79,three_way,no_window,fl3_entitlement_capped,confirmation,joint_wild_cluster_rademacher,measurement_missingness_concentration,1.0,0.25,6,False,empirically_passable,complete_pass_observed,none,4000,1.0,1.0,"{""control_contamination_limited"":1,""directionality_limited"":0,""effect_limited"":0,""effective_support_limited"":0,""specificity_limited"":0,""statistical_resolution_limited"":0,""structurally_unavailable"":0}","{""control_contamination_limited"":0.00375,""directionality_limited"":0.0,""effect_limited"":0.0,""effective_support_limited"":0.03875,""specificity_limited"":0.0005,""statistical_resolution_limited"":0.31575,""structurally_unavailable"":0.0}","{""cluster_uncertainty_pass"":0,""complement_admissible_pass"":0,""control_adjusted_contrast_pass"":1,""control_specificity_pass"":0,""effect_direction_reproduced_pass"":0,""minimum_effect_pass"":0,""multiplicity_adjusted_threshold_pass"":0,""raw_statistical_threshold_pass"":0,""support_available_pass"":0,""target_contrast_positive_pass"":0}",0.924,0.924
03ef63db7584762143dc3914,three_way__no_window,114bd7932e0008f8ef79,three_way,no_window,fl3_entitlement_capped,confirmation,joint_wild_cluster_rademacher,measurement_missingness_concentration,1.5,0.25,6,False,empirically_passable,complete_pass_observed,none,4000,1.0,0.9995,"{""control_contamination_limited"":0,""directionality_limited"":0,""effect_limited"":0,""effective_support_limited"":0,""specificity_limited"":0,""statistical_resolution_limited"":0,""structurally_unavailable"":0}","{""control_contamination_limited"":0.0005,""directionality_limited"":0.0,""effect_limited"":0.0,""effective_support_limited"":0.042499999999999996,""specificity_limited"":0.0,""statistical_resolution_limited"":0.3175,""structurally_unavailable"":0.00025}","{""cluster_uncertainty_pass"":0,""complement_admissible_pass"":0,""control_adjusted_contrast_pass"":0,""control_specificity_pass"":0,""effect_direction_reproduced_pass"":0,""minimum_effect_pass"":0,""multiplicity_adjusted_threshold_pass"":0,""raw_statistical_threshold_pass"":0,""support_available_pass"":0,""target_contrast_positive_pass"":0}",0.933,0.933
03ef63db7584762143dc3914,three_way__no_window,114bd7932e0008f8ef79,three_way,no_window,fl3_entitlement_capped,confirmation,joint_wild_cluster_rademacher,measurement_missingness_concentration,2.0,0.25,6,False,empirically_passable,complete_pass_observed,none,4000,1.0,0.9995,"{""control_contamination_limited"":3,""directionality_limited"":0,""effect_limited"":0,""effective_support_limited"":0,""specificity_limited"":0,""statistical_resolution_limited"":0,""structurally_unavailable"":0}","{""control_contamination_limited"":0.003,""directionality_limited"":0.00025,""effect_limited"":0.00025,""effective_support_limited"":0.03950000000000001,""specificity_limited"":0.0005,""statistical_resolution_limited"":0.3305,""structurally_unavailable"":0.00025}","{""cluster_uncertainty_pass"":0,""complement_admissible_pass"":0,""control_adjusted_contrast_pass"":3,""control_specificity_pass"":0,""effect_direction_reproduced_pass"":0,""minimum_effect_pass"":0,""multiplicity_adjusted_threshold_pass"":0,""raw_statistical_threshold_pass"":0,""support_available_pass"":0,""target_contrast_positive_pass"":0}",0.925,0.925
03ef63db7584762143dc3914,three_way__no_window,114bd7932e0008f8ef79,three_way,no_window,fl3_entitlement_capped,confirmation,joint_wild_cluster_rademacher,measurement_missingness_concentration,0.25,0.5,6,False,empirically_passable,complete_pass_observed,none,4000,1.0,0.99925,"{""control_contamination_limited"":285,""directionality_limited"":0,""effect_limited"":13,""effective_support_limited"":0,""specificity_limited"":0,""statistical_resolution_limited"":0,""structurally_unavailable"":0}","{""control_contamination_limited"":0.31275000000000003,""directionality_limited"":0.0034999999999999996,""effect_limited"":0.1555,""effective_support_limited"":0.17175,""specificity_limited"":0.0705,""statistical_resolution_limited"":0.5465,""structurally_unavailable"":0.000375}","{""cluster_uncertainty_pass"":0,""complement_admissible_pass"":0,""control_adjusted_contrast_pass"":285,""control_specificity_pass"":0,""effect_direction_reproduced_pass"":0,""minimum_effect_pass"":13,""multiplicity_adjusted_threshold_pass"":0,""raw_statistical_threshold_pass"":0,""support_available_pass"":0,""target_contrast_positive_pass"":0}",0.552,0.552
03ef63db7584762143dc3914,three_way__no_window,114bd7932e0008f8ef79,three_way,no_window,fl3_entitlement_capped,confirmation,joint_wild_cluster_rademacher,measurement_missingness_concentration,0.5,0.5,6,False,empirically_passable,complete_pass_observed,none,4000,1.0,0.9995,"{""control_contamination_limited"":299,""directionality_limited"":0,""effect_limited"":0,""effective_support_limited"":0,""specificity_limited"":0,""statistical_resolution_limited"":0,""structurally_unavailable"":0}","{""control_contamination_limited"":0.1685,""directionality_limited"":0.001,""effect_limited"":0.008,""effective_support_limited"":0.063,""specificity_limited"":0.041999999999999996,""statistical_resolution_limited"":0.36875,""structurally_unavailable"":0.00025}","{""cluster_uncertainty_pass"":0,""complement_admissible_pass"":0,""control_adjusted_contrast_pass"":299,""control_specificity_pass"":0,""effect_direction_reproduced_pass"":0,""minimum_effect_pass"":0,""multiplicity_adjusted_threshold_pass"":0,""raw_statistical_threshold_pass"":0,""support_available_pass"":0,""target_contrast_positive_pass"":0}",0.761,0.761
03ef63db7584762143dc3914,three_way__no_window,114bd7932e0008f8ef79,three_way,no_window,fl3_entitlement_capped,confirmation,joint_wild_cluster_rademacher,measurement_missingness_concentration,0.75,0.5,6,False,empirically_passable,complete_pass_observed,none,4000,1.0,1.0,"{""control_contamination_limited"":164,""directionality_limited"":0,""effect_limited"":0,""effective_support_limited"":0,""specificity_limited"":0,""statistical_resolution_limited"":0,""structurally_unavailable"":0}","{""control_contamination_limited"":0.0955,""directionality_limited"":0.0005,""effect_limited"":0.001,""effective_support_limited"":0.04425,""specificity_limited"":0.026500000000000003,""statistical_resolution_limited"":0.33075,""structurally_unavailable"":0.0}","{""cluster_uncertainty_pass"":0,""complement_admissible_pass"":0,""control_adjusted_contrast_pass"":164,""control_specificity_pass"":0,""effect_direction_reproduced_pass"":0,""minimum_effect_pass"":0,""multiplicity_adjusted_threshold_pass"":0,""raw_statistical_threshold_pass"":0,""support_available_pass"":0,""target_contrast_positive_pass"":0}",0.863,0.863
03ef63db7584762143dc3914,three_way__no_window,114bd7932e0008f8ef79,three_way,no_window,fl3_entitlement_capped,confirmation,joint_wild_cluster_rademacher,measurement_missingness_concentration,1.0,0.5,6,False,empirically_passable,complete_pass_observed,none,4000,1.0,0.99975,"{""control_contamination_limited"":106,""directionality_limited"":0,""effect_limited"":0,""effective_support_limited"":0,""specificity_limited"":0,""statistical_resolution_limited"":0,""structurally_unavailable"":0}","{""control_contamination_limited"":0.06825,""directionality_limited"":0.0,""effect_limited"":0.0,""effective_support_limited"":0.037750000000000006,""specificity_limited"":0.018000000000000002,""statistical_resolution_limited"":0.32075,""structurally_unavailable"":0.000125}","{""cluster_uncertainty_pass"":0,""complement_admissible_pass"":0,""control_adjusted_contrast_pass"":106,""control_specificity_pass"":0,""effect_direction_reproduced_pass"":0,""minimum_effect_pass"":0,""multiplicity_adjusted_threshold_pass"":0,""raw_statistical_threshold_pass"":0,""support_available_pass"":0,""target_contrast_positive_pass"":0}",0.902,0.902
03ef63db7584762143dc3914,three_way__no_window,114bd7932e0008f8ef79,three_way,no_window,fl3_entitlement_capped,confirmation,joint_wild_cluster_rademacher,measurement_missingness_concentration,1.5,0.5,6,False,empirically_passable,complete_pass_observed,none,4000,1.0,0.99925,"{""control_contamination_limited"":88,""directionality_limited"":0,""effect_limited"":0,""effective_support_limited"":0,""specificity_limited"":0,""statistical_resolution_limited"":0,""structurally_unavailable"":0}","{""control_contamination_limited"":0.05175,""directionality_limited"":0.0005,""effect_limited"":0.0005,""effective_support_limited"":0.04275,""specificity_limited"":0.012750000000000001,""statistical_resolution_limited"":0.305,""structurally_unavailable"":0.000375}","{""cluster_uncertainty_pass"":0,""complement_admissible_pass"":0,""control_adjusted_contrast_pass"":88,""control_specificity_pass"":0,""effect_direction_reproduced_pass"":0,""minimum_effect_pass"":0,""multiplicity_adjusted_threshold_pass"":0,""raw_statistical_threshold_pass"":0,""support_available_pass"":0,""target_contrast_positive_pass"":0}",0.919,0.919
03ef63db7584762143dc3914,three_way__no_window,114bd7932e0008f8ef79,three_way,no_window,fl3_entitlement_capped,confirmation,joint_wild_cluster_rademacher,measurement_missingness_concentration,2.0,0.5,6,False,empirically_passable,complete_pass_observed,none,4000,1.0,0.99975,"{""control_contamination_limited"":63,""directionality_limited"":0,""effect_limited"":0,""effective_support_limited"":0,""specificity_limited"":0,""statistical_resolution_limited"":0,""structurally_unavailable"":0}","{""control_contamination_limited"":0.03724999999999999,""directionality_limited"":0.0,""effect_limited"":0.0,""effective_support_limited"":0.03175,""specificity_limited"":0.0095,""statistical_resolution_limited"":0.3055,""structurally_unavailable"":0.000125}","{""cluster_uncertainty_pass"":0,""complement_admissible_pass"":0,""control_adjusted_contrast_pass"":63,""control_specificity_pass"":0,""effect_direction_reproduced_pass"":0,""minimum_effect_pass"":0,""multiplicity_adjusted_threshold_pass"":0,""raw_statistical_threshold_pass"":0,""support_available_pass"":0,""target_contrast_positive_pass"":0}",0.922,0.922
03ef63db7584762143dc3914,three_way__no_window,114bd7932e0008f8ef79,three_way,no_window,fl3_entitlement_capped,confirmation,joint_wild_cluster_rademacher,measurement_missingness_concentration,0.25,1.0,6,False,empirically_passable,complete_pass_observed,none,4000,1.0,0.99975,"{""control_contamination_limited"":636,""directionality_limited"":0,""effect_limited"":0,""effective_support_limited"":0,""specificity_limited"":0,""statistical_resolution_limited"":0,""structurally_unavailable"":0}","{""control_contamination_limited"":0.72125,""directionality_limited"":0.00375,""effect_limited"":0.15025,""effective_support_limited"":0.17600000000000002,""specificity_limited"":0.38125,""statistical_resolution_limited"":0.5489999999999999,""structurally_unavailable"":0.000125}","{""cluster_uncertainty_pass"":0,""complement_admissible_pass"":0,""control_adjusted_contrast_pass"":636,""control_specificity_pass"":0,""effect_direction_reproduced_pass"":0,""minimum_effect_pass"":0,""multiplicity_adjusted_threshold_pass"":0,""raw_statistical_threshold_pass"":0,""support_available_pass"":0,""target_contrast_positive_pass"":0}",0.206,0.206
03ef63db7584762143dc3914,three_way__no_window,114bd7932e0008f8ef79,three_way,no_window,fl3_entitlement_capped,confirmation,joint_wild_cluster_rademacher,measurement_missingness_concentration,0.5,1.0,6,False,empirically_passable,complete_pass_observed,none,4000,1.0,0.99975,"{""control_contamination_limited"":799,""directionality_limited"":0,""effect_limited"":0,""effective_support_limited"":0,""specificity_limited"":0,""statistical_resolution_limited"":0,""structurally_unavailable"":0}","{""control_contamination_limited"":0.6977500000000001,""directionality_limited"":0.0005,""effect_limited"":0.01025,""effective_support_limited"":0.056999999999999995,""specificity_limited"":0.40075,""statistical_resolution_limited"":0.3745,""structurally_unavailable"":0.000125}","{""cluster_uncertainty_pass"":0,""complement_admissible_pass"":0,""control_adjusted_contrast_pass"":799,""control_specificity_pass"":0,""effect_direction_reproduced_pass"":0,""minimum_effect_pass"":0,""multiplicity_adjusted_threshold_pass"":0,""raw_statistical_threshold_pass"":0,""support_available_pass"":0,""target_contrast_positive_pass"":0}",0.23,0.23
03ef63db7584762143dc3914,three_way__no_window,114bd7932e0008f8ef79,three_way,no_window,fl3_entitlement_capped,confirmation,joint_wild_cluster_rademacher,measurement_missingness_concentration,0.75,1.0,6,False,empirically_passable,complete_pass_observed,none,4000,1.0,0.9995,"{""control_contamination_limited"":832,""directionality_limited"":0,""effect_limited"":0,""effective_support_limited"":0,""specificity_limited"":0,""statistical_resolution_limited"":0,""structurally_unavailable"":0}","{""control_contamination_limited"":0.66825,""directionality_limited"":0.0,""effect_limited"":0.00125,""effective_support_limited"":0.043250000000000004,""specificity_limited"":0.384,""statistical_resolution_limited"":0.3205,""structurally_unavailable"":0.00025}","{""cluster_uncertainty_pass"":0,""complement_admissible_pass"":0,""control_adjusted_contrast_pass"":832,""control_specificity_pass"":0,""effect_direction_reproduced_pass"":0,""minimum_effect_pass"":0,""multiplicity_adjusted_threshold_pass"":0,""raw_statistical_threshold_pass"":0,""support_available_pass"":0,""target_contrast_positive_pass"":0}",0.264,0.261
03ef63db7584762143dc3914,three_way__no_window,114bd7932e0008f8ef79,three_way,no_window,fl3_entitlement_capped,confirmation,joint_wild_cluster_rademacher,measurement_missingness_concentration,1.0,1.0,6,False,empirically_passable,complete_pass_observed,none,4000,1.0,0.9995,"{""control_contamination_limited"":792,""directionality_limited"":0,""effect_limited"":0,""effective_support_limited"":0,""specificity_limited"":0,""statistical_resolution_limited"":0,""structurally_unavailable"":0}","{""control_contamination_limited"":0.6624999999999999,""directionality_limited"":0.0,""effect_limited"":0.0,""effective_support_limited"":0.04300000000000001,""specificity_limited"":0.39425000000000004,""statistical_resolution_limited"":0.33175,""structurally_unavailable"":0.00025}","{""cluster_uncertainty_pass"":0,""complement_admissible_pass"":0,""control_adjusted_contrast_pass"":792,""control_specificity_pass"":0,""effect_direction_reproduced_pass"":0,""minimum_effect_pass"":0,""multiplicity_adjusted_threshold_pass"":0,""raw_statistical_threshold_pass"":0,""support_available_pass"":0,""target_contrast_positive_pass"":0}",0.27,0.27
03ef63db7584762143dc3914,three_way__no_window,114bd7932e0008f8ef79,three_way,no_window,fl3_entitlement_capped,confirmation,joint_wild_cluster_rademacher,measurement_missingness_concentration,1.5,1.0,6,False,empirically_passable,complete_pass_observed,none,4000,1.0,0.99975,"{""control_contamination_limited"":884,""directionality_limited"":0,""effect_limited"":0,""effective_support_limited"":0,""specificity_limited"":0,""statistical_resolution_limited"":0,""structurally_unavailable"":0}","{""control_contamination_limited"":0.6835,""directionality_limited"":0.0,""effect_limited"":0.0,""effective_support_limited"":0.03875000000000001,""specificity_limited"":0.38825,""statistical_resolution_limited"":0.30625,""structurally_unavailable"":0.000125}","{""cluster_uncertainty_pass"":0,""complement_admissible_pass"":0,""control_adjusted_contrast_pass"":884,""control_specificity_pass"":0,""effect_direction_reproduced_pass"":0,""minimum_effect_pass"":0,""multiplicity_adjusted_threshold_pass"":0,""raw_statistical_threshold_pass"":0,""support_available_pass"":0,""target_contrast_positive_pass"":0}",0.267,0.267
03ef63db7584762143dc3914,three_way__no_window,114bd7932e0008f8ef79,three_way,no_window,fl3_entitlement_capped,confirmation,joint_wild_cluster_rademacher,measurement_missingness_concentration,2.0,1.0,6,False,empirically_passable,complete_pass_observed,none,4000,1.0,0.99975,"{""control_contamination_limited"":910,""directionality_limited"":0,""effect_limited"":0,""effective_support_limited"":0,""specificity_limited"":0,""statistical_resolution_limited"":0,""structurally_unavailable"":0}","{""control_contamination_limited"":0.71275,""directionality_limited"":0.0,""effect_limited"":0.0,""effective_support_limited"":0.032249999999999994,""specificity_limited"":0.406,""statistical_resolution_limited"":0.28875,""structurally_unavailable"":0.000125}","{""cluster_uncertainty_pass"":0,""complement_admissible_pass"":0,""control_adjusted_contrast_pass"":910,""control_specificity_pass"":0,""effect_direction_reproduced_pass"":0,""minimum_effect_pass"":0,""multiplicity_adjusted_threshold_pass"":0,""raw_statistical_threshold_pass"":0,""support_available_pass"":0,""target_contrast_positive_pass"":0}",0.242,0.242
bfa569fbae807b7f50c3389f,C_vs_Cp2__stability_core_3,c683c10822cc59ae7587,C_vs_Cp2,stability_core_3,fl3_entitled,confirmation,joint_wild_cluster_rademacher,measurement_missingness_concentration,0.25,0.0,6,False,empirically_passable,complete_pass_observed,none,4000,1.0,0.99975,"{""control_contamination_limited"":0,""directionality_limited"":0,""effect_limited"":2,""effective_support_limited"":0,""specificity_limited"":0,""statistical_resolution_limited"":0,""structurally_unavailable"":0}","{""control_contamination_limited"":0.022500000000000003,""directionality_limited"":0.00875,""effect_limited"":0.12475000000000001,""effective_support_limited"":0.6655000000000001,""specificity_limited"":0.00875,""statistical_resolution_limited"":0.95025,""structurally_unavailable"":0.000125}","{""cluster_uncertainty_pass"":0,""complement_admissible_pass"":0,""control_adjusted_contrast_pass"":0,""control_specificity_pass"":0,""effect_direction_reproduced_pass"":0,""minimum_effect_pass"":2,""multiplicity_adjusted_threshold_pass"":0,""raw_statistical_threshold_pass"":0,""support_available_pass"":0,""target_contrast_positive_pass"":0}",0.099,0.099
bfa569fbae807b7f50c3389f,C_vs_Cp2__stability_core_3,c683c10822cc59ae7587,C_vs_Cp2,stability_core_3,fl3_entitled,confirmation,joint_wild_cluster_rademacher,measurement_missingness_concentration,0.5,0.0,6,False,empirically_passable,complete_pass_observed,none,4000,1.0,1.0,"{""control_contamination_limited"":0,""directionality_limited"":0,""effect_limited"":0,""effective_support_limited"":0,""specificity_limited"":0,""statistical_resolution_limited"":0,""structurally_unavailable"":0}","{""control_contamination_limited"":0.009000000000000001,""directionality_limited"":0.008749999999999999,""effect_limited"":0.01125,""effective_support_limited"":0.43999999999999995,""specificity_limited"":0.00875,""statistical_resolution_limited"":0.891,""structurally_unavailable"":0.0}","{""cluster_uncertainty_pass"":0,""complement_admissible_pass"":0,""control_adjusted_contrast_pass"":0,""control_specificity_pass"":0,""effect_direction_reproduced_pass"":0,""minimum_effect_pass"":0,""multiplicity_adjusted_threshold_pass"":0,""raw_statistical_threshold_pass"":0,""support_available_pass"":0,""target_contrast_positive_pass"":0}",0.232,0.232
bfa569fbae807b7f50c3389f,C_vs_Cp2__stability_core_3,c683c10822cc59ae7587,C_vs_Cp2,stability_core_3,fl3_entitled,confirmation,joint_wild_cluster_rademacher,measurement_missingness_concentration,0.75,0.0,6,False,empirically_passable,complete_pass_observed,none,4000,1.0,1.0,"{""control_contamination_limited"":0,""directionality_limited"":0,""effect_limited"":0,""effective_support_limited"":0,""specificity_limited"":0,""statistical_resolution_limited"":0,""structurally_unavailable"":0}","{""control_contamination_limited"":0.005000000000000001,""directionality_limited"":0.005000000000000001,""effect_limited"":0.005000000000000001,""effective_support_limited"":0.35400000000000004,""specificity_limited"":0.005000000000000001,""statistical_resolution_limited"":0.8427500000000001,""structurally_unavailable"":0.0}","{""cluster_uncertainty_pass"":0,""complement_admissible_pass"":0,""control_adjusted_contrast_pass"":0,""control_specificity_pass"":0,""effect_direction_reproduced_pass"":0,""minimum_effect_pass"":0,""multiplicity_adjusted_threshold_pass"":0,""raw_statistical_threshold_pass"":0,""support_available_pass"":0,""target_contrast_positive_pass"":0}",0.318,0.318
bfa569fbae807b7f50c3389f,C_vs_Cp2__stability_core_3,c683c10822cc59ae7587,C_vs_Cp2,stability_core_3,fl3_entitled,confirmation,joint_wild_cluster_rademacher,measurement_missingness_concentration,1.0,0.0,6,False,empirically_passable,complete_pass_observed,none,4000,1.0,1.0,"{""control_contamination_limited"":0,""directionality_limited"":0,""effect_limited"":0,""effective_support_limited"":0,""specificity_limited"":0,""statistical_resolution_limited"":0,""structurally_unavailable"":0}","{""control_contamination_limited"":0.006,""directionality_limited"":0.005999999999999999,""effect_limited"":0.006,""effective_support_limited"":0.328,""specificity_limited"":0.006,""statistical_resolution_limited"":0.8227500000000001,""structurally_unavailable"":0.0}","{""cluster_uncertainty_pass"":0,""complement_admissible_pass"":0,""control_adjusted_contrast_pass"":0,""control_specificity_pass"":0,""effect_direction_reproduced_pass"":0,""minimum_effect_pass"":0,""multiplicity_adjusted_threshold_pass"":0,""raw_statistical_threshold_pass"":0,""support_available_pass"":0,""target_contrast_positive_pass"":0}",0.345,0.345
bfa569fbae807b7f50c3389f,C_vs_Cp2__stability_core_3,c683c10822cc59ae7587,C_vs_Cp2,stability_core_3,fl3_entitled,confirmation,joint_wild_cluster_rademacher,measurement_missingness_concentration,1.5,0.0,6,False,empirically_passable,complete_pass_observed,none,4000,1.0,1.0,"{""control_contamination_limited"":0,""directionality_limited"":0,""effect_limited"":0,""effective_support_limited"":0,""specificity_limited"":0,""statistical_resolution_limited"":0,""structurally_unavailable"":0}","{""control_contamination_limited"":0.00425,""directionality_limited"":0.00425,""effect_limited"":0.00425,""effective_support_limited"":0.33325000000000005,""specificity_limited"":0.00425,""statistical_resolution_limited"":0.81975,""structurally_unavailable"":0.0}","{""cluster_uncertainty_pass"":0,""complement_admissible_pass"":0,""control_adjusted_contrast_pass"":0,""control_specificity_pass"":0,""effect_direction_reproduced_pass"":0,""minimum_effect_pass"":0,""multiplicity_adjusted_threshold_pass"":0,""raw_statistical_threshold_pass"":0,""support_available_pass"":0,""target_contrast_positive_pass"":0}",0.353,0.353
bfa569fbae807b7f50c3389f,C_vs_Cp2__stability_core_3,c683c10822cc59ae7587,C_vs_Cp2,stability_core_3,fl3_entitled,confirmation,joint_wild_cluster_rademacher,measurement_missingness_concentration,2.0,0.0,6,False,empirically_passable,complete_pass_observed,none,4000,1.0,1.0,"{""control_contamination_limited"":0,""directionality_limited"":0,""effect_limited"":0,""effective_support_limited"":0,""specificity_limited"":0,""statistical_resolution_limited"":0,""structurally_unavailable"":0}","{""control_contamination_limited"":0.006500000000000001,""directionality_limited"":0.0065,""effect_limited"":0.006500000000000001,""effective_support_limited"":0.3155,""specificity_limited"":0.006500000000000001,""statistical_resolution_limited"":0.82125,""structurally_unavailable"":0.0}","{""cluster_uncertainty_pass"":0,""complement_admissible_pass"":0,""control_adjusted_contrast_pass"":0,""control_specificity_pass"":0,""effect_direction_reproduced_pass"":0,""minimum_effect_pass"":0,""multiplicity_adjusted_threshold_pass"":0,""raw_statistical_threshold_pass"":0,""support_available_pass"":0,""target_contrast_positive_pass"":0}",0.344,0.344
bfa569fbae807b7f50c3389f,C_vs_Cp2__stability_core_3,c683c10822cc59ae7587,C_vs_Cp2,stability_core_3,fl3_entitled,confirmation,joint_wild_cluster_rademacher,measurement_missingness_concentration,0.25,0.25,6,False,empirically_passable,complete_pass_observed,none,4000,1.0,1.0,"{""control_contamination_limited"":0,""directionality_limited"":0,""effect_limited"":0,""effective_support_limited"":0,""specificity_limited"":0,""statistical_resolution_limited"":0,""structurally_unavailable"":0}","{""control_contamination_limited"":0.0965,""directionality_limited"":0.008749999999999999,""effect_limited"":0.11125,""effective_support_limited"":0.6372500000000001,""specificity_limited"":0.017750000000000002,""statistical_resolution_limited"":0.9630000000000001,""structurally_unavailable"":0.0}","{""cluster_uncertainty_pass"":0,""complement_admissible_pass"":0,""control_adjusted_contrast_pass"":0,""control_specificity_pass"":0,""effect_direction_reproduced_pass"":0,""minimum_effect_pass"":0,""multiplicity_adjusted_threshold_pass"":0,""raw_statistical_threshold_pass"":0,""support_available_pass"":0,""target_contrast_positive_pass"":0}",0.089,0.089
bfa569fbae807b7f50c3389f,C_vs_Cp2__stability_core_3,c683c10822cc59ae7587,C_vs_Cp2,stability_core_3,fl3_entitled,confirmation,joint_wild_cluster_rademacher,measurement_missingness_concentration,0.5,0.25,6,False,empirically_passable,complete_pass_observed,none,4000,1.0,1.0,"{""control_contamination_limited"":1,""directionality_limited"":0,""effect_limited"":0,""effective_support_limited"":0,""specificity_limited"":0,""statistical_resolution_limited"":0,""structurally_unavailable"":0}","{""control_contamination_limited"":0.0175,""directionality_limited"":0.0045000000000000005,""effect_limited"":0.00825,""effective_support_limited"":0.42375,""specificity_limited"":0.00675,""statistical_resolution_limited"":0.885,""structurally_unavailable"":0.0}","{""cluster_uncertainty_pass"":0,""complement_admissible_pass"":0,""control_adjusted_contrast_pass"":1,""control_specificity_pass"":0,""effect_direction_reproduced_pass"":0,""minimum_effect_pass"":0,""multiplicity_adjusted_threshold_pass"":0,""raw_statistical_threshold_pass"":0,""support_available_pass"":0,""target_contrast_positive_pass"":0}",0.239,0.239
bfa569fbae807b7f50c3389f,C_vs_Cp2__stability_core_3,c683c10822cc59ae7587,C_vs_Cp2,stability_core_3,fl3_entitled,confirmation,joint_wild_cluster_rademacher,measurement_missingness_concentration,0.75,0.25,6,False,empirically_passable,complete_pass_observed,none,4000,1.0,1.0,"{""control_contamination_limited"":0,""directionality_limited"":0,""effect_limited"":0,""effective_support_limited"":0,""specificity_limited"":0,""statistical_resolution_limited"":0,""structurally_unavailable"":0}","{""control_contamination_limited"":0.005,""directionality_limited"":0.0025,""effect_limited"":0.0025,""effective_support_limited"":0.37575,""specificity_limited"":0.0035000000000000005,""statistical_resolution_limited"":0.8385,""structurally_unavailable"":0.0}","{""cluster_uncertainty_pass"":0,""complement_admissible_pass"":0,""control_adjusted_contrast_pass"":0,""control_specificity_pass"":0,""effect_direction_reproduced_pass"":0,""minimum_effect_pass"":0,""multiplicity_adjusted_threshold_pass"":0,""raw_statistical_threshold_pass"":0,""support_available_pass"":0,""target_contrast_positive_pass"":0}",0.317,0.317
bfa569fbae807b7f50c3389f,C_vs_Cp2__stability_core_3,c683c10822cc59ae7587,C_vs_Cp2,stability_core_3,fl3_entitled,confirmation,joint_wild_cluster_rademacher,measurement_missingness_concentration,1.0,0.25,6,False,empirically_passable,complete_pass_observed,none,4000,1.0,0.99975,"{""control_contamination_limited"":0,""directionality_limited"":0,""effect_limited"":0,""effective_support_limited"":0,""specificity_limited"":0,""statistical_resolution_limited"":0,""structurally_unavailable"":0}","{""control_contamination_limited"":0.0085,""directionality_limited"":0.00725,""effect_limited"":0.00725,""effective_support_limited"":0.33925,""specificity_limited"":0.00775,""statistical_resolution_limited"":0.822,""structurally_unavailable"":0.000125}","{""cluster_uncertainty_pass"":0,""complement_admissible_pass"":0,""control_adjusted_contrast_pass"":0,""control_specificity_pass"":0,""effect_direction_reproduced_pass"":0,""minimum_effect_pass"":0,""multiplicity_adjusted_threshold_pass"":0,""raw_statistical_threshold_pass"":0,""support_available_pass"":0,""target_contrast_positive_pass"":0}",0.316,0.316
bfa569fbae807b7f50c3389f,C_vs_Cp2__stability_core_3,c683c10822cc59ae7587,C_vs_Cp2,stability_core_3,fl3_entitled,confirmation,joint_wild_cluster_rademacher,measurement_missingness_concentration,1.5,0.25,6,False,empirically_passable,complete_pass_observed,none,4000,1.0,1.0,"{""control_contamination_limited"":0,""directionality_limited"":0,""effect_limited"":0,""effective_support_limited"":0,""specificity_limited"":0,""statistical_resolution_limited"":0,""structurally_unavailable"":0}","{""control_contamination_limited"":0.0135,""directionality_limited"":0.01275,""effect_limited"":0.013,""effective_support_limited"":0.32175000000000004,""specificity_limited"":0.013,""statistical_resolution_limited"":0.83375,""structurally_unavailable"":0.0}","{""cluster_uncertainty_pass"":0,""complement_admissible_pass"":0,""control_adjusted_contrast_pass"":0,""control_specificity_pass"":0,""effect_direction_reproduced_pass"":0,""minimum_effect_pass"":0,""multiplicity_adjusted_threshold_pass"":0,""raw_statistical_threshold_pass"":0,""support_available_pass"":0,""target_contrast_positive_pass"":0}",0.329,0.329
bfa569fbae807b7f50c3389f,C_vs_Cp2__stability_core_3,c683c10822cc59ae7587,C_vs_Cp2,stability_core_3,fl3_entitled,confirmation,joint_wild_cluster_rademacher,measurement_missingness_concentration,2.0,0.25,6,False,empirically_passable,complete_pass_observed,none,4000,1.0,1.0,"{""control_contamination_limited"":0,""directionality_limited"":0,""effect_limited"":0,""effective_support_limited"":0,""specificity_limited"":0,""statistical_resolution_limited"":0,""structurally_unavailable"":0}","{""control_contamination_limited"":0.006,""directionality_limited"":0.006,""effect_limited"":0.006,""effective_support_limited"":0.3355,""specificity_limited"":0.006,""statistical_resolution_limited"":0.8180000000000001,""structurally_unavailable"":0.0}","{""cluster_uncertainty_pass"":0,""complement_admissible_pass"":0,""control_adjusted_contrast_pass"":0,""control_specificity_pass"":0,""effect_direction_reproduced_pass"":0,""minimum_effect_pass"":0,""multiplicity_adjusted_threshold_pass"":0,""raw_statistical_threshold_pass"":0,""support_available_pass"":0,""target_contrast_positive_pass"":0}",0.362,0.362
bfa569fbae807b7f50c3389f,C_vs_Cp2__stability_core_3,c683c10822cc59ae7587,C_vs_Cp2,stability_core_3,fl3_entitled,confirmation,joint_wild_cluster_rademacher,measurement_missingness_concentration,0.25,0.5,6,False,empirically_passable,complete_pass_observed,none,4000,1.0,0.99975,"{""control_contamination_limited"":15,""directionality_limited"":0,""effect_limited"":0,""effective_support_limited"":0,""specificity_limited"":0,""statistical_resolution_limited"":0,""structurally_unavailable"":0}","{""control_contamination_limited"":0.313,""directionality_limited"":0.007,""effect_limited"":0.1155,""effective_support_limited"":0.64675,""specificity_limited"":0.0765,""statistical_resolution_limited"":0.9470000000000001,""structurally_unavailable"":0.000125}","{""cluster_uncertainty_pass"":0,""complement_admissible_pass"":0,""control_adjusted_contrast_pass"":15,""control_specificity_pass"":0,""effect_direction_reproduced_pass"":0,""minimum_effect_pass"":0,""multiplicity_adjusted_threshold_pass"":0,""raw_statistical_threshold_pass"":0,""support_available_pass"":0,""target_contrast_positive_pass"":0}",0.105,0.105
bfa569fbae807b7f50c3389f,C_vs_Cp2__stability_core_3,c683c10822cc59ae7587,C_vs_Cp2,stability_core_3,fl3_entitled,confirmation,joint_wild_cluster_rademacher,measurement_missingness_concentration,0.5,0.5,6,False,empirically_passable,complete_pass_observed,none,4000,1.0,1.0,"{""control_contamination_limited"":25,""directionality_limited"":0,""effect_limited"":0,""effective_support_limited"":0,""specificity_limited"":0,""statistical_resolution_limited"":0,""structurally_unavailable"":0}","{""control_contamination_limited"":0.1295,""directionality_limited"":0.004750000000000001,""effect_limited"":0.00725,""effective_support_limited"":0.4125,""specificity_limited"":0.036250000000000004,""statistical_resolution_limited"":0.8779999999999999,""structurally_unavailable"":0.0}","{""cluster_uncertainty_pass"":0,""complement_admissible_pass"":0,""control_adjusted_contrast_pass"":25,""control_specificity_pass"":0,""effect_direction_reproduced_pass"":0,""minimum_effect_pass"":0,""multiplicity_adjusted_threshold_pass"":0,""raw_statistical_threshold_pass"":0,""support_available_pass"":0,""target_contrast_positive_pass"":0}",0.238,0.238
bfa569fbae807b7f50c3389f,C_vs_Cp2__stability_core_3,c683c10822cc59ae7587,C_vs_Cp2,stability_core_3,fl3_entitled,confirmation,joint_wild_cluster_rademacher,measurement_missingness_concentration,0.75,0.5,6,False,empirically_passable,complete_pass_observed,none,4000,1.0,0.99975,"{""control_contamination_limited"":27,""directionality_limited"":0,""effect_limited"":0,""effective_support_limited"":0,""specificity_limited"":0,""statistical_resolution_limited"":0,""structurally_unavailable"":0}","{""control_contamination_limited"":0.07750000000000001,""directionality_limited"":0.007000000000000001,""effect_limited"":0.007000000000000001,""effective_support_limited"":0.3535,""specificity_limited"":0.023500000000000004,""statistical_resolution_limited"":0.83275,""structurally_unavailable"":0.000125}","{""cluster_uncertainty_pass"":0,""complement_admissible_pass"":0,""control_adjusted_contrast_pass"":27,""control_specificity_pass"":0,""effect_direction_reproduced_pass"":0,""minimum_effect_pass"":0,""multiplicity_adjusted_threshold_pass"":0,""raw_statistical_threshold_pass"":0,""support_available_pass"":0,""target_contrast_positive_pass"":0}",0.316,0.316
bfa569fbae807b7f50c3389f,C_vs_Cp2__stability_core_3,c683c10822cc59ae7587,C_vs_Cp2,stability_core_3,fl3_entitled,confirmation,joint_wild_cluster_rademacher,measurement_missingness_concentration,1.0,0.5,6,False,empirically_passable,complete_pass_observed,none,4000,1.0,1.0,"{""control_contamination_limited"":11,""directionality_limited"":0,""effect_limited"":0,""effective_support_limited"":0,""specificity_limited"":0,""statistical_resolution_limited"":0,""structurally_unavailable"":0}","{""control_contamination_limited"":0.0415,""directionality_limited"":0.00375,""effect_limited"":0.00375,""effective_support_limited"":0.32525,""specificity_limited"":0.01125,""statistical_resolution_limited"":0.84175,""structurally_unavailable"":0.0}","{""cluster_uncertainty_pass"":0,""complement_admissible_pass"":0,""control_adjusted_contrast_pass"":11,""control_specificity_pass"":0,""effect_direction_reproduced_pass"":0,""minimum_effect_pass"":0,""multiplicity_adjusted_threshold_pass"":0,""raw_statistical_threshold_pass"":0,""support_available_pass"":0,""target_contrast_positive_pass"":0}",0.316,0.316
bfa569fbae807b7f50c3389f,C_vs_Cp2__stability_core_3,c683c10822cc59ae7587,C_vs_Cp2,stability_core_3,fl3_entitled,confirmation,joint_wild_cluster_rademacher,measurement_missingness_concentration,1.5,0.5,6,False,empirically_passable,complete_pass_observed,none,4000,1.0,1.0,"{""control_contamination_limited"":8,""directionality_limited"":0,""effect_limited"":0,""effective_support_limited"":0,""specificity_limited"":0,""statistical_resolution_limited"":0,""structurally_unavailable"":0}","{""control_contamination_limited"":0.021000000000000005,""directionality_limited"":0.00525,""effect_limited"":0.00525,""effective_support_limited"":0.31525,""specificity_limited"":0.00975,""statistical_resolution_limited"":0.821,""structurally_unavailable"":0.0}","{""cluster_uncertainty_pass"":0,""complement_admissible_pass"":0,""control_adjusted_contrast_pass"":8,""control_specificity_pass"":0,""effect_direction_reproduced_pass"":0,""minimum_effect_pass"":0,""multiplicity_adjusted_threshold_pass"":0,""raw_statistical_threshold_pass"":0,""support_available_pass"":0,""target_contrast_positive_pass"":0}",0.354,0.354
bfa569fbae807b7f50c3389f,C_vs_Cp2__stability_core_3,c683c10822cc59ae7587,C_vs_Cp2,stability_core_3,fl3_entitled,confirmation,joint_wild_cluster_rademacher,measurement_missingness_concentration,2.0,0.5,6,False,empirically_passable,complete_pass_observed,none,4000,1.0,1.0,"{""control_contamination_limited"":3,""directionality_limited"":0,""effect_limited"":0,""effective_support_limited"":0,""specificity_limited"":0,""statistical_resolution_limited"":0,""structurally_unavailable"":0}","{""control_contamination_limited"":0.01825,""directionality_limited"":0.0072499999999999995,""effect_limited"":0.0072499999999999995,""effective_support_limited"":0.34450000000000003,""specificity_limited"":0.010000000000000002,""statistical_resolution_limited"":0.8195,""structurally_unavailable"":0.0}","{""cluster_uncertainty_pass"":0,""complement_admissible_pass"":0,""control_adjusted_contrast_pass"":3,""control_specificity_pass"":0,""effect_direction_reproduced_pass"":0,""minimum_effect_pass"":0,""multiplicity_adjusted_threshold_pass"":0,""raw_statistical_threshold_pass"":0,""support_available_pass"":0,""target_contrast_positive_pass"":0}",0.351,0.351
bfa569fbae807b7f50c3389f,C_vs_Cp2__stability_core_3,c683c10822cc59ae7587,C_vs_Cp2,stability_core_3,fl3_entitled,confirmation,joint_wild_cluster_rademacher,measurement_missingness_concentration,0.25,1.0,6,False,empirically_passable,complete_pass_observed,none,4000,1.0,1.0,"{""control_contamination_limited"":80,""directionality_limited"":0,""effect_limited"":0,""effective_support_limited"":0,""specificity_limited"":0,""statistical_resolution_limited"":0,""structurally_unavailable"":0}","{""control_contamination_limited"":0.7817500000000001,""directionality_limited"":0.009250000000000001,""effect_limited"":0.12150000000000001,""effective_support_limited"":0.6552499999999999,""specificity_limited"":0.41874999999999996,""statistical_resolution_limited"":0.95075,""structurally_unavailable"":0.0}","{""cluster_uncertainty_pass"":0,""complement_admissible_pass"":0,""control_adjusted_contrast_pass"":80,""control_specificity_pass"":0,""effect_direction_reproduced_pass"":0,""minimum_effect_pass"":0,""multiplicity_adjusted_threshold_pass"":0,""raw_statistical_threshold_pass"":0,""support_available_pass"":0,""target_contrast_positive_pass"":0}",0.038,0.038
bfa569fbae807b7f50c3389f,C_vs_Cp2__stability_core_3,c683c10822cc59ae7587,C_vs_Cp2,stability_core_3,fl3_entitled,confirmation,joint_wild_cluster_rademacher,measurement_missingness_concentration,0.5,1.0,6,False,empirically_passable,complete_pass_observed,none,4000,1.0,1.0,"{""control_contamination_limited"":165,""directionality_limited"":0,""effect_limited"":0,""effective_support_limited"":0,""specificity_limited"":0,""statistical_resolution_limited"":0,""structurally_unavailable"":0}","{""control_contamination_limited"":0.73525,""directionality_limited"":0.0045000000000000005,""effect_limited"":0.00825,""effective_support_limited"":0.44199999999999995,""specificity_limited"":0.41875,""statistical_resolution_limited"":0.885,""structurally_unavailable"":0.0}","{""cluster_uncertainty_pass"":0,""complement_admissible_pass"":0,""control_adjusted_contrast_pass"":165,""control_specificity_pass"":0,""effect_direction_reproduced_pass"":0,""minimum_effect_pass"":0,""multiplicity_adjusted_threshold_pass"":0,""raw_statistical_threshold_pass"":0,""support_available_pass"":0,""target_contrast_positive_pass"":0}",0.077,0.077
bfa569fbae807b7f50c3389f,C_vs_Cp2__stability_core_3,c683c10822cc59ae7587,C_vs_Cp2,stability_core_3,fl3_entitled,confirmation,joint_wild_cluster_rademacher,measurement_missingness_concentration,0.75,1.0,6,False,empirically_passable,complete_pass_observed,none,4000,1.0,1.0,"{""control_contamination_limited"":214,""directionality_limited"":0,""effect_limited"":0,""effective_support_limited"":0,""specificity_limited"":0,""statistical_resolution_limited"":0,""structurally_unavailable"":0}","{""control_contamination_limited"":0.70475,""directionality_limited"":0.00525,""effect_limited"":0.00525,""effective_support_limited"":0.3635,""specificity_limited"":0.39275000000000004,""statistical_resolution_limited"":0.8434999999999999,""structurally_unavailable"":0.0}","{""cluster_uncertainty_pass"":0,""complement_admissible_pass"":0,""control_adjusted_contrast_pass"":214,""control_specificity_pass"":0,""effect_direction_reproduced_pass"":0,""minimum_effect_pass"":0,""multiplicity_adjusted_threshold_pass"":0,""raw_statistical_threshold_pass"":0,""support_available_pass"":0,""target_contrast_positive_pass"":0}",0.084,0.084
bfa569fbae807b7f50c3389f,C_vs_Cp2__stability_core_3,c683c10822cc59ae7587,C_vs_Cp2,stability_core_3,fl3_entitled,confirmation,joint_wild_cluster_rademacher,measurement_missingness_concentration,1.0,1.0,6,False,empirically_passable,complete_pass_observed,none,4000,1.0,1.0,"{""control_contamination_limited"":223,""directionality_limited"":0,""effect_limited"":0,""effective_support_limited"":0,""specificity_limited"":0,""statistical_resolution_limited"":0,""structurally_unavailable"":0}","{""control_contamination_limited"":0.7115,""directionality_limited"":0.0052499999999999995,""effect_limited"":0.0052499999999999995,""effective_support_limited"":0.335,""specificity_limited"":0.40425,""statistical_resolution_limited"":0.81775,""structurally_unavailable"":0.0}","{""cluster_uncertainty_pass"":0,""complement_admissible_pass"":0,""control_adjusted_contrast_pass"":223,""control_specificity_pass"":0,""effect_direction_reproduced_pass"":0,""minimum_effect_pass"":0,""multiplicity_adjusted_threshold_pass"":0,""raw_statistical_threshold_pass"":0,""support_available_pass"":0,""target_contrast_positive_pass"":0}",0.094,0.094
bfa569fbae807b7f50c3389f,C_vs_Cp2__stability_core_3,c683c10822cc59ae7587,C_vs_Cp2,stability_core_3,fl3_entitled,confirmation,joint_wild_cluster_rademacher,measurement_missingness_concentration,1.5,1.0,6,False,empirically_passable,complete_pass_observed,none,4000,1.0,1.0,"{""control_contamination_limited"":204,""directionality_limited"":0,""effect_limited"":0,""effective_support_limited"":0,""specificity_limited"":0,""statistical_resolution_limited"":0,""structurally_unavailable"":0}","{""control_contamination_limited"":0.7095,""directionality_limited"":0.0045000000000000005,""effect_limited"":0.0045000000000000005,""effective_support_limited"":0.321,""specificity_limited"":0.423,""statistical_resolution_limited"":0.832,""structurally_unavailable"":0.0}","{""cluster_uncertainty_pass"":0,""complement_admissible_pass"":0,""control_adjusted_contrast_pass"":204,""control_specificity_pass"":0,""effect_direction_reproduced_pass"":0,""minimum_effect_pass"":0,""multiplicity_adjusted_threshold_pass"":0,""raw_statistical_threshold_pass"":0,""support_available_pass"":0,""target_contrast_positive_pass"":0}",0.091,0.091
bfa569fbae807b7f50c3389f,C_vs_Cp2__stability_core_3,c683c10822cc59ae7587,C_vs_Cp2,stability_core_3,fl3_entitled,confirmation,joint_wild_cluster_rademacher,measurement_missingness_concentration,2.0,1.0,6,False,empirically_passable,complete_pass_observed,none,4000,1.0,1.0,"{""control_contamination_limited"":275,""directionality_limited"":0,""effect_limited"":0,""effective_support_limited"":0,""specificity_limited"":0,""statistical_resolution_limited"":0,""structurally_unavailable"":0}","{""control_contamination_limited"":0.7515000000000001,""directionality_limited"":0.0055,""effect_limited"":0.0055,""effective_support_limited"":0.33099999999999996,""specificity_limited"":0.40625,""statistical_resolution_limited"":0.8042499999999999,""structurally_unavailable"":0.0}","{""cluster_uncertainty_pass"":0,""complement_admissible_pass"":0,""control_adjusted_contrast_pass"":275,""control_specificity_pass"":0,""effect_direction_reproduced_pass"":0,""minimum_effect_pass"":0,""multiplicity_adjusted_threshold_pass"":0,""raw_statistical_threshold_pass"":0,""support_available_pass"":0,""target_contrast_positive_pass"":0}",0.08,0.08
d10b3aec4edc47fefb2bd92f,C_vs_Cp3__geometry_scores_only,8eb760d133ac749e3327,C_vs_Cp3,geometry_scores_only,fl3_entitlement_capped,confirmation,joint_wild_cluster_rademacher,measurement_missingness_concentration,0.25,0.0,6,False,empirically_passable,complete_pass_observed,none,4000,1.0,0.9975,"{""control_contamination_limited"":0,""directionality_limited"":0,""effect_limited"":5,""effective_support_limited"":0,""specificity_limited"":0,""statistical_resolution_limited"":0,""structurally_unavailable"":0}","{""control_contamination_limited"":0.01725,""directionality_limited"":0.00975,""effect_limited"":0.08299999999999999,""effective_support_limited"":0.395,""specificity_limited"":0.00975,""statistical_resolution_limited"":0.8655,""structurally_unavailable"":0.0012499999999999998}","{""cluster_uncertainty_pass"":0,""complement_admissible_pass"":0,""control_adjusted_contrast_pass"":0,""control_specificity_pass"":0,""effect_direction_reproduced_pass"":0,""minimum_effect_pass"":5,""multiplicity_adjusted_threshold_pass"":0,""raw_statistical_threshold_pass"":0,""support_available_pass"":0,""target_contrast_positive_pass"":0}",0.27,0.27
d10b3aec4edc47fefb2bd92f,C_vs_Cp3__geometry_scores_only,8eb760d133ac749e3327,C_vs_Cp3,geometry_scores_only,fl3_entitlement_capped,confirmation,joint_wild_cluster_rademacher,measurement_missingness_concentration,0.5,0.0,6,False,empirically_passable,complete_pass_observed,none,4000,1.0,0.99825,"{""control_contamination_limited"":0,""directionality_limited"":0,""effect_limited"":0,""effective_support_limited"":0,""specificity_limited"":0,""statistical_resolution_limited"":0,""structurally_unavailable"":0}","{""control_contamination_limited"":0.009250000000000001,""directionality_limited"":0.009000000000000001,""effect_limited"":0.010000000000000002,""effective_support_limited"":0.33725,""specificity_limited"":0.009000000000000001,""statistical_resolution_limited"":0.8290000000000001,""structurally_unavailable"":0.000875}","{""cluster_uncertainty_pass"":0,""complement_admissible_pass"":0,""control_adjusted_contrast_pass"":0,""control_specificity_pass"":0,""effect_direction_reproduced_pass"":0,""minimum_effect_pass"":0,""multiplicity_adjusted_threshold_pass"":0,""raw_statistical_threshold_pass"":0,""support_available_pass"":0,""target_contrast_positive_pass"":0}",0.337,0.337
d10b3aec4edc47fefb2bd92f,C_vs_Cp3__geometry_scores_only,8eb760d133ac749e3327,C_vs_Cp3,geometry_scores_only,fl3_entitlement_capped,confirmation,joint_wild_cluster_rademacher,measurement_missingness_concentration,0.75,0.0,6,False,empirically_passable,complete_pass_observed,none,4000,0.99975,0.9975,"{""control_contamination_limited"":0,""directionality_limited"":0,""effect_limited"":0,""effective_support_limited"":0,""specificity_limited"":0,""statistical_resolution_limited"":0,""structurally_unavailable"":0}","{""control_contamination_limited"":0.013499999999999998,""directionality_limited"":0.013499999999999998,""effect_limited"":0.013499999999999998,""effective_support_limited"":0.33725,""specificity_limited"":0.013499999999999998,""statistical_resolution_limited"":0.81475,""structurally_unavailable"":0.001375}","{""cluster_uncertainty_pass"":0,""complement_admissible_pass"":0,""control_adjusted_contrast_pass"":0,""control_specificity_pass"":0,""effect_direction_reproduced_pass"":0,""minimum_effect_pass"":0,""multiplicity_adjusted_threshold_pass"":0,""raw_statistical_threshold_pass"":0,""support_available_pass"":0,""target_contrast_positive_pass"":0}",0.35,0.35
d10b3aec4edc47fefb2bd92f,C_vs_Cp3__geometry_scores_only,8eb760d133ac749e3327,C_vs_Cp3,geometry_scores_only,fl3_entitlement_capped,confirmation,joint_wild_cluster_rademacher,measurement_missingness_concentration,1.0,0.0,6,False,empirically_passable,complete_pass_observed,none,4000,1.0,0.9964999999999999,"{""control_contamination_limited"":0,""directionality_limited"":0,""effect_limited"":0,""effective_support_limited"":0,""specificity_limited"":0,""statistical_resolution_limited"":0,""structurally_unavailable"":0}","{""control_contamination_limited"":0.01125,""directionality_limited"":0.01125,""effect_limited"":0.01125,""effective_support_limited"":0.30675,""specificity_limited"":0.01125,""statistical_resolution_limited"":0.81325,""structurally_unavailable"":0.00175}","{""cluster_uncertainty_pass"":0,""complement_admissible_pass"":0,""control_adjusted_contrast_pass"":0,""control_specificity_pass"":0,""effect_direction_reproduced_pass"":0,""minimum_effect_pass"":0,""multiplicity_adjusted_threshold_pass"":0,""raw_statistical_threshold_pass"":0,""support_available_pass"":0,""target_contrast_positive_pass"":0}",0.366,0.366
d10b3aec4edc47fefb2bd92f,C_vs_Cp3__geometry_scores_only,8eb760d133ac749e3327,C_vs_Cp3,geometry_scores_only,fl3_entitlement_capped,confirmation,joint_wild_cluster_rademacher,measurement_missingness_concentration,1.5,0.0,6,False,empirically_passable,complete_pass_observed,none,4000,0.99975,0.99825,"{""control_contamination_limited"":0,""directionality_limited"":0,""effect_limited"":0,""effective_support_limited"":0,""specificity_limited"":0,""statistical_resolution_limited"":0,""structurally_unavailable"":0}","{""control_contamination_limited"":0.010249999999999999,""directionality_limited"":0.010249999999999999,""effect_limited"":0.010249999999999999,""effective_support_limited"":0.31775000000000003,""specificity_limited"":0.010249999999999999,""statistical_resolution_limited"":0.813,""structurally_unavailable"":0.001}","{""cluster_uncertainty_pass"":0,""complement_admissible_pass"":0,""control_adjusted_contrast_pass"":0,""control_specificity_pass"":0,""effect_direction_reproduced_pass"":0,""minimum_effect_pass"":0,""multiplicity_adjusted_threshold_pass"":0,""raw_statistical_threshold_pass"":0,""support_available_pass"":0,""target_contrast_positive_pass"":0}",0.357,0.357
d10b3aec4edc47fefb2bd92f,C_vs_Cp3__geometry_scores_only,8eb760d133ac749e3327,C_vs_Cp3,geometry_scores_only,fl3_entitlement_capped,confirmation,joint_wild_cluster_rademacher,measurement_missingness_concentration,2.0,0.0,6,False,empirically_passable,complete_pass_observed,none,4000,0.9995,0.99625,"{""control_contamination_limited"":0,""directionality_limited"":0,""effect_limited"":0,""effective_support_limited"":0,""specificity_limited"":0,""statistical_resolution_limited"":0,""structurally_unavailable"":0}","{""control_contamination_limited"":0.01025,""directionality_limited"":0.01025,""effect_limited"":0.01025,""effective_support_limited"":0.3395,""specificity_limited"":0.01025,""statistical_resolution_limited"":0.81625,""structurally_unavailable"":0.002125}","{""cluster_uncertainty_pass"":0,""complement_admissible_pass"":0,""control_adjusted_contrast_pass"":0,""control_specificity_pass"":0,""effect_direction_reproduced_pass"":0,""minimum_effect_pass"":0,""multiplicity_adjusted_threshold_pass"":0,""raw_statistical_threshold_pass"":0,""support_available_pass"":0,""target_contrast_positive_pass"":0}",0.366,0.366
d10b3aec4edc47fefb2bd92f,C_vs_Cp3__geometry_scores_only,8eb760d133ac749e3327,C_vs_Cp3,geometry_scores_only,fl3_entitlement_capped,confirmation,joint_wild_cluster_rademacher,measurement_missingness_concentration,0.25,0.25,6,False,empirically_passable,complete_pass_observed,none,4000,1.0,0.9975,"{""control_contamination_limited"":3,""directionality_limited"":0,""effect_limited"":1,""effective_support_limited"":0,""specificity_limited"":0,""statistical_resolution_limited"":0,""structurally_unavailable"":0}","{""control_contamination_limited"":0.07174999999999998,""directionality_limited"":0.011,""effect_limited"":0.08524999999999999,""effective_support_limited"":0.41425,""specificity_limited"":0.014249999999999999,""statistical_resolution_limited"":0.869,""structurally_unavailable"":0.0012499999999999998}","{""cluster_uncertainty_pass"":0,""complement_admissible_pass"":0,""control_adjusted_contrast_pass"":3,""control_specificity_pass"":0,""effect_direction_reproduced_pass"":0,""minimum_effect_pass"":1,""multiplicity_adjusted_threshold_pass"":0,""raw_statistical_threshold_pass"":0,""support_available_pass"":0,""target_contrast_positive_pass"":0}",0.26,0.26
d10b3aec4edc47fefb2bd92f,C_vs_Cp3__geometry_scores_only,8eb760d133ac749e3327,C_vs_Cp3,geometry_scores_only,fl3_entitlement_capped,confirmation,joint_wild_cluster_rademacher,measurement_missingness_concentration,0.5,0.25,6,False,empirically_passable,complete_pass_observed,none,4000,1.0,0.99625,"{""control_contamination_limited"":0,""directionality_limited"":0,""effect_limited"":0,""effective_support_limited"":0,""specificity_limited"":0,""statistical_resolution_limited"":0,""structurally_unavailable"":0}","{""control_contamination_limited"":0.0195,""directionality_limited"":0.01425,""effect_limited"":0.015,""effective_support_limited"":0.327,""specificity_limited"":0.0145,""statistical_resolution_limited"":0.82425,""structurally_unavailable"":0.001875}","{""cluster_uncertainty_pass"":0,""complement_admissible_pass"":0,""control_adjusted_contrast_pass"":0,""control_specificity_pass"":0,""effect_direction_reproduced_pass"":0,""minimum_effect_pass"":0,""multiplicity_adjusted_threshold_pass"":0,""raw_statistical_threshold_pass"":0,""support_available_pass"":0,""target_contrast_positive_pass"":0}",0.342,0.342
d10b3aec4edc47fefb2bd92f,C_vs_Cp3__geometry_scores_only,8eb760d133ac749e3327,C_vs_Cp3,geometry_scores_only,fl3_entitlement_capped,confirmation,joint_wild_cluster_rademacher,measurement_missingness_concentration,0.75,0.25,6,False,empirically_passable,complete_pass_observed,none,4000,1.0,0.99675,"{""control_contamination_limited"":0,""directionality_limited"":0,""effect_limited"":0,""effective_support_limited"":0,""specificity_limited"":0,""statistical_resolution_limited"":0,""structurally_unavailable"":0}","{""control_contamination_limited"":0.00875,""directionality_limited"":0.00775,""effect_limited"":0.00775,""effective_support_limited"":0.325,""specificity_limited"":0.00775,""statistical_resolution_limited"":0.819,""structurally_unavailable"":0.001625}","{""cluster_uncertainty_pass"":0,""complement_admissible_pass"":0,""control_adjusted_contrast_pass"":0,""control_specificity_pass"":0,""effect_direction_reproduced_pass"":0,""minimum_effect_pass"":0,""multiplicity_adjusted_threshold_pass"":0,""raw_statistical_threshold_pass"":0,""support_available_pass"":0,""target_contrast_positive_pass"":0}",0.35,0.35
d10b3aec4edc47fefb2bd92f,C_vs_Cp3__geometry_scores_only,8eb760d133ac749e3327,C_vs_Cp3,geometry_scores_only,fl3_entitlement_capped,confirmation,joint_wild_cluster_rademacher,measurement_missingness_concentration,1.0,0.25,6,False,empirically_passable,complete_pass_observed,none,4000,1.0,0.9984999999999999,"{""control_contamination_limited"":0,""directionality_limited"":0,""effect_limited"":0,""effective_support_limited"":0,""specificity_limited"":0,""statistical_resolution_limited"":0,""structurally_unavailable"":0}","{""control_contamination_limited"":0.01025,""directionality_limited"":0.009500000000000001,""effect_limited"":0.009500000000000001,""effective_support_limited"":0.311,""specificity_limited"":0.009500000000000001,""statistical_resolution_limited"":0.8200000000000001,""structurally_unavailable"":0.00075}","{""cluster_uncertainty_pass"":0,""complement_admissible_pass"":0,""control_adjusted_contrast_pass"":0,""control_specificity_pass"":0,""effect_direction_reproduced_pass"":0,""minimum_effect_pass"":0,""multiplicity_adjusted_threshold_pass"":0,""raw_statistical_threshold_pass"":0,""support_available_pass"":0,""target_contrast_positive_pass"":0}",0.347,0.347
d10b3aec4edc47fefb2bd92f,C_vs_Cp3__geometry_scores_only,8eb760d133ac749e3327,C_vs_Cp3,geometry_scores_only,fl3_entitlement_capped,confirmation,joint_wild_cluster_rademacher,measurement_missingness_concentration,1.5,0.25,6,False,empirically_passable,complete_pass_observed,none,4000,0.99975,0.996,"{""control_contamination_limited"":0,""directionality_limited"":0,""effect_limited"":0,""effective_support_limited"":0,""specificity_limited"":0,""statistical_resolution_limited"":0,""structurally_unavailable"":0}","{""control_contamination_limited"":0.01,""directionality_limited"":0.0095,""effect_limited"":0.0095,""effective_support_limited"":0.31875,""specificity_limited"":0.0095,""statistical_resolution_limited"":0.80875,""structurally_unavailable"":0.002125}","{""cluster_uncertainty_pass"":0,""complement_admissible_pass"":0,""control_adjusted_contrast_pass"":0,""control_specificity_pass"":0,""effect_direction_reproduced_pass"":0,""minimum_effect_pass"":0,""multiplicity_adjusted_threshold_pass"":0,""raw_statistical_threshold_pass"":0,""support_available_pass"":0,""target_contrast_positive_pass"":0}",0.369,0.369
d10b3aec4edc47fefb2bd92f,C_vs_Cp3__geometry_scores_only,8eb760d133ac749e3327,C_vs_Cp3,geometry_scores_only,fl3_entitlement_capped,confirmation,joint_wild_cluster_rademacher,measurement_missingness_concentration,2.0,0.25,6,False,empirically_passable,complete_pass_observed,none,4000,1.0,0.99675,"{""control_contamination_limited"":0,""directionality_limited"":0,""effect_limited"":0,""effective_support_limited"":0,""specificity_limited"":0,""statistical_resolution_limited"":0,""structurally_unavailable"":0}","{""control_contamination_limited"":0.0175,""directionality_limited"":0.0175,""effect_limited"":0.0175,""effective_support_limited"":0.354,""specificity_limited"":0.0175,""statistical_resolution_limited"":0.8260000000000001,""structurally_unavailable"":0.0016250000000000001}","{""cluster_uncertainty_pass"":0,""complement_admissible_pass"":0,""control_adjusted_contrast_pass"":0,""control_specificity_pass"":0,""effect_direction_reproduced_pass"":0,""minimum_effect_pass"":0,""multiplicity_adjusted_threshold_pass"":0,""raw_statistical_threshold_pass"":0,""support_available_pass"":0,""target_contrast_positive_pass"":0}",0.329,0.329
d10b3aec4edc47fefb2bd92f,C_vs_Cp3__geometry_scores_only,8eb760d133ac749e3327,C_vs_Cp3,geometry_scores_only,fl3_entitlement_capped,confirmation,joint_wild_cluster_rademacher,measurement_missingness_concentration,0.25,0.5,6,False,empirically_passable,complete_pass_observed,none,4000,1.0,0.99675,"{""control_contamination_limited"":80,""directionality_limited"":0,""effect_limited"":0,""effective_support_limited"":0,""specificity_limited"":0,""statistical_resolution_limited"":0,""structurally_unavailable"":0}","{""control_contamination_limited"":0.28200000000000003,""directionality_limited"":0.01225,""effect_limited"":0.10049999999999999,""effective_support_limited"":0.41750000000000004,""specificity_limited"":0.06874999999999999,""statistical_resolution_limited"":0.8672500000000001,""structurally_unavailable"":0.001625}","{""cluster_uncertainty_pass"":0,""complement_admissible_pass"":0,""control_adjusted_contrast_pass"":80,""control_specificity_pass"":0,""effect_direction_reproduced_pass"":0,""minimum_effect_pass"":0,""multiplicity_adjusted_threshold_pass"":0,""raw_statistical_threshold_pass"":0,""support_available_pass"":0,""target_contrast_positive_pass"":0}",0.215,0.215
d10b3aec4edc47fefb2bd92f,C_vs_Cp3__geometry_scores_only,8eb760d133ac749e3327,C_vs_Cp3,geometry_scores_only,fl3_entitlement_capped,confirmation,joint_wild_cluster_rademacher,measurement_missingness_concentration,0.5,0.5,6,False,empirically_passable,complete_pass_observed,none,4000,0.99975,0.99725,"{""control_contamination_limited"":48,""directionality_limited"":0,""effect_limited"":0,""effective_support_limited"":0,""specificity_limited"":0,""statistical_resolution_limited"":0,""structurally_unavailable"":0}","{""control_contamination_limited"":0.10425000000000001,""directionality_limited"":0.0075,""effect_limited"":0.00825,""effective_support_limited"":0.33675,""specificity_limited"":0.021750000000000002,""statistical_resolution_limited"":0.8127500000000001,""structurally_unavailable"":0.0015}","{""cluster_uncertainty_pass"":0,""complement_admissible_pass"":0,""control_adjusted_contrast_pass"":48,""control_specificity_pass"":0,""effect_direction_reproduced_pass"":0,""minimum_effect_pass"":0,""multiplicity_adjusted_threshold_pass"":0,""raw_statistical_threshold_pass"":0,""support_available_pass"":0,""target_contrast_positive_pass"":0}",0.324,0.324
d10b3aec4edc47fefb2bd92f,C_vs_Cp3__geometry_scores_only,8eb760d133ac749e3327,C_vs_Cp3,geometry_scores_only,fl3_entitlement_capped,confirmation,joint_wild_cluster_rademacher,measurement_missingness_concentration,0.75,0.5,6,False,empirically_passable,complete_pass_observed,none,4000,1.0,0.998,"{""control_contamination_limited"":15,""directionality_limited"":0,""effect_limited"":0,""effective_support_limited"":0,""specificity_limited"":0,""statistical_resolution_limited"":0,""structurally_unavailable"":0}","{""control_contamination_limited"":0.05525,""directionality_limited"":0.01025,""effect_limited"":0.0105,""effective_support_limited"":0.33975,""specificity_limited"":0.018250000000000002,""statistical_resolution_limited"":0.8210000000000001,""structurally_unavailable"":0.001}","{""cluster_uncertainty_pass"":0,""complement_admissible_pass"":0,""control_adjusted_contrast_pass"":15,""control_specificity_pass"":0,""effect_direction_reproduced_pass"":0,""minimum_effect_pass"":0,""multiplicity_adjusted_threshold_pass"":0,""raw_statistical_threshold_pass"":0,""support_available_pass"":0,""target_contrast_positive_pass"":0}",0.336,0.336
d10b3aec4edc47fefb2bd92f,C_vs_Cp3__geometry_scores_only,8eb760d133ac749e3327,C_vs_Cp3,geometry_scores_only,fl3_entitlement_capped,confirmation,joint_wild_cluster_rademacher,measurement_missingness_concentration,1.0,0.5,6,False,empirically_passable,complete_pass_observed,none,4000,1.0,0.9964999999999999,"{""control_contamination_limited"":1,""directionality_limited"":0,""effect_limited"":0,""effective_support_limited"":0,""specificity_limited"":0,""statistical_resolution_limited"":0,""structurally_unavailable"":0}","{""control_contamination_limited"":0.03125,""directionality_limited"":0.01225,""effect_limited"":0.01225,""effective_support_limited"":0.31175,""specificity_limited"":0.017750000000000002,""statistical_resolution_limited"":0.8082499999999999,""structurally_unavailable"":0.0017499999999999998}","{""cluster_uncertainty_pass"":0,""complement_admissible_pass"":0,""control_adjusted_contrast_pass"":1,""control_specificity_pass"":0,""effect_direction_reproduced_pass"":0,""minimum_effect_pass"":0,""multiplicity_adjusted_threshold_pass"":0,""raw_statistical_threshold_pass"":0,""support_available_pass"":0,""target_contrast_positive_pass"":0}",0.373,0.373
d10b3aec4edc47fefb2bd92f,C_vs_Cp3__geometry_scores_only,8eb760d133ac749e3327,C_vs_Cp3,geometry_scores_only,fl3_entitlement_capped,confirmation,joint_wild_cluster_rademacher,measurement_missingness_concentration,1.5,0.5,6,False,empirically_passable,complete_pass_observed,none,4000,1.0,0.99925,"{""control_contamination_limited"":0,""directionality_limited"":0,""effect_limited"":0,""effective_support_limited"":0,""specificity_limited"":0,""statistical_resolution_limited"":0,""structurally_unavailable"":0}","{""control_contamination_limited"":0.019250000000000003,""directionality_limited"":0.011250000000000001,""effect_limited"":0.011250000000000001,""effective_support_limited"":0.32575000000000004,""specificity_limited"":0.013000000000000001,""statistical_resolution_limited"":0.82925,""structurally_unavailable"":0.000375}","{""cluster_uncertainty_pass"":0,""complement_admissible_pass"":0,""control_adjusted_contrast_pass"":0,""control_specificity_pass"":0,""effect_direction_reproduced_pass"":0,""minimum_effect_pass"":0,""multiplicity_adjusted_threshold_pass"":0,""raw_statistical_threshold_pass"":0,""support_available_pass"":0,""target_contrast_positive_pass"":0}",0.332,0.332
d10b3aec4edc47fefb2bd92f,C_vs_Cp3__geometry_scores_only,8eb760d133ac749e3327,C_vs_Cp3,geometry_scores_only,fl3_entitlement_capped,confirmation,joint_wild_cluster_rademacher,measurement_missingness_concentration,2.0,0.5,6,False,empirically_passable,complete_pass_observed,none,4000,1.0,0.99675,"{""control_contamination_limited"":0,""directionality_limited"":0,""effect_limited"":0,""effective_support_limited"":0,""specificity_limited"":0,""statistical_resolution_limited"":0,""structurally_unavailable"":0}","{""control_contamination_limited"":0.01625,""directionality_limited"":0.012,""effect_limited"":0.012,""effective_support_limited"":0.34475,""specificity_limited"":0.012499999999999999,""statistical_resolution_limited"":0.8190000000000001,""structurally_unavailable"":0.0016250000000000001}","{""cluster_uncertainty_pass"":0,""complement_admissible_pass"":0,""control_adjusted_contrast_pass"":0,""control_specificity_pass"":0,""effect_direction_reproduced_pass"":0,""minimum_effect_pass"":0,""multiplicity_adjusted_threshold_pass"":0,""raw_statistical_threshold_pass"":0,""support_available_pass"":0,""target_contrast_positive_pass"":0}",0.336,0.336
d10b3aec4edc47fefb2bd92f,C_vs_Cp3__geometry_scores_only,8eb760d133ac749e3327,C_vs_Cp3,geometry_scores_only,fl3_entitlement_capped,confirmation,joint_wild_cluster_rademacher,measurement_missingness_concentration,0.25,1.0,6,False,empirically_passable,complete_pass_observed,none,4000,1.0,0.99875,"{""control_contamination_limited"":244,""directionality_limited"":0,""effect_limited"":0,""effective_support_limited"":0,""specificity_limited"":0,""statistical_resolution_limited"":0,""structurally_unavailable"":0}","{""control_contamination_limited"":0.8112499999999999,""directionality_limited"":0.0105,""effect_limited"":0.10149999999999999,""effective_support_limited"":0.40175,""specificity_limited"":0.426,""statistical_resolution_limited"":0.8755,""structurally_unavailable"":0.000625}","{""cluster_uncertainty_pass"":0,""complement_admissible_pass"":0,""control_adjusted_contrast_pass"":244,""control_specificity_pass"":0,""effect_direction_reproduced_pass"":0,""minimum_effect_pass"":0,""multiplicity_adjusted_threshold_pass"":0,""raw_statistical_threshold_pass"":0,""support_available_pass"":0,""target_contrast_positive_pass"":0}",0.048,0.048
d10b3aec4edc47fefb2bd92f,C_vs_Cp3__geometry_scores_only,8eb760d133ac749e3327,C_vs_Cp3,geometry_scores_only,fl3_entitlement_capped,confirmation,joint_wild_cluster_rademacher,measurement_missingness_concentration,0.5,1.0,6,False,empirically_passable,complete_pass_observed,none,4000,0.99925,0.99575,"{""control_contamination_limited"":248,""directionality_limited"":0,""effect_limited"":0,""effective_support_limited"":0,""specificity_limited"":0,""statistical_resolution_limited"":0,""structurally_unavailable"":0}","{""control_contamination_limited"":0.7630000000000001,""directionality_limited"":0.01175,""effect_limited"":0.012,""effective_support_limited"":0.34475,""specificity_limited"":0.437,""statistical_resolution_limited"":0.8305,""structurally_unavailable"":0.0025000000000000005}","{""cluster_uncertainty_pass"":0,""complement_admissible_pass"":0,""control_adjusted_contrast_pass"":248,""control_specificity_pass"":0,""effect_direction_reproduced_pass"":0,""minimum_effect_pass"":0,""multiplicity_adjusted_threshold_pass"":0,""raw_statistical_threshold_pass"":0,""support_available_pass"":0,""target_contrast_positive_pass"":0}",0.059,0.059
d10b3aec4edc47fefb2bd92f,C_vs_Cp3__geometry_scores_only,8eb760d133ac749e3327,C_vs_Cp3,geometry_scores_only,fl3_entitlement_capped,confirmation,joint_wild_cluster_rademacher,measurement_missingness_concentration,0.75,1.0,6,False,empirically_passable,complete_pass_observed,none,4000,1.0,0.99775,"{""control_contamination_limited"":272,""directionality_limited"":0,""effect_limited"":0,""effective_support_limited"":0,""specificity_limited"":0,""statistical_resolution_limited"":0,""structurally_unavailable"":0}","{""control_contamination_limited"":0.759,""directionality_limited"":0.014,""effect_limited"":0.014,""effective_support_limited"":0.333,""specificity_limited"":0.4195,""statistical_resolution_limited"":0.82025,""structurally_unavailable"":0.001125}","{""cluster_uncertainty_pass"":0,""complement_admissible_pass"":0,""control_adjusted_contrast_pass"":272,""control_specificity_pass"":0,""effect_direction_reproduced_pass"":0,""minimum_effect_pass"":0,""multiplicity_adjusted_threshold_pass"":0,""raw_statistical_threshold_pass"":0,""support_available_pass"":0,""target_contrast_positive_pass"":0}",0.056,0.056
d10b3aec4edc47fefb2bd92f,C_vs_Cp3__geometry_scores_only,8eb760d133ac749e3327,C_vs_Cp3,geometry_scores_only,fl3_entitlement_capped,confirmation,joint_wild_cluster_rademacher,measurement_missingness_concentration,1.0,1.0,6,False,empirically_passable,complete_pass_observed,none,4000,1.0,0.9964999999999999,"{""control_contamination_limited"":289,""directionality_limited"":0,""effect_limited"":0,""effective_support_limited"":0,""specificity_limited"":0,""statistical_resolution_limited"":0,""structurally_unavailable"":0}","{""control_contamination_limited"":0.7525,""directionality_limited"":0.00875,""effect_limited"":0.00875,""effective_support_limited"":0.32675000000000004,""specificity_limited"":0.40925,""statistical_resolution_limited"":0.8235,""structurally_unavailable"":0.00175}","{""cluster_uncertainty_pass"":0,""complement_admissible_pass"":0,""control_adjusted_contrast_pass"":289,""control_specificity_pass"":0,""effect_direction_reproduced_pass"":0,""minimum_effect_pass"":0,""multiplicity_adjusted_threshold_pass"":0,""raw_statistical_threshold_pass"":0,""support_available_pass"":0,""target_contrast_positive_pass"":0}",0.071,0.071
d10b3aec4edc47fefb2bd92f,C_vs_Cp3__geometry_scores_only,8eb760d133ac749e3327,C_vs_Cp3,geometry_scores_only,fl3_entitlement_capped,confirmation,joint_wild_cluster_rademacher,measurement_missingness_concentration,1.5,1.0,6,False,empirically_passable,complete_pass_observed,none,4000,1.0,0.99625,"{""control_contamination_limited"":299,""directionality_limited"":0,""effect_limited"":0,""effective_support_limited"":0,""specificity_limited"":0,""statistical_resolution_limited"":0,""structurally_unavailable"":0}","{""control_contamination_limited"":0.76225,""directionality_limited"":0.013999999999999999,""effect_limited"":0.013999999999999999,""effective_support_limited"":0.32875,""specificity_limited"":0.41875,""statistical_resolution_limited"":0.819,""structurally_unavailable"":0.001875}","{""cluster_uncertainty_pass"":0,""complement_admissible_pass"":0,""control_adjusted_contrast_pass"":299,""control_specificity_pass"":0,""effect_direction_reproduced_pass"":0,""minimum_effect_pass"":0,""multiplicity_adjusted_threshold_pass"":0,""raw_statistical_threshold_pass"":0,""support_available_pass"":0,""target_contrast_positive_pass"":0}",0.077,0.077
d10b3aec4edc47fefb2bd92f,C_vs_Cp3__geometry_scores_only,8eb760d133ac749e3327,C_vs_Cp3,geometry_scores_only,fl3_entitlement_capped,confirmation,joint_wild_cluster_rademacher,measurement_missingness_concentration,2.0,1.0,6,False,empirically_passable,complete_pass_observed,none,4000,1.0,0.9975,"{""control_contamination_limited"":333,""directionality_limited"":0,""effect_limited"":0,""effective_support_limited"":0,""specificity_limited"":0,""statistical_resolution_limited"":0,""structurally_unavailable"":0}","{""control_contamination_limited"":0.7967500000000001,""directionality_limited"":0.0085,""effect_limited"":0.0085,""effective_support_limited"":0.30974999999999997,""specificity_limited"":0.42225,""statistical_resolution_limited"":0.821,""structurally_unavailable"":0.0012499999999999998}","{""cluster_uncertainty_pass"":0,""complement_admissible_pass"":0,""control_adjusted_contrast_pass"":333,""control_specificity_pass"":0,""effect_direction_reproduced_pass"":0,""minimum_effect_pass"":0,""multiplicity_adjusted_threshold_pass"":0,""raw_statistical_threshold_pass"":0,""support_available_pass"":0,""target_contrast_positive_pass"":0}",0.053,0.053
fe17c18b39eb86c6e9f982bd,C_vs_Cp3__path_shares_only,28ecf7e42b861405b6b3,C_vs_Cp3,path_shares_only,fl3_entitled,confirmation,joint_wild_cluster_rademacher,measurement_missingness_concentration,0.25,0.0,6,False,empirically_passable,complete_pass_observed,none,4000,1.0,0.9995,"{""control_contamination_limited"":0,""directionality_limited"":0,""effect_limited"":1,""effective_support_limited"":0,""specificity_limited"":0,""statistical_resolution_limited"":0,""structurally_unavailable"":0}","{""control_contamination_limited"":0.05625,""directionality_limited"":0.03075,""effect_limited"":0.18875,""effective_support_limited"":0.43175,""specificity_limited"":0.03075,""statistical_resolution_limited"":0.683,""structurally_unavailable"":0.00025}","{""cluster_uncertainty_pass"":0,""complement_admissible_pass"":0,""control_adjusted_contrast_pass"":0,""control_specificity_pass"":0,""effect_direction_reproduced_pass"":0,""minimum_effect_pass"":1,""multiplicity_adjusted_threshold_pass"":0,""raw_statistical_threshold_pass"":0,""support_available_pass"":0,""target_contrast_positive_pass"":0}",0.564,0.564
fe17c18b39eb86c6e9f982bd,C_vs_Cp3__path_shares_only,28ecf7e42b861405b6b3,C_vs_Cp3,path_shares_only,fl3_entitled,confirmation,joint_wild_cluster_rademacher,measurement_missingness_concentration,0.5,0.0,6,False,empirically_passable,complete_pass_observed,none,4000,1.0,0.999,"{""control_contamination_limited"":0,""directionality_limited"":0,""effect_limited"":0,""effective_support_limited"":0,""specificity_limited"":0,""statistical_resolution_limited"":0,""structurally_unavailable"":0}","{""control_contamination_limited"":0.0025000000000000005,""directionality_limited"":0.00175,""effect_limited"":0.01575,""effective_support_limited"":0.12625,""specificity_limited"":0.00175,""statistical_resolution_limited"":0.32775000000000004,""structurally_unavailable"":0.0005}","{""cluster_uncertainty_pass"":0,""complement_admissible_pass"":0,""control_adjusted_contrast_pass"":0,""control_specificity_pass"":0,""effect_direction_reproduced_pass"":0,""minimum_effect_pass"":0,""multiplicity_adjusted_threshold_pass"":0,""raw_statistical_threshold_pass"":0,""support_available_pass"":0,""target_contrast_positive_pass"":0}",0.908,0.908
fe17c18b39eb86c6e9f982bd,C_vs_Cp3__path_shares_only,28ecf7e42b861405b6b3,C_vs_Cp3,path_shares_only,fl3_entitled,confirmation,joint_wild_cluster_rademacher,measurement_missingness_concentration,0.75,0.0,6,False,empirically_passable,complete_pass_observed,none,4000,1.0,0.99975,"{""control_contamination_limited"":0,""directionality_limited"":0,""effect_limited"":0,""effective_support_limited"":0,""specificity_limited"":0,""statistical_resolution_limited"":0,""structurally_unavailable"":0}","{""control_contamination_limited"":0.00025,""directionality_limited"":0.00025,""effect_limited"":0.00125,""effective_support_limited"":0.0415,""specificity_limited"":0.00025,""statistical_resolution_limited"":0.1855,""structurally_unavailable"":0.000125}","{""cluster_uncertainty_pass"":0,""complement_admissible_pass"":0,""control_adjusted_contrast_pass"":0,""control_specificity_pass"":0,""effect_direction_reproduced_pass"":0,""minimum_effect_pass"":0,""multiplicity_adjusted_threshold_pass"":0,""raw_statistical_threshold_pass"":0,""support_available_pass"":0,""target_contrast_positive_pass"":0}",0.986,0.986
fe17c18b39eb86c6e9f982bd,C_vs_Cp3__path_shares_only,28ecf7e42b861405b6b3,C_vs_Cp3,path_shares_only,fl3_entitled,confirmation,joint_wild_cluster_rademacher,measurement_missingness_concentration,1.0,0.0,6,False,empirically_passable,complete_pass_observed,none,4000,1.0,0.999,"{""control_contamination_limited"":0,""directionality_limited"":0,""effect_limited"":0,""effective_support_limited"":0,""specificity_limited"":0,""statistical_resolution_limited"":0,""structurally_unavailable"":0}","{""control_contamination_limited"":0.0005,""directionality_limited"":0.0005,""effect_limited"":0.0005,""effective_support_limited"":0.01475,""specificity_limited"":0.0005,""statistical_resolution_limited"":0.1255,""structurally_unavailable"":0.0005}","{""cluster_uncertainty_pass"":0,""complement_admissible_pass"":0,""control_adjusted_contrast_pass"":0,""control_specificity_pass"":0,""effect_direction_reproduced_pass"":0,""minimum_effect_pass"":0,""multiplicity_adjusted_threshold_pass"":0,""raw_statistical_threshold_pass"":0,""support_available_pass"":0,""target_contrast_positive_pass"":0}",0.993,0.993
fe17c18b39eb86c6e9f982bd,C_vs_Cp3__path_shares_only,28ecf7e42b861405b6b3,C_vs_Cp3,path_shares_only,fl3_entitled,confirmation,joint_wild_cluster_rademacher,measurement_missingness_concentration,1.5,0.0,6,False,empirically_passable,complete_pass_observed,none,4000,1.0,1.0,"{""control_contamination_limited"":0,""directionality_limited"":0,""effect_limited"":0,""effective_support_limited"":0,""specificity_limited"":0,""statistical_resolution_limited"":0,""structurally_unavailable"":0}","{""control_contamination_limited"":0.0,""directionality_limited"":0.0,""effect_limited"":0.0,""effective_support_limited"":0.00425,""specificity_limited"":0.0,""statistical_resolution_limited"":0.07200000000000001,""structurally_unavailable"":0.0}","{""cluster_uncertainty_pass"":0,""complement_admissible_pass"":0,""control_adjusted_contrast_pass"":0,""control_specificity_pass"":0,""effect_direction_reproduced_pass"":0,""minimum_effect_pass"":0,""multiplicity_adjusted_threshold_pass"":0,""raw_statistical_threshold_pass"":0,""support_available_pass"":0,""target_contrast_positive_pass"":0}",0.998,0.998
fe17c18b39eb86c6e9f982bd,C_vs_Cp3__path_shares_only,28ecf7e42b861405b6b3,C_vs_Cp3,path_shares_only,fl3_entitled,confirmation,joint_wild_cluster_rademacher,measurement_missingness_concentration,2.0,0.0,6,False,empirically_passable,complete_pass_observed,none,4000,1.0,0.99925,"{""control_contamination_limited"":0,""directionality_limited"":0,""effect_limited"":0,""effective_support_limited"":0,""specificity_limited"":0,""statistical_resolution_limited"":0,""structurally_unavailable"":0}","{""control_contamination_limited"":0.0,""directionality_limited"":0.0,""effect_limited"":0.0,""effective_support_limited"":0.00175,""specificity_limited"":0.0,""statistical_resolution_limited"":0.051,""structurally_unavailable"":0.000375}","{""cluster_uncertainty_pass"":0,""complement_admissible_pass"":0,""control_adjusted_contrast_pass"":0,""control_specificity_pass"":0,""effect_direction_reproduced_pass"":0,""minimum_effect_pass"":0,""multiplicity_adjusted_threshold_pass"":0,""raw_statistical_threshold_pass"":0,""support_available_pass"":0,""target_contrast_positive_pass"":0}",1.0,1.0
fe17c18b39eb86c6e9f982bd,C_vs_Cp3__path_shares_only,28ecf7e42b861405b6b3,C_vs_Cp3,path_shares_only,fl3_entitled,confirmation,joint_wild_cluster_rademacher,measurement_missingness_concentration,0.25,0.25,6,False,empirically_passable,complete_pass_observed,none,4000,1.0,0.99925,"{""control_contamination_limited"":8,""directionality_limited"":0,""effect_limited"":1,""effective_support_limited"":0,""specificity_limited"":0,""statistical_resolution_limited"":0,""structurally_unavailable"":0}","{""control_contamination_limited"":0.17375,""directionality_limited"":0.0285,""effect_limited"":0.1995,""effective_support_limited"":0.43125,""specificity_limited"":0.06475,""statistical_resolution_limited"":0.68275,""structurally_unavailable"":0.000375}","{""cluster_uncertainty_pass"":0,""complement_admissible_pass"":0,""control_adjusted_contrast_pass"":8,""control_specificity_pass"":0,""effect_direction_reproduced_pass"":0,""minimum_effect_pass"":1,""multiplicity_adjusted_threshold_pass"":0,""raw_statistical_threshold_pass"":0,""support_available_pass"":0,""target_contrast_positive_pass"":0}",0.535,0.535
fe17c18b39eb86c6e9f982bd,C_vs_Cp3__path_shares_only,28ecf7e42b861405b6b3,C_vs_Cp3,path_shares_only,fl3_entitled,confirmation,joint_wild_cluster_rademacher,measurement_missingness_concentration,0.5,0.25,6,False,empirically_passable,complete_pass_observed,none,4000,1.0,1.0,"{""control_contamination_limited"":17,""directionality_limited"":0,""effect_limited"":0,""effective_support_limited"":0,""specificity_limited"":0,""statistical_resolution_limited"":0,""structurally_unavailable"":0}","{""control_contamination_limited"":0.0475,""directionality_limited"":0.0025,""effect_limited"":0.016,""effective_support_limited"":0.12375,""specificity_limited"":0.01675,""statistical_resolution_limited"":0.32125000000000004,""structurally_unavailable"":0.0}","{""cluster_uncertainty_pass"":0,""complement_admissible_pass"":0,""control_adjusted_contrast_pass"":17,""control_specificity_pass"":0,""effect_direction_reproduced_pass"":0,""minimum_effect_pass"":0,""multiplicity_adjusted_threshold_pass"":0,""raw_statistical_threshold_pass"":0,""support_available_pass"":0,""target_contrast_positive_pass"":0}",0.909,0.909
fe17c18b39eb86c6e9f982bd,C_vs_Cp3__path_shares_only,28ecf7e42b861405b6b3,C_vs_Cp3,path_shares_only,fl3_entitled,confirmation,joint_wild_cluster_rademacher,measurement_missingness_concentration,0.75,0.25,6,False,empirically_passable,complete_pass_observed,none,4000,1.0,0.99925,"{""control_contamination_limited"":4,""directionality_limited"":0,""effect_limited"":0,""effective_support_limited"":0,""specificity_limited"":0,""statistical_resolution_limited"":0,""structurally_unavailable"":0}","{""control_contamination_limited"":0.01175,""directionality_limited"":0.0,""effect_limited"":0.001,""effective_support_limited"":0.043500000000000004,""specificity_limited"":0.0032500000000000003,""statistical_resolution_limited"":0.19349999999999998,""structurally_unavailable"":0.000375}","{""cluster_uncertainty_pass"":0,""complement_admissible_pass"":0,""control_adjusted_contrast_pass"":4,""control_specificity_pass"":0,""effect_direction_reproduced_pass"":0,""minimum_effect_pass"":0,""multiplicity_adjusted_threshold_pass"":0,""raw_statistical_threshold_pass"":0,""support_available_pass"":0,""target_contrast_positive_pass"":0}",0.982,0.982
fe17c18b39eb86c6e9f982bd,C_vs_Cp3__path_shares_only,28ecf7e42b861405b6b3,C_vs_Cp3,path_shares_only,fl3_entitled,confirmation,joint_wild_cluster_rademacher,measurement_missingness_concentration,1.0,0.25,6,False,empirically_passable,complete_pass_observed,none,4000,1.0,0.99975,"{""control_contamination_limited"":7,""directionality_limited"":0,""effect_limited"":0,""effective_support_limited"":0,""specificity_limited"":0,""statistical_resolution_limited"":0,""structurally_unavailable"":0}","{""control_contamination_limited"":0.00875,""directionality_limited"":0.0,""effect_limited"":0.00025,""effective_support_limited"":0.01575,""specificity_limited"":0.00375,""statistical_resolution_limited"":0.11875,""structurally_unavailable"":0.000125}","{""cluster_uncertainty_pass"":0,""complement_admissible_pass"":0,""control_adjusted_contrast_pass"":7,""control_specificity_pass"":0,""effect_direction_reproduced_pass"":0,""minimum_effect_pass"":0,""multiplicity_adjusted_threshold_pass"":0,""raw_statistical_threshold_pass"":0,""support_available_pass"":0,""target_contrast_positive_pass"":0}",0.993,0.993
fe17c18b39eb86c6e9f982bd,C_vs_Cp3__path_shares_only,28ecf7e42b861405b6b3,C_vs_Cp3,path_shares_only,fl3_entitled,confirmation,joint_wild_cluster_rademacher,measurement_missingness_concentration,1.5,0.25,6,False,empirically_passable,complete_pass_observed,none,4000,1.0,1.0,"{""control_contamination_limited"":5,""directionality_limited"":0,""effect_limited"":0,""effective_support_limited"":0,""specificity_limited"":0,""statistical_resolution_limited"":0,""structurally_unavailable"":0}","{""control_contamination_limited"":0.0022500000000000003,""directionality_limited"":0.0,""effect_limited"":0.0,""effective_support_limited"":0.004,""specificity_limited"":0.0005,""statistical_resolution_limited"":0.06975,""structurally_unavailable"":0.0}","{""cluster_uncertainty_pass"":0,""complement_admissible_pass"":0,""control_adjusted_contrast_pass"":5,""control_specificity_pass"":0,""effect_direction_reproduced_pass"":0,""minimum_effect_pass"":0,""multiplicity_adjusted_threshold_pass"":0,""raw_statistical_threshold_pass"":0,""support_available_pass"":0,""target_contrast_positive_pass"":0}",0.997,0.997
fe17c18b39eb86c6e9f982bd,C_vs_Cp3__path_shares_only,28ecf7e42b861405b6b3,C_vs_Cp3,path_shares_only,fl3_entitled,confirmation,joint_wild_cluster_rademacher,measurement_missingness_concentration,2.0,0.25,6,False,empirically_passable,complete_pass_observed,none,4000,1.0,0.99925,"{""control_contamination_limited"":3,""directionality_limited"":0,""effect_limited"":0,""effective_support_limited"":0,""specificity_limited"":0,""statistical_resolution_limited"":0,""structurally_unavailable"":0}","{""control_contamination_limited"":0.0015,""directionality_limited"":0.0,""effect_limited"":0.0,""effective_support_limited"":0.0015,""specificity_limited"":0.0,""statistical_resolution_limited"":0.060000000000000005,""structurally_unavailable"":0.000375}","{""cluster_uncertainty_pass"":0,""complement_admissible_pass"":0,""control_adjusted_contrast_pass"":3,""control_specificity_pass"":0,""effect_direction_reproduced_pass"":0,""minimum_effect_pass"":0,""multiplicity_adjusted_threshold_pass"":0,""raw_statistical_threshold_pass"":0,""support_available_pass"":0,""target_contrast_positive_pass"":0}",1.0,1.0
fe17c18b39eb86c6e9f982bd,C_vs_Cp3__path_shares_only,28ecf7e42b861405b6b3,C_vs_Cp3,path_shares_only,fl3_entitled,confirmation,joint_wild_cluster_rademacher,measurement_missingness_concentration,0.25,0.5,6,False,empirically_passable,complete_pass_observed,none,4000,1.0,0.999,"{""control_contamination_limited"":103,""directionality_limited"":0,""effect_limited"":0,""effective_support_limited"":0,""specificity_limited"":0,""statistical_resolution_limited"":0,""structurally_unavailable"":0}","{""control_contamination_limited"":0.361,""directionality_limited"":0.03325,""effect_limited"":0.18275,""effective_support_limited"":0.42225,""specificity_limited"":0.14675,""statistical_resolution_limited"":0.6895,""structurally_unavailable"":0.0005}","{""cluster_uncertainty_pass"":0,""complement_admissible_pass"":0,""control_adjusted_contrast_pass"":103,""control_specificity_pass"":0,""effect_direction_reproduced_pass"":0,""minimum_effect_pass"":0,""multiplicity_adjusted_threshold_pass"":0,""raw_statistical_threshold_pass"":0,""support_available_pass"":0,""target_contrast_positive_pass"":0}",0.489,0.489
fe17c18b39eb86c6e9f982bd,C_vs_Cp3__path_shares_only,28ecf7e42b861405b6b3,C_vs_Cp3,path_shares_only,fl3_entitled,confirmation,joint_wild_cluster_rademacher,measurement_missingness_concentration,0.5,0.5,6,False,empirically_passable,complete_pass_observed,none,4000,1.0,1.0,"{""control_contamination_limited"":218,""directionality_limited"":0,""effect_limited"":0,""effective_support_limited"":0,""specificity_limited"":0,""statistical_resolution_limited"":0,""structurally_unavailable"":0}","{""control_contamination_limited"":0.18575,""directionality_limited"":0.0022500000000000003,""effect_limited"":0.0105,""effective_support_limited"":0.111,""specificity_limited"":0.073,""statistical_resolution_limited"":0.31125,""structurally_unavailable"":0.0}","{""cluster_uncertainty_pass"":0,""complement_admissible_pass"":0,""control_adjusted_contrast_pass"":218,""control_specificity_pass"":0,""effect_direction_reproduced_pass"":0,""minimum_effect_pass"":0,""multiplicity_adjusted_threshold_pass"":0,""raw_statistical_threshold_pass"":0,""support_available_pass"":0,""target_contrast_positive_pass"":0}",0.835,0.835
fe17c18b39eb86c6e9f982bd,C_vs_Cp3__path_shares_only,28ecf7e42b861405b6b3,C_vs_Cp3,path_shares_only,fl3_entitled,confirmation,joint_wild_cluster_rademacher,measurement_missingness_concentration,0.75,0.5,6,False,empirically_passable,complete_pass_observed,none,4000,1.0,0.9995,"{""control_contamination_limited"":209,""directionality_limited"":0,""effect_limited"":0,""effective_support_limited"":0,""specificity_limited"":0,""statistical_resolution_limited"":0,""structurally_unavailable"":0}","{""control_contamination_limited"":0.128,""directionality_limited"":0.0,""effect_limited"":0.00175,""effective_support_limited"":0.048,""specificity_limited"":0.04775,""statistical_resolution_limited"":0.183,""structurally_unavailable"":0.00025}","{""cluster_uncertainty_pass"":0,""complement_admissible_pass"":0,""control_adjusted_contrast_pass"":209,""control_specificity_pass"":0,""effect_direction_reproduced_pass"":0,""minimum_effect_pass"":0,""multiplicity_adjusted_threshold_pass"":0,""raw_statistical_threshold_pass"":0,""support_available_pass"":0,""target_contrast_positive_pass"":0}",0.904,0.904
fe17c18b39eb86c6e9f982bd,C_vs_Cp3__path_shares_only,28ecf7e42b861405b6b3,C_vs_Cp3,path_shares_only,fl3_entitled,confirmation,joint_wild_cluster_rademacher,measurement_missingness_concentration,1.0,0.5,6,False,empirically_passable,complete_pass_observed,none,4000,1.0,0.99975,"{""control_contamination_limited"":203,""directionality_limited"":0,""effect_limited"":0,""effective_support_limited"":0,""specificity_limited"":0,""statistical_resolution_limited"":0,""structurally_unavailable"":0}","{""control_contamination_limited"":0.11175,""directionality_limited"":0.0,""effect_limited"":0.0005,""effective_support_limited"":0.026999999999999996,""specificity_limited"":0.04,""statistical_resolution_limited"":0.13475,""structurally_unavailable"":0.000125}","{""cluster_uncertainty_pass"":0,""complement_admissible_pass"":0,""control_adjusted_contrast_pass"":203,""control_specificity_pass"":0,""effect_direction_reproduced_pass"":0,""minimum_effect_pass"":0,""multiplicity_adjusted_threshold_pass"":0,""raw_statistical_threshold_pass"":0,""support_available_pass"":0,""target_contrast_positive_pass"":0}",0.917,0.917
fe17c18b39eb86c6e9f982bd,C_vs_Cp3__path_shares_only,28ecf7e42b861405b6b3,C_vs_Cp3,path_shares_only,fl3_entitled,confirmation,joint_wild_cluster_rademacher,measurement_missingness_concentration,1.5,0.5,6,False,empirically_passable,complete_pass_observed,none,4000,1.0,0.99925,"{""control_contamination_limited"":130,""directionality_limited"":0,""effect_limited"":0,""effective_support_limited"":0,""specificity_limited"":0,""statistical_resolution_limited"":0,""structurally_unavailable"":0}","{""control_contamination_limited"":0.05675,""directionality_limited"":0.0,""effect_limited"":0.0,""effective_support_limited"":0.00625,""specificity_limited"":0.018000000000000002,""statistical_resolution_limited"":0.06975,""structurally_unavailable"":0.000375}","{""cluster_uncertainty_pass"":0,""complement_admissible_pass"":0,""control_adjusted_contrast_pass"":130,""control_specificity_pass"":0,""effect_direction_reproduced_pass"":0,""minimum_effect_pass"":0,""multiplicity_adjusted_threshold_pass"":0,""raw_statistical_threshold_pass"":0,""support_available_pass"":0,""target_contrast_positive_pass"":0}",0.97,0.97
fe17c18b39eb86c6e9f982bd,C_vs_Cp3__path_shares_only,28ecf7e42b861405b6b3,C_vs_Cp3,path_shares_only,fl3_entitled,confirmation,joint_wild_cluster_rademacher,measurement_missingness_concentration,2.0,0.5,6,False,empirically_passable,complete_pass_observed,none,4000,1.0,0.99925,"{""control_contamination_limited"":105,""directionality_limited"":0,""effect_limited"":0,""effective_support_limited"":0,""specificity_limited"":0,""statistical_resolution_limited"":0,""structurally_unavailable"":0}","{""control_contamination_limited"":0.045,""directionality_limited"":0.0,""effect_limited"":0.0,""effective_support_limited"":0.00175,""specificity_limited"":0.01575,""statistical_resolution_limited"":0.05525,""structurally_unavailable"":0.000375}","{""cluster_uncertainty_pass"":0,""complement_admissible_pass"":0,""control_adjusted_contrast_pass"":105,""control_specificity_pass"":0,""effect_direction_reproduced_pass"":0,""minimum_effect_pass"":0,""multiplicity_adjusted_threshold_pass"":0,""raw_statistical_threshold_pass"":0,""support_available_pass"":0,""target_contrast_positive_pass"":0}",0.981,0.981
fe17c18b39eb86c6e9f982bd,C_vs_Cp3__path_shares_only,28ecf7e42b861405b6b3,C_vs_Cp3,path_shares_only,fl3_entitled,confirmation,joint_wild_cluster_rademacher,measurement_missingness_concentration,0.25,1.0,6,False,empirically_passable,complete_pass_observed,none,4000,1.0,1.0,"{""control_contamination_limited"":445,""directionality_limited"":0,""effect_limited"":0,""effective_support_limited"":0,""specificity_limited"":0,""statistical_resolution_limited"":0,""structurally_unavailable"":0}","{""control_contamination_limited"":0.7002499999999999,""directionality_limited"":0.029500000000000002,""effect_limited"":0.185,""effective_support_limited"":0.41174999999999995,""specificity_limited"":0.433,""statistical_resolution_limited"":0.6645,""structurally_unavailable"":0.0}","{""cluster_uncertainty_pass"":0,""complement_admissible_pass"":0,""control_adjusted_contrast_pass"":445,""control_specificity_pass"":0,""effect_direction_reproduced_pass"":0,""minimum_effect_pass"":0,""multiplicity_adjusted_threshold_pass"":0,""raw_statistical_threshold_pass"":0,""support_available_pass"":0,""target_contrast_positive_pass"":0}",0.234,0.234
fe17c18b39eb86c6e9f982bd,C_vs_Cp3__path_shares_only,28ecf7e42b861405b6b3,C_vs_Cp3,path_shares_only,fl3_entitled,confirmation,joint_wild_cluster_rademacher,measurement_missingness_concentration,0.5,1.0,6,False,empirically_passable,complete_pass_observed,none,4000,1.0,0.999,"{""control_contamination_limited"":700,""directionality_limited"":0,""effect_limited"":0,""effective_support_limited"":0,""specificity_limited"":0,""statistical_resolution_limited"":0,""structurally_unavailable"":0}","{""control_contamination_limited"":0.66325,""directionality_limited"":0.0027500000000000003,""effect_limited"":0.0155,""effective_support_limited"":0.14075,""specificity_limited"":0.4345,""statistical_resolution_limited"":0.34199999999999997,""structurally_unavailable"":0.0005}","{""cluster_uncertainty_pass"":0,""complement_admissible_pass"":0,""control_adjusted_contrast_pass"":700,""control_specificity_pass"":0,""effect_direction_reproduced_pass"":0,""minimum_effect_pass"":0,""multiplicity_adjusted_threshold_pass"":0,""raw_statistical_threshold_pass"":0,""support_available_pass"":0,""target_contrast_positive_pass"":0}",0.296,0.294
fe17c18b39eb86c6e9f982bd,C_vs_Cp3__path_shares_only,28ecf7e42b861405b6b3,C_vs_Cp3,path_shares_only,fl3_entitled,confirmation,joint_wild_cluster_rademacher,measurement_missingness_concentration,0.75,1.0,6,False,empirically_passable,complete_pass_observed,none,4000,1.0,1.0,"{""control_contamination_limited"":817,""directionality_limited"":0,""effect_limited"":0,""effective_support_limited"":0,""specificity_limited"":0,""statistical_resolution_limited"":0,""structurally_unavailable"":0}","{""control_contamination_limited"":0.64775,""directionality_limited"":0.0,""effect_limited"":0.00075,""effective_support_limited"":0.0345,""specificity_limited"":0.4135,""statistical_resolution_limited"":0.16375,""structurally_unavailable"":0.0}","{""cluster_uncertainty_pass"":0,""complement_admissible_pass"":0,""control_adjusted_contrast_pass"":817,""control_specificity_pass"":0,""effect_direction_reproduced_pass"":0,""minimum_effect_pass"":0,""multiplicity_adjusted_threshold_pass"":0,""raw_statistical_threshold_pass"":0,""support_available_pass"":0,""target_contrast_positive_pass"":0}",0.34,0.323
fe17c18b39eb86c6e9f982bd,C_vs_Cp3__path_shares_only,28ecf7e42b861405b6b3,C_vs_Cp3,path_shares_only,fl3_entitled,confirmation,joint_wild_cluster_rademacher,measurement_missingness_concentration,1.0,1.0,6,False,empirically_passable,complete_pass_observed,none,4000,1.0,0.99975,"{""control_contamination_limited"":926,""directionality_limited"":0,""effect_limited"":0,""effective_support_limited"":0,""specificity_limited"":0,""statistical_resolution_limited"":0,""structurally_unavailable"":0}","{""control_contamination_limited"":0.66275,""directionality_limited"":0.0,""effect_limited"":0.0,""effective_support_limited"":0.016,""specificity_limited"":0.413,""statistical_resolution_limited"":0.11275,""structurally_unavailable"":0.000125}","{""cluster_uncertainty_pass"":0,""complement_admissible_pass"":0,""control_adjusted_contrast_pass"":926,""control_specificity_pass"":0,""effect_direction_reproduced_pass"":0,""minimum_effect_pass"":0,""multiplicity_adjusted_threshold_pass"":0,""raw_statistical_threshold_pass"":0,""support_available_pass"":0,""target_contrast_positive_pass"":0}",0.325,0.313
fe17c18b39eb86c6e9f982bd,C_vs_Cp3__path_shares_only,28ecf7e42b861405b6b3,C_vs_Cp3,path_shares_only,fl3_entitled,confirmation,joint_wild_cluster_rademacher,measurement_missingness_concentration,1.5,1.0,6,False,empirically_passable,complete_pass_observed,none,4000,1.0,0.999,"{""control_contamination_limited"":903,""directionality_limited"":0,""effect_limited"":0,""effective_support_limited"":0,""specificity_limited"":0,""statistical_resolution_limited"":0,""structurally_unavailable"":0}","{""control_contamination_limited"":0.67675,""directionality_limited"":0.0,""effect_limited"":0.0,""effective_support_limited"":0.005,""specificity_limited"":0.4385,""statistical_resolution_limited"":0.07425000000000001,""structurally_unavailable"":0.0005}","{""cluster_uncertainty_pass"":0,""complement_admissible_pass"":0,""control_adjusted_contrast_pass"":903,""control_specificity_pass"":0,""effect_direction_reproduced_pass"":0,""minimum_effect_pass"":0,""multiplicity_adjusted_threshold_pass"":0,""raw_statistical_threshold_pass"":0,""support_available_pass"":0,""target_contrast_positive_pass"":0}",0.316,0.29
fe17c18b39eb86c6e9f982bd,C_vs_Cp3__path_shares_only,28ecf7e42b861405b6b3,C_vs_Cp3,path_shares_only,fl3_entitled,confirmation,joint_wild_cluster_rademacher,measurement_missingness_concentration,2.0,1.0,6,False,empirically_passable,complete_pass_observed,none,4000,1.0,0.99975,"{""control_contamination_limited"":986,""directionality_limited"":0,""effect_limited"":0,""effective_support_limited"":0,""specificity_limited"":0,""statistical_resolution_limited"":0,""structurally_unavailable"":0}","{""control_contamination_limited"":0.6772499999999999,""directionality_limited"":0.0,""effect_limited"":0.0,""effective_support_limited"":0.00175,""specificity_limited"":0.4205,""statistical_resolution_limited"":0.05725,""structurally_unavailable"":0.000125}","{""cluster_uncertainty_pass"":0,""complement_admissible_pass"":0,""control_adjusted_contrast_pass"":986,""control_specificity_pass"":0,""effect_direction_reproduced_pass"":0,""minimum_effect_pass"":0,""multiplicity_adjusted_threshold_pass"":0,""raw_statistical_threshold_pass"":0,""support_available_pass"":0,""target_contrast_positive_pass"":0}",0.336,0.29
03ef63db7584762143dc3914,three_way__no_window,114bd7932e0008f8ef79,three_way,no_window,fl3_entitlement_capped,discovery,joint_gaussian_regularized_cluster,measurement_missingness_concentration,0.25,0.0,6,False,empirically_passable,complete_pass_observed,none,4000,1.0,0.9984999999999999,"{""control_contamination_limited"":0,""directionality_limited"":0,""effect_limited"":169,""effective_support_limited"":0,""specificity_limited"":0,""statistical_resolution_limited"":0,""structurally_unavailable"":0}","{""control_contamination_limited"":0.02475,""directionality_limited"":0.00475,""effect_limited"":0.13075,""effective_support_limited"":0.09275000000000001,""specificity_limited"":0.00475,""statistical_resolution_limited"":0.27649999999999997,""structurally_unavailable"":0.00075}","{""cluster_uncertainty_pass"":0,""complement_admissible_pass"":0,""control_adjusted_contrast_pass"":0,""control_specificity_pass"":0,""effect_direction_reproduced_pass"":0,""minimum_effect_pass"":169,""multiplicity_adjusted_threshold_pass"":0,""raw_statistical_threshold_pass"":0,""support_available_pass"":0,""target_contrast_positive_pass"":0}",0.886,0.886
03ef63db7584762143dc3914,three_way__no_window,114bd7932e0008f8ef79,three_way,no_window,fl3_entitlement_capped,discovery,joint_gaussian_regularized_cluster,measurement_missingness_concentration,0.5,0.0,6,False,empirically_passable,complete_pass_observed,none,4000,0.99975,0.999,"{""control_contamination_limited"":0,""directionality_limited"":0,""effect_limited"":2,""effective_support_limited"":0,""specificity_limited"":0,""statistical_resolution_limited"":0,""structurally_unavailable"":0}","{""control_contamination_limited"":0.001,""directionality_limited"":0.0005,""effect_limited"":0.00525,""effective_support_limited"":0.018500000000000003,""specificity_limited"":0.0005,""statistical_resolution_limited"":0.118,""structurally_unavailable"":0.000625}","{""cluster_uncertainty_pass"":0,""complement_admissible_pass"":0,""control_adjusted_contrast_pass"":0,""control_specificity_pass"":0,""effect_direction_reproduced_pass"":0,""minimum_effect_pass"":2,""multiplicity_adjusted_threshold_pass"":0,""raw_statistical_threshold_pass"":0,""support_available_pass"":0,""target_contrast_positive_pass"":0}",0.994,0.994
03ef63db7584762143dc3914,three_way__no_window,114bd7932e0008f8ef79,three_way,no_window,fl3_entitlement_capped,discovery,joint_gaussian_regularized_cluster,measurement_missingness_concentration,0.75,0.0,6,False,empirically_passable,complete_pass_observed,none,4000,0.9995,0.999,"{""control_contamination_limited"":0,""directionality_limited"":0,""effect_limited"":0,""effective_support_limited"":0,""specificity_limited"":0,""statistical_resolution_limited"":0,""structurally_unavailable"":0}","{""control_contamination_limited"":0.00075,""directionality_limited"":0.0005,""effect_limited"":0.00075,""effective_support_limited"":0.0035000000000000005,""specificity_limited"":0.0005,""statistical_resolution_limited"":0.064,""structurally_unavailable"":0.00075}","{""cluster_uncertainty_pass"":0,""complement_admissible_pass"":0,""control_adjusted_contrast_pass"":0,""control_specificity_pass"":0,""effect_direction_reproduced_pass"":0,""minimum_effect_pass"":0,""multiplicity_adjusted_threshold_pass"":0,""raw_statistical_threshold_pass"":0,""support_available_pass"":0,""target_contrast_positive_pass"":0}",0.999,0.999
03ef63db7584762143dc3914,three_way__no_window,114bd7932e0008f8ef79,three_way,no_window,fl3_entitlement_capped,discovery,joint_gaussian_regularized_cluster,measurement_missingness_concentration,1.0,0.0,6,False,empirically_passable,complete_pass_observed,none,4000,0.99975,0.998,"{""control_contamination_limited"":0,""directionality_limited"":0,""effect_limited"":0,""effective_support_limited"":0,""specificity_limited"":0,""statistical_resolution_limited"":0,""structurally_unavailable"":0}","{""control_contamination_limited"":0.00025,""directionality_limited"":0.00025,""effect_limited"":0.00025,""effective_support_limited"":0.002,""specificity_limited"":0.00025,""statistical_resolution_limited"":0.06025,""structurally_unavailable"":0.0011250000000000001}","{""cluster_uncertainty_pass"":0,""complement_admissible_pass"":0,""control_adjusted_contrast_pass"":0,""control_specificity_pass"":0,""effect_direction_reproduced_pass"":0,""minimum_effect_pass"":0,""multiplicity_adjusted_threshold_pass"":0,""raw_statistical_threshold_pass"":0,""support_available_pass"":0,""target_contrast_positive_pass"":0}",1.0,1.0
03ef63db7584762143dc3914,three_way__no_window,114bd7932e0008f8ef79,three_way,no_window,fl3_entitlement_capped,discovery,joint_gaussian_regularized_cluster,measurement_missingness_concentration,1.5,0.0,6,False,empirically_passable,complete_pass_observed,none,4000,0.99975,0.99775,"{""control_contamination_limited"":0,""directionality_limited"":0,""effect_limited"":0,""effective_support_limited"":0,""specificity_limited"":0,""statistical_resolution_limited"":0,""structurally_unavailable"":0}","{""control_contamination_limited"":0.00025,""directionality_limited"":0.00025,""effect_limited"":0.00025,""effective_support_limited"":0.0022500000000000003,""specificity_limited"":0.00025,""statistical_resolution_limited"":0.0575,""structurally_unavailable"":0.0012500000000000002}","{""cluster_uncertainty_pass"":0,""complement_admissible_pass"":0,""control_adjusted_contrast_pass"":0,""control_specificity_pass"":0,""effect_direction_reproduced_pass"":0,""minimum_effect_pass"":0,""multiplicity_adjusted_threshold_pass"":0,""raw_statistical_threshold_pass"":0,""support_available_pass"":0,""target_contrast_positive_pass"":0}",0.999,0.999
03ef63db7584762143dc3914,three_way__no_window,114bd7932e0008f8ef79,three_way,no_window,fl3_entitlement_capped,discovery,joint_gaussian_regularized_cluster,measurement_missingness_concentration,2.0,0.0,6,False,empirically_passable,complete_pass_observed,none,4000,1.0,0.99925,"{""control_contamination_limited"":0,""directionality_limited"":0,""effect_limited"":0,""effective_support_limited"":0,""specificity_limited"":0,""statistical_resolution_limited"":0,""structurally_unavailable"":0}","{""control_contamination_limited"":0.0,""directionality_limited"":0.0,""effect_limited"":0.0,""effective_support_limited"":0.00075,""specificity_limited"":0.0,""statistical_resolution_limited"":0.04325,""structurally_unavailable"":0.000375}","{""cluster_uncertainty_pass"":0,""complement_admissible_pass"":0,""control_adjusted_contrast_pass"":0,""control_specificity_pass"":0,""effect_direction_reproduced_pass"":0,""minimum_effect_pass"":0,""multiplicity_adjusted_threshold_pass"":0,""raw_statistical_threshold_pass"":0,""support_available_pass"":0,""target_contrast_positive_pass"":0}",1.0,1.0
03ef63db7584762143dc3914,three_way__no_window,114bd7932e0008f8ef79,three_way,no_window,fl3_entitlement_capped,discovery,joint_gaussian_regularized_cluster,measurement_missingness_concentration,0.25,0.25,6,False,empirically_passable,complete_pass_observed,none,4000,1.0,0.99825,"{""control_contamination_limited"":39,""directionality_limited"":0,""effect_limited"":59,""effective_support_limited"":0,""specificity_limited"":0,""statistical_resolution_limited"":0,""structurally_unavailable"":0}","{""control_contamination_limited"":0.11475,""directionality_limited"":0.003,""effect_limited"":0.13325,""effective_support_limited"":0.099,""specificity_limited"":0.014499999999999999,""statistical_resolution_limited"":0.282,""structurally_unavailable"":0.000875}","{""cluster_uncertainty_pass"":0,""complement_admissible_pass"":0,""control_adjusted_contrast_pass"":39,""control_specificity_pass"":0,""effect_direction_reproduced_pass"":0,""minimum_effect_pass"":59,""multiplicity_adjusted_threshold_pass"":0,""raw_statistical_threshold_pass"":0,""support_available_pass"":0,""target_contrast_positive_pass"":0}",0.878,0.878
03ef63db7584762143dc3914,three_way__no_window,114bd7932e0008f8ef79,three_way,no_window,fl3_entitlement_capped,discovery,joint_gaussian_regularized_cluster,measurement_missingness_concentration,0.5,0.25,6,False,empirically_passable,complete_pass_observed,none,4000,1.0,0.99875,"{""control_contamination_limited"":36,""directionality_limited"":0,""effect_limited"":0,""effective_support_limited"":0,""specificity_limited"":0,""statistical_resolution_limited"":0,""structurally_unavailable"":0}","{""control_contamination_limited"":0.02175,""directionality_limited"":0.0,""effect_limited"":0.00575,""effective_support_limited"":0.012750000000000001,""specificity_limited"":0.0035,""statistical_resolution_limited"":0.1125,""structurally_unavailable"":0.000625}","{""cluster_uncertainty_pass"":0,""complement_admissible_pass"":0,""control_adjusted_contrast_pass"":36,""control_specificity_pass"":0,""effect_direction_reproduced_pass"":0,""minimum_effect_pass"":0,""multiplicity_adjusted_threshold_pass"":0,""raw_statistical_threshold_pass"":0,""support_available_pass"":0,""target_contrast_positive_pass"":0}",0.987,0.987
03ef63db7584762143dc3914,three_way__no_window,114bd7932e0008f8ef79,three_way,no_window,fl3_entitlement_capped,discovery,joint_gaussian_regularized_cluster,measurement_missingness_concentration,0.75,0.25,6,False,empirically_passable,complete_pass_observed,none,4000,1.0,0.9984999999999999,"{""control_contamination_limited"":15,""directionality_limited"":0,""effect_limited"":0,""effective_support_limited"":0,""specificity_limited"":0,""statistical_resolution_limited"":0,""structurally_unavailable"":0}","{""control_contamination_limited"":0.00675,""directionality_limited"":0.0,""effect_limited"":0.001,""effective_support_limited"":0.00325,""specificity_limited"":0.00075,""statistical_resolution_limited"":0.0625,""structurally_unavailable"":0.00075}","{""cluster_uncertainty_pass"":0,""complement_admissible_pass"":0,""control_adjusted_contrast_pass"":15,""control_specificity_pass"":0,""effect_direction_reproduced_pass"":0,""minimum_effect_pass"":0,""multiplicity_adjusted_threshold_pass"":0,""raw_statistical_threshold_pass"":0,""support_available_pass"":0,""target_contrast_positive_pass"":0}",0.997,0.997
03ef63db7584762143dc3914,three_way__no_window,114bd7932e0008f8ef79,three_way,no_window,fl3_entitlement_capped,discovery,joint_gaussian_regularized_cluster,measurement_missingness_concentration,1.0,0.25,6,False,empirically_passable,complete_pass_observed,none,4000,1.0,0.998,"{""control_contamination_limited"":7,""directionality_limited"":0,""effect_limited"":0,""effective_support_limited"":0,""specificity_limited"":0,""statistical_resolution_limited"":0,""structurally_unavailable"":0}","{""control_contamination_limited"":0.00275,""directionality_limited"":0.0,""effect_limited"":0.0,""effective_support_limited"":0.002,""specificity_limited"":0.00025,""statistical_resolution_limited"":0.0635,""structurally_unavailable"":0.001}","{""cluster_uncertainty_pass"":0,""complement_admissible_pass"":0,""control_adjusted_contrast_pass"":7,""control_specificity_pass"":0,""effect_direction_reproduced_pass"":0,""minimum_effect_pass"":0,""multiplicity_adjusted_threshold_pass"":0,""raw_statistical_threshold_pass"":0,""support_available_pass"":0,""target_contrast_positive_pass"":0}",1.0,1.0
03ef63db7584762143dc3914,three_way__no_window,114bd7932e0008f8ef79,three_way,no_window,fl3_entitlement_capped,discovery,joint_gaussian_regularized_cluster,measurement_missingness_concentration,1.5,0.25,6,False,empirically_passable,complete_pass_observed,none,4000,1.0,0.99975,"{""control_contamination_limited"":2,""directionality_limited"":0,""effect_limited"":0,""effective_support_limited"":0,""specificity_limited"":0,""statistical_resolution_limited"":0,""structurally_unavailable"":0}","{""control_contamination_limited"":0.0005,""directionality_limited"":0.0,""effect_limited"":0.0,""effective_support_limited"":0.0005,""specificity_limited"":0.0,""statistical_resolution_limited"":0.03975,""structurally_unavailable"":0.000125}","{""cluster_uncertainty_pass"":0,""complement_admissible_pass"":0,""control_adjusted_contrast_pass"":2,""control_specificity_pass"":0,""effect_direction_reproduced_pass"":0,""minimum_effect_pass"":0,""multiplicity_adjusted_threshold_pass"":0,""raw_statistical_threshold_pass"":0,""support_available_pass"":0,""target_contrast_positive_pass"":0}",1.0,1.0
03ef63db7584762143dc3914,three_way__no_window,114bd7932e0008f8ef79,three_way,no_window,fl3_entitlement_capped,discovery,joint_gaussian_regularized_cluster,measurement_missingness_concentration,2.0,0.25,6,False,empirically_passable,complete_pass_observed,none,4000,1.0,0.99825,"{""control_contamination_limited"":0,""directionality_limited"":0,""effect_limited"":0,""effective_support_limited"":0,""specificity_limited"":0,""statistical_resolution_limited"":0,""structurally_unavailable"":0}","{""control_contamination_limited"":0.00075,""directionality_limited"":0.0,""effect_limited"":0.0,""effective_support_limited"":0.00175,""specificity_limited"":0.0,""statistical_resolution_limited"":0.05425,""structurally_unavailable"":0.000875}","{""cluster_uncertainty_pass"":0,""complement_admissible_pass"":0,""control_adjusted_contrast_pass"":0,""control_specificity_pass"":0,""effect_direction_reproduced_pass"":0,""minimum_effect_pass"":0,""multiplicity_adjusted_threshold_pass"":0,""raw_statistical_threshold_pass"":0,""support_available_pass"":0,""target_contrast_positive_pass"":0}",1.0,1.0
03ef63db7584762143dc3914,three_way__no_window,114bd7932e0008f8ef79,three_way,no_window,fl3_entitlement_capped,discovery,joint_gaussian_regularized_cluster,measurement_missingness_concentration,0.25,0.5,6,False,empirically_passable,complete_pass_observed,none,4000,1.0,0.9995,"{""control_contamination_limited"":507,""directionality_limited"":0,""effect_limited"":7,""effective_support_limited"":0,""specificity_limited"":0,""statistical_resolution_limited"":0,""structurally_unavailable"":0}","{""control_contamination_limited"":0.31375,""directionality_limited"":0.00475,""effect_limited"":0.126,""effective_support_limited"":0.094,""specificity_limited"":0.07024999999999999,""statistical_resolution_limited"":0.27449999999999997,""structurally_unavailable"":0.00025}","{""cluster_uncertainty_pass"":0,""complement_admissible_pass"":0,""control_adjusted_contrast_pass"":507,""control_specificity_pass"":0,""effect_direction_reproduced_pass"":0,""minimum_effect_pass"":7,""multiplicity_adjusted_threshold_pass"":0,""raw_statistical_threshold_pass"":0,""support_available_pass"":0,""target_contrast_positive_pass"":0}",0.694,0.694
03ef63db7584762143dc3914,three_way__no_window,114bd7932e0008f8ef79,three_way,no_window,fl3_entitlement_capped,discovery,joint_gaussian_regularized_cluster,measurement_missingness_concentration,0.5,0.5,6,False,empirically_passable,complete_pass_observed,none,4000,0.99975,0.9984999999999999,"{""control_contamination_limited"":345,""directionality_limited"":0,""effect_limited"":0,""effective_support_limited"":0,""specificity_limited"":0,""statistical_resolution_limited"":0,""structurally_unavailable"":0}","{""control_contamination_limited"":0.13275,""directionality_limited"":0.00025,""effect_limited"":0.00275,""effective_support_limited"":0.009000000000000001,""specificity_limited"":0.026,""statistical_resolution_limited"":0.10025,""structurally_unavailable"":0.000875}","{""cluster_uncertainty_pass"":0,""complement_admissible_pass"":0,""control_adjusted_contrast_pass"":345,""control_specificity_pass"":0,""effect_direction_reproduced_pass"":0,""minimum_effect_pass"":0,""multiplicity_adjusted_threshold_pass"":0,""raw_statistical_threshold_pass"":0,""support_available_pass"":0,""target_contrast_positive_pass"":0}",0.902,0.902
03ef63db7584762143dc3914,three_way__no_window,114bd7932e0008f8ef79,three_way,no_window,fl3_entitlement_capped,discovery,joint_gaussian_regularized_cluster,measurement_missingness_concentration,0.75,0.5,6,False,empirically_passable,complete_pass_observed,none,4000,1.0,0.9995,"{""control_contamination_limited"":196,""directionality_limited"":0,""effect_limited"":0,""effective_support_limited"":0,""specificity_limited"":0,""statistical_resolution_limited"":0,""structurally_unavailable"":0}","{""control_contamination_limited"":0.07725,""directionality_limited"":0.0,""effect_limited"":0.0,""effective_support_limited"":0.00225,""specificity_limited"":0.017750000000000002,""statistical_resolution_limited"":0.07075,""structurally_unavailable"":0.00025}","{""cluster_uncertainty_pass"":0,""complement_admissible_pass"":0,""control_adjusted_contrast_pass"":196,""control_specificity_pass"":0,""effect_direction_reproduced_pass"":0,""minimum_effect_pass"":0,""multiplicity_adjusted_threshold_pass"":0,""raw_statistical_threshold_pass"":0,""support_available_pass"":0,""target_contrast_positive_pass"":0}",0.956,0.956
03ef63db7584762143dc3914,three_way__no_window,114bd7932e0008f8ef79,three_way,no_window,fl3_entitlement_capped,discovery,joint_gaussian_regularized_cluster,measurement_missingness_concentration,1.0,0.5,6,False,empirically_passable,complete_pass_observed,none,4000,1.0,0.9975,"{""control_contamination_limited"":102,""directionality_limited"":0,""effect_limited"":0,""effective_support_limited"":0,""specificity_limited"":0,""statistical_resolution_limited"":0,""structurally_unavailable"":0}","{""control_contamination_limited"":0.0445,""directionality_limited"":0.0,""effect_limited"":0.0,""effective_support_limited"":0.00275,""specificity_limited"":0.011999999999999999,""statistical_resolution_limited"":0.06325,""structurally_unavailable"":0.0012499999999999998}","{""cluster_uncertainty_pass"":0,""complement_admissible_pass"":0,""control_adjusted_contrast_pass"":102,""control_specificity_pass"":0,""effect_direction_reproduced_pass"":0,""minimum_effect_pass"":0,""multiplicity_adjusted_threshold_pass"":0,""raw_statistical_threshold_pass"":0,""support_available_pass"":0,""target_contrast_positive_pass"":0}",0.983,0.983
03ef63db7584762143dc3914,three_way__no_window,114bd7932e0008f8ef79,three_way,no_window,fl3_entitlement_capped,discovery,joint_gaussian_regularized_cluster,measurement_missingness_concentration,1.5,0.5,6,False,empirically_passable,complete_pass_observed,none,4000,1.0,0.99975,"{""control_contamination_limited"":79,""directionality_limited"":0,""effect_limited"":0,""effective_support_limited"":0,""specificity_limited"":0,""statistical_resolution_limited"":0,""structurally_unavailable"":0}","{""control_contamination_limited"":0.02975,""directionality_limited"":0.0,""effect_limited"":0.0,""effective_support_limited"":0.00025,""specificity_limited"":0.007750000000000001,""statistical_resolution_limited"":0.05075,""structurally_unavailable"":0.000125}","{""cluster_uncertainty_pass"":0,""complement_admissible_pass"":0,""control_adjusted_contrast_pass"":79,""control_specificity_pass"":0,""effect_direction_reproduced_pass"":0,""minimum_effect_pass"":0,""multiplicity_adjusted_threshold_pass"":0,""raw_statistical_threshold_pass"":0,""support_available_pass"":0,""target_contrast_positive_pass"":0}",0.988,0.988
03ef63db7584762143dc3914,three_way__no_window,114bd7932e0008f8ef79,three_way,no_window,fl3_entitlement_capped,discovery,joint_gaussian_regularized_cluster,measurement_missingness_concentration,2.0,0.5,6,False,empirically_passable,complete_pass_observed,none,4000,1.0,0.99975,"{""control_contamination_limited"":42,""directionality_limited"":0,""effect_limited"":0,""effective_support_limited"":0,""specificity_limited"":0,""statistical_resolution_limited"":0,""structurally_unavailable"":0}","{""control_contamination_limited"":0.018000000000000002,""directionality_limited"":0.0,""effect_limited"":0.0,""effective_support_limited"":0.00025,""specificity_limited"":0.00375,""statistical_resolution_limited"":0.04525,""structurally_unavailable"":0.000125}","{""cluster_uncertainty_pass"":0,""complement_admissible_pass"":0,""control_adjusted_contrast_pass"":42,""control_specificity_pass"":0,""effect_direction_reproduced_pass"":0,""minimum_effect_pass"":0,""multiplicity_adjusted_threshold_pass"":0,""raw_statistical_threshold_pass"":0,""support_available_pass"":0,""target_contrast_positive_pass"":0}",0.999,0.999
03ef63db7584762143dc3914,three_way__no_window,114bd7932e0008f8ef79,three_way,no_window,fl3_entitlement_capped,discovery,joint_gaussian_regularized_cluster,measurement_missingness_concentration,0.25,1.0,6,False,empirically_passable,complete_pass_observed,none,4000,1.0,0.9984999999999999,"{""control_contamination_limited"":1167,""directionality_limited"":0,""effect_limited"":0,""effective_support_limited"":0,""specificity_limited"":0,""statistical_resolution_limited"":0,""structurally_unavailable"":0}","{""control_contamination_limited"":0.74325,""directionality_limited"":0.00425,""effect_limited"":0.124,""effective_support_limited"":0.09925,""specificity_limited"":0.37124999999999997,""statistical_resolution_limited"":0.28049999999999997,""structurally_unavailable"":0.00075}","{""cluster_uncertainty_pass"":0,""complement_admissible_pass"":0,""control_adjusted_contrast_pass"":1167,""control_specificity_pass"":0,""effect_direction_reproduced_pass"":0,""minimum_effect_pass"":0,""multiplicity_adjusted_threshold_pass"":0,""raw_statistical_threshold_pass"":0,""support_available_pass"":0,""target_contrast_positive_pass"":0}",0.229,0.206
03ef63db7584762143dc3914,three_way__no_window,114bd7932e0008f8ef79,three_way,no_window,fl3_entitlement_capped,discovery,joint_gaussian_regularized_cluster,measurement_missingness_concentration,0.5,1.0,6,False,empirically_passable,complete_pass_observed,none,4000,1.0,0.99825,"{""control_contamination_limited"":1241,""directionality_limited"":0,""effect_limited"":0,""effective_support_limited"":0,""specificity_limited"":0,""statistical_resolution_limited"":0,""structurally_unavailable"":0}","{""control_contamination_limited"":0.721,""directionality_limited"":0.00025,""effect_limited"":0.00525,""effective_support_limited"":0.0145,""specificity_limited"":0.387,""statistical_resolution_limited"":0.09975,""structurally_unavailable"":0.000875}","{""cluster_uncertainty_pass"":0,""complement_admissible_pass"":0,""control_adjusted_contrast_pass"":1241,""control_specificity_pass"":0,""effect_direction_reproduced_pass"":0,""minimum_effect_pass"":0,""multiplicity_adjusted_threshold_pass"":0,""raw_statistical_threshold_pass"":0,""support_available_pass"":0,""target_contrast_positive_pass"":0}",0.277,0.229
03ef63db7584762143dc3914,three_way__no_window,114bd7932e0008f8ef79,three_way,no_window,fl3_entitlement_capped,discovery,joint_gaussian_regularized_cluster,measurement_missingness_concentration,0.75,1.0,6,False,empirically_passable,complete_pass_observed,none,4000,1.0,0.99725,"{""control_contamination_limited"":1179,""directionality_limited"":0,""effect_limited"":0,""effective_support_limited"":0,""specificity_limited"":0,""statistical_resolution_limited"":0,""structurally_unavailable"":0}","{""control_contamination_limited"":0.7072499999999999,""directionality_limited"":0.0,""effect_limited"":0.0005,""effective_support_limited"":0.0052499999999999995,""specificity_limited"":0.39725,""statistical_resolution_limited"":0.07075000000000001,""structurally_unavailable"":0.001375}","{""cluster_uncertainty_pass"":0,""complement_admissible_pass"":0,""control_adjusted_contrast_pass"":1179,""control_specificity_pass"":0,""effect_direction_reproduced_pass"":0,""minimum_effect_pass"":0,""multiplicity_adjusted_threshold_pass"":0,""raw_statistical_threshold_pass"":0,""support_available_pass"":0,""target_contrast_positive_pass"":0}",0.289,0.252
03ef63db7584762143dc3914,three_way__no_window,114bd7932e0008f8ef79,three_way,no_window,fl3_entitlement_capped,discovery,joint_gaussian_regularized_cluster,measurement_missingness_concentration,1.0,1.0,6,False,empirically_passable,complete_pass_observed,none,4000,1.0,0.999,"{""control_contamination_limited"":1170,""directionality_limited"":0,""effect_limited"":0,""effective_support_limited"":0,""specificity_limited"":0,""statistical_resolution_limited"":0,""structurally_unavailable"":0}","{""control_contamination_limited"":0.6875,""directionality_limited"":0.0,""effect_limited"":0.0,""effective_support_limited"":0.0015,""specificity_limited"":0.38075000000000003,""statistical_resolution_limited"":0.059500000000000004,""structurally_unavailable"":0.0005}","{""cluster_uncertainty_pass"":0,""complement_admissible_pass"":0,""control_adjusted_contrast_pass"":1170,""control_specificity_pass"":0,""effect_direction_reproduced_pass"":0,""minimum_effect_pass"":0,""multiplicity_adjusted_threshold_pass"":0,""raw_statistical_threshold_pass"":0,""support_available_pass"":0,""target_contrast_positive_pass"":0}",0.303,0.297
03ef63db7584762143dc3914,three_way__no_window,114bd7932e0008f8ef79,three_way,no_window,fl3_entitlement_capped,discovery,joint_gaussian_regularized_cluster,measurement_missingness_concentration,1.5,1.0,6,False,empirically_passable,complete_pass_observed,none,4000,1.0,0.9995,"{""control_contamination_limited"":1239,""directionality_limited"":0,""effect_limited"":0,""effective_support_limited"":0,""specificity_limited"":0,""statistical_resolution_limited"":0,""structurally_unavailable"":0}","{""control_contamination_limited"":0.7132499999999999,""directionality_limited"":0.0,""effect_limited"":0.0,""effective_support_limited"":0.0005,""specificity_limited"":0.391,""statistical_resolution_limited"":0.0465,""structurally_unavailable"":0.00025}","{""cluster_uncertainty_pass"":0,""complement_admissible_pass"":0,""control_adjusted_contrast_pass"":1239,""control_specificity_pass"":0,""effect_direction_reproduced_pass"":0,""minimum_effect_pass"":0,""multiplicity_adjusted_threshold_pass"":0,""raw_statistical_threshold_pass"":0,""support_available_pass"":0,""target_contrast_positive_pass"":0}",0.282,0.252
03ef63db7584762143dc3914,three_way__no_window,114bd7932e0008f8ef79,three_way,no_window,fl3_entitlement_capped,discovery,joint_gaussian_regularized_cluster,measurement_missingness_concentration,2.0,1.0,6,False,empirically_passable,complete_pass_observed,none,4000,1.0,0.99925,"{""control_contamination_limited"":1321,""directionality_limited"":0,""effect_limited"":0,""effective_support_limited"":0,""specificity_limited"":0,""statistical_resolution_limited"":0,""structurally_unavailable"":0}","{""control_contamination_limited"":0.7305,""directionality_limited"":0.0,""effect_limited"":0.0,""effective_support_limited"":0.00075,""specificity_limited"":0.38875000000000004,""statistical_resolution_limited"":0.04775,""structurally_unavailable"":0.000375}","{""cluster_uncertainty_pass"":0,""complement_admissible_pass"":0,""control_adjusted_contrast_pass"":1321,""control_specificity_pass"":0,""effect_direction_reproduced_pass"":0,""minimum_effect_pass"":0,""multiplicity_adjusted_threshold_pass"":0,""raw_statistical_threshold_pass"":0,""support_available_pass"":0,""target_contrast_positive_pass"":0}",0.26,0.238
1cce3e5fe7c50070e58676c9,Cp2_vs_Cp3__strict_numeric_all,0262d70dda595cb6cda6,Cp2_vs_Cp3,strict_numeric_all,fl3_entitlement_capped,discovery,joint_gaussian_regularized_cluster,measurement_missingness_concentration,0.25,0.0,6,False,empirically_passable,complete_pass_observed,none,4000,0.99975,0.99425,"{""control_contamination_limited"":0,""directionality_limited"":0,""effect_limited"":2,""effective_support_limited"":0,""specificity_limited"":0,""statistical_resolution_limited"":0,""structurally_unavailable"":0}","{""control_contamination_limited"":0.1375,""directionality_limited"":0.10250000000000001,""effect_limited"":0.2665,""effective_support_limited"":0.57975,""specificity_limited"":0.10250000000000001,""statistical_resolution_limited"":0.9317500000000001,""structurally_unavailable"":0.003}","{""cluster_uncertainty_pass"":0,""complement_admissible_pass"":0,""control_adjusted_contrast_pass"":0,""control_specificity_pass"":0,""effect_direction_reproduced_pass"":0,""minimum_effect_pass"":2,""multiplicity_adjusted_threshold_pass"":0,""raw_statistical_threshold_pass"":0,""support_available_pass"":0,""target_contrast_positive_pass"":0}",0.146,0.146
1cce3e5fe7c50070e58676c9,Cp2_vs_Cp3__strict_numeric_all,0262d70dda595cb6cda6,Cp2_vs_Cp3,strict_numeric_all,fl3_entitlement_capped,discovery,joint_gaussian_regularized_cluster,measurement_missingness_concentration,0.5,0.0,6,False,empirically_passable,complete_pass_observed,none,4000,0.99975,0.99125,"{""control_contamination_limited"":0,""directionality_limited"":0,""effect_limited"":0,""effective_support_limited"":0,""specificity_limited"":0,""statistical_resolution_limited"":0,""structurally_unavailable"":0}","{""control_contamination_limited"":0.0905,""directionality_limited"":0.09,""effect_limited"":0.09924999999999999,""effective_support_limited"":0.392,""specificity_limited"":0.09,""statistical_resolution_limited"":0.861,""structurally_unavailable"":0.0045000000000000005}","{""cluster_uncertainty_pass"":0,""complement_admissible_pass"":0,""control_adjusted_contrast_pass"":0,""control_specificity_pass"":0,""effect_direction_reproduced_pass"":0,""minimum_effect_pass"":0,""multiplicity_adjusted_threshold_pass"":0,""raw_statistical_threshold_pass"":0,""support_available_pass"":0,""target_contrast_positive_pass"":0}",0.28,0.28
1cce3e5fe7c50070e58676c9,Cp2_vs_Cp3__strict_numeric_all,0262d70dda595cb6cda6,Cp2_vs_Cp3,strict_numeric_all,fl3_entitlement_capped,discovery,joint_gaussian_regularized_cluster,measurement_missingness_concentration,0.75,0.0,6,False,empirically_passable,complete_pass_observed,none,4000,1.0,0.9952500000000001,"{""control_contamination_limited"":0,""directionality_limited"":0,""effect_limited"":0,""effective_support_limited"":0,""specificity_limited"":0,""statistical_resolution_limited"":0,""structurally_unavailable"":0}","{""control_contamination_limited"":0.08449999999999999,""directionality_limited"":0.08449999999999999,""effect_limited"":0.08524999999999999,""effective_support_limited"":0.337,""specificity_limited"":0.08449999999999999,""statistical_resolution_limited"":0.8242499999999999,""structurally_unavailable"":0.0023750000000000004}","{""cluster_uncertainty_pass"":0,""complement_admissible_pass"":0,""control_adjusted_contrast_pass"":0,""control_specificity_pass"":0,""effect_direction_reproduced_pass"":0,""minimum_effect_pass"":0,""multiplicity_adjusted_threshold_pass"":0,""raw_statistical_threshold_pass"":0,""support_available_pass"":0,""target_contrast_positive_pass"":0}",0.335,0.335
1cce3e5fe7c50070e58676c9,Cp2_vs_Cp3__strict_numeric_all,0262d70dda595cb6cda6,Cp2_vs_Cp3,strict_numeric_all,fl3_entitlement_capped,discovery,joint_gaussian_regularized_cluster,measurement_missingness_concentration,1.0,0.0,6,False,empirically_passable,complete_pass_observed,none,4000,1.0,0.99175,"{""control_contamination_limited"":0,""directionality_limited"":0,""effect_limited"":0,""effective_support_limited"":0,""specificity_limited"":0,""statistical_resolution_limited"":0,""structurally_unavailable"":0}","{""control_contamination_limited"":0.09350000000000001,""directionality_limited"":0.09350000000000001,""effect_limited"":0.09375000000000001,""effective_support_limited"":0.33725000000000005,""specificity_limited"":0.09350000000000001,""statistical_resolution_limited"":0.82325,""structurally_unavailable"":0.004125}","{""cluster_uncertainty_pass"":0,""complement_admissible_pass"":0,""control_adjusted_contrast_pass"":0,""control_specificity_pass"":0,""effect_direction_reproduced_pass"":0,""minimum_effect_pass"":0,""multiplicity_adjusted_threshold_pass"":0,""raw_statistical_threshold_pass"":0,""support_available_pass"":0,""target_contrast_positive_pass"":0}",0.333,0.333
1cce3e5fe7c50070e58676c9,Cp2_vs_Cp3__strict_numeric_all,0262d70dda595cb6cda6,Cp2_vs_Cp3,strict_numeric_all,fl3_entitlement_capped,discovery,joint_gaussian_regularized_cluster,measurement_missingness_concentration,1.5,0.0,6,False,empirically_passable,complete_pass_observed,none,4000,1.0,0.99575,"{""control_contamination_limited"":0,""directionality_limited"":0,""effect_limited"":0,""effective_support_limited"":0,""specificity_limited"":0,""statistical_resolution_limited"":0,""structurally_unavailable"":0}","{""control_contamination_limited"":0.09325,""directionality_limited"":0.09325,""effect_limited"":0.09325,""effective_support_limited"":0.32399999999999995,""specificity_limited"":0.09325,""statistical_resolution_limited"":0.8005,""structurally_unavailable"":0.002125}","{""cluster_uncertainty_pass"":0,""complement_admissible_pass"":0,""control_adjusted_contrast_pass"":0,""control_specificity_pass"":0,""effect_direction_reproduced_pass"":0,""minimum_effect_pass"":0,""multiplicity_adjusted_threshold_pass"":0,""raw_statistical_threshold_pass"":0,""support_available_pass"":0,""target_contrast_positive_pass"":0}",0.383,0.383
1cce3e5fe7c50070e58676c9,Cp2_vs_Cp3__strict_numeric_all,0262d70dda595cb6cda6,Cp2_vs_Cp3,strict_numeric_all,fl3_entitlement_capped,discovery,joint_gaussian_regularized_cluster,measurement_missingness_concentration,2.0,0.0,6,False,empirically_passable,complete_pass_observed,none,4000,1.0,0.99425,"{""control_contamination_limited"":0,""directionality_limited"":0,""effect_limited"":0,""effective_support_limited"":0,""specificity_limited"":0,""statistical_resolution_limited"":0,""structurally_unavailable"":0}","{""control_contamination_limited"":0.08700000000000001,""directionality_limited"":0.08700000000000001,""effect_limited"":0.08700000000000001,""effective_support_limited"":0.34099999999999997,""specificity_limited"":0.08700000000000001,""statistical_resolution_limited"":0.84975,""structurally_unavailable"":0.002875}","{""cluster_uncertainty_pass"":0,""complement_admissible_pass"":0,""control_adjusted_contrast_pass"":0,""control_specificity_pass"":0,""effect_direction_reproduced_pass"":0,""minimum_effect_pass"":0,""multiplicity_adjusted_threshold_pass"":0,""raw_statistical_threshold_pass"":0,""support_available_pass"":0,""target_contrast_positive_pass"":0}",0.304,0.304
1cce3e5fe7c50070e58676c9,Cp2_vs_Cp3__strict_numeric_all,0262d70dda595cb6cda6,Cp2_vs_Cp3,strict_numeric_all,fl3_entitlement_capped,discovery,joint_gaussian_regularized_cluster,measurement_missingness_concentration,0.25,0.25,6,False,empirically_passable,complete_pass_observed,none,4000,0.9995,0.9935,"{""control_contamination_limited"":0,""directionality_limited"":0,""effect_limited"":0,""effective_support_limited"":0,""specificity_limited"":0,""statistical_resolution_limited"":0,""structurally_unavailable"":0}","{""control_contamination_limited"":0.24925,""directionality_limited"":0.09975,""effect_limited"":0.27225,""effective_support_limited"":0.5920000000000001,""specificity_limited"":0.12825,""statistical_resolution_limited"":0.94225,""structurally_unavailable"":0.0035}","{""cluster_uncertainty_pass"":0,""complement_admissible_pass"":0,""control_adjusted_contrast_pass"":0,""control_specificity_pass"":0,""effect_direction_reproduced_pass"":0,""minimum_effect_pass"":0,""multiplicity_adjusted_threshold_pass"":0,""raw_statistical_threshold_pass"":0,""support_available_pass"":0,""target_contrast_positive_pass"":0}",0.125,0.125
1cce3e5fe7c50070e58676c9,Cp2_vs_Cp3__strict_numeric_all,0262d70dda595cb6cda6,Cp2_vs_Cp3,strict_numeric_all,fl3_entitlement_capped,discovery,joint_gaussian_regularized_cluster,measurement_missingness_concentration,0.5,0.25,6,False,empirically_passable,complete_pass_observed,none,4000,1.0,0.99725,"{""control_contamination_limited"":6,""directionality_limited"":0,""effect_limited"":0,""effective_support_limited"":0,""specificity_limited"":0,""statistical_resolution_limited"":0,""structurally_unavailable"":0}","{""control_contamination_limited"":0.115,""directionality_limited"":0.07875,""effect_limited"":0.09025,""effective_support_limited"":0.39825000000000005,""specificity_limited"":0.087,""statistical_resolution_limited"":0.86375,""structurally_unavailable"":0.001375}","{""cluster_uncertainty_pass"":0,""complement_admissible_pass"":0,""control_adjusted_contrast_pass"":6,""control_specificity_pass"":0,""effect_direction_reproduced_pass"":0,""minimum_effect_pass"":0,""multiplicity_adjusted_threshold_pass"":0,""raw_statistical_threshold_pass"":0,""support_available_pass"":0,""target_contrast_positive_pass"":0}",0.278,0.278
1cce3e5fe7c50070e58676c9,Cp2_vs_Cp3__strict_numeric_all,0262d70dda595cb6cda6,Cp2_vs_Cp3,strict_numeric_all,fl3_entitlement_capped,discovery,joint_gaussian_regularized_cluster,measurement_missingness_concentration,0.75,0.25,6,False,empirically_passable,complete_pass_observed,none,4000,0.9995,0.99575,"{""control_contamination_limited"":1,""directionality_limited"":0,""effect_limited"":0,""effective_support_limited"":0,""specificity_limited"":0,""statistical_resolution_limited"":0,""structurally_unavailable"":0}","{""control_contamination_limited"":0.11124999999999999,""directionality_limited"":0.09575,""effect_limited"":0.09675,""effective_support_limited"":0.337,""specificity_limited"":0.09925,""statistical_resolution_limited"":0.81725,""structurally_unavailable"":0.0023750000000000004}","{""cluster_uncertainty_pass"":0,""complement_admissible_pass"":0,""control_adjusted_contrast_pass"":1,""control_specificity_pass"":0,""effect_direction_reproduced_pass"":0,""minimum_effect_pass"":0,""multiplicity_adjusted_threshold_pass"":0,""raw_statistical_threshold_pass"":0,""support_available_pass"":0,""target_contrast_positive_pass"":0}",0.327,0.327
1cce3e5fe7c50070e58676c9,Cp2_vs_Cp3__strict_numeric_all,0262d70dda595cb6cda6,Cp2_vs_Cp3,strict_numeric_all,fl3_entitlement_capped,discovery,joint_gaussian_regularized_cluster,measurement_missingness_concentration,1.0,0.25,6,False,empirically_passable,complete_pass_observed,none,4000,1.0,0.99675,"{""control_contamination_limited"":0,""directionality_limited"":0,""effect_limited"":0,""effective_support_limited"":0,""specificity_limited"":0,""statistical_resolution_limited"":0,""structurally_unavailable"":0}","{""control_contamination_limited"":0.11174999999999999,""directionality_limited"":0.10475000000000001,""effect_limited"":0.10475000000000001,""effective_support_limited"":0.341,""specificity_limited"":0.10650000000000001,""statistical_resolution_limited"":0.82525,""structurally_unavailable"":0.0016250000000000001}","{""cluster_uncertainty_pass"":0,""complement_admissible_pass"":0,""control_adjusted_contrast_pass"":0,""control_specificity_pass"":0,""effect_direction_reproduced_pass"":0,""minimum_effect_pass"":0,""multiplicity_adjusted_threshold_pass"":0,""raw_statistical_threshold_pass"":0,""support_available_pass"":0,""target_contrast_positive_pass"":0}",0.33,0.33
1cce3e5fe7c50070e58676c9,Cp2_vs_Cp3__strict_numeric_all,0262d70dda595cb6cda6,Cp2_vs_Cp3,strict_numeric_all,fl3_entitlement_capped,discovery,joint_gaussian_regularized_cluster,measurement_missingness_concentration,1.5,0.25,6,False,empirically_passable,complete_pass_observed,none,4000,0.99975,0.9944999999999999,"{""control_contamination_limited"":0,""directionality_limited"":0,""effect_limited"":0,""effective_support_limited"":0,""specificity_limited"":0,""statistical_resolution_limited"":0,""structurally_unavailable"":0}","{""control_contamination_limited"":0.0975,""directionality_limited"":0.09575,""effect_limited"":0.09575,""effective_support_limited"":0.32875,""specificity_limited"":0.09575,""statistical_resolution_limited"":0.8275,""structurally_unavailable"":0.002875}","{""cluster_uncertainty_pass"":0,""complement_admissible_pass"":0,""control_adjusted_contrast_pass"":0,""control_specificity_pass"":0,""effect_direction_reproduced_pass"":0,""minimum_effect_pass"":0,""multiplicity_adjusted_threshold_pass"":0,""raw_statistical_threshold_pass"":0,""support_available_pass"":0,""target_contrast_positive_pass"":0}",0.338,0.338
1cce3e5fe7c50070e58676c9,Cp2_vs_Cp3__strict_numeric_all,0262d70dda595cb6cda6,Cp2_vs_Cp3,strict_numeric_all,fl3_entitlement_capped,discovery,joint_gaussian_regularized_cluster,measurement_missingness_concentration,2.0,0.25,6,False,empirically_passable,complete_pass_observed,none,4000,1.0,0.993,"{""control_contamination_limited"":0,""directionality_limited"":0,""effect_limited"":0,""effective_support_limited"":0,""specificity_limited"":0,""statistical_resolution_limited"":0,""structurally_unavailable"":0}","{""control_contamination_limited"":0.095,""directionality_limited"":0.094,""effect_limited"":0.094,""effective_support_limited"":0.32425000000000004,""specificity_limited"":0.094,""statistical_resolution_limited"":0.8075,""structurally_unavailable"":0.0034999999999999996}","{""cluster_uncertainty_pass"":0,""complement_admissible_pass"":0,""control_adjusted_contrast_pass"":0,""control_specificity_pass"":0,""effect_direction_reproduced_pass"":0,""minimum_effect_pass"":0,""multiplicity_adjusted_threshold_pass"":0,""raw_statistical_threshold_pass"":0,""support_available_pass"":0,""target_contrast_positive_pass"":0}",0.364,0.364
1cce3e5fe7c50070e58676c9,Cp2_vs_Cp3__strict_numeric_all,0262d70dda595cb6cda6,Cp2_vs_Cp3,strict_numeric_all,fl3_entitlement_capped,discovery,joint_gaussian_regularized_cluster,measurement_missingness_concentration,0.25,0.5,6,False,empirically_passable,complete_pass_observed,none,4000,0.99975,0.9935,"{""control_contamination_limited"":25,""directionality_limited"":0,""effect_limited"":0,""effective_support_limited"":0,""specificity_limited"":0,""statistical_resolution_limited"":0,""structurally_unavailable"":0}","{""control_contamination_limited"":0.4115,""directionality_limited"":0.10025,""effect_limited"":0.259,""effective_support_limited"":0.58625,""specificity_limited"":0.21375000000000002,""statistical_resolution_limited"":0.93625,""structurally_unavailable"":0.003375}","{""cluster_uncertainty_pass"":0,""complement_admissible_pass"":0,""control_adjusted_contrast_pass"":25,""control_specificity_pass"":0,""effect_direction_reproduced_pass"":0,""minimum_effect_pass"":0,""multiplicity_adjusted_threshold_pass"":0,""raw_statistical_threshold_pass"":0,""support_available_pass"":0,""target_contrast_positive_pass"":0}",0.123,0.123
1cce3e5fe7c50070e58676c9,Cp2_vs_Cp3__strict_numeric_all,0262d70dda595cb6cda6,Cp2_vs_Cp3,strict_numeric_all,fl3_entitlement_capped,discovery,joint_gaussian_regularized_cluster,measurement_missingness_concentration,0.5,0.5,6,False,empirically_passable,complete_pass_observed,none,4000,1.0,0.9925,"{""control_contamination_limited"":25,""directionality_limited"":0,""effect_limited"":0,""effective_support_limited"":0,""specificity_limited"":0,""statistical_resolution_limited"":0,""structurally_unavailable"":0}","{""control_contamination_limited"":0.24975,""directionality_limited"":0.088,""effect_limited"":0.0965,""effective_support_limited"":0.38875000000000004,""specificity_limited"":0.14375,""statistical_resolution_limited"":0.86025,""structurally_unavailable"":0.0037500000000000003}","{""cluster_uncertainty_pass"":0,""complement_admissible_pass"":0,""control_adjusted_contrast_pass"":25,""control_specificity_pass"":0,""effect_direction_reproduced_pass"":0,""minimum_effect_pass"":0,""multiplicity_adjusted_threshold_pass"":0,""raw_statistical_threshold_pass"":0,""support_available_pass"":0,""target_contrast_positive_pass"":0}",0.254,0.254
1cce3e5fe7c50070e58676c9,Cp2_vs_Cp3__strict_numeric_all,0262d70dda595cb6cda6,Cp2_vs_Cp3,strict_numeric_all,fl3_entitlement_capped,discovery,joint_gaussian_regularized_cluster,measurement_missingness_concentration,0.75,0.5,6,False,empirically_passable,complete_pass_observed,none,4000,1.0,0.995,"{""control_contamination_limited"":20,""directionality_limited"":0,""effect_limited"":0,""effective_support_limited"":0,""specificity_limited"":0,""statistical_resolution_limited"":0,""structurally_unavailable"":0}","{""control_contamination_limited"":0.20325000000000001,""directionality_limited"":0.094,""effect_limited"":0.09425,""effective_support_limited"":0.34175,""specificity_limited"":0.13175,""statistical_resolution_limited"":0.82925,""structurally_unavailable"":0.0025}","{""cluster_uncertainty_pass"":0,""complement_admissible_pass"":0,""control_adjusted_contrast_pass"":20,""control_specificity_pass"":0,""effect_direction_reproduced_pass"":0,""minimum_effect_pass"":0,""multiplicity_adjusted_threshold_pass"":0,""raw_statistical_threshold_pass"":0,""support_available_pass"":0,""target_contrast_positive_pass"":0}",0.32,0.32
1cce3e5fe7c50070e58676c9,Cp2_vs_Cp3__strict_numeric_all,0262d70dda595cb6cda6,Cp2_vs_Cp3,strict_numeric_all,fl3_entitlement_capped,discovery,joint_gaussian_regularized_cluster,measurement_missingness_concentration,1.0,0.5,6,False,empirically_passable,complete_pass_observed,none,4000,0.9995,0.99175,"{""control_contamination_limited"":24,""directionality_limited"":0,""effect_limited"":0,""effective_support_limited"":0,""specificity_limited"":0,""statistical_resolution_limited"":0,""structurally_unavailable"":0}","{""control_contamination_limited"":0.16949999999999998,""directionality_limited"":0.09175,""effect_limited"":0.09175,""effective_support_limited"":0.33425000000000005,""specificity_limited"":0.12,""statistical_resolution_limited"":0.82625,""structurally_unavailable"":0.004375}","{""cluster_uncertainty_pass"":0,""complement_admissible_pass"":0,""control_adjusted_contrast_pass"":24,""control_specificity_pass"":0,""effect_direction_reproduced_pass"":0,""minimum_effect_pass"":0,""multiplicity_adjusted_threshold_pass"":0,""raw_statistical_threshold_pass"":0,""support_available_pass"":0,""target_contrast_positive_pass"":0}",0.326,0.326
1cce3e5fe7c50070e58676c9,Cp2_vs_Cp3__strict_numeric_all,0262d70dda595cb6cda6,Cp2_vs_Cp3,strict_numeric_all,fl3_entitlement_capped,discovery,joint_gaussian_regularized_cluster,measurement_missingness_concentration,1.5,0.5,6,False,empirically_passable,complete_pass_observed,none,4000,0.99975,0.99125,"{""control_contamination_limited"":15,""directionality_limited"":0,""effect_limited"":0,""effective_support_limited"":0,""specificity_limited"":0,""statistical_resolution_limited"":0,""structurally_unavailable"":0}","{""control_contamination_limited"":0.15925,""directionality_limited"":0.10425000000000001,""effect_limited"":0.10425,""effective_support_limited"":0.33175,""specificity_limited"":0.1205,""statistical_resolution_limited"":0.83325,""structurally_unavailable"":0.0045000000000000005}","{""cluster_uncertainty_pass"":0,""complement_admissible_pass"":0,""control_adjusted_contrast_pass"":15,""control_specificity_pass"":0,""effect_direction_reproduced_pass"":0,""minimum_effect_pass"":0,""multiplicity_adjusted_threshold_pass"":0,""raw_statistical_threshold_pass"":0,""support_available_pass"":0,""target_contrast_positive_pass"":0}",0.319,0.319
1cce3e5fe7c50070e58676c9,Cp2_vs_Cp3__strict_numeric_all,0262d70dda595cb6cda6,Cp2_vs_Cp3,strict_numeric_all,fl3_entitlement_capped,discovery,joint_gaussian_regularized_cluster,measurement_missingness_concentration,2.0,0.5,6,False,empirically_passable,complete_pass_observed,none,4000,1.0,0.9955,"{""control_contamination_limited"":2,""directionality_limited"":0,""effect_limited"":0,""effective_support_limited"":0,""specificity_limited"":0,""statistical_resolution_limited"":0,""structurally_unavailable"":0}","{""control_contamination_limited"":0.1295,""directionality_limited"":0.09875,""effect_limited"":0.09875,""effective_support_limited"":0.34125,""specificity_limited"":0.10800000000000001,""statistical_resolution_limited"":0.83225,""structurally_unavailable"":0.00225}","{""cluster_uncertainty_pass"":0,""complement_admissible_pass"":0,""control_adjusted_contrast_pass"":2,""control_specificity_pass"":0,""effect_direction_reproduced_pass"":0,""minimum_effect_pass"":0,""multiplicity_adjusted_threshold_pass"":0,""raw_statistical_threshold_pass"":0,""support_available_pass"":0,""target_contrast_positive_pass"":0}",0.333,0.333
1cce3e5fe7c50070e58676c9,Cp2_vs_Cp3__strict_numeric_all,0262d70dda595cb6cda6,Cp2_vs_Cp3,strict_numeric_all,fl3_entitlement_capped,discovery,joint_gaussian_regularized_cluster,measurement_missingness_concentration,0.25,1.0,6,False,empirically_passable,complete_pass_observed,none,4000,1.0,0.99525,"{""control_contamination_limited"":93,""directionality_limited"":0,""effect_limited"":0,""effective_support_limited"":0,""specificity_limited"":0,""statistical_resolution_limited"":0,""structurally_unavailable"":0}","{""control_contamination_limited"":0.7285,""directionality_limited"":0.10700000000000001,""effect_limited"":0.25475,""effective_support_limited"":0.5742499999999999,""specificity_limited"":0.47775,""statistical_resolution_limited"":0.94075,""structurally_unavailable"":0.002375}","{""cluster_uncertainty_pass"":0,""complement_admissible_pass"":0,""control_adjusted_contrast_pass"":93,""control_specificity_pass"":0,""effect_direction_reproduced_pass"":0,""minimum_effect_pass"":0,""multiplicity_adjusted_threshold_pass"":0,""raw_statistical_threshold_pass"":0,""support_available_pass"":0,""target_contrast_positive_pass"":0}",0.055,0.055
1cce3e5fe7c50070e58676c9,Cp2_vs_Cp3__strict_numeric_all,0262d70dda595cb6cda6,Cp2_vs_Cp3,strict_numeric_all,fl3_entitlement_capped,discovery,joint_gaussian_regularized_cluster,measurement_missingness_concentration,0.5,1.0,6,False,empirically_passable,complete_pass_observed,none,4000,1.0,0.99375,"{""control_contamination_limited"":189,""directionality_limited"":0,""effect_limited"":0,""effective_support_limited"":0,""specificity_limited"":0,""statistical_resolution_limited"":0,""structurally_unavailable"":0}","{""control_contamination_limited"":0.7015,""directionality_limited"":0.08850000000000001,""effect_limited"":0.1015,""effective_support_limited"":0.40900000000000003,""specificity_limited"":0.481,""statistical_resolution_limited"":0.85725,""structurally_unavailable"":0.003125}","{""cluster_uncertainty_pass"":0,""complement_admissible_pass"":0,""control_adjusted_contrast_pass"":189,""control_specificity_pass"":0,""effect_direction_reproduced_pass"":0,""minimum_effect_pass"":0,""multiplicity_adjusted_threshold_pass"":0,""raw_statistical_threshold_pass"":0,""support_available_pass"":0,""target_contrast_positive_pass"":0}",0.102,0.102
1cce3e5fe7c50070e58676c9,Cp2_vs_Cp3__strict_numeric_all,0262d70dda595cb6cda6,Cp2_vs_Cp3,strict_numeric_all,fl3_entitlement_capped,discovery,joint_gaussian_regularized_cluster,measurement_missingness_concentration,0.75,1.0,6,False,empirically_passable,complete_pass_observed,none,4000,1.0,0.99575,"{""control_contamination_limited"":244,""directionality_limited"":0,""effect_limited"":0,""effective_support_limited"":0,""specificity_limited"":0,""statistical_resolution_limited"":0,""structurally_unavailable"":0}","{""control_contamination_limited"":0.6905,""directionality_limited"":0.07925,""effect_limited"":0.07975,""effective_support_limited"":0.32825,""specificity_limited"":0.466,""statistical_resolution_limited"":0.8245,""structurally_unavailable"":0.002125}","{""cluster_uncertainty_pass"":0,""complement_admissible_pass"":0,""control_adjusted_contrast_pass"":244,""control_specificity_pass"":0,""effect_direction_reproduced_pass"":0,""minimum_effect_pass"":0,""multiplicity_adjusted_threshold_pass"":0,""raw_statistical_threshold_pass"":0,""support_available_pass"":0,""target_contrast_positive_pass"":0}",0.1,0.1
1cce3e5fe7c50070e58676c9,Cp2_vs_Cp3__strict_numeric_all,0262d70dda595cb6cda6,Cp2_vs_Cp3,strict_numeric_all,fl3_entitlement_capped,discovery,joint_gaussian_regularized_cluster,measurement_missingness_concentration,1.0,1.0,6,False,empirically_passable,complete_pass_observed,none,4000,1.0,0.993,"{""control_contamination_limited"":191,""directionality_limited"":0,""effect_limited"":0,""effective_support_limited"":0,""specificity_limited"":0,""statistical_resolution_limited"":0,""structurally_unavailable"":0}","{""control_contamination_limited"":0.68775,""directionality_limited"":0.08800000000000001,""effect_limited"":0.08825,""effective_support_limited"":0.327,""specificity_limited"":0.47125,""statistical_resolution_limited"":0.82775,""structurally_unavailable"":0.0035}","{""cluster_uncertainty_pass"":0,""complement_admissible_pass"":0,""control_adjusted_contrast_pass"":191,""control_specificity_pass"":0,""effect_direction_reproduced_pass"":0,""minimum_effect_pass"":0,""multiplicity_adjusted_threshold_pass"":0,""raw_statistical_threshold_pass"":0,""support_available_pass"":0,""target_contrast_positive_pass"":0}",0.108,0.108
1cce3e5fe7c50070e58676c9,Cp2_vs_Cp3__strict_numeric_all,0262d70dda595cb6cda6,Cp2_vs_Cp3,strict_numeric_all,fl3_entitlement_capped,discovery,joint_gaussian_regularized_cluster,measurement_missingness_concentration,1.5,1.0,6,False,empirically_passable,complete_pass_observed,none,4000,0.99975,0.99425,"{""control_contamination_limited"":193,""directionality_limited"":0,""effect_limited"":0,""effective_support_limited"":0,""specificity_limited"":0,""statistical_resolution_limited"":0,""structurally_unavailable"":0}","{""control_contamination_limited"":0.7045,""directionality_limited"":0.096,""effect_limited"":0.096,""effective_support_limited"":0.33425,""specificity_limited"":0.47175,""statistical_resolution_limited"":0.82325,""structurally_unavailable"":0.003}","{""cluster_uncertainty_pass"":0,""complement_admissible_pass"":0,""control_adjusted_contrast_pass"":193,""control_specificity_pass"":0,""effect_direction_reproduced_pass"":0,""minimum_effect_pass"":0,""multiplicity_adjusted_threshold_pass"":0,""raw_statistical_threshold_pass"":0,""support_available_pass"":0,""target_contrast_positive_pass"":0}",0.093,0.093
1cce3e5fe7c50070e58676c9,Cp2_vs_Cp3__strict_numeric_all,0262d70dda595cb6cda6,Cp2_vs_Cp3,strict_numeric_all,fl3_entitlement_capped,discovery,joint_gaussian_regularized_cluster,measurement_missingness_concentration,2.0,1.0,6,False,empirically_passable,complete_pass_observed,none,4000,0.99975,0.9944999999999999,"{""control_contamination_limited"":268,""directionality_limited"":0,""effect_limited"":0,""effective_support_limited"":0,""specificity_limited"":0,""statistical_resolution_limited"":0,""structurally_unavailable"":0}","{""control_contamination_limited"":0.73675,""directionality_limited"":0.09475,""effect_limited"":0.09475,""effective_support_limited"":0.32975000000000004,""specificity_limited"":0.48924999999999996,""statistical_resolution_limited"":0.81375,""structurally_unavailable"":0.0028750000000000004}","{""cluster_uncertainty_pass"":0,""complement_admissible_pass"":0,""control_adjusted_contrast_pass"":268,""control_specificity_pass"":0,""effect_direction_reproduced_pass"":0,""minimum_effect_pass"":0,""multiplicity_adjusted_threshold_pass"":0,""raw_statistical_threshold_pass"":0,""support_available_pass"":0,""target_contrast_positive_pass"":0}",0.073,0.073
fe17c18b39eb86c6e9f982bd,C_vs_Cp3__path_shares_only,28ecf7e42b861405b6b3,C_vs_Cp3,path_shares_only,fl3_entitled,discovery,joint_gaussian_regularized_cluster,measurement_missingness_concentration,0.25,0.0,6,False,empirically_passable,complete_pass_observed,none,4000,1.0,0.99975,"{""control_contamination_limited"":0,""directionality_limited"":0,""effect_limited"":0,""effective_support_limited"":0,""specificity_limited"":0,""statistical_resolution_limited"":0,""structurally_unavailable"":0}","{""control_contamination_limited"":0.05225,""directionality_limited"":0.0225,""effect_limited"":0.18600000000000003,""effective_support_limited"":0.41600000000000004,""specificity_limited"":0.0225,""statistical_resolution_limited"":0.67125,""structurally_unavailable"":0.000125}","{""cluster_uncertainty_pass"":0,""complement_admissible_pass"":0,""control_adjusted_contrast_pass"":0,""control_specificity_pass"":0,""effect_direction_reproduced_pass"":0,""minimum_effect_pass"":0,""multiplicity_adjusted_threshold_pass"":0,""raw_statistical_threshold_pass"":0,""support_available_pass"":0,""target_contrast_positive_pass"":0}",0.578,0.578
fe17c18b39eb86c6e9f982bd,C_vs_Cp3__path_shares_only,28ecf7e42b861405b6b3,C_vs_Cp3,path_shares_only,fl3_entitled,discovery,joint_gaussian_regularized_cluster,measurement_missingness_concentration,0.5,0.0,6,False,empirically_passable,complete_pass_observed,none,4000,1.0,0.99975,"{""control_contamination_limited"":0,""directionality_limited"":0,""effect_limited"":0,""effective_support_limited"":0,""specificity_limited"":0,""statistical_resolution_limited"":0,""structurally_unavailable"":0}","{""control_contamination_limited"":0.0022500000000000003,""directionality_limited"":0.0015,""effect_limited"":0.0185,""effective_support_limited"":0.116,""specificity_limited"":0.0015,""statistical_resolution_limited"":0.32175,""structurally_unavailable"":0.000125}","{""cluster_uncertainty_pass"":0,""complement_admissible_pass"":0,""control_adjusted_contrast_pass"":0,""control_specificity_pass"":0,""effect_direction_reproduced_pass"":0,""minimum_effect_pass"":0,""multiplicity_adjusted_threshold_pass"":0,""raw_statistical_threshold_pass"":0,""support_available_pass"":0,""target_contrast_positive_pass"":0}",0.923,0.923
fe17c18b39eb86c6e9f982bd,C_vs_Cp3__path_shares_only,28ecf7e42b861405b6b3,C_vs_Cp3,path_shares_only,fl3_entitled,discovery,joint_gaussian_regularized_cluster,measurement_missingness_concentration,0.75,0.0,6,False,empirically_passable,complete_pass_observed,none,4000,1.0,1.0,"{""control_contamination_limited"":0,""directionality_limited"":0,""effect_limited"":0,""effective_support_limited"":0,""specificity_limited"":0,""statistical_resolution_limited"":0,""structurally_unavailable"":0}","{""control_contamination_limited"":0.0,""directionality_limited"":0.0,""effect_limited"":0.001,""effective_support_limited"":0.035500000000000004,""specificity_limited"":0.0,""statistical_resolution_limited"":0.1655,""structurally_unavailable"":0.0}","{""cluster_uncertainty_pass"":0,""complement_admissible_pass"":0,""control_adjusted_contrast_pass"":0,""control_specificity_pass"":0,""effect_direction_reproduced_pass"":0,""minimum_effect_pass"":0,""multiplicity_adjusted_threshold_pass"":0,""raw_statistical_threshold_pass"":0,""support_available_pass"":0,""target_contrast_positive_pass"":0}",0.984,0.984
fe17c18b39eb86c6e9f982bd,C_vs_Cp3__path_shares_only,28ecf7e42b861405b6b3,C_vs_Cp3,path_shares_only,fl3_entitled,discovery,joint_gaussian_regularized_cluster,measurement_missingness_concentration,1.0,0.0,6,False,empirically_passable,complete_pass_observed,none,4000,1.0,1.0,"{""control_contamination_limited"":0,""directionality_limited"":0,""effect_limited"":0,""effective_support_limited"":0,""specificity_limited"":0,""statistical_resolution_limited"":0,""structurally_unavailable"":0}","{""control_contamination_limited"":0.0,""directionality_limited"":0.0,""effect_limited"":0.0,""effective_support_limited"":0.011000000000000001,""specificity_limited"":0.0,""statistical_resolution_limited"":0.10425000000000001,""structurally_unavailable"":0.0}","{""cluster_uncertainty_pass"":0,""complement_admissible_pass"":0,""control_adjusted_contrast_pass"":0,""control_specificity_pass"":0,""effect_direction_reproduced_pass"":0,""minimum_effect_pass"":0,""multiplicity_adjusted_threshold_pass"":0,""raw_statistical_threshold_pass"":0,""support_available_pass"":0,""target_contrast_positive_pass"":0}",0.997,0.997
fe17c18b39eb86c6e9f982bd,C_vs_Cp3__path_shares_only,28ecf7e42b861405b6b3,C_vs_Cp3,path_shares_only,fl3_entitled,discovery,joint_gaussian_regularized_cluster,measurement_missingness_concentration,1.5,0.0,6,False,empirically_passable,complete_pass_observed,none,4000,1.0,1.0,"{""control_contamination_limited"":0,""directionality_limited"":0,""effect_limited"":0,""effective_support_limited"":0,""specificity_limited"":0,""statistical_resolution_limited"":0,""structurally_unavailable"":0}","{""control_contamination_limited"":0.0,""directionality_limited"":0.0,""effect_limited"":0.00025,""effective_support_limited"":0.003,""specificity_limited"":0.0,""statistical_resolution_limited"":0.0695,""structurally_unavailable"":0.0}","{""cluster_uncertainty_pass"":0,""complement_admissible_pass"":0,""control_adjusted_contrast_pass"":0,""control_specificity_pass"":0,""effect_direction_reproduced_pass"":0,""minimum_effect_pass"":0,""multiplicity_adjusted_threshold_pass"":0,""raw_statistical_threshold_pass"":0,""support_available_pass"":0,""target_contrast_positive_pass"":0}",1.0,1.0
fe17c18b39eb86c6e9f982bd,C_vs_Cp3__path_shares_only,28ecf7e42b861405b6b3,C_vs_Cp3,path_shares_only,fl3_entitled,discovery,joint_gaussian_regularized_cluster,measurement_missingness_concentration,2.0,0.0,6,False,empirically_passable,complete_pass_observed,none,4000,1.0,1.0,"{""control_contamination_limited"":0,""directionality_limited"":0,""effect_limited"":0,""effective_support_limited"":0,""specificity_limited"":0,""statistical_resolution_limited"":0,""structurally_unavailable"":0}","{""control_contamination_limited"":0.0,""directionality_limited"":0.0,""effect_limited"":0.0,""effective_support_limited"":0.00075,""specificity_limited"":0.0,""statistical_resolution_limited"":0.053,""structurally_unavailable"":0.0}","{""cluster_uncertainty_pass"":0,""complement_admissible_pass"":0,""control_adjusted_contrast_pass"":0,""control_specificity_pass"":0,""effect_direction_reproduced_pass"":0,""minimum_effect_pass"":0,""multiplicity_adjusted_threshold_pass"":0,""raw_statistical_threshold_pass"":0,""support_available_pass"":0,""target_contrast_positive_pass"":0}",1.0,1.0
fe17c18b39eb86c6e9f982bd,C_vs_Cp3__path_shares_only,28ecf7e42b861405b6b3,C_vs_Cp3,path_shares_only,fl3_entitled,discovery,joint_gaussian_regularized_cluster,measurement_missingness_concentration,0.25,0.25,6,False,empirically_passable,complete_pass_observed,none,4000,1.0,1.0,"{""control_contamination_limited"":7,""directionality_limited"":0,""effect_limited"":0,""effective_support_limited"":0,""specificity_limited"":0,""statistical_resolution_limited"":0,""structurally_unavailable"":0}","{""control_contamination_limited"":0.17250000000000001,""directionality_limited"":0.02525,""effect_limited"":0.19449999999999998,""effective_support_limited"":0.4095,""specificity_limited"":0.06125,""statistical_resolution_limited"":0.6717500000000001,""structurally_unavailable"":0.0}","{""cluster_uncertainty_pass"":0,""complement_admissible_pass"":0,""control_adjusted_contrast_pass"":7,""control_specificity_pass"":0,""effect_direction_reproduced_pass"":0,""minimum_effect_pass"":0,""multiplicity_adjusted_threshold_pass"":0,""raw_statistical_threshold_pass"":0,""support_available_pass"":0,""target_contrast_positive_pass"":0}",0.57,0.57
fe17c18b39eb86c6e9f982bd,C_vs_Cp3__path_shares_only,28ecf7e42b861405b6b3,C_vs_Cp3,path_shares_only,fl3_entitled,discovery,joint_gaussian_regularized_cluster,measurement_missingness_concentration,0.5,0.25,6,False,empirically_passable,complete_pass_observed,none,4000,1.0,1.0,"{""control_contamination_limited"":16,""directionality_limited"":0,""effect_limited"":0,""effective_support_limited"":0,""specificity_limited"":0,""statistical_resolution_limited"":0,""structurally_unavailable"":0}","{""control_contamination_limited"":0.046,""directionality_limited"":0.00125,""effect_limited"":0.013,""effective_support_limited"":0.112,""specificity_limited"":0.015,""statistical_resolution_limited"":0.306,""structurally_unavailable"":0.0}","{""cluster_uncertainty_pass"":0,""complement_admissible_pass"":0,""control_adjusted_contrast_pass"":16,""control_specificity_pass"":0,""effect_direction_reproduced_pass"":0,""minimum_effect_pass"":0,""multiplicity_adjusted_threshold_pass"":0,""raw_statistical_threshold_pass"":0,""support_available_pass"":0,""target_contrast_positive_pass"":0}",0.933,0.933
fe17c18b39eb86c6e9f982bd,C_vs_Cp3__path_shares_only,28ecf7e42b861405b6b3,C_vs_Cp3,path_shares_only,fl3_entitled,discovery,joint_gaussian_regularized_cluster,measurement_missingness_concentration,0.75,0.25,6,False,empirically_passable,complete_pass_observed,none,4000,1.0,0.99975,"{""control_contamination_limited"":11,""directionality_limited"":0,""effect_limited"":0,""effective_support_limited"":0,""specificity_limited"":0,""statistical_resolution_limited"":0,""structurally_unavailable"":0}","{""control_contamination_limited"":0.0165,""directionality_limited"":0.0005,""effect_limited"":0.00125,""effective_support_limited"":0.037500000000000006,""specificity_limited"":0.00525,""statistical_resolution_limited"":0.159,""structurally_unavailable"":0.000125}","{""cluster_uncertainty_pass"":0,""complement_admissible_pass"":0,""control_adjusted_contrast_pass"":11,""control_specificity_pass"":0,""effect_direction_reproduced_pass"":0,""minimum_effect_pass"":0,""multiplicity_adjusted_threshold_pass"":0,""raw_statistical_threshold_pass"":0,""support_available_pass"":0,""target_contrast_positive_pass"":0}",0.985,0.985
fe17c18b39eb86c6e9f982bd,C_vs_Cp3__path_shares_only,28ecf7e42b861405b6b3,C_vs_Cp3,path_shares_only,fl3_entitled,discovery,joint_gaussian_regularized_cluster,measurement_missingness_concentration,1.0,0.25,6,False,empirically_passable,complete_pass_observed,none,4000,1.0,1.0,"{""control_contamination_limited"":12,""directionality_limited"":0,""effect_limited"":0,""effective_support_limited"":0,""specificity_limited"":0,""statistical_resolution_limited"":0,""structurally_unavailable"":0}","{""control_contamination_limited"":0.006750000000000001,""directionality_limited"":0.0,""effect_limited"":0.00025,""effective_support_limited"":0.01175,""specificity_limited"":0.00125,""statistical_resolution_limited"":0.10275000000000001,""structurally_unavailable"":0.0}","{""cluster_uncertainty_pass"":0,""complement_admissible_pass"":0,""control_adjusted_contrast_pass"":12,""control_specificity_pass"":0,""effect_direction_reproduced_pass"":0,""minimum_effect_pass"":0,""multiplicity_adjusted_threshold_pass"":0,""raw_statistical_threshold_pass"":0,""support_available_pass"":0,""target_contrast_positive_pass"":0}",0.998,0.998
fe17c18b39eb86c6e9f982bd,C_vs_Cp3__path_shares_only,28ecf7e42b861405b6b3,C_vs_Cp3,path_shares_only,fl3_entitled,discovery,joint_gaussian_regularized_cluster,measurement_missingness_concentration,1.5,0.25,6,False,empirically_passable,complete_pass_observed,none,4000,1.0,1.0,"{""control_contamination_limited"":3,""directionality_limited"":0,""effect_limited"":0,""effective_support_limited"":0,""specificity_limited"":0,""statistical_resolution_limited"":0,""structurally_unavailable"":0}","{""control_contamination_limited"":0.002,""directionality_limited"":0.0,""effect_limited"":0.0,""effective_support_limited"":0.002,""specificity_limited"":0.00075,""statistical_resolution_limited"":0.0655,""structurally_unavailable"":0.0}","{""cluster_uncertainty_pass"":0,""complement_admissible_pass"":0,""control_adjusted_contrast_pass"":3,""control_specificity_pass"":0,""effect_direction_reproduced_pass"":0,""minimum_effect_pass"":0,""multiplicity_adjusted_threshold_pass"":0,""raw_statistical_threshold_pass"":0,""support_available_pass"":0,""target_contrast_positive_pass"":0}",0.999,0.999
fe17c18b39eb86c6e9f982bd,C_vs_Cp3__path_shares_only,28ecf7e42b861405b6b3,C_vs_Cp3,path_shares_only,fl3_entitled,discovery,joint_gaussian_regularized_cluster,measurement_missingness_concentration,2.0,0.25,6,False,empirically_passable,complete_pass_observed,none,4000,1.0,1.0,"{""control_contamination_limited"":3,""directionality_limited"":0,""effect_limited"":0,""effective_support_limited"":0,""specificity_limited"":0,""statistical_resolution_limited"":0,""structurally_unavailable"":0}","{""control_contamination_limited"":0.00125,""directionality_limited"":0.0,""effect_limited"":0.0,""effective_support_limited"":0.00075,""specificity_limited"":0.0,""statistical_resolution_limited"":0.051000000000000004,""structurally_unavailable"":0.0}","{""cluster_uncertainty_pass"":0,""complement_admissible_pass"":0,""control_adjusted_contrast_pass"":3,""control_specificity_pass"":0,""effect_direction_reproduced_pass"":0,""minimum_effect_pass"":0,""multiplicity_adjusted_threshold_pass"":0,""raw_statistical_threshold_pass"":0,""support_available_pass"":0,""target_contrast_positive_pass"":0}",0.999,0.999
fe17c18b39eb86c6e9f982bd,C_vs_Cp3__path_shares_only,28ecf7e42b861405b6b3,C_vs_Cp3,path_shares_only,fl3_entitled,discovery,joint_gaussian_regularized_cluster,measurement_missingness_concentration,0.25,0.5,6,False,empirically_passable,complete_pass_observed,none,4000,1.0,1.0,"{""control_contamination_limited"":113,""directionality_limited"":0,""effect_limited"":0,""effective_support_limited"":0,""specificity_limited"":0,""statistical_resolution_limited"":0,""structurally_unavailable"":0}","{""control_contamination_limited"":0.35975,""directionality_limited"":0.0275,""effect_limited"":0.18475,""effective_support_limited"":0.4105,""specificity_limited"":0.151,""statistical_resolution_limited"":0.676,""structurally_unavailable"":0.0}","{""cluster_uncertainty_pass"":0,""complement_admissible_pass"":0,""control_adjusted_contrast_pass"":113,""control_specificity_pass"":0,""effect_direction_reproduced_pass"":0,""minimum_effect_pass"":0,""multiplicity_adjusted_threshold_pass"":0,""raw_statistical_threshold_pass"":0,""support_available_pass"":0,""target_contrast_positive_pass"":0}",0.509,0.509
fe17c18b39eb86c6e9f982bd,C_vs_Cp3__path_shares_only,28ecf7e42b861405b6b3,C_vs_Cp3,path_shares_only,fl3_entitled,discovery,joint_gaussian_regularized_cluster,measurement_missingness_concentration,0.5,0.5,6,False,empirically_passable,complete_pass_observed,none,4000,1.0,1.0,"{""control_contamination_limited"":211,""directionality_limited"":0,""effect_limited"":0,""effective_support_limited"":0,""specificity_limited"":0,""statistical_resolution_limited"":0,""structurally_unavailable"":0}","{""control_contamination_limited"":0.19,""directionality_limited"":0.001,""effect_limited"":0.013,""effective_support_limited"":0.10074999999999999,""specificity_limited"":0.07125,""statistical_resolution_limited"":0.2935,""structurally_unavailable"":0.0}","{""cluster_uncertainty_pass"":0,""complement_admissible_pass"":0,""control_adjusted_contrast_pass"":211,""control_specificity_pass"":0,""effect_direction_reproduced_pass"":0,""minimum_effect_pass"":0,""multiplicity_adjusted_threshold_pass"":0,""raw_statistical_threshold_pass"":0,""support_available_pass"":0,""target_contrast_positive_pass"":0}",0.824,0.824
fe17c18b39eb86c6e9f982bd,C_vs_Cp3__path_shares_only,28ecf7e42b861405b6b3,C_vs_Cp3,path_shares_only,fl3_entitled,discovery,joint_gaussian_regularized_cluster,measurement_missingness_concentration,0.75,0.5,6,False,empirically_passable,complete_pass_observed,none,4000,1.0,1.0,"{""control_contamination_limited"":211,""directionality_limited"":0,""effect_limited"":0,""effective_support_limited"":0,""specificity_limited"":0,""statistical_resolution_limited"":0,""structurally_unavailable"":0}","{""control_contamination_limited"":0.125,""directionality_limited"":0.0,""effect_limited"":0.001,""effective_support_limited"":0.0395,""specificity_limited"":0.049999999999999996,""statistical_resolution_limited"":0.16649999999999998,""structurally_unavailable"":0.0}","{""cluster_uncertainty_pass"":0,""complement_admissible_pass"":0,""control_adjusted_contrast_pass"":211,""control_specificity_pass"":0,""effect_direction_reproduced_pass"":0,""minimum_effect_pass"":0,""multiplicity_adjusted_threshold_pass"":0,""raw_statistical_threshold_pass"":0,""support_available_pass"":0,""target_contrast_positive_pass"":0}",0.91,0.91
fe17c18b39eb86c6e9f982bd,C_vs_Cp3__path_shares_only,28ecf7e42b861405b6b3,C_vs_Cp3,path_shares_only,fl3_entitled,discovery,joint_gaussian_regularized_cluster,measurement_missingness_concentration,1.0,0.5,6,False,empirically_passable,complete_pass_observed,none,4000,1.0,1.0,"{""control_contamination_limited"":139,""directionality_limited"":0,""effect_limited"":0,""effective_support_limited"":0,""specificity_limited"":0,""statistical_resolution_limited"":0,""structurally_unavailable"":0}","{""control_contamination_limited"":0.0845,""directionality_limited"":0.0,""effect_limited"":0.00025,""effective_support_limited"":0.01275,""specificity_limited"":0.0345,""statistical_resolution_limited"":0.10425000000000001,""structurally_unavailable"":0.0}","{""cluster_uncertainty_pass"":0,""complement_admissible_pass"":0,""control_adjusted_contrast_pass"":139,""control_specificity_pass"":0,""effect_direction_reproduced_pass"":0,""minimum_effect_pass"":0,""multiplicity_adjusted_threshold_pass"":0,""raw_statistical_threshold_pass"":0,""support_available_pass"":0,""target_contrast_positive_pass"":0}",0.955,0.955
fe17c18b39eb86c6e9f982bd,C_vs_Cp3__path_shares_only,28ecf7e42b861405b6b3,C_vs_Cp3,path_shares_only,fl3_entitled,discovery,joint_gaussian_regularized_cluster,measurement_missingness_concentration,1.5,0.5,6,False,empirically_passable,complete_pass_observed,none,4000,1.0,0.99975,"{""control_contamination_limited"":121,""directionality_limited"":0,""effect_limited"":0,""effective_support_limited"":0,""specificity_limited"":0,""statistical_resolution_limited"":0,""structurally_unavailable"":0}","{""control_contamination_limited"":0.053,""directionality_limited"":0.00025,""effect_limited"":0.00025,""effective_support_limited"":0.00375,""specificity_limited"":0.01775,""statistical_resolution_limited"":0.06325,""structurally_unavailable"":0.000125}","{""cluster_uncertainty_pass"":0,""complement_admissible_pass"":0,""control_adjusted_contrast_pass"":121,""control_specificity_pass"":0,""effect_direction_reproduced_pass"":0,""minimum_effect_pass"":0,""multiplicity_adjusted_threshold_pass"":0,""raw_statistical_threshold_pass"":0,""support_available_pass"":0,""target_contrast_positive_pass"":0}",0.971,0.971
fe17c18b39eb86c6e9f982bd,C_vs_Cp3__path_shares_only,28ecf7e42b861405b6b3,C_vs_Cp3,path_shares_only,fl3_entitled,discovery,joint_gaussian_regularized_cluster,measurement_missingness_concentration,2.0,0.5,6,False,empirically_passable,complete_pass_observed,none,4000,1.0,0.99975,"{""control_contamination_limited"":102,""directionality_limited"":0,""effect_limited"":0,""effective_support_limited"":0,""specificity_limited"":0,""statistical_resolution_limited"":0,""structurally_unavailable"":0}","{""control_contamination_limited"":0.04575,""directionality_limited"":0.0005,""effect_limited"":0.0005,""effective_support_limited"":0.002,""specificity_limited"":0.0165,""statistical_resolution_limited"":0.058,""structurally_unavailable"":0.000125}","{""cluster_uncertainty_pass"":0,""complement_admissible_pass"":0,""control_adjusted_contrast_pass"":102,""control_specificity_pass"":0,""effect_direction_reproduced_pass"":0,""minimum_effect_pass"":0,""multiplicity_adjusted_threshold_pass"":0,""raw_statistical_threshold_pass"":0,""support_available_pass"":0,""target_contrast_positive_pass"":0}",0.977,0.977
fe17c18b39eb86c6e9f982bd,C_vs_Cp3__path_shares_only,28ecf7e42b861405b6b3,C_vs_Cp3,path_shares_only,fl3_entitled,discovery,joint_gaussian_regularized_cluster,measurement_missingness_concentration,0.25,1.0,6,False,empirically_passable,complete_pass_observed,none,4000,1.0,1.0,"{""control_contamination_limited"":402,""directionality_limited"":0,""effect_limited"":0,""effective_support_limited"":0,""specificity_limited"":0,""statistical_resolution_limited"":0,""structurally_unavailable"":0}","{""control_contamination_limited"":0.7095,""directionality_limited"":0.02775,""effect_limited"":0.197,""effective_support_limited"":0.41975,""specificity_limited"":0.45175,""statistical_resolution_limited"":0.6679999999999999,""structurally_unavailable"":0.0}","{""cluster_uncertainty_pass"":0,""complement_admissible_pass"":0,""control_adjusted_contrast_pass"":402,""control_specificity_pass"":0,""effect_direction_reproduced_pass"":0,""minimum_effect_pass"":0,""multiplicity_adjusted_threshold_pass"":0,""raw_statistical_threshold_pass"":0,""support_available_pass"":0,""target_contrast_positive_pass"":0}",0.242,0.242
fe17c18b39eb86c6e9f982bd,C_vs_Cp3__path_shares_only,28ecf7e42b861405b6b3,C_vs_Cp3,path_shares_only,fl3_entitled,discovery,joint_gaussian_regularized_cluster,measurement_missingness_concentration,0.5,1.0,6,False,empirically_passable,complete_pass_observed,none,4000,1.0,1.0,"{""control_contamination_limited"":738,""directionality_limited"":0,""effect_limited"":0,""effective_support_limited"":0,""specificity_limited"":0,""statistical_resolution_limited"":0,""structurally_unavailable"":0}","{""control_contamination_limited"":0.6635,""directionality_limited"":0.001,""effect_limited"":0.0105,""effective_support_limited"":0.11125,""specificity_limited"":0.42974999999999997,""statistical_resolution_limited"":0.30674999999999997,""structurally_unavailable"":0.0}","{""cluster_uncertainty_pass"":0,""complement_admissible_pass"":0,""control_adjusted_contrast_pass"":738,""control_specificity_pass"":0,""effect_direction_reproduced_pass"":0,""minimum_effect_pass"":0,""multiplicity_adjusted_threshold_pass"":0,""raw_statistical_threshold_pass"":0,""support_available_pass"":0,""target_contrast_positive_pass"":0}",0.318,0.318
fe17c18b39eb86c6e9f982bd,C_vs_Cp3__path_shares_only,28ecf7e42b861405b6b3,C_vs_Cp3,path_shares_only,fl3_entitled,discovery,joint_gaussian_regularized_cluster,measurement_missingness_concentration,0.75,1.0,6,False,empirically_passable,complete_pass_observed,none,4000,1.0,1.0,"{""control_contamination_limited"":797,""directionality_limited"":0,""effect_limited"":0,""effective_support_limited"":0,""specificity_limited"":0,""statistical_resolution_limited"":0,""structurally_unavailable"":0}","{""control_contamination_limited"":0.63925,""directionality_limited"":0.0,""effect_limited"":0.001,""effective_support_limited"":0.03,""specificity_limited"":0.41475,""statistical_resolution_limited"":0.15925,""structurally_unavailable"":0.0}","{""cluster_uncertainty_pass"":0,""complement_admissible_pass"":0,""control_adjusted_contrast_pass"":797,""control_specificity_pass"":0,""effect_direction_reproduced_pass"":0,""minimum_effect_pass"":0,""multiplicity_adjusted_threshold_pass"":0,""raw_statistical_threshold_pass"":0,""support_available_pass"":0,""target_contrast_positive_pass"":0}",0.35,0.34
fe17c18b39eb86c6e9f982bd,C_vs_Cp3__path_shares_only,28ecf7e42b861405b6b3,C_vs_Cp3,path_shares_only,fl3_entitled,discovery,joint_gaussian_regularized_cluster,measurement_missingness_concentration,1.0,1.0,6,False,empirically_passable,complete_pass_observed,none,4000,1.0,1.0,"{""control_contamination_limited"":790,""directionality_limited"":0,""effect_limited"":0,""effective_support_limited"":0,""specificity_limited"":0,""statistical_resolution_limited"":0,""structurally_unavailable"":0}","{""control_contamination_limited"":0.65375,""directionality_limited"":0.0,""effect_limited"":0.0,""effective_support_limited"":0.010750000000000001,""specificity_limited"":0.44025000000000003,""statistical_resolution_limited"":0.11150000000000002,""structurally_unavailable"":0.0}","{""cluster_uncertainty_pass"":0,""complement_admissible_pass"":0,""control_adjusted_contrast_pass"":790,""control_specificity_pass"":0,""effect_direction_reproduced_pass"":0,""minimum_effect_pass"":0,""multiplicity_adjusted_threshold_pass"":0,""raw_statistical_threshold_pass"":0,""support_available_pass"":0,""target_contrast_positive_pass"":0}",0.341,0.331
fe17c18b39eb86c6e9f982bd,C_vs_Cp3__path_shares_only,28ecf7e42b861405b6b3,C_vs_Cp3,path_shares_only,fl3_entitled,discovery,joint_gaussian_regularized_cluster,measurement_missingness_concentration,1.5,1.0,6,False,empirically_passable,complete_pass_observed,none,4000,1.0,1.0,"{""control_contamination_limited"":885,""directionality_limited"":0,""effect_limited"":0,""effective_support_limited"":0,""specificity_limited"":0,""statistical_resolution_limited"":0,""structurally_unavailable"":0}","{""control_contamination_limited"":0.67275,""directionality_limited"":0.0,""effect_limited"":0.0,""effective_support_limited"":0.0022500000000000003,""specificity_limited"":0.43775,""statistical_resolution_limited"":0.06775,""structurally_unavailable"":0.0}","{""cluster_uncertainty_pass"":0,""complement_admissible_pass"":0,""control_adjusted_contrast_pass"":885,""control_specificity_pass"":0,""effect_direction_reproduced_pass"":0,""minimum_effect_pass"":0,""multiplicity_adjusted_threshold_pass"":0,""raw_statistical_threshold_pass"":0,""support_available_pass"":0,""target_contrast_positive_pass"":0}",0.321,0.298
fe17c18b39eb86c6e9f982bd,C_vs_Cp3__path_shares_only,28ecf7e42b861405b6b3,C_vs_Cp3,path_shares_only,fl3_entitled,discovery,joint_gaussian_regularized_cluster,measurement_missingness_concentration,2.0,1.0,6,False,empirically_passable,complete_pass_observed,none,4000,1.0,1.0,"{""control_contamination_limited"":1023,""directionality_limited"":0,""effect_limited"":0,""effective_support_limited"":0,""specificity_limited"":0,""statistical_resolution_limited"":0,""structurally_unavailable"":0}","{""control_contamination_limited"":0.694,""directionality_limited"":0.0,""effect_limited"":0.0,""effective_support_limited"":0.00125,""specificity_limited"":0.429,""statistical_resolution_limited"":0.059000000000000004,""structurally_unavailable"":0.0}","{""cluster_uncertainty_pass"":0,""complement_admissible_pass"":0,""control_adjusted_contrast_pass"":1023,""control_specificity_pass"":0,""effect_direction_reproduced_pass"":0,""minimum_effect_pass"":0,""multiplicity_adjusted_threshold_pass"":0,""raw_statistical_threshold_pass"":0,""support_available_pass"":0,""target_contrast_positive_pass"":0}",0.315,0.272
03ef63db7584762143dc3914,three_way__no_window,114bd7932e0008f8ef79,three_way,no_window,fl3_entitlement_capped,discovery,joint_wild_cluster_rademacher,measurement_missingness_concentration,0.25,0.0,6,False,empirically_passable,complete_pass_observed,none,4000,1.0,0.999,"{""control_contamination_limited"":0,""directionality_limited"":0,""effect_limited"":153,""effective_support_limited"":0,""specificity_limited"":0,""statistical_resolution_limited"":0,""structurally_unavailable"":0}","{""control_contamination_limited"":0.027250000000000003,""directionality_limited"":0.004,""effect_limited"":0.13025,""effective_support_limited"":0.09825,""specificity_limited"":0.004,""statistical_resolution_limited"":0.28075,""structurally_unavailable"":0.0005}","{""cluster_uncertainty_pass"":0,""complement_admissible_pass"":0,""control_adjusted_contrast_pass"":0,""control_specificity_pass"":0,""effect_direction_reproduced_pass"":0,""minimum_effect_pass"":153,""multiplicity_adjusted_threshold_pass"":0,""raw_statistical_threshold_pass"":0,""support_available_pass"":0,""target_contrast_positive_pass"":0}",0.89,0.89
03ef63db7584762143dc3914,three_way__no_window,114bd7932e0008f8ef79,three_way,no_window,fl3_entitlement_capped,discovery,joint_wild_cluster_rademacher,measurement_missingness_concentration,0.5,0.0,6,False,empirically_passable,complete_pass_observed,none,4000,1.0,0.999,"{""control_contamination_limited"":0,""directionality_limited"":0,""effect_limited"":2,""effective_support_limited"":0,""specificity_limited"":0,""statistical_resolution_limited"":0,""structurally_unavailable"":0}","{""control_contamination_limited"":0.0015,""directionality_limited"":0.00075,""effect_limited"":0.0045,""effective_support_limited"":0.01375,""specificity_limited"":0.00075,""statistical_resolution_limited"":0.10275000000000001,""structurally_unavailable"":0.0005}","{""cluster_uncertainty_pass"":0,""complement_admissible_pass"":0,""control_adjusted_contrast_pass"":0,""control_specificity_pass"":0,""effect_direction_reproduced_pass"":0,""minimum_effect_pass"":2,""multiplicity_adjusted_threshold_pass"":0,""raw_statistical_threshold_pass"":0,""support_available_pass"":0,""target_contrast_positive_pass"":0}",0.994,0.994
03ef63db7584762143dc3914,three_way__no_window,114bd7932e0008f8ef79,three_way,no_window,fl3_entitlement_capped,discovery,joint_wild_cluster_rademacher,measurement_missingness_concentration,0.75,0.0,6,False,empirically_passable,complete_pass_observed,none,4000,1.0,0.9984999999999999,"{""control_contamination_limited"":0,""directionality_limited"":0,""effect_limited"":0,""effective_support_limited"":0,""specificity_limited"":0,""statistical_resolution_limited"":0,""structurally_unavailable"":0}","{""control_contamination_limited"":0.00025,""directionality_limited"":0.00025,""effect_limited"":0.0005,""effective_support_limited"":0.00275,""specificity_limited"":0.00025,""statistical_resolution_limited"":0.07225000000000001,""structurally_unavailable"":0.00075}","{""cluster_uncertainty_pass"":0,""complement_admissible_pass"":0,""control_adjusted_contrast_pass"":0,""control_specificity_pass"":0,""effect_direction_reproduced_pass"":0,""minimum_effect_pass"":0,""multiplicity_adjusted_threshold_pass"":0,""raw_statistical_threshold_pass"":0,""support_available_pass"":0,""target_contrast_positive_pass"":0}",0.999,0.999
03ef63db7584762143dc3914,three_way__no_window,114bd7932e0008f8ef79,three_way,no_window,fl3_entitlement_capped,discovery,joint_wild_cluster_rademacher,measurement_missingness_concentration,1.0,0.0,6,False,empirically_passable,complete_pass_observed,none,4000,1.0,0.998,"{""control_contamination_limited"":0,""directionality_limited"":0,""effect_limited"":0,""effective_support_limited"":0,""specificity_limited"":0,""statistical_resolution_limited"":0,""structurally_unavailable"":0}","{""control_contamination_limited"":0.00025,""directionality_limited"":0.00025,""effect_limited"":0.00025,""effective_support_limited"":0.0025,""specificity_limited"":0.00025,""statistical_resolution_limited"":0.05625,""structurally_unavailable"":0.001}","{""cluster_uncertainty_pass"":0,""complement_admissible_pass"":0,""control_adjusted_contrast_pass"":0,""control_specificity_pass"":0,""effect_direction_reproduced_pass"":0,""minimum_effect_pass"":0,""multiplicity_adjusted_threshold_pass"":0,""raw_statistical_threshold_pass"":0,""support_available_pass"":0,""target_contrast_positive_pass"":0}",0.998,0.998
03ef63db7584762143dc3914,three_way__no_window,114bd7932e0008f8ef79,three_way,no_window,fl3_entitlement_capped,discovery,joint_wild_cluster_rademacher,measurement_missingness_concentration,1.5,0.0,6,False,empirically_passable,complete_pass_observed,none,4000,1.0,0.999,"{""control_contamination_limited"":0,""directionality_limited"":0,""effect_limited"":0,""effective_support_limited"":0,""specificity_limited"":0,""statistical_resolution_limited"":0,""structurally_unavailable"":0}","{""control_contamination_limited"":0.0,""directionality_limited"":0.0,""effect_limited"":0.0,""effective_support_limited"":0.001,""specificity_limited"":0.0,""statistical_resolution_limited"":0.048,""structurally_unavailable"":0.0005}","{""cluster_uncertainty_pass"":0,""complement_admissible_pass"":0,""control_adjusted_contrast_pass"":0,""control_specificity_pass"":0,""effect_direction_reproduced_pass"":0,""minimum_effect_pass"":0,""multiplicity_adjusted_threshold_pass"":0,""raw_statistical_threshold_pass"":0,""support_available_pass"":0,""target_contrast_positive_pass"":0}",0.999,0.999
03ef63db7584762143dc3914,three_way__no_window,114bd7932e0008f8ef79,three_way,no_window,fl3_entitlement_capped,discovery,joint_wild_cluster_rademacher,measurement_missingness_concentration,2.0,0.0,6,False,empirically_passable,complete_pass_observed,none,4000,0.9995,0.99775,"{""control_contamination_limited"":0,""directionality_limited"":0,""effect_limited"":0,""effective_support_limited"":0,""specificity_limited"":0,""statistical_resolution_limited"":0,""structurally_unavailable"":0}","{""control_contamination_limited"":0.0005,""directionality_limited"":0.0005,""effect_limited"":0.0005,""effective_support_limited"":0.0022500000000000003,""specificity_limited"":0.0005,""statistical_resolution_limited"":0.05,""structurally_unavailable"":0.0013750000000000001}","{""cluster_uncertainty_pass"":0,""complement_admissible_pass"":0,""control_adjusted_contrast_pass"":0,""control_specificity_pass"":0,""effect_direction_reproduced_pass"":0,""minimum_effect_pass"":0,""multiplicity_adjusted_threshold_pass"":0,""raw_statistical_threshold_pass"":0,""support_available_pass"":0,""target_contrast_positive_pass"":0}",0.998,0.998
03ef63db7584762143dc3914,three_way__no_window,114bd7932e0008f8ef79,three_way,no_window,fl3_entitlement_capped,discovery,joint_wild_cluster_rademacher,measurement_missingness_concentration,0.25,0.25,6,False,empirically_passable,complete_pass_observed,none,4000,0.99975,0.99925,"{""control_contamination_limited"":54,""directionality_limited"":0,""effect_limited"":62,""effective_support_limited"":0,""specificity_limited"":0,""statistical_resolution_limited"":0,""structurally_unavailable"":0}","{""control_contamination_limited"":0.12100000000000001,""directionality_limited"":0.00425,""effect_limited"":0.13099999999999998,""effective_support_limited"":0.09475,""specificity_limited"":0.019500000000000003,""statistical_resolution_limited"":0.2785,""structurally_unavailable"":0.0005}","{""cluster_uncertainty_pass"":0,""complement_admissible_pass"":0,""control_adjusted_contrast_pass"":54,""control_specificity_pass"":0,""effect_direction_reproduced_pass"":0,""minimum_effect_pass"":62,""multiplicity_adjusted_threshold_pass"":0,""raw_statistical_threshold_pass"":0,""support_available_pass"":0,""target_contrast_positive_pass"":0}",0.859,0.859
03ef63db7584762143dc3914,three_way__no_window,114bd7932e0008f8ef79,three_way,no_window,fl3_entitlement_capped,discovery,joint_wild_cluster_rademacher,measurement_missingness_concentration,0.5,0.25,6,False,empirically_passable,complete_pass_observed,none,4000,1.0,0.998,"{""control_contamination_limited"":40,""directionality_limited"":0,""effect_limited"":1,""effective_support_limited"":0,""specificity_limited"":0,""statistical_resolution_limited"":0,""structurally_unavailable"":0}","{""control_contamination_limited"":0.02375,""directionality_limited"":0.0005,""effect_limited"":0.005,""effective_support_limited"":0.0125,""specificity_limited"":0.003,""statistical_resolution_limited"":0.0985,""structurally_unavailable"":0.001}","{""cluster_uncertainty_pass"":0,""complement_admissible_pass"":0,""control_adjusted_contrast_pass"":40,""control_specificity_pass"":0,""effect_direction_reproduced_pass"":0,""minimum_effect_pass"":1,""multiplicity_adjusted_threshold_pass"":0,""raw_statistical_threshold_pass"":0,""support_available_pass"":0,""target_contrast_positive_pass"":0}",0.988,0.988
03ef63db7584762143dc3914,three_way__no_window,114bd7932e0008f8ef79,three_way,no_window,fl3_entitlement_capped,discovery,joint_wild_cluster_rademacher,measurement_missingness_concentration,0.75,0.25,6,False,empirically_passable,complete_pass_observed,none,4000,1.0,0.99825,"{""control_contamination_limited"":11,""directionality_limited"":0,""effect_limited"":0,""effective_support_limited"":0,""specificity_limited"":0,""statistical_resolution_limited"":0,""structurally_unavailable"":0}","{""control_contamination_limited"":0.006999999999999999,""directionality_limited"":0.0005,""effect_limited"":0.00125,""effective_support_limited"":0.0025,""specificity_limited"":0.002,""statistical_resolution_limited"":0.06925,""structurally_unavailable"":0.000875}","{""cluster_uncertainty_pass"":0,""complement_admissible_pass"":0,""control_adjusted_contrast_pass"":11,""control_specificity_pass"":0,""effect_direction_reproduced_pass"":0,""minimum_effect_pass"":0,""multiplicity_adjusted_threshold_pass"":0,""raw_statistical_threshold_pass"":0,""support_available_pass"":0,""target_contrast_positive_pass"":0}",0.998,0.998
03ef63db7584762143dc3914,three_way__no_window,114bd7932e0008f8ef79,three_way,no_window,fl3_entitlement_capped,discovery,joint_wild_cluster_rademacher,measurement_missingness_concentration,1.0,0.25,6,False,empirically_passable,complete_pass_observed,none,4000,1.0,0.9995,"{""control_contamination_limited"":3,""directionality_limited"":0,""effect_limited"":0,""effective_support_limited"":0,""specificity_limited"":0,""statistical_resolution_limited"":0,""structurally_unavailable"":0}","{""control_contamination_limited"":0.0025,""directionality_limited"":0.0,""effect_limited"":0.0,""effective_support_limited"":0.00175,""specificity_limited"":0.0005,""statistical_resolution_limited"":0.061250000000000006,""structurally_unavailable"":0.00025}","{""cluster_uncertainty_pass"":0,""complement_admissible_pass"":0,""control_adjusted_contrast_pass"":3,""control_specificity_pass"":0,""effect_direction_reproduced_pass"":0,""minimum_effect_pass"":0,""multiplicity_adjusted_threshold_pass"":0,""raw_statistical_threshold_pass"":0,""support_available_pass"":0,""target_contrast_positive_pass"":0}",1.0,1.0
03ef63db7584762143dc3914,three_way__no_window,114bd7932e0008f8ef79,three_way,no_window,fl3_entitlement_capped,discovery,joint_wild_cluster_rademacher,measurement_missingness_concentration,1.5,0.25,6,False,empirically_passable,complete_pass_observed,none,4000,1.0,0.99925,"{""control_contamination_limited"":1,""directionality_limited"":0,""effect_limited"":0,""effective_support_limited"":0,""specificity_limited"":0,""statistical_resolution_limited"":0,""structurally_unavailable"":0}","{""control_contamination_limited"":0.00075,""directionality_limited"":0.0,""effect_limited"":0.0,""effective_support_limited"":0.00075,""specificity_limited"":0.00025,""statistical_resolution_limited"":0.0555,""structurally_unavailable"":0.000375}","{""cluster_uncertainty_pass"":0,""complement_admissible_pass"":0,""control_adjusted_contrast_pass"":1,""control_specificity_pass"":0,""effect_direction_reproduced_pass"":0,""minimum_effect_pass"":0,""multiplicity_adjusted_threshold_pass"":0,""raw_statistical_threshold_pass"":0,""support_available_pass"":0,""target_contrast_positive_pass"":0}",0.998,0.998
03ef63db7584762143dc3914,three_way__no_window,114bd7932e0008f8ef79,three_way,no_window,fl3_entitlement_capped,discovery,joint_wild_cluster_rademacher,measurement_missingness_concentration,2.0,0.25,6,False,empirically_passable,complete_pass_observed,none,4000,1.0,0.999,"{""control_contamination_limited"":0,""directionality_limited"":0,""effect_limited"":0,""effective_support_limited"":0,""specificity_limited"":0,""statistical_resolution_limited"":0,""structurally_unavailable"":0}","{""control_contamination_limited"":0.001,""directionality_limited"":0.0,""effect_limited"":0.0,""effective_support_limited"":0.001,""specificity_limited"":0.0,""statistical_resolution_limited"":0.0525,""structurally_unavailable"":0.0005}","{""cluster_uncertainty_pass"":0,""complement_admissible_pass"":0,""control_adjusted_contrast_pass"":0,""control_specificity_pass"":0,""effect_direction_reproduced_pass"":0,""minimum_effect_pass"":0,""multiplicity_adjusted_threshold_pass"":0,""raw_statistical_threshold_pass"":0,""support_available_pass"":0,""target_contrast_positive_pass"":0}",0.999,0.999
03ef63db7584762143dc3914,three_way__no_window,114bd7932e0008f8ef79,three_way,no_window,fl3_entitlement_capped,discovery,joint_wild_cluster_rademacher,measurement_missingness_concentration,0.25,0.5,6,False,empirically_passable,complete_pass_observed,none,4000,1.0,0.999,"{""control_contamination_limited"":519,""directionality_limited"":0,""effect_limited"":3,""effective_support_limited"":0,""specificity_limited"":0,""statistical_resolution_limited"":0,""structurally_unavailable"":0}","{""control_contamination_limited"":0.32300000000000006,""directionality_limited"":0.0045000000000000005,""effect_limited"":0.13349999999999998,""effective_support_limited"":0.09874999999999999,""specificity_limited"":0.0715,""statistical_resolution_limited"":0.28375,""structurally_unavailable"":0.0005}","{""cluster_uncertainty_pass"":0,""complement_admissible_pass"":0,""control_adjusted_contrast_pass"":519,""control_specificity_pass"":0,""effect_direction_reproduced_pass"":0,""minimum_effect_pass"":3,""multiplicity_adjusted_threshold_pass"":0,""raw_statistical_threshold_pass"":0,""support_available_pass"":0,""target_contrast_positive_pass"":0}",0.7,0.7
03ef63db7584762143dc3914,three_way__no_window,114bd7932e0008f8ef79,three_way,no_window,fl3_entitlement_capped,discovery,joint_wild_cluster_rademacher,measurement_missingness_concentration,0.5,0.5,6,False,empirically_passable,complete_pass_observed,none,4000,1.0,0.999,"{""control_contamination_limited"":301,""directionality_limited"":0,""effect_limited"":0,""effective_support_limited"":0,""specificity_limited"":0,""statistical_resolution_limited"":0,""structurally_unavailable"":0}","{""control_contamination_limited"":0.125,""directionality_limited"":0.00025,""effect_limited"":0.005750000000000001,""effective_support_limited"":0.00975,""specificity_limited"":0.027749999999999997,""statistical_resolution_limited"":0.10275000000000001,""structurally_unavailable"":0.0005}","{""cluster_uncertainty_pass"":0,""complement_admissible_pass"":0,""control_adjusted_contrast_pass"":301,""control_specificity_pass"":0,""effect_direction_reproduced_pass"":0,""minimum_effect_pass"":0,""multiplicity_adjusted_threshold_pass"":0,""raw_statistical_threshold_pass"":0,""support_available_pass"":0,""target_contrast_positive_pass"":0}",0.919,0.919
03ef63db7584762143dc3914,three_way__no_window,114bd7932e0008f8ef79,three_way,no_window,fl3_entitlement_capped,discovery,joint_wild_cluster_rademacher,measurement_missingness_concentration,0.75,0.5,6,False,empirically_passable,complete_pass_observed,none,4000,1.0,0.999,"{""control_contamination_limited"":248,""directionality_limited"":0,""effect_limited"":0,""effective_support_limited"":0,""specificity_limited"":0,""statistical_resolution_limited"":0,""structurally_unavailable"":0}","{""control_contamination_limited"":0.084,""directionality_limited"":0.0,""effect_limited"":0.0,""effective_support_limited"":0.00275,""specificity_limited"":0.016,""statistical_resolution_limited"":0.061250000000000006,""structurally_unavailable"":0.0005}","{""cluster_uncertainty_pass"":0,""complement_admissible_pass"":0,""control_adjusted_contrast_pass"":248,""control_specificity_pass"":0,""effect_direction_reproduced_pass"":0,""minimum_effect_pass"":0,""multiplicity_adjusted_threshold_pass"":0,""raw_statistical_threshold_pass"":0,""support_available_pass"":0,""target_contrast_positive_pass"":0}",0.949,0.949
03ef63db7584762143dc3914,three_way__no_window,114bd7932e0008f8ef79,three_way,no_window,fl3_entitlement_capped,discovery,joint_wild_cluster_rademacher,measurement_missingness_concentration,1.0,0.5,6,False,empirically_passable,complete_pass_observed,none,4000,1.0,0.99825,"{""control_contamination_limited"":104,""directionality_limited"":0,""effect_limited"":0,""effective_support_limited"":0,""specificity_limited"":0,""statistical_resolution_limited"":0,""structurally_unavailable"":0}","{""control_contamination_limited"":0.0455,""directionality_limited"":0.0,""effect_limited"":0.0,""effective_support_limited"":0.002,""specificity_limited"":0.0135,""statistical_resolution_limited"":0.054,""structurally_unavailable"":0.000875}","{""cluster_uncertainty_pass"":0,""complement_admissible_pass"":0,""control_adjusted_contrast_pass"":104,""control_specificity_pass"":0,""effect_direction_reproduced_pass"":0,""minimum_effect_pass"":0,""multiplicity_adjusted_threshold_pass"":0,""raw_statistical_threshold_pass"":0,""support_available_pass"":0,""target_contrast_positive_pass"":0}",0.977,0.977
03ef63db7584762143dc3914,three_way__no_window,114bd7932e0008f8ef79,three_way,no_window,fl3_entitlement_capped,discovery,joint_wild_cluster_rademacher,measurement_missingness_concentration,1.5,0.5,6,False,empirically_passable,complete_pass_observed,none,4000,0.99975,0.998,"{""control_contamination_limited"":82,""directionality_limited"":0,""effect_limited"":0,""effective_support_limited"":0,""specificity_limited"":0,""statistical_resolution_limited"":0,""structurally_unavailable"":0}","{""control_contamination_limited"":0.031249999999999997,""directionality_limited"":0.00025,""effect_limited"":0.00025,""effective_support_limited"":0.002,""specificity_limited"":0.008,""statistical_resolution_limited"":0.0475,""structurally_unavailable"":0.0011250000000000001}","{""cluster_uncertainty_pass"":0,""complement_admissible_pass"":0,""control_adjusted_contrast_pass"":82,""control_specificity_pass"":0,""effect_direction_reproduced_pass"":0,""minimum_effect_pass"":0,""multiplicity_adjusted_threshold_pass"":0,""raw_statistical_threshold_pass"":0,""support_available_pass"":0,""target_contrast_positive_pass"":0}",0.983,0.983
03ef63db7584762143dc3914,three_way__no_window,114bd7932e0008f8ef79,three_way,no_window,fl3_entitlement_capped,discovery,joint_wild_cluster_rademacher,measurement_missingness_concentration,2.0,0.5,6,False,empirically_passable,complete_pass_observed,none,4000,1.0,0.999,"{""control_contamination_limited"":66,""directionality_limited"":0,""effect_limited"":0,""effective_support_limited"":0,""specificity_limited"":0,""statistical_resolution_limited"":0,""structurally_unavailable"":0}","{""control_contamination_limited"":0.02325,""directionality_limited"":0.0,""effect_limited"":0.0,""effective_support_limited"":0.001,""specificity_limited"":0.0045000000000000005,""statistical_resolution_limited"":0.04475,""structurally_unavailable"":0.0005}","{""cluster_uncertainty_pass"":0,""complement_admissible_pass"":0,""control_adjusted_contrast_pass"":66,""control_specificity_pass"":0,""effect_direction_reproduced_pass"":0,""minimum_effect_pass"":0,""multiplicity_adjusted_threshold_pass"":0,""raw_statistical_threshold_pass"":0,""support_available_pass"":0,""target_contrast_positive_pass"":0}",0.991,0.991
03ef63db7584762143dc3914,three_way__no_window,114bd7932e0008f8ef79,three_way,no_window,fl3_entitlement_capped,discovery,joint_wild_cluster_rademacher,measurement_missingness_concentration,0.25,1.0,6,False,empirically_passable,complete_pass_observed,none,4000,1.0,0.999,"{""control_contamination_limited"":1174,""directionality_limited"":0,""effect_limited"":0,""effective_support_limited"":0,""specificity_limited"":0,""statistical_resolution_limited"":0,""structurally_unavailable"":0}","{""control_contamination_limited"":0.75125,""directionality_limited"":0.00275,""effect_limited"":0.12924999999999998,""effective_support_limited"":0.102,""specificity_limited"":0.3675,""statistical_resolution_limited"":0.294,""structurally_unavailable"":0.0005}","{""cluster_uncertainty_pass"":0,""complement_admissible_pass"":0,""control_adjusted_contrast_pass"":1174,""control_specificity_pass"":0,""effect_direction_reproduced_pass"":0,""minimum_effect_pass"":0,""multiplicity_adjusted_threshold_pass"":0,""raw_statistical_threshold_pass"":0,""support_available_pass"":0,""target_contrast_positive_pass"":0}",0.214,0.212
03ef63db7584762143dc3914,three_way__no_window,114bd7932e0008f8ef79,three_way,no_window,fl3_entitlement_capped,discovery,joint_wild_cluster_rademacher,measurement_missingness_concentration,0.5,1.0,6,False,empirically_passable,complete_pass_observed,none,4000,1.0,0.9995,"{""control_contamination_limited"":1191,""directionality_limited"":0,""effect_limited"":0,""effective_support_limited"":0,""specificity_limited"":0,""statistical_resolution_limited"":0,""structurally_unavailable"":0}","{""control_contamination_limited"":0.72925,""directionality_limited"":0.0,""effect_limited"":0.0034999999999999996,""effective_support_limited"":0.009500000000000001,""specificity_limited"":0.40425,""statistical_resolution_limited"":0.10425000000000001,""structurally_unavailable"":0.00025}","{""cluster_uncertainty_pass"":0,""complement_admissible_pass"":0,""control_adjusted_contrast_pass"":1191,""control_specificity_pass"":0,""effect_direction_reproduced_pass"":0,""minimum_effect_pass"":0,""multiplicity_adjusted_threshold_pass"":0,""raw_statistical_threshold_pass"":0,""support_available_pass"":0,""target_contrast_positive_pass"":0}",0.257,0.242
03ef63db7584762143dc3914,three_way__no_window,114bd7932e0008f8ef79,three_way,no_window,fl3_entitlement_capped,discovery,joint_wild_cluster_rademacher,measurement_missingness_concentration,0.75,1.0,6,False,empirically_passable,complete_pass_observed,none,4000,1.0,0.99925,"{""control_contamination_limited"":1180,""directionality_limited"":0,""effect_limited"":0,""effective_support_limited"":0,""specificity_limited"":0,""statistical_resolution_limited"":0,""structurally_unavailable"":0}","{""control_contamination_limited"":0.699,""directionality_limited"":0.0,""effect_limited"":0.00025,""effective_support_limited"":0.00375,""specificity_limited"":0.38475000000000004,""statistical_resolution_limited"":0.06675,""structurally_unavailable"":0.000375}","{""cluster_uncertainty_pass"":0,""complement_admissible_pass"":0,""control_adjusted_contrast_pass"":1180,""control_specificity_pass"":0,""effect_direction_reproduced_pass"":0,""minimum_effect_pass"":0,""multiplicity_adjusted_threshold_pass"":0,""raw_statistical_threshold_pass"":0,""support_available_pass"":0,""target_contrast_positive_pass"":0}",0.294,0.273
03ef63db7584762143dc3914,three_way__no_window,114bd7932e0008f8ef79,three_way,no_window,fl3_entitlement_capped,discovery,joint_wild_cluster_rademacher,measurement_missingness_concentration,1.0,1.0,6,False,empirically_passable,complete_pass_observed,none,4000,1.0,0.99875,"{""control_contamination_limited"":1222,""directionality_limited"":0,""effect_limited"":0,""effective_support_limited"":0,""specificity_limited"":0,""statistical_resolution_limited"":0,""structurally_unavailable"":0}","{""control_contamination_limited"":0.7095,""directionality_limited"":0.0,""effect_limited"":0.00025,""effective_support_limited"":0.00175,""specificity_limited"":0.38925,""statistical_resolution_limited"":0.05425,""structurally_unavailable"":0.000625}","{""cluster_uncertainty_pass"":0,""complement_admissible_pass"":0,""control_adjusted_contrast_pass"":1222,""control_specificity_pass"":0,""effect_direction_reproduced_pass"":0,""minimum_effect_pass"":0,""multiplicity_adjusted_threshold_pass"":0,""raw_statistical_threshold_pass"":0,""support_available_pass"":0,""target_contrast_positive_pass"":0}",0.287,0.272
03ef63db7584762143dc3914,three_way__no_window,114bd7932e0008f8ef79,three_way,no_window,fl3_entitlement_capped,discovery,joint_wild_cluster_rademacher,measurement_missingness_concentration,1.5,1.0,6,False,empirically_passable,complete_pass_observed,none,4000,1.0,0.997,"{""control_contamination_limited"":1277,""directionality_limited"":0,""effect_limited"":0,""effective_support_limited"":0,""specificity_limited"":0,""statistical_resolution_limited"":0,""structurally_unavailable"":0}","{""control_contamination_limited"":0.6990000000000001,""directionality_limited"":0.0,""effect_limited"":0.0,""effective_support_limited"":0.003,""specificity_limited"":0.36724999999999997,""statistical_resolution_limited"":0.058,""structurally_unavailable"":0.0015}","{""cluster_uncertainty_pass"":0,""complement_admissible_pass"":0,""control_adjusted_contrast_pass"":1277,""control_specificity_pass"":0,""effect_direction_reproduced_pass"":0,""minimum_effect_pass"":0,""multiplicity_adjusted_threshold_pass"":0,""raw_statistical_threshold_pass"":0,""support_available_pass"":0,""target_contrast_positive_pass"":0}",0.288,0.283
03ef63db7584762143dc3914,three_way__no_window,114bd7932e0008f8ef79,three_way,no_window,fl3_entitlement_capped,discovery,joint_wild_cluster_rademacher,measurement_missingness_concentration,2.0,1.0,6,False,empirically_passable,complete_pass_observed,none,4000,1.0,0.9984999999999999,"{""control_contamination_limited"":1370,""directionality_limited"":0,""effect_limited"":0,""effective_support_limited"":0,""specificity_limited"":0,""statistical_resolution_limited"":0,""structurally_unavailable"":0}","{""control_contamination_limited"":0.73325,""directionality_limited"":0.0,""effect_limited"":0.0,""effective_support_limited"":0.0015,""specificity_limited"":0.37675000000000003,""statistical_resolution_limited"":0.05025,""structurally_unavailable"":0.00075}","{""cluster_uncertainty_pass"":0,""complement_admissible_pass"":0,""control_adjusted_contrast_pass"":1370,""control_specificity_pass"":0,""effect_direction_reproduced_pass"":0,""minimum_effect_pass"":0,""multiplicity_adjusted_threshold_pass"":0,""raw_statistical_threshold_pass"":0,""support_available_pass"":0,""target_contrast_positive_pass"":0}",0.259,0.213
1cce3e5fe7c50070e58676c9,Cp2_vs_Cp3__strict_numeric_all,0262d70dda595cb6cda6,Cp2_vs_Cp3,strict_numeric_all,fl3_entitlement_capped,discovery,joint_wild_cluster_rademacher,measurement_missingness_concentration,0.25,0.0,6,False,empirically_passable,complete_pass_observed,none,4000,0.99975,0.99125,"{""control_contamination_limited"":0,""directionality_limited"":0,""effect_limited"":1,""effective_support_limited"":0,""specificity_limited"":0,""statistical_resolution_limited"":0,""structurally_unavailable"":0}","{""control_contamination_limited"":0.14800000000000002,""directionality_limited"":0.11224999999999999,""effect_limited"":0.27475,""effective_support_limited"":0.60125,""specificity_limited"":0.11224999999999999,""statistical_resolution_limited"":0.94675,""structurally_unavailable"":0.0045000000000000005}","{""cluster_uncertainty_pass"":0,""complement_admissible_pass"":0,""control_adjusted_contrast_pass"":0,""control_specificity_pass"":0,""effect_direction_reproduced_pass"":0,""minimum_effect_pass"":1,""multiplicity_adjusted_threshold_pass"":0,""raw_statistical_threshold_pass"":0,""support_available_pass"":0,""target_contrast_positive_pass"":0}",0.125,0.125
1cce3e5fe7c50070e58676c9,Cp2_vs_Cp3__strict_numeric_all,0262d70dda595cb6cda6,Cp2_vs_Cp3,strict_numeric_all,fl3_entitlement_capped,discovery,joint_wild_cluster_rademacher,measurement_missingness_concentration,0.5,0.0,6,False,empirically_passable,complete_pass_observed,none,4000,1.0,0.9935,"{""control_contamination_limited"":0,""directionality_limited"":0,""effect_limited"":0,""effective_support_limited"":0,""specificity_limited"":0,""statistical_resolution_limited"":0,""structurally_unavailable"":0}","{""control_contamination_limited"":0.09449999999999999,""directionality_limited"":0.0935,""effect_limited"":0.10049999999999999,""effective_support_limited"":0.40075,""specificity_limited"":0.09349999999999999,""statistical_resolution_limited"":0.86175,""structurally_unavailable"":0.00325}","{""cluster_uncertainty_pass"":0,""complement_admissible_pass"":0,""control_adjusted_contrast_pass"":0,""control_specificity_pass"":0,""effect_direction_reproduced_pass"":0,""minimum_effect_pass"":0,""multiplicity_adjusted_threshold_pass"":0,""raw_statistical_threshold_pass"":0,""support_available_pass"":0,""target_contrast_positive_pass"":0}",0.275,0.275
1cce3e5fe7c50070e58676c9,Cp2_vs_Cp3__strict_numeric_all,0262d70dda595cb6cda6,Cp2_vs_Cp3,strict_numeric_all,fl3_entitlement_capped,discovery,joint_wild_cluster_rademacher,measurement_missingness_concentration,0.75,0.0,6,False,empirically_passable,complete_pass_observed,none,4000,1.0,0.98925,"{""control_contamination_limited"":0,""directionality_limited"":0,""effect_limited"":0,""effective_support_limited"":0,""specificity_limited"":0,""statistical_resolution_limited"":0,""structurally_unavailable"":0}","{""control_contamination_limited"":0.09425,""directionality_limited"":0.094,""effect_limited"":0.09625,""effective_support_limited"":0.358,""specificity_limited"":0.094,""statistical_resolution_limited"":0.83175,""structurally_unavailable"":0.0053750000000000004}","{""cluster_uncertainty_pass"":0,""complement_admissible_pass"":0,""control_adjusted_contrast_pass"":0,""control_specificity_pass"":0,""effect_direction_reproduced_pass"":0,""minimum_effect_pass"":0,""multiplicity_adjusted_threshold_pass"":0,""raw_statistical_threshold_pass"":0,""support_available_pass"":0,""target_contrast_positive_pass"":0}",0.322,0.322
1cce3e5fe7c50070e58676c9,Cp2_vs_Cp3__strict_numeric_all,0262d70dda595cb6cda6,Cp2_vs_Cp3,strict_numeric_all,fl3_entitlement_capped,discovery,joint_wild_cluster_rademacher,measurement_missingness_concentration,1.0,0.0,6,False,empirically_passable,complete_pass_observed,none,4000,1.0,0.99575,"{""control_contamination_limited"":0,""directionality_limited"":0,""effect_limited"":0,""effective_support_limited"":0,""specificity_limited"":0,""statistical_resolution_limited"":0,""structurally_unavailable"":0}","{""control_contamination_limited"":0.08549999999999999,""directionality_limited"":0.08549999999999999,""effect_limited"":0.08549999999999999,""effective_support_limited"":0.35000000000000003,""specificity_limited"":0.08549999999999999,""statistical_resolution_limited"":0.8335,""structurally_unavailable"":0.002125}","{""cluster_uncertainty_pass"":0,""complement_admissible_pass"":0,""control_adjusted_contrast_pass"":0,""control_specificity_pass"":0,""effect_direction_reproduced_pass"":0,""minimum_effect_pass"":0,""multiplicity_adjusted_threshold_pass"":0,""raw_statistical_threshold_pass"":0,""support_available_pass"":0,""target_contrast_positive_pass"":0}",0.329,0.329
1cce3e5fe7c50070e58676c9,Cp2_vs_Cp3__strict_numeric_all,0262d70dda595cb6cda6,Cp2_vs_Cp3,strict_numeric_all,fl3_entitlement_capped,discovery,joint_wild_cluster_rademacher,measurement_missingness_concentration,1.5,0.0,6,False,empirically_passable,complete_pass_observed,none,4000,1.0,0.9955,"{""control_contamination_limited"":0,""directionality_limited"":0,""effect_limited"":0,""effective_support_limited"":0,""specificity_limited"":0,""statistical_resolution_limited"":0,""structurally_unavailable"":0}","{""control_contamination_limited"":0.08925000000000001,""directionality_limited"":0.08925000000000001,""effect_limited"":0.08925000000000001,""effective_support_limited"":0.335,""specificity_limited"":0.08925000000000001,""statistical_resolution_limited"":0.8067500000000001,""structurally_unavailable"":0.00225}","{""cluster_uncertainty_pass"":0,""complement_admissible_pass"":0,""control_adjusted_contrast_pass"":0,""control_specificity_pass"":0,""effect_direction_reproduced_pass"":0,""minimum_effect_pass"":0,""multiplicity_adjusted_threshold_pass"":0,""raw_statistical_threshold_pass"":0,""support_available_pass"":0,""target_contrast_positive_pass"":0}",0.356,0.356
1cce3e5fe7c50070e58676c9,Cp2_vs_Cp3__strict_numeric_all,0262d70dda595cb6cda6,Cp2_vs_Cp3,strict_numeric_all,fl3_entitlement_capped,discovery,joint_wild_cluster_rademacher,measurement_missingness_concentration,2.0,0.0,6,False,empirically_passable,complete_pass_observed,none,4000,1.0,0.99325,"{""control_contamination_limited"":0,""directionality_limited"":0,""effect_limited"":0,""effective_support_limited"":0,""specificity_limited"":0,""statistical_resolution_limited"":0,""structurally_unavailable"":0}","{""control_contamination_limited"":0.09275,""directionality_limited"":0.09275,""effect_limited"":0.09275,""effective_support_limited"":0.30324999999999996,""specificity_limited"":0.09275,""statistical_resolution_limited"":0.8162499999999999,""structurally_unavailable"":0.0033750000000000004}","{""cluster_uncertainty_pass"":0,""complement_admissible_pass"":0,""control_adjusted_contrast_pass"":0,""control_specificity_pass"":0,""effect_direction_reproduced_pass"":0,""minimum_effect_pass"":0,""multiplicity_adjusted_threshold_pass"":0,""raw_statistical_threshold_pass"":0,""support_available_pass"":0,""target_contrast_positive_pass"":0}",0.357,0.357
1cce3e5fe7c50070e58676c9,Cp2_vs_Cp3__strict_numeric_all,0262d70dda595cb6cda6,Cp2_vs_Cp3,strict_numeric_all,fl3_entitlement_capped,discovery,joint_wild_cluster_rademacher,measurement_missingness_concentration,0.25,0.25,6,False,empirically_passable,complete_pass_observed,none,4000,1.0,0.99625,"{""control_contamination_limited"":4,""directionality_limited"":0,""effect_limited"":1,""effective_support_limited"":0,""specificity_limited"":0,""statistical_resolution_limited"":0,""structurally_unavailable"":0}","{""control_contamination_limited"":0.27825,""directionality_limited"":0.1225,""effect_limited"":0.30500000000000005,""effective_support_limited"":0.6025,""specificity_limited"":0.15125000000000002,""statistical_resolution_limited"":0.9365,""structurally_unavailable"":0.001875}","{""cluster_uncertainty_pass"":0,""complement_admissible_pass"":0,""control_adjusted_contrast_pass"":4,""control_specificity_pass"":0,""effect_direction_reproduced_pass"":0,""minimum_effect_pass"":1,""multiplicity_adjusted_threshold_pass"":0,""raw_statistical_threshold_pass"":0,""support_available_pass"":0,""target_contrast_positive_pass"":0}",0.133,0.133
1cce3e5fe7c50070e58676c9,Cp2_vs_Cp3__strict_numeric_all,0262d70dda595cb6cda6,Cp2_vs_Cp3,strict_numeric_all,fl3_entitlement_capped,discovery,joint_wild_cluster_rademacher,measurement_missingness_concentration,0.5,0.25,6,False,empirically_passable,complete_pass_observed,none,4000,1.0,0.99575,"{""control_contamination_limited"":1,""directionality_limited"":0,""effect_limited"":0,""effective_support_limited"":0,""specificity_limited"":0,""statistical_resolution_limited"":0,""structurally_unavailable"":0}","{""control_contamination_limited"":0.1365,""directionality_limited"":0.091,""effect_limited"":0.10375,""effective_support_limited"":0.3895,""specificity_limited"":0.10175,""statistical_resolution_limited"":0.86925,""structurally_unavailable"":0.002125}","{""cluster_uncertainty_pass"":0,""complement_admissible_pass"":0,""control_adjusted_contrast_pass"":1,""control_specificity_pass"":0,""effect_direction_reproduced_pass"":0,""minimum_effect_pass"":0,""multiplicity_adjusted_threshold_pass"":0,""raw_statistical_threshold_pass"":0,""support_available_pass"":0,""target_contrast_positive_pass"":0}",0.27,0.27
1cce3e5fe7c50070e58676c9,Cp2_vs_Cp3__strict_numeric_all,0262d70dda595cb6cda6,Cp2_vs_Cp3,strict_numeric_all,fl3_entitlement_capped,discovery,joint_wild_cluster_rademacher,measurement_missingness_concentration,0.75,0.25,6,False,empirically_passable,complete_pass_observed,none,4000,1.0,0.9944999999999999,"{""control_contamination_limited"":0,""directionality_limited"":0,""effect_limited"":0,""effective_support_limited"":0,""specificity_limited"":0,""statistical_resolution_limited"":0,""structurally_unavailable"":0}","{""control_contamination_limited"":0.1055,""directionality_limited"":0.0915,""effect_limited"":0.0925,""effective_support_limited"":0.3475,""specificity_limited"":0.0955,""statistical_resolution_limited"":0.8395,""structurally_unavailable"":0.00275}","{""cluster_uncertainty_pass"":0,""complement_admissible_pass"":0,""control_adjusted_contrast_pass"":0,""control_specificity_pass"":0,""effect_direction_reproduced_pass"":0,""minimum_effect_pass"":0,""multiplicity_adjusted_threshold_pass"":0,""raw_statistical_threshold_pass"":0,""support_available_pass"":0,""target_contrast_positive_pass"":0}",0.316,0.316
1cce3e5fe7c50070e58676c9,Cp2_vs_Cp3__strict_numeric_all,0262d70dda595cb6cda6,Cp2_vs_Cp3,strict_numeric_all,fl3_entitlement_capped,discovery,joint_wild_cluster_rademacher,measurement_missingness_concentration,1.0,0.25,6,False,empirically_passable,complete_pass_observed,none,4000,1.0,0.9944999999999999,"{""control_contamination_limited"":0,""directionality_limited"":0,""effect_limited"":0,""effective_support_limited"":0,""specificity_limited"":0,""statistical_resolution_limited"":0,""structurally_unavailable"":0}","{""control_contamination_limited"":0.095,""directionality_limited"":0.08925000000000001,""effect_limited"":0.0895,""effective_support_limited"":0.3185,""specificity_limited"":0.092,""statistical_resolution_limited"":0.82125,""structurally_unavailable"":0.00275}","{""cluster_uncertainty_pass"":0,""complement_admissible_pass"":0,""control_adjusted_contrast_pass"":0,""control_specificity_pass"":0,""effect_direction_reproduced_pass"":0,""minimum_effect_pass"":0,""multiplicity_adjusted_threshold_pass"":0,""raw_statistical_threshold_pass"":0,""support_available_pass"":0,""target_contrast_positive_pass"":0}",0.342,0.342
1cce3e5fe7c50070e58676c9,Cp2_vs_Cp3__strict_numeric_all,0262d70dda595cb6cda6,Cp2_vs_Cp3,strict_numeric_all,fl3_entitlement_capped,discovery,joint_wild_cluster_rademacher,measurement_missingness_concentration,1.5,0.25,6,False,empirically_passable,complete_pass_observed,none,4000,1.0,0.994,"{""control_contamination_limited"":0,""directionality_limited"":0,""effect_limited"":0,""effective_support_limited"":0,""specificity_limited"":0,""statistical_resolution_limited"":0,""structurally_unavailable"":0}","{""control_contamination_limited"":0.098,""directionality_limited"":0.094,""effect_limited"":0.094,""effective_support_limited"":0.33274999999999993,""specificity_limited"":0.09475,""statistical_resolution_limited"":0.82275,""structurally_unavailable"":0.003}","{""cluster_uncertainty_pass"":0,""complement_admissible_pass"":0,""control_adjusted_contrast_pass"":0,""control_specificity_pass"":0,""effect_direction_reproduced_pass"":0,""minimum_effect_pass"":0,""multiplicity_adjusted_threshold_pass"":0,""raw_statistical_threshold_pass"":0,""support_available_pass"":0,""target_contrast_positive_pass"":0}",0.352,0.352
1cce3e5fe7c50070e58676c9,Cp2_vs_Cp3__strict_numeric_all,0262d70dda595cb6cda6,Cp2_vs_Cp3,strict_numeric_all,fl3_entitlement_capped,discovery,joint_wild_cluster_rademacher,measurement_missingness_concentration,2.0,0.25,6,False,empirically_passable,complete_pass_observed,none,4000,1.0,0.99525,"{""control_contamination_limited"":0,""directionality_limited"":0,""effect_limited"":0,""effective_support_limited"":0,""specificity_limited"":0,""statistical_resolution_limited"":0,""structurally_unavailable"":0}","{""control_contamination_limited"":0.08975,""directionality_limited"":0.08875,""effect_limited"":0.08875,""effective_support_limited"":0.33125,""specificity_limited"":0.089,""statistical_resolution_limited"":0.82575,""structurally_unavailable"":0.0023750000000000004}","{""cluster_uncertainty_pass"":0,""complement_admissible_pass"":0,""control_adjusted_contrast_pass"":0,""control_specificity_pass"":0,""effect_direction_reproduced_pass"":0,""minimum_effect_pass"":0,""multiplicity_adjusted_threshold_pass"":0,""raw_statistical_threshold_pass"":0,""support_available_pass"":0,""target_contrast_positive_pass"":0}",0.352,0.352
1cce3e5fe7c50070e58676c9,Cp2_vs_Cp3__strict_numeric_all,0262d70dda595cb6cda6,Cp2_vs_Cp3,strict_numeric_all,fl3_entitlement_capped,discovery,joint_wild_cluster_rademacher,measurement_missingness_concentration,0.25,0.5,6,False,empirically_passable,complete_pass_observed,none,4000,1.0,0.9935,"{""control_contamination_limited"":24,""directionality_limited"":0,""effect_limited"":0,""effective_support_limited"":0,""specificity_limited"":0,""statistical_resolution_limited"":0,""structurally_unavailable"":0}","{""control_contamination_limited"":0.43400000000000005,""directionality_limited"":0.1185,""effect_limited"":0.29325,""effective_support_limited"":0.5880000000000001,""specificity_limited"":0.24625,""statistical_resolution_limited"":0.9392499999999999,""structurally_unavailable"":0.00325}","{""cluster_uncertainty_pass"":0,""complement_admissible_pass"":0,""control_adjusted_contrast_pass"":24,""control_specificity_pass"":0,""effect_direction_reproduced_pass"":0,""minimum_effect_pass"":0,""multiplicity_adjusted_threshold_pass"":0,""raw_statistical_threshold_pass"":0,""support_available_pass"":0,""target_contrast_positive_pass"":0}",0.112,0.112
1cce3e5fe7c50070e58676c9,Cp2_vs_Cp3__strict_numeric_all,0262d70dda595cb6cda6,Cp2_vs_Cp3,strict_numeric_all,fl3_entitlement_capped,discovery,joint_wild_cluster_rademacher,measurement_missingness_concentration,0.5,0.5,6,False,empirically_passable,complete_pass_observed,none,4000,1.0,0.997,"{""control_contamination_limited"":25,""directionality_limited"":0,""effect_limited"":0,""effective_support_limited"":0,""specificity_limited"":0,""statistical_resolution_limited"":0,""structurally_unavailable"":0}","{""control_contamination_limited"":0.28425,""directionality_limited"":0.09975,""effect_limited"":0.11075,""effective_support_limited"":0.40599999999999997,""specificity_limited"":0.1765,""statistical_resolution_limited"":0.8714999999999999,""structurally_unavailable"":0.0015}","{""cluster_uncertainty_pass"":0,""complement_admissible_pass"":0,""control_adjusted_contrast_pass"":25,""control_specificity_pass"":0,""effect_direction_reproduced_pass"":0,""minimum_effect_pass"":0,""multiplicity_adjusted_threshold_pass"":0,""raw_statistical_threshold_pass"":0,""support_available_pass"":0,""target_contrast_positive_pass"":0}",0.257,0.257
1cce3e5fe7c50070e58676c9,Cp2_vs_Cp3__strict_numeric_all,0262d70dda595cb6cda6,Cp2_vs_Cp3,strict_numeric_all,fl3_entitlement_capped,discovery,joint_wild_cluster_rademacher,measurement_missingness_concentration,0.75,0.5,6,False,empirically_passable,complete_pass_observed,none,4000,1.0,0.9955,"{""control_contamination_limited"":26,""directionality_limited"":0,""effect_limited"":0,""effective_support_limited"":0,""specificity_limited"":0,""statistical_resolution_limited"":0,""structurally_unavailable"":0}","{""control_contamination_limited"":0.1885,""directionality_limited"":0.06999999999999999,""effect_limited"":0.07225,""effective_support_limited"":0.343,""specificity_limited"":0.11399999999999999,""statistical_resolution_limited"":0.84775,""structurally_unavailable"":0.0022500000000000003}","{""cluster_uncertainty_pass"":0,""complement_admissible_pass"":0,""control_adjusted_contrast_pass"":26,""control_specificity_pass"":0,""effect_direction_reproduced_pass"":0,""minimum_effect_pass"":0,""multiplicity_adjusted_threshold_pass"":0,""raw_statistical_threshold_pass"":0,""support_available_pass"":0,""target_contrast_positive_pass"":0}",0.294,0.294
1cce3e5fe7c50070e58676c9,Cp2_vs_Cp3__strict_numeric_all,0262d70dda595cb6cda6,Cp2_vs_Cp3,strict_numeric_all,fl3_entitlement_capped,discovery,joint_wild_cluster_rademacher,measurement_missingness_concentration,1.0,0.5,6,False,empirically_passable,complete_pass_observed,none,4000,1.0,0.99375,"{""control_contamination_limited"":14,""directionality_limited"":0,""effect_limited"":0,""effective_support_limited"":0,""specificity_limited"":0,""statistical_resolution_limited"":0,""structurally_unavailable"":0}","{""control_contamination_limited"":0.15725,""directionality_limited"":0.08825,""effect_limited"":0.0885,""effective_support_limited"":0.3305,""specificity_limited"":0.11149999999999999,""statistical_resolution_limited"":0.82275,""structurally_unavailable"":0.0031249999999999997}","{""cluster_uncertainty_pass"":0,""complement_admissible_pass"":0,""control_adjusted_contrast_pass"":14,""control_specificity_pass"":0,""effect_direction_reproduced_pass"":0,""minimum_effect_pass"":0,""multiplicity_adjusted_threshold_pass"":0,""raw_statistical_threshold_pass"":0,""support_available_pass"":0,""target_contrast_positive_pass"":0}",0.338,0.338
1cce3e5fe7c50070e58676c9,Cp2_vs_Cp3__strict_numeric_all,0262d70dda595cb6cda6,Cp2_vs_Cp3,strict_numeric_all,fl3_entitlement_capped,discovery,joint_wild_cluster_rademacher,measurement_missingness_concentration,1.5,0.5,6,False,empirically_passable,complete_pass_observed,none,4000,1.0,0.9975,"{""control_contamination_limited"":3,""directionality_limited"":0,""effect_limited"":0,""effective_support_limited"":0,""specificity_limited"":0,""statistical_resolution_limited"":0,""structurally_unavailable"":0}","{""control_contamination_limited"":0.1425,""directionality_limited"":0.0935,""effect_limited"":0.0935,""effective_support_limited"":0.34225,""specificity_limited"":0.1075,""statistical_resolution_limited"":0.8345,""structurally_unavailable"":0.00125}","{""cluster_uncertainty_pass"":0,""complement_admissible_pass"":0,""control_adjusted_contrast_pass"":3,""control_specificity_pass"":0,""effect_direction_reproduced_pass"":0,""minimum_effect_pass"":0,""multiplicity_adjusted_threshold_pass"":0,""raw_statistical_threshold_pass"":0,""support_available_pass"":0,""target_contrast_positive_pass"":0}",0.326,0.326
1cce3e5fe7c50070e58676c9,Cp2_vs_Cp3__strict_numeric_all,0262d70dda595cb6cda6,Cp2_vs_Cp3,strict_numeric_all,fl3_entitlement_capped,discovery,joint_wild_cluster_rademacher,measurement_missingness_concentration,2.0,0.5,6,False,empirically_passable,complete_pass_observed,none,4000,1.0,0.9955,"{""control_contamination_limited"":7,""directionality_limited"":0,""effect_limited"":0,""effective_support_limited"":0,""specificity_limited"":0,""statistical_resolution_limited"":0,""structurally_unavailable"":0}","{""control_contamination_limited"":0.12225,""directionality_limited"":0.08650000000000001,""effect_limited"":0.08650000000000001,""effective_support_limited"":0.32675,""specificity_limited"":0.09875,""statistical_resolution_limited"":0.81375,""structurally_unavailable"":0.0022500000000000003}","{""cluster_uncertainty_pass"":0,""complement_admissible_pass"":0,""control_adjusted_contrast_pass"":7,""control_specificity_pass"":0,""effect_direction_reproduced_pass"":0,""minimum_effect_pass"":0,""multiplicity_adjusted_threshold_pass"":0,""raw_statistical_threshold_pass"":0,""support_available_pass"":0,""target_contrast_positive_pass"":0}",0.359,0.359
1cce3e5fe7c50070e58676c9,Cp2_vs_Cp3__strict_numeric_all,0262d70dda595cb6cda6,Cp2_vs_Cp3,strict_numeric_all,fl3_entitlement_capped,discovery,joint_wild_cluster_rademacher,measurement_missingness_concentration,0.25,1.0,6,False,empirically_passable,complete_pass_observed,none,4000,1.0,0.995,"{""control_contamination_limited"":82,""directionality_limited"":0,""effect_limited"":0,""effective_support_limited"":0,""specificity_limited"":0,""statistical_resolution_limited"":0,""structurally_unavailable"":0}","{""control_contamination_limited"":0.75325,""directionality_limited"":0.11399999999999999,""effect_limited"":0.27749999999999997,""effective_support_limited"":0.59575,""specificity_limited"":0.49924999999999997,""statistical_resolution_limited"":0.94625,""structurally_unavailable"":0.0024999999999999996}","{""cluster_uncertainty_pass"":0,""complement_admissible_pass"":0,""control_adjusted_contrast_pass"":82,""control_specificity_pass"":0,""effect_direction_reproduced_pass"":0,""minimum_effect_pass"":0,""multiplicity_adjusted_threshold_pass"":0,""raw_statistical_threshold_pass"":0,""support_available_pass"":0,""target_contrast_positive_pass"":0}",0.045,0.045
1cce3e5fe7c50070e58676c9,Cp2_vs_Cp3__strict_numeric_all,0262d70dda595cb6cda6,Cp2_vs_Cp3,strict_numeric_all,fl3_entitlement_capped,discovery,joint_wild_cluster_rademacher,measurement_missingness_concentration,0.5,1.0,6,False,empirically_passable,complete_pass_observed,none,4000,1.0,0.9944999999999999,"{""control_contamination_limited"":202,""directionality_limited"":0,""effect_limited"":0,""effective_support_limited"":0,""specificity_limited"":0,""statistical_resolution_limited"":0,""structurally_unavailable"":0}","{""control_contamination_limited"":0.71225,""directionality_limited"":0.08325,""effect_limited"":0.098,""effective_support_limited"":0.38,""specificity_limited"":0.48825,""statistical_resolution_limited"":0.8514999999999999,""structurally_unavailable"":0.0027500000000000003}","{""cluster_uncertainty_pass"":0,""complement_admissible_pass"":0,""control_adjusted_contrast_pass"":202,""control_specificity_pass"":0,""effect_direction_reproduced_pass"":0,""minimum_effect_pass"":0,""multiplicity_adjusted_threshold_pass"":0,""raw_statistical_threshold_pass"":0,""support_available_pass"":0,""target_contrast_positive_pass"":0}",0.094,0.094
1cce3e5fe7c50070e58676c9,Cp2_vs_Cp3__strict_numeric_all,0262d70dda595cb6cda6,Cp2_vs_Cp3,strict_numeric_all,fl3_entitlement_capped,discovery,joint_wild_cluster_rademacher,measurement_missingness_concentration,0.75,1.0,6,False,empirically_passable,complete_pass_observed,none,4000,1.0,0.9944999999999999,"{""control_contamination_limited"":260,""directionality_limited"":0,""effect_limited"":0,""effective_support_limited"":0,""specificity_limited"":0,""statistical_resolution_limited"":0,""structurally_unavailable"":0}","{""control_contamination_limited"":0.7062499999999999,""directionality_limited"":0.0955,""effect_limited"":0.09575,""effective_support_limited"":0.3485,""specificity_limited"":0.47350000000000003,""statistical_resolution_limited"":0.81,""structurally_unavailable"":0.00275}","{""cluster_uncertainty_pass"":0,""complement_admissible_pass"":0,""control_adjusted_contrast_pass"":260,""control_specificity_pass"":0,""effect_direction_reproduced_pass"":0,""minimum_effect_pass"":0,""multiplicity_adjusted_threshold_pass"":0,""raw_statistical_threshold_pass"":0,""support_available_pass"":0,""target_contrast_positive_pass"":0}",0.108,0.108
1cce3e5fe7c50070e58676c9,Cp2_vs_Cp3__strict_numeric_all,0262d70dda595cb6cda6,Cp2_vs_Cp3,strict_numeric_all,fl3_entitlement_capped,discovery,joint_wild_cluster_rademacher,measurement_missingness_concentration,1.0,1.0,6,False,empirically_passable,complete_pass_observed,none,4000,1.0,0.9925,"{""control_contamination_limited"":218,""directionality_limited"":0,""effect_limited"":0,""effective_support_limited"":0,""specificity_limited"":0,""statistical_resolution_limited"":0,""structurally_unavailable"":0}","{""control_contamination_limited"":0.69225,""directionality_limited"":0.093,""effect_limited"":0.09325,""effective_support_limited"":0.33725,""specificity_limited"":0.48825,""statistical_resolution_limited"":0.8125,""structurally_unavailable"":0.00375}","{""cluster_uncertainty_pass"":0,""complement_admissible_pass"":0,""control_adjusted_contrast_pass"":218,""control_specificity_pass"":0,""effect_direction_reproduced_pass"":0,""minimum_effect_pass"":0,""multiplicity_adjusted_threshold_pass"":0,""raw_statistical_threshold_pass"":0,""support_available_pass"":0,""target_contrast_positive_pass"":0}",0.097,0.097
1cce3e5fe7c50070e58676c9,Cp2_vs_Cp3__strict_numeric_all,0262d70dda595cb6cda6,Cp2_vs_Cp3,strict_numeric_all,fl3_entitlement_capped,discovery,joint_wild_cluster_rademacher,measurement_missingness_concentration,1.5,1.0,6,False,empirically_passable,complete_pass_observed,none,4000,1.0,0.99475,"{""control_contamination_limited"":179,""directionality_limited"":0,""effect_limited"":0,""effective_support_limited"":0,""specificity_limited"":0,""statistical_resolution_limited"":0,""structurally_unavailable"":0}","{""control_contamination_limited"":0.7032499999999999,""directionality_limited"":0.098,""effect_limited"":0.098,""effective_support_limited"":0.34175,""specificity_limited"":0.4935,""statistical_resolution_limited"":0.8367500000000001,""structurally_unavailable"":0.002625}","{""cluster_uncertainty_pass"":0,""complement_admissible_pass"":0,""control_adjusted_contrast_pass"":179,""control_specificity_pass"":0,""effect_direction_reproduced_pass"":0,""minimum_effect_pass"":0,""multiplicity_adjusted_threshold_pass"":0,""raw_statistical_threshold_pass"":0,""support_available_pass"":0,""target_contrast_positive_pass"":0}",0.094,0.094
1cce3e5fe7c50070e58676c9,Cp2_vs_Cp3__strict_numeric_all,0262d70dda595cb6cda6,Cp2_vs_Cp3,strict_numeric_all,fl3_entitlement_capped,discovery,joint_wild_cluster_rademacher,measurement_missingness_concentration,2.0,1.0,6,False,empirically_passable,complete_pass_observed,none,4000,1.0,0.9944999999999999,"{""control_contamination_limited"":233,""directionality_limited"":0,""effect_limited"":0,""effective_support_limited"":0,""specificity_limited"":0,""statistical_resolution_limited"":0,""structurally_unavailable"":0}","{""control_contamination_limited"":0.7257499999999999,""directionality_limited"":0.094,""effect_limited"":0.094,""effective_support_limited"":0.3235,""specificity_limited"":0.5065000000000001,""statistical_resolution_limited"":0.8079999999999999,""structurally_unavailable"":0.00275}","{""cluster_uncertainty_pass"":0,""complement_admissible_pass"":0,""control_adjusted_contrast_pass"":233,""control_specificity_pass"":0,""effect_direction_reproduced_pass"":0,""minimum_effect_pass"":0,""multiplicity_adjusted_threshold_pass"":0,""raw_statistical_threshold_pass"":0,""support_available_pass"":0,""target_contrast_positive_pass"":0}",0.087,0.087
fe17c18b39eb86c6e9f982bd,C_vs_Cp3__path_shares_only,28ecf7e42b861405b6b3,C_vs_Cp3,path_shares_only,fl3_entitled,discovery,joint_wild_cluster_rademacher,measurement_missingness_concentration,0.25,0.0,6,False,empirically_passable,complete_pass_observed,none,4000,1.0,1.0,"{""control_contamination_limited"":0,""directionality_limited"":0,""effect_limited"":0,""effective_support_limited"":0,""specificity_limited"":0,""statistical_resolution_limited"":0,""structurally_unavailable"":0}","{""control_contamination_limited"":0.0545,""directionality_limited"":0.0315,""effect_limited"":0.1965,""effective_support_limited"":0.42025,""specificity_limited"":0.0315,""statistical_resolution_limited"":0.66675,""structurally_unavailable"":0.0}","{""cluster_uncertainty_pass"":0,""complement_admissible_pass"":0,""control_adjusted_contrast_pass"":0,""control_specificity_pass"":0,""effect_direction_reproduced_pass"":0,""minimum_effect_pass"":0,""multiplicity_adjusted_threshold_pass"":0,""raw_statistical_threshold_pass"":0,""support_available_pass"":0,""target_contrast_positive_pass"":0}",0.577,0.577
fe17c18b39eb86c6e9f982bd,C_vs_Cp3__path_shares_only,28ecf7e42b861405b6b3,C_vs_Cp3,path_shares_only,fl3_entitled,discovery,joint_wild_cluster_rademacher,measurement_missingness_concentration,0.5,0.0,6,False,empirically_passable,complete_pass_observed,none,4000,1.0,1.0,"{""control_contamination_limited"":0,""directionality_limited"":0,""effect_limited"":0,""effective_support_limited"":0,""specificity_limited"":0,""statistical_resolution_limited"":0,""structurally_unavailable"":0}","{""control_contamination_limited"":0.0015,""directionality_limited"":0.0015,""effect_limited"":0.01175,""effective_support_limited"":0.10425,""specificity_limited"":0.0015,""statistical_resolution_limited"":0.30575,""structurally_unavailable"":0.0}","{""cluster_uncertainty_pass"":0,""complement_admissible_pass"":0,""control_adjusted_contrast_pass"":0,""control_specificity_pass"":0,""effect_direction_reproduced_pass"":0,""minimum_effect_pass"":0,""multiplicity_adjusted_threshold_pass"":0,""raw_statistical_threshold_pass"":0,""support_available_pass"":0,""target_contrast_positive_pass"":0}",0.949,0.949
fe17c18b39eb86c6e9f982bd,C_vs_Cp3__path_shares_only,28ecf7e42b861405b6b3,C_vs_Cp3,path_shares_only,fl3_entitled,discovery,joint_wild_cluster_rademacher,measurement_missingness_concentration,0.75,0.0,6,False,empirically_passable,complete_pass_observed,none,4000,1.0,1.0,"{""control_contamination_limited"":0,""directionality_limited"":0,""effect_limited"":0,""effective_support_limited"":0,""specificity_limited"":0,""statistical_resolution_limited"":0,""structurally_unavailable"":0}","{""control_contamination_limited"":0.0,""directionality_limited"":0.0,""effect_limited"":0.001,""effective_support_limited"":0.03375,""specificity_limited"":0.0,""statistical_resolution_limited"":0.16125,""structurally_unavailable"":0.0}","{""cluster_uncertainty_pass"":0,""complement_admissible_pass"":0,""control_adjusted_contrast_pass"":0,""control_specificity_pass"":0,""effect_direction_reproduced_pass"":0,""minimum_effect_pass"":0,""multiplicity_adjusted_threshold_pass"":0,""raw_statistical_threshold_pass"":0,""support_available_pass"":0,""target_contrast_positive_pass"":0}",0.987,0.987
fe17c18b39eb86c6e9f982bd,C_vs_Cp3__path_shares_only,28ecf7e42b861405b6b3,C_vs_Cp3,path_shares_only,fl3_entitled,discovery,joint_wild_cluster_rademacher,measurement_missingness_concentration,1.0,0.0,6,False,empirically_passable,complete_pass_observed,none,4000,1.0,1.0,"{""control_contamination_limited"":0,""directionality_limited"":0,""effect_limited"":0,""effective_support_limited"":0,""specificity_limited"":0,""statistical_resolution_limited"":0,""structurally_unavailable"":0}","{""control_contamination_limited"":0.0,""directionality_limited"":0.0,""effect_limited"":0.0,""effective_support_limited"":0.01025,""specificity_limited"":0.0,""statistical_resolution_limited"":0.0995,""structurally_unavailable"":0.0}","{""cluster_uncertainty_pass"":0,""complement_admissible_pass"":0,""control_adjusted_contrast_pass"":0,""control_specificity_pass"":0,""effect_direction_reproduced_pass"":0,""minimum_effect_pass"":0,""multiplicity_adjusted_threshold_pass"":0,""raw_statistical_threshold_pass"":0,""support_available_pass"":0,""target_contrast_positive_pass"":0}",0.997,0.997
fe17c18b39eb86c6e9f982bd,C_vs_Cp3__path_shares_only,28ecf7e42b861405b6b3,C_vs_Cp3,path_shares_only,fl3_entitled,discovery,joint_wild_cluster_rademacher,measurement_missingness_concentration,1.5,0.0,6,False,empirically_passable,complete_pass_observed,none,4000,1.0,0.9995,"{""control_contamination_limited"":0,""directionality_limited"":0,""effect_limited"":0,""effective_support_limited"":0,""specificity_limited"":0,""statistical_resolution_limited"":0,""structurally_unavailable"":0}","{""control_contamination_limited"":0.0005,""directionality_limited"":0.0005,""effect_limited"":0.0005,""effective_support_limited"":0.00275,""specificity_limited"":0.0005,""statistical_resolution_limited"":0.06525,""structurally_unavailable"":0.00025}","{""cluster_uncertainty_pass"":0,""complement_admissible_pass"":0,""control_adjusted_contrast_pass"":0,""control_specificity_pass"":0,""effect_direction_reproduced_pass"":0,""minimum_effect_pass"":0,""multiplicity_adjusted_threshold_pass"":0,""raw_statistical_threshold_pass"":0,""support_available_pass"":0,""target_contrast_positive_pass"":0}",0.999,0.999
fe17c18b39eb86c6e9f982bd,C_vs_Cp3__path_shares_only,28ecf7e42b861405b6b3,C_vs_Cp3,path_shares_only,fl3_entitled,discovery,joint_wild_cluster_rademacher,measurement_missingness_concentration,2.0,0.0,6,False,empirically_passable,complete_pass_observed,none,4000,1.0,1.0,"{""control_contamination_limited"":0,""directionality_limited"":0,""effect_limited"":0,""effective_support_limited"":0,""specificity_limited"":0,""statistical_resolution_limited"":0,""structurally_unavailable"":0}","{""control_contamination_limited"":0.0,""directionality_limited"":0.0,""effect_limited"":0.0,""effective_support_limited"":0.00125,""specificity_limited"":0.0,""statistical_resolution_limited"":0.053,""structurally_unavailable"":0.0}","{""cluster_uncertainty_pass"":0,""complement_admissible_pass"":0,""control_adjusted_contrast_pass"":0,""control_specificity_pass"":0,""effect_direction_reproduced_pass"":0,""minimum_effect_pass"":0,""multiplicity_adjusted_threshold_pass"":0,""raw_statistical_threshold_pass"":0,""support_available_pass"":0,""target_contrast_positive_pass"":0}",1.0,1.0
fe17c18b39eb86c6e9f982bd,C_vs_Cp3__path_shares_only,28ecf7e42b861405b6b3,C_vs_Cp3,path_shares_only,fl3_entitled,discovery,joint_wild_cluster_rademacher,measurement_missingness_concentration,0.25,0.25,6,False,empirically_passable,complete_pass_observed,none,4000,1.0,1.0,"{""control_contamination_limited"":4,""directionality_limited"":0,""effect_limited"":0,""effective_support_limited"":0,""specificity_limited"":0,""statistical_resolution_limited"":0,""structurally_unavailable"":0}","{""control_contamination_limited"":0.161,""directionality_limited"":0.02225,""effect_limited"":0.18125,""effective_support_limited"":0.39875,""specificity_limited"":0.0495,""statistical_resolution_limited"":0.64325,""structurally_unavailable"":0.0}","{""cluster_uncertainty_pass"":0,""complement_admissible_pass"":0,""control_adjusted_contrast_pass"":4,""control_specificity_pass"":0,""effect_direction_reproduced_pass"":0,""minimum_effect_pass"":0,""multiplicity_adjusted_threshold_pass"":0,""raw_statistical_threshold_pass"":0,""support_available_pass"":0,""target_contrast_positive_pass"":0}",0.61,0.61
fe17c18b39eb86c6e9f982bd,C_vs_Cp3__path_shares_only,28ecf7e42b861405b6b3,C_vs_Cp3,path_shares_only,fl3_entitled,discovery,joint_wild_cluster_rademacher,measurement_missingness_concentration,0.5,0.25,6,False,empirically_passable,complete_pass_observed,none,4000,1.0,1.0,"{""control_contamination_limited"":17,""directionality_limited"":0,""effect_limited"":0,""effective_support_limited"":0,""specificity_limited"":0,""statistical_resolution_limited"":0,""structurally_unavailable"":0}","{""control_contamination_limited"":0.0435,""directionality_limited"":0.002,""effect_limited"":0.01325,""effective_support_limited"":0.1135,""specificity_limited"":0.01525,""statistical_resolution_limited"":0.308,""structurally_unavailable"":0.0}","{""cluster_uncertainty_pass"":0,""complement_admissible_pass"":0,""control_adjusted_contrast_pass"":17,""control_specificity_pass"":0,""effect_direction_reproduced_pass"":0,""minimum_effect_pass"":0,""multiplicity_adjusted_threshold_pass"":0,""raw_statistical_threshold_pass"":0,""support_available_pass"":0,""target_contrast_positive_pass"":0}",0.92,0.92
fe17c18b39eb86c6e9f982bd,C_vs_Cp3__path_shares_only,28ecf7e42b861405b6b3,C_vs_Cp3,path_shares_only,fl3_entitled,discovery,joint_wild_cluster_rademacher,measurement_missingness_concentration,0.75,0.25,6,False,empirically_passable,complete_pass_observed,none,4000,1.0,1.0,"{""control_contamination_limited"":9,""directionality_limited"":0,""effect_limited"":0,""effective_support_limited"":0,""specificity_limited"":0,""statistical_resolution_limited"":0,""structurally_unavailable"":0}","{""control_contamination_limited"":0.012750000000000001,""directionality_limited"":0.00025,""effect_limited"":0.0005,""effective_support_limited"":0.031749999999999994,""specificity_limited"":0.00275,""statistical_resolution_limited"":0.16199999999999998,""structurally_unavailable"":0.0}","{""cluster_uncertainty_pass"":0,""complement_admissible_pass"":0,""control_adjusted_contrast_pass"":9,""control_specificity_pass"":0,""effect_direction_reproduced_pass"":0,""minimum_effect_pass"":0,""multiplicity_adjusted_threshold_pass"":0,""raw_statistical_threshold_pass"":0,""support_available_pass"":0,""target_contrast_positive_pass"":0}",0.985,0.985
fe17c18b39eb86c6e9f982bd,C_vs_Cp3__path_shares_only,28ecf7e42b861405b6b3,C_vs_Cp3,path_shares_only,fl3_entitled,discovery,joint_wild_cluster_rademacher,measurement_missingness_concentration,1.0,0.25,6,False,empirically_passable,complete_pass_observed,none,4000,1.0,0.99975,"{""control_contamination_limited"":7,""directionality_limited"":0,""effect_limited"":0,""effective_support_limited"":0,""specificity_limited"":0,""statistical_resolution_limited"":0,""structurally_unavailable"":0}","{""control_contamination_limited"":0.0055000000000000005,""directionality_limited"":0.00025,""effect_limited"":0.00025,""effective_support_limited"":0.0115,""specificity_limited"":0.00125,""statistical_resolution_limited"":0.10375000000000001,""structurally_unavailable"":0.000125}","{""cluster_uncertainty_pass"":0,""complement_admissible_pass"":0,""control_adjusted_contrast_pass"":7,""control_specificity_pass"":0,""effect_direction_reproduced_pass"":0,""minimum_effect_pass"":0,""multiplicity_adjusted_threshold_pass"":0,""raw_statistical_threshold_pass"":0,""support_available_pass"":0,""target_contrast_positive_pass"":0}",0.996,0.996
fe17c18b39eb86c6e9f982bd,C_vs_Cp3__path_shares_only,28ecf7e42b861405b6b3,C_vs_Cp3,path_shares_only,fl3_entitled,discovery,joint_wild_cluster_rademacher,measurement_missingness_concentration,1.5,0.25,6,False,empirically_passable,complete_pass_observed,none,4000,1.0,1.0,"{""control_contamination_limited"":1,""directionality_limited"":0,""effect_limited"":0,""effective_support_limited"":0,""specificity_limited"":0,""statistical_resolution_limited"":0,""structurally_unavailable"":0}","{""control_contamination_limited"":0.0022500000000000003,""directionality_limited"":0.0,""effect_limited"":0.0,""effective_support_limited"":0.0022500000000000003,""specificity_limited"":0.0005,""statistical_resolution_limited"":0.0635,""structurally_unavailable"":0.0}","{""cluster_uncertainty_pass"":0,""complement_admissible_pass"":0,""control_adjusted_contrast_pass"":1,""control_specificity_pass"":0,""effect_direction_reproduced_pass"":0,""minimum_effect_pass"":0,""multiplicity_adjusted_threshold_pass"":0,""raw_statistical_threshold_pass"":0,""support_available_pass"":0,""target_contrast_positive_pass"":0}",1.0,1.0
fe17c18b39eb86c6e9f982bd,C_vs_Cp3__path_shares_only,28ecf7e42b861405b6b3,C_vs_Cp3,path_shares_only,fl3_entitled,discovery,joint_wild_cluster_rademacher,measurement_missingness_concentration,2.0,0.25,6,False,empirically_passable,complete_pass_observed,none,4000,1.0,1.0,"{""control_contamination_limited"":0,""directionality_limited"":0,""effect_limited"":0,""effective_support_limited"":0,""specificity_limited"":0,""statistical_resolution_limited"":0,""structurally_unavailable"":0}","{""control_contamination_limited"":0.0,""directionality_limited"":0.0,""effect_limited"":0.0,""effective_support_limited"":0.00175,""specificity_limited"":0.0,""statistical_resolution_limited"":0.059250000000000004,""structurally_unavailable"":0.0}","{""cluster_uncertainty_pass"":0,""complement_admissible_pass"":0,""control_adjusted_contrast_pass"":0,""control_specificity_pass"":0,""effect_direction_reproduced_pass"":0,""minimum_effect_pass"":0,""multiplicity_adjusted_threshold_pass"":0,""raw_statistical_threshold_pass"":0,""support_available_pass"":0,""target_contrast_positive_pass"":0}",0.999,0.999
fe17c18b39eb86c6e9f982bd,C_vs_Cp3__path_shares_only,28ecf7e42b861405b6b3,C_vs_Cp3,path_shares_only,fl3_entitled,discovery,joint_wild_cluster_rademacher,measurement_missingness_concentration,0.25,0.5,6,False,empirically_passable,complete_pass_observed,none,4000,1.0,0.99975,"{""control_contamination_limited"":93,""directionality_limited"":0,""effect_limited"":0,""effective_support_limited"":0,""specificity_limited"":0,""statistical_resolution_limited"":0,""structurally_unavailable"":0}","{""control_contamination_limited"":0.3655,""directionality_limited"":0.033499999999999995,""effect_limited"":0.21025,""effective_support_limited"":0.425,""specificity_limited"":0.1675,""statistical_resolution_limited"":0.67325,""structurally_unavailable"":0.000125}","{""cluster_uncertainty_pass"":0,""complement_admissible_pass"":0,""control_adjusted_contrast_pass"":93,""control_specificity_pass"":0,""effect_direction_reproduced_pass"":0,""minimum_effect_pass"":0,""multiplicity_adjusted_threshold_pass"":0,""raw_statistical_threshold_pass"":0,""support_available_pass"":0,""target_contrast_positive_pass"":0}",0.49,0.49
fe17c18b39eb86c6e9f982bd,C_vs_Cp3__path_shares_only,28ecf7e42b861405b6b3,C_vs_Cp3,path_shares_only,fl3_entitled,discovery,joint_wild_cluster_rademacher,measurement_missingness_concentration,0.5,0.5,6,False,empirically_passable,complete_pass_observed,none,4000,1.0,1.0,"{""control_contamination_limited"":241,""directionality_limited"":0,""effect_limited"":0,""effective_support_limited"":0,""specificity_limited"":0,""statistical_resolution_limited"":0,""structurally_unavailable"":0}","{""control_contamination_limited"":0.21425,""directionality_limited"":0.002,""effect_limited"":0.0155,""effective_support_limited"":0.11525,""specificity_limited"":0.08525,""statistical_resolution_limited"":0.30974999999999997,""structurally_unavailable"":0.0}","{""cluster_uncertainty_pass"":0,""complement_admissible_pass"":0,""control_adjusted_contrast_pass"":241,""control_specificity_pass"":0,""effect_direction_reproduced_pass"":0,""minimum_effect_pass"":0,""multiplicity_adjusted_threshold_pass"":0,""raw_statistical_threshold_pass"":0,""support_available_pass"":0,""target_contrast_positive_pass"":0}",0.811,0.811
fe17c18b39eb86c6e9f982bd,C_vs_Cp3__path_shares_only,28ecf7e42b861405b6b3,C_vs_Cp3,path_shares_only,fl3_entitled,discovery,joint_wild_cluster_rademacher,measurement_missingness_concentration,0.75,0.5,6,False,empirically_passable,complete_pass_observed,none,4000,1.0,1.0,"{""control_contamination_limited"":210,""directionality_limited"":0,""effect_limited"":0,""effective_support_limited"":0,""specificity_limited"":0,""statistical_resolution_limited"":0,""structurally_unavailable"":0}","{""control_contamination_limited"":0.13299999999999998,""directionality_limited"":0.0,""effect_limited"":0.0025000000000000005,""effective_support_limited"":0.035,""specificity_limited"":0.052,""statistical_resolution_limited"":0.165,""structurally_unavailable"":0.0}","{""cluster_uncertainty_pass"":0,""complement_admissible_pass"":0,""control_adjusted_contrast_pass"":210,""control_specificity_pass"":0,""effect_direction_reproduced_pass"":0,""minimum_effect_pass"":0,""multiplicity_adjusted_threshold_pass"":0,""raw_statistical_threshold_pass"":0,""support_available_pass"":0,""target_contrast_positive_pass"":0}",0.906,0.906
fe17c18b39eb86c6e9f982bd,C_vs_Cp3__path_shares_only,28ecf7e42b861405b6b3,C_vs_Cp3,path_shares_only,fl3_entitled,discovery,joint_wild_cluster_rademacher,measurement_missingness_concentration,1.0,0.5,6,False,empirically_passable,complete_pass_observed,none,4000,1.0,1.0,"{""control_contamination_limited"":190,""directionality_limited"":0,""effect_limited"":0,""effective_support_limited"":0,""specificity_limited"":0,""statistical_resolution_limited"":0,""structurally_unavailable"":0}","{""control_contamination_limited"":0.08875,""directionality_limited"":0.0,""effect_limited"":0.0,""effective_support_limited"":0.011,""specificity_limited"":0.0265,""statistical_resolution_limited"":0.10250000000000001,""structurally_unavailable"":0.0}","{""cluster_uncertainty_pass"":0,""complement_admissible_pass"":0,""control_adjusted_contrast_pass"":190,""control_specificity_pass"":0,""effect_direction_reproduced_pass"":0,""minimum_effect_pass"":0,""multiplicity_adjusted_threshold_pass"":0,""raw_statistical_threshold_pass"":0,""support_available_pass"":0,""target_contrast_positive_pass"":0}",0.943,0.943
fe17c18b39eb86c6e9f982bd,C_vs_Cp3__path_shares_only,28ecf7e42b861405b6b3,C_vs_Cp3,path_shares_only,fl3_entitled,discovery,joint_wild_cluster_rademacher,measurement_missingness_concentration,1.5,0.5,6,False,empirically_passable,complete_pass_observed,none,4000,1.0,1.0,"{""control_contamination_limited"":148,""directionality_limited"":0,""effect_limited"":0,""effective_support_limited"":0,""specificity_limited"":0,""statistical_resolution_limited"":0,""structurally_unavailable"":0}","{""control_contamination_limited"":0.06125,""directionality_limited"":0.0,""effect_limited"":0.0,""effective_support_limited"":0.003,""specificity_limited"":0.018500000000000003,""statistical_resolution_limited"":0.068,""structurally_unavailable"":0.0}","{""cluster_uncertainty_pass"":0,""complement_admissible_pass"":0,""control_adjusted_contrast_pass"":148,""control_specificity_pass"":0,""effect_direction_reproduced_pass"":0,""minimum_effect_pass"":0,""multiplicity_adjusted_threshold_pass"":0,""raw_statistical_threshold_pass"":0,""support_available_pass"":0,""target_contrast_positive_pass"":0}",0.968,0.968
fe17c18b39eb86c6e9f982bd,C_vs_Cp3__path_shares_only,28ecf7e42b861405b6b3,C_vs_Cp3,path_shares_only,fl3_entitled,discovery,joint_wild_cluster_rademacher,measurement_missingness_concentration,2.0,0.5,6,False,empirically_passable,complete_pass_observed,none,4000,1.0,1.0,"{""control_contamination_limited"":95,""directionality_limited"":0,""effect_limited"":0,""effective_support_limited"":0,""specificity_limited"":0,""statistical_resolution_limited"":0,""structurally_unavailable"":0}","{""control_contamination_limited"":0.04,""directionality_limited"":0.0,""effect_limited"":0.0,""effective_support_limited"":0.0035,""specificity_limited"":0.012750000000000001,""statistical_resolution_limited"":0.05675,""structurally_unavailable"":0.0}","{""cluster_uncertainty_pass"":0,""complement_admissible_pass"":0,""control_adjusted_contrast_pass"":95,""control_specificity_pass"":0,""effect_direction_reproduced_pass"":0,""minimum_effect_pass"":0,""multiplicity_adjusted_threshold_pass"":0,""raw_statistical_threshold_pass"":0,""support_available_pass"":0,""target_contrast_positive_pass"":0}",0.98,0.98
fe17c18b39eb86c6e9f982bd,C_vs_Cp3__path_shares_only,28ecf7e42b861405b6b3,C_vs_Cp3,path_shares_only,fl3_entitled,discovery,joint_wild_cluster_rademacher,measurement_missingness_concentration,0.25,1.0,6,False,empirically_passable,complete_pass_observed,none,4000,1.0,1.0,"{""control_contamination_limited"":423,""directionality_limited"":0,""effect_limited"":0,""effective_support_limited"":0,""specificity_limited"":0,""statistical_resolution_limited"":0,""structurally_unavailable"":0}","{""control_contamination_limited"":0.6855,""directionality_limited"":0.027,""effect_limited"":0.18075000000000002,""effective_support_limited"":0.40549999999999997,""specificity_limited"":0.43425,""statistical_resolution_limited"":0.66,""structurally_unavailable"":0.0}","{""cluster_uncertainty_pass"":0,""complement_admissible_pass"":0,""control_adjusted_contrast_pass"":423,""control_specificity_pass"":0,""effect_direction_reproduced_pass"":0,""minimum_effect_pass"":0,""multiplicity_adjusted_threshold_pass"":0,""raw_statistical_threshold_pass"":0,""support_available_pass"":0,""target_contrast_positive_pass"":0}",0.253,0.253
fe17c18b39eb86c6e9f982bd,C_vs_Cp3__path_shares_only,28ecf7e42b861405b6b3,C_vs_Cp3,path_shares_only,fl3_entitled,discovery,joint_wild_cluster_rademacher,measurement_missingness_concentration,0.5,1.0,6,False,empirically_passable,complete_pass_observed,none,4000,1.0,1.0,"{""control_contamination_limited"":789,""directionality_limited"":0,""effect_limited"":0,""effective_support_limited"":0,""specificity_limited"":0,""statistical_resolution_limited"":0,""structurally_unavailable"":0}","{""control_contamination_limited"":0.6545000000000001,""directionality_limited"":0.00025,""effect_limited"":0.01025,""effective_support_limited"":0.092,""specificity_limited"":0.414,""statistical_resolution_limited"":0.28575,""structurally_unavailable"":0.0}","{""cluster_uncertainty_pass"":0,""complement_admissible_pass"":0,""control_adjusted_contrast_pass"":789,""control_specificity_pass"":0,""effect_direction_reproduced_pass"":0,""minimum_effect_pass"":0,""multiplicity_adjusted_threshold_pass"":0,""raw_statistical_threshold_pass"":0,""support_available_pass"":0,""target_contrast_positive_pass"":0}",0.328,0.311
fe17c18b39eb86c6e9f982bd,C_vs_Cp3__path_shares_only,28ecf7e42b861405b6b3,C_vs_Cp3,path_shares_only,fl3_entitled,discovery,joint_wild_cluster_rademacher,measurement_missingness_concentration,0.75,1.0,6,False,empirically_passable,complete_pass_observed,none,4000,1.0,1.0,"{""control_contamination_limited"":891,""directionality_limited"":0,""effect_limited"":0,""effective_support_limited"":0,""specificity_limited"":0,""statistical_resolution_limited"":0,""structurally_unavailable"":0}","{""control_contamination_limited"":0.66825,""directionality_limited"":0.00025,""effect_limited"":0.002,""effective_support_limited"":0.03325,""specificity_limited"":0.4195,""statistical_resolution_limited"":0.15899999999999997,""structurally_unavailable"":0.0}","{""cluster_uncertainty_pass"":0,""complement_admissible_pass"":0,""control_adjusted_contrast_pass"":891,""control_specificity_pass"":0,""effect_direction_reproduced_pass"":0,""minimum_effect_pass"":0,""multiplicity_adjusted_threshold_pass"":0,""raw_statistical_threshold_pass"":0,""support_available_pass"":0,""target_contrast_positive_pass"":0}",0.329,0.297
fe17c18b39eb86c6e9f982bd,C_vs_Cp3__path_shares_only,28ecf7e42b861405b6b3,C_vs_Cp3,path_shares_only,fl3_entitled,discovery,joint_wild_cluster_rademacher,measurement_missingness_concentration,1.0,1.0,6,False,empirically_passable,complete_pass_observed,none,4000,1.0,1.0,"{""control_contamination_limited"":935,""directionality_limited"":0,""effect_limited"":0,""effective_support_limited"":0,""specificity_limited"":0,""statistical_resolution_limited"":0,""structurally_unavailable"":0}","{""control_contamination_limited"":0.6797500000000001,""directionality_limited"":0.0,""effect_limited"":0.0005,""effective_support_limited"":0.015,""specificity_limited"":0.43125,""statistical_resolution_limited"":0.10075,""structurally_unavailable"":0.0}","{""cluster_uncertainty_pass"":0,""complement_admissible_pass"":0,""control_adjusted_contrast_pass"":935,""control_specificity_pass"":0,""effect_direction_reproduced_pass"":0,""minimum_effect_pass"":0,""multiplicity_adjusted_threshold_pass"":0,""raw_statistical_threshold_pass"":0,""support_available_pass"":0,""target_contrast_positive_pass"":0}",0.315,0.286
fe17c18b39eb86c6e9f982bd,C_vs_Cp3__path_shares_only,28ecf7e42b861405b6b3,C_vs_Cp3,path_shares_only,fl3_entitled,discovery,joint_wild_cluster_rademacher,measurement_missingness_concentration,1.5,1.0,6,False,empirically_passable,complete_pass_observed,none,4000,1.0,1.0,"{""control_contamination_limited"":924,""directionality_limited"":0,""effect_limited"":0,""effective_support_limited"":0,""specificity_limited"":0,""statistical_resolution_limited"":0,""structurally_unavailable"":0}","{""control_contamination_limited"":0.65075,""directionality_limited"":0.0,""effect_limited"":0.0,""effective_support_limited"":0.0015,""specificity_limited"":0.40800000000000003,""statistical_resolution_limited"":0.0615,""structurally_unavailable"":0.0}","{""cluster_uncertainty_pass"":0,""complement_admissible_pass"":0,""control_adjusted_contrast_pass"":924,""control_specificity_pass"":0,""effect_direction_reproduced_pass"":0,""minimum_effect_pass"":0,""multiplicity_adjusted_threshold_pass"":0,""raw_statistical_threshold_pass"":0,""support_available_pass"":0,""target_contrast_positive_pass"":0}",0.342,0.334
fe17c18b39eb86c6e9f982bd,C_vs_Cp3__path_shares_only,28ecf7e42b861405b6b3,C_vs_Cp3,path_shares_only,fl3_entitled,discovery,joint_wild_cluster_rademacher,measurement_missingness_concentration,2.0,1.0,6,False,empirically_passable,complete_pass_observed,none,4000,1.0,1.0,"{""control_contamination_limited"":951,""directionality_limited"":0,""effect_limited"":0,""effective_support_limited"":0,""specificity_limited"":0,""statistical_resolution_limited"":0,""structurally_unavailable"":0}","{""control_contamination_limited"":0.66875,""directionality_limited"":0.0,""effect_limited"":0.0,""effective_support_limited"":0.0015,""specificity_limited"":0.422,""statistical_resolution_limited"":0.051750000000000004,""structurally_unavailable"":0.0}","{""cluster_uncertainty_pass"":0,""complement_admissible_pass"":0,""control_adjusted_contrast_pass"":951,""control_specificity_pass"":0,""effect_direction_reproduced_pass"":0,""minimum_effect_pass"":0,""multiplicity_adjusted_threshold_pass"":0,""raw_statistical_threshold_pass"":0,""support_available_pass"":0,""target_contrast_positive_pass"":0}",0.329,0.31
