address_id,simulator_id,delta,control_response_lambda,comparison_type,left_label,right_label,mean_absolute_probability_difference,maximum_absolute_probability_difference,trajectory_pearson_correlation,first_pass_k_left,first_pass_k_right,first_pass_k_agreement,empirical_passability_agreement,minimum_k_0_50_agreement,minimum_k_0_80_agreement,minimum_k_0_90_agreement,final_probability_left,final_probability_right,probability_vector_left_json,probability_vector_right_json
03ef63db7584762143dc3914,joint_gaussian_regularized_cluster,0.0,0.0,partition,discovery,confirmation,0.0,0.0,1.0,,,True,True,True,True,True,0.0,0.0,"{""10"":0.0,""12"":0.0,""3"":0.0,""4"":0.0,""5"":0.0,""6"":0.0,""8"":0.0}","{""10"":0.0,""12"":0.0,""3"":0.0,""4"":0.0,""5"":0.0,""6"":0.0,""8"":0.0}"
03ef63db7584762143dc3914,joint_gaussian_regularized_cluster,0.25,0.0,partition,discovery,confirmation,0.1882857142857143,0.343,0.9635990307382244,4.0,4.0,True,True,False,False,True,0.886,0.659,"{""10"":0.804,""12"":0.886,""3"":0.0,""4"":0.066,""5"":0.206,""6"":0.382,""8"":0.653}","{""10"":0.503,""12"":0.659,""3"":0.0,""4"":0.022,""5"":0.051,""6"":0.134,""8"":0.31}"
03ef63db7584762143dc3914,joint_gaussian_regularized_cluster,0.5,0.0,partition,discovery,confirmation,0.2032857142857143,0.36700000000000005,0.9422481381721309,4.0,4.0,True,True,False,False,False,0.994,0.897,"{""10"":0.973,""12"":0.994,""3"":0.0,""4"":0.204,""5"":0.447,""6"":0.662,""8"":0.897}","{""10"":0.786,""12"":0.897,""3"":0.0,""4"":0.049,""5"":0.149,""6"":0.295,""8"":0.578}"
03ef63db7584762143dc3914,joint_gaussian_regularized_cluster,0.75,0.0,partition,discovery,confirmation,0.23114285714285712,0.447,0.9119574358525367,4.0,4.0,True,True,False,False,False,0.999,0.917,"{""10"":0.994,""12"":0.999,""3"":0.0,""4"":0.274,""5"":0.562,""6"":0.786,""8"":0.965}","{""10"":0.817,""12"":0.917,""3"":0.0,""4"":0.069,""5"":0.185,""6"":0.339,""8"":0.635}"
03ef63db7584762143dc3914,joint_gaussian_regularized_cluster,1.0,0.0,partition,discovery,confirmation,0.2324285714285714,0.454,0.9025477683788348,4.0,4.0,True,True,False,False,False,1.0,0.932,"{""10"":0.993,""12"":1.0,""3"":0.0,""4"":0.298,""5"":0.58,""6"":0.792,""8"":0.974}","{""10"":0.843,""12"":0.932,""3"":0.0,""4"":0.07,""5"":0.187,""6"":0.338,""8"":0.64}"
03ef63db7584762143dc3914,joint_gaussian_regularized_cluster,1.5,0.0,partition,discovery,confirmation,0.2515714285714286,0.4590000000000001,0.8901318203307811,4.0,4.0,True,True,False,False,False,0.999,0.93,"{""10"":0.994,""12"":0.999,""3"":0.0,""4"":0.321,""5"":0.621,""6"":0.806,""8"":0.971}","{""10"":0.818,""12"":0.93,""3"":0.0,""4"":0.056,""5"":0.186,""6"":0.347,""8"":0.614}"
03ef63db7584762143dc3914,joint_gaussian_regularized_cluster,2.0,0.0,partition,discovery,confirmation,0.25785714285714284,0.503,0.8825924755702547,4.0,4.0,True,True,False,False,False,1.0,0.926,"{""10"":0.999,""12"":1.0,""3"":0.0,""4"":0.323,""5"":0.612,""6"":0.848,""8"":0.98}","{""10"":0.823,""12"":0.926,""3"":0.0,""4"":0.059,""5"":0.181,""6"":0.345,""8"":0.623}"
03ef63db7584762143dc3914,joint_gaussian_regularized_cluster,0.25,0.25,partition,discovery,confirmation,0.17885714285714288,0.29300000000000004,0.9710998156950853,4.0,4.0,True,True,False,False,True,0.878,0.665,"{""10"":0.791,""12"":0.878,""3"":0.0,""4"":0.083,""5"":0.221,""6"":0.374,""8"":0.641}","{""10"":0.521,""12"":0.665,""3"":0.0,""4"":0.017,""5"":0.063,""6"":0.122,""8"":0.348}"
03ef63db7584762143dc3914,joint_gaussian_regularized_cluster,0.5,0.25,partition,discovery,confirmation,0.21685714285714286,0.38200000000000006,0.9303636211849005,4.0,4.0,True,True,False,False,False,0.987,0.88,"{""10"":0.956,""12"":0.987,""3"":0.0,""4"":0.198,""5"":0.479,""6"":0.669,""8"":0.895}","{""10"":0.766,""12"":0.88,""3"":0.0,""4"":0.042,""5"":0.143,""6"":0.287,""8"":0.548}"
03ef63db7584762143dc3914,joint_gaussian_regularized_cluster,0.75,0.25,partition,discovery,confirmation,0.24757142857142855,0.49400000000000005,0.8877234095490856,4.0,4.0,True,True,False,False,False,0.997,0.918,"{""10"":0.991,""12"":0.997,""3"":0.0,""4"":0.282,""5"":0.585,""6"":0.794,""8"":0.952}","{""10"":0.826,""12"":0.918,""3"":0.0,""4"":0.055,""5"":0.166,""6"":0.3,""8"":0.603}"
03ef63db7584762143dc3914,joint_gaussian_regularized_cluster,1.0,0.25,partition,discovery,confirmation,0.246,0.461,0.8975620168082036,4.0,4.0,True,True,False,False,False,1.0,0.93,"{""10"":0.994,""12"":1.0,""3"":0.0,""4"":0.298,""5"":0.588,""6"":0.784,""8"":0.961}","{""10"":0.805,""12"":0.93,""3"":0.0,""4"":0.053,""5"":0.169,""6"":0.323,""8"":0.623}"
03ef63db7584762143dc3914,joint_gaussian_regularized_cluster,1.5,0.25,partition,discovery,confirmation,0.2648571428571428,0.505,0.8714095198179342,4.0,4.0,True,True,False,False,False,1.0,0.926,"{""10"":1.0,""12"":1.0,""3"":0.0,""4"":0.351,""5"":0.661,""6"":0.86,""8"":0.979}","{""10"":0.83,""12"":0.926,""3"":0.0,""4"":0.061,""5"":0.186,""6"":0.355,""8"":0.639}"
03ef63db7584762143dc3914,joint_gaussian_regularized_cluster,2.0,0.25,partition,discovery,confirmation,0.24271428571428572,0.46299999999999997,0.8967233140138894,4.0,4.0,True,True,False,False,False,1.0,0.919,"{""10"":0.995,""12"":1.0,""3"":0.0,""4"":0.316,""5"":0.623,""6"":0.819,""8"":0.969}","{""10"":0.836,""12"":0.919,""3"":0.0,""4"":0.062,""5"":0.192,""6"":0.356,""8"":0.658}"
03ef63db7584762143dc3914,joint_gaussian_regularized_cluster,0.25,0.5,partition,discovery,confirmation,0.14385714285714288,0.267,0.9568196463632799,4.0,4.0,True,True,False,True,True,0.694,0.563,"{""10"":0.649,""12"":0.694,""3"":0.0,""4"":0.079,""5"":0.179,""6"":0.336,""8"":0.539}","{""10"":0.444,""12"":0.563,""3"":0.0,""4"":0.014,""5"":0.056,""6"":0.12,""8"":0.272}"
03ef63db7584762143dc3914,joint_gaussian_regularized_cluster,0.5,0.5,partition,discovery,confirmation,0.20785714285714288,0.38,0.9281537010994092,4.0,4.0,True,True,False,False,False,0.902,0.787,"{""10"":0.865,""12"":0.902,""3"":0.0,""4"":0.17,""5"":0.419,""6"":0.617,""8"":0.798}","{""10"":0.665,""12"":0.787,""3"":0.0,""4"":0.024,""5"":0.116,""6"":0.237,""8"":0.487}"
03ef63db7584762143dc3914,joint_gaussian_regularized_cluster,0.75,0.5,partition,discovery,confirmation,0.21842857142857142,0.39899999999999997,0.9255116757519235,4.0,4.0,True,True,False,False,False,0.956,0.85,"{""10"":0.931,""12"":0.956,""3"":0.0,""4"":0.25,""5"":0.491,""6"":0.69,""8"":0.888}","{""10"":0.753,""12"":0.85,""3"":0.0,""4"":0.053,""5"":0.154,""6"":0.291,""8"":0.576}"
03ef63db7584762143dc3914,joint_gaussian_regularized_cluster,1.0,0.5,partition,discovery,confirmation,0.23700000000000004,0.453,0.9059924773282222,4.0,4.0,True,True,False,False,False,0.983,0.892,"{""10"":0.968,""12"":0.983,""3"":0.0,""4"":0.259,""5"":0.562,""6"":0.747,""8"":0.915}","{""10"":0.772,""12"":0.892,""3"":0.0,""4"":0.051,""5"":0.172,""6"":0.294,""8"":0.594}"
03ef63db7584762143dc3914,joint_gaussian_regularized_cluster,1.5,0.5,partition,discovery,confirmation,0.24071428571428571,0.457,0.8977990769944684,4.0,4.0,True,True,False,False,False,0.988,0.912,"{""10"":0.978,""12"":0.988,""3"":0.0,""4"":0.282,""5"":0.589,""6"":0.793,""8"":0.935}","{""10"":0.797,""12"":0.912,""3"":0.0,""4"":0.058,""5"":0.18,""6"":0.336,""8"":0.597}"
03ef63db7584762143dc3914,joint_gaussian_regularized_cluster,2.0,0.5,partition,discovery,confirmation,0.25099999999999995,0.472,0.8900170363300676,4.0,4.0,True,True,False,False,False,0.999,0.923,"{""10"":0.99,""12"":0.999,""3"":0.0,""4"":0.309,""5"":0.634,""6"":0.818,""8"":0.963}","{""10"":0.808,""12"":0.923,""3"":0.0,""4"":0.058,""5"":0.195,""6"":0.346,""8"":0.626}"
03ef63db7584762143dc3914,joint_gaussian_regularized_cluster,0.25,1.0,partition,discovery,confirmation,0.05385714285714286,0.11800000000000001,0.892575538304504,4.0,4.0,True,True,True,True,True,0.206,0.19,"{""10"":0.223,""12"":0.206,""3"":0.0,""4"":0.032,""5"":0.081,""6"":0.151,""8"":0.229}","{""10"":0.15,""12"":0.19,""3"":0.0,""4"":0.012,""5"":0.025,""6"":0.057,""8"":0.111}"
03ef63db7584762143dc3914,joint_gaussian_regularized_cluster,0.5,1.0,partition,discovery,confirmation,0.06500000000000002,0.12400000000000001,0.8392772732539516,4.0,4.0,True,True,True,True,True,0.229,0.268,"{""10"":0.267,""12"":0.229,""3"":0.0,""4"":0.087,""5"":0.183,""6"":0.229,""8"":0.277}","{""10"":0.234,""12"":0.268,""3"":0.0,""4"":0.018,""5"":0.068,""6"":0.105,""8"":0.202}"
03ef63db7584762143dc3914,joint_gaussian_regularized_cluster,0.75,1.0,partition,discovery,confirmation,0.07757142857142858,0.16800000000000004,0.7624372581278461,4.0,4.0,True,True,True,True,True,0.252,0.275,"{""10"":0.274,""12"":0.252,""3"":0.0,""4"":0.114,""5"":0.22,""6"":0.272,""8"":0.289}","{""10"":0.257,""12"":0.275,""3"":0.0,""4"":0.023,""5"":0.059,""6"":0.104,""8"":0.206}"
03ef63db7584762143dc3914,joint_gaussian_regularized_cluster,1.0,1.0,partition,discovery,confirmation,0.08171428571428573,0.16100000000000003,0.8629646191574414,4.0,4.0,True,True,True,True,True,0.297,0.261,"{""10"":0.303,""12"":0.297,""3"":0.0,""4"":0.103,""5"":0.208,""6"":0.28,""8"":0.297}","{""10"":0.261,""12"":0.261,""3"":0.0,""4"":0.024,""5"":0.058,""6"":0.119,""8"":0.193}"
03ef63db7584762143dc3914,joint_gaussian_regularized_cluster,1.5,1.0,partition,discovery,confirmation,0.0682857142857143,0.15699999999999997,0.806844490861686,4.0,4.0,True,True,True,True,True,0.252,0.258,"{""10"":0.265,""12"":0.252,""3"":0.0,""4"":0.101,""5"":0.213,""6"":0.282,""8"":0.281}","{""10"":0.243,""12"":0.258,""3"":0.0,""4"":0.023,""5"":0.063,""6"":0.125,""8"":0.216}"
03ef63db7584762143dc3914,joint_gaussian_regularized_cluster,2.0,1.0,partition,discovery,confirmation,0.05857142857142857,0.14,0.8532213695945395,4.0,4.0,True,True,True,True,True,0.238,0.239,"{""10"":0.257,""12"":0.238,""3"":0.0,""4"":0.101,""5"":0.173,""6"":0.247,""8"":0.26}","{""10"":0.234,""12"":0.239,""3"":0.0,""4"":0.028,""5"":0.074,""6"":0.107,""8"":0.186}"
1cce3e5fe7c50070e58676c9,joint_gaussian_regularized_cluster,0.0,0.0,partition,discovery,confirmation,0.0,0.0,1.0,,,True,True,True,True,True,0.0,0.0,"{""10"":0.0,""12"":0.0,""3"":0.0,""4"":0.0,""5"":0.0,""6"":0.0,""8"":0.0}","{""10"":0.0,""12"":0.0,""3"":0.0,""4"":0.0,""5"":0.0,""6"":0.0,""8"":0.0}"
1cce3e5fe7c50070e58676c9,joint_gaussian_regularized_cluster,0.25,0.0,partition,discovery,confirmation,0.04028571428571429,0.146,,4.0,,False,False,True,True,True,0.146,0.0,"{""10"":0.075,""12"":0.146,""3"":0.0,""4"":0.002,""5"":0.009,""6"":0.013,""8"":0.037}","{""10"":0.0,""12"":0.0,""3"":0.0,""4"":0.0,""5"":0.0,""6"":0.0,""8"":0.0}"
1cce3e5fe7c50070e58676c9,joint_gaussian_regularized_cluster,0.5,0.0,partition,discovery,confirmation,0.08099999999999999,0.28,,4.0,,False,False,True,True,True,0.28,0.0,"{""10"":0.179,""12"":0.28,""3"":0.0,""4"":0.001,""5"":0.01,""6"":0.015,""8"":0.082}","{""10"":0.0,""12"":0.0,""3"":0.0,""4"":0.0,""5"":0.0,""6"":0.0,""8"":0.0}"
1cce3e5fe7c50070e58676c9,joint_gaussian_regularized_cluster,0.75,0.0,partition,discovery,confirmation,0.10314285714285713,0.335,,4.0,,False,False,True,True,True,0.335,0.0,"{""10"":0.208,""12"":0.335,""3"":0.0,""4"":0.001,""5"":0.018,""6"":0.041,""8"":0.119}","{""10"":0.0,""12"":0.0,""3"":0.0,""4"":0.0,""5"":0.0,""6"":0.0,""8"":0.0}"
1cce3e5fe7c50070e58676c9,joint_gaussian_regularized_cluster,1.0,0.0,partition,discovery,confirmation,0.10457142857142857,0.333,,4.0,,False,False,True,True,True,0.333,0.0,"{""10"":0.224,""12"":0.333,""3"":0.0,""4"":0.005,""5"":0.02,""6"":0.033,""8"":0.117}","{""10"":0.0,""12"":0.0,""3"":0.0,""4"":0.0,""5"":0.0,""6"":0.0,""8"":0.0}"
1cce3e5fe7c50070e58676c9,joint_gaussian_regularized_cluster,1.5,0.0,partition,discovery,confirmation,0.11642857142857142,0.383,,4.0,,False,False,True,True,True,0.383,0.0,"{""10"":0.251,""12"":0.383,""3"":0.0,""4"":0.003,""5"":0.014,""6"":0.043,""8"":0.121}","{""10"":0.0,""12"":0.0,""3"":0.0,""4"":0.0,""5"":0.0,""6"":0.0,""8"":0.0}"
1cce3e5fe7c50070e58676c9,joint_gaussian_regularized_cluster,2.0,0.0,partition,discovery,confirmation,0.08757142857142856,0.304,,4.0,,False,False,True,True,True,0.304,0.0,"{""10"":0.181,""12"":0.304,""3"":0.0,""4"":0.005,""5"":0.007,""6"":0.026,""8"":0.09}","{""10"":0.0,""12"":0.0,""3"":0.0,""4"":0.0,""5"":0.0,""6"":0.0,""8"":0.0}"
1cce3e5fe7c50070e58676c9,joint_gaussian_regularized_cluster,0.25,0.25,partition,discovery,confirmation,0.03328571428571429,0.125,,5.0,,False,False,True,True,True,0.125,0.0,"{""10"":0.071,""12"":0.125,""3"":0.0,""4"":0.0,""5"":0.002,""6"":0.006,""8"":0.029}","{""10"":0.0,""12"":0.0,""3"":0.0,""4"":0.0,""5"":0.0,""6"":0.0,""8"":0.0}"
1cce3e5fe7c50070e58676c9,joint_gaussian_regularized_cluster,0.5,0.25,partition,discovery,confirmation,0.07814285714285715,0.278,,4.0,,False,False,True,True,True,0.278,0.0,"{""10"":0.159,""12"":0.278,""3"":0.0,""4"":0.001,""5"":0.007,""6"":0.024,""8"":0.078}","{""10"":0.0,""12"":0.0,""3"":0.0,""4"":0.0,""5"":0.0,""6"":0.0,""8"":0.0}"
1cce3e5fe7c50070e58676c9,joint_gaussian_regularized_cluster,0.75,0.25,partition,discovery,confirmation,0.10742857142857143,0.327,,4.0,,False,False,True,True,True,0.327,0.0,"{""10"":0.234,""12"":0.327,""3"":0.0,""4"":0.004,""5"":0.018,""6"":0.04,""8"":0.129}","{""10"":0.0,""12"":0.0,""3"":0.0,""4"":0.0,""5"":0.0,""6"":0.0,""8"":0.0}"
1cce3e5fe7c50070e58676c9,joint_gaussian_regularized_cluster,1.0,0.25,partition,discovery,confirmation,0.10342857142857143,0.33,,4.0,,False,False,True,True,True,0.33,0.0,"{""10"":0.219,""12"":0.33,""3"":0.0,""4"":0.006,""5"":0.019,""6"":0.043,""8"":0.107}","{""10"":0.0,""12"":0.0,""3"":0.0,""4"":0.0,""5"":0.0,""6"":0.0,""8"":0.0}"
1cce3e5fe7c50070e58676c9,joint_gaussian_regularized_cluster,1.5,0.25,partition,discovery,confirmation,0.10114285714285713,0.338,,4.0,,False,False,True,True,True,0.338,0.0,"{""10"":0.205,""12"":0.338,""3"":0.0,""4"":0.005,""5"":0.013,""6"":0.037,""8"":0.11}","{""10"":0.0,""12"":0.0,""3"":0.0,""4"":0.0,""5"":0.0,""6"":0.0,""8"":0.0}"
1cce3e5fe7c50070e58676c9,joint_gaussian_regularized_cluster,2.0,0.25,partition,discovery,confirmation,0.11371428571428573,0.364,,4.0,,False,False,True,True,True,0.364,0.0,"{""10"":0.235,""12"":0.364,""3"":0.0,""4"":0.006,""5"":0.02,""6"":0.041,""8"":0.13}","{""10"":0.0,""12"":0.0,""3"":0.0,""4"":0.0,""5"":0.0,""6"":0.0,""8"":0.0}"
1cce3e5fe7c50070e58676c9,joint_gaussian_regularized_cluster,0.25,0.5,partition,discovery,confirmation,0.032857142857142856,0.123,,5.0,,False,False,True,True,True,0.123,0.0,"{""10"":0.065,""12"":0.123,""3"":0.0,""4"":0.0,""5"":0.002,""6"":0.011,""8"":0.029}","{""10"":0.0,""12"":0.0,""3"":0.0,""4"":0.0,""5"":0.0,""6"":0.0,""8"":0.0}"
1cce3e5fe7c50070e58676c9,joint_gaussian_regularized_cluster,0.5,0.5,partition,discovery,confirmation,0.07871428571428572,0.254,,4.0,,False,False,True,True,True,0.254,0.0,"{""10"":0.16,""12"":0.254,""3"":0.0,""4"":0.006,""5"":0.014,""6"":0.031,""8"":0.086}","{""10"":0.0,""12"":0.0,""3"":0.0,""4"":0.0,""5"":0.0,""6"":0.0,""8"":0.0}"
1cce3e5fe7c50070e58676c9,joint_gaussian_regularized_cluster,0.75,0.5,partition,discovery,confirmation,0.095,0.32,,4.0,,False,False,True,True,True,0.32,0.0,"{""10"":0.21,""12"":0.32,""3"":0.0,""4"":0.003,""5"":0.005,""6"":0.029,""8"":0.098}","{""10"":0.0,""12"":0.0,""3"":0.0,""4"":0.0,""5"":0.0,""6"":0.0,""8"":0.0}"
1cce3e5fe7c50070e58676c9,joint_gaussian_regularized_cluster,1.0,0.5,partition,discovery,confirmation,0.09771428571428571,0.326,,4.0,,False,False,True,True,True,0.326,0.0,"{""10"":0.204,""12"":0.326,""3"":0.0,""4"":0.004,""5"":0.014,""6"":0.032,""8"":0.104}","{""10"":0.0,""12"":0.0,""3"":0.0,""4"":0.0,""5"":0.0,""6"":0.0,""8"":0.0}"
1cce3e5fe7c50070e58676c9,joint_gaussian_regularized_cluster,1.5,0.5,partition,discovery,confirmation,0.09542857142857143,0.319,,4.0,,False,False,True,True,True,0.319,0.0,"{""10"":0.199,""12"":0.319,""3"":0.0,""4"":0.004,""5"":0.012,""6"":0.033,""8"":0.101}","{""10"":0.0,""12"":0.0,""3"":0.0,""4"":0.0,""5"":0.0,""6"":0.0,""8"":0.0}"
1cce3e5fe7c50070e58676c9,joint_gaussian_regularized_cluster,2.0,0.5,partition,discovery,confirmation,0.09771428571428571,0.333,,4.0,,False,False,True,True,True,0.333,0.0,"{""10"":0.207,""12"":0.333,""3"":0.0,""4"":0.005,""5"":0.01,""6"":0.026,""8"":0.103}","{""10"":0.0,""12"":0.0,""3"":0.0,""4"":0.0,""5"":0.0,""6"":0.0,""8"":0.0}"
1cce3e5fe7c50070e58676c9,joint_gaussian_regularized_cluster,0.25,1.0,partition,discovery,confirmation,0.015571428571428571,0.055,,4.0,,False,False,True,True,True,0.055,0.0,"{""10"":0.026,""12"":0.055,""3"":0.0,""4"":0.001,""5"":0.004,""6"":0.006,""8"":0.017}","{""10"":0.0,""12"":0.0,""3"":0.0,""4"":0.0,""5"":0.0,""6"":0.0,""8"":0.0}"
1cce3e5fe7c50070e58676c9,joint_gaussian_regularized_cluster,0.5,1.0,partition,discovery,confirmation,0.02885714285714286,0.102,,4.0,,False,False,True,True,True,0.102,0.0,"{""10"":0.056,""12"":0.102,""3"":0.0,""4"":0.001,""5"":0.002,""6"":0.012,""8"":0.029}","{""10"":0.0,""12"":0.0,""3"":0.0,""4"":0.0,""5"":0.0,""6"":0.0,""8"":0.0}"
1cce3e5fe7c50070e58676c9,joint_gaussian_regularized_cluster,0.75,1.0,partition,discovery,confirmation,0.032285714285714286,0.1,,4.0,,False,False,True,True,True,0.1,0.0,"{""10"":0.072,""12"":0.1,""3"":0.0,""4"":0.001,""5"":0.005,""6"":0.01,""8"":0.038}","{""10"":0.0,""12"":0.0,""3"":0.0,""4"":0.0,""5"":0.0,""6"":0.0,""8"":0.0}"
1cce3e5fe7c50070e58676c9,joint_gaussian_regularized_cluster,1.0,1.0,partition,discovery,confirmation,0.03271428571428572,0.108,,4.0,,False,False,True,True,True,0.108,0.0,"{""10"":0.068,""12"":0.108,""3"":0.0,""4"":0.001,""5"":0.002,""6"":0.009,""8"":0.041}","{""10"":0.0,""12"":0.0,""3"":0.0,""4"":0.0,""5"":0.0,""6"":0.0,""8"":0.0}"
1cce3e5fe7c50070e58676c9,joint_gaussian_regularized_cluster,1.5,1.0,partition,discovery,confirmation,0.02885714285714286,0.093,,5.0,,False,False,True,True,True,0.093,0.0,"{""10"":0.063,""12"":0.093,""3"":0.0,""4"":0.0,""5"":0.005,""6"":0.01,""8"":0.031}","{""10"":0.0,""12"":0.0,""3"":0.0,""4"":0.0,""5"":0.0,""6"":0.0,""8"":0.0}"
1cce3e5fe7c50070e58676c9,joint_gaussian_regularized_cluster,2.0,1.0,partition,discovery,confirmation,0.02457142857142857,0.073,,5.0,,False,False,True,True,True,0.073,0.0,"{""10"":0.051,""12"":0.073,""3"":0.0,""4"":0.0,""5"":0.004,""6"":0.011,""8"":0.033}","{""10"":0.0,""12"":0.0,""3"":0.0,""4"":0.0,""5"":0.0,""6"":0.0,""8"":0.0}"
1dbc920edffba9363b404b4e,joint_gaussian_regularized_cluster,0.0,0.0,partition,discovery,confirmation,0.0,0.0,1.0,,,True,True,True,True,True,0.0,0.0,"{""10"":0.0,""12"":0.0,""3"":0.0,""4"":0.0,""5"":0.0,""6"":0.0,""8"":0.0}","{""10"":0.0,""12"":0.0,""3"":0.0,""4"":0.0,""5"":0.0,""6"":0.0,""8"":0.0}"
1dbc920edffba9363b404b4e,joint_gaussian_regularized_cluster,0.25,0.0,partition,discovery,confirmation,0.0,0.0,1.0,,,True,True,True,True,True,0.0,0.0,"{""10"":0.0,""12"":0.0,""3"":0.0,""4"":0.0,""5"":0.0,""6"":0.0,""8"":0.0}","{""10"":0.0,""12"":0.0,""3"":0.0,""4"":0.0,""5"":0.0,""6"":0.0,""8"":0.0}"
1dbc920edffba9363b404b4e,joint_gaussian_regularized_cluster,0.5,0.0,partition,discovery,confirmation,0.0,0.0,1.0,,,True,True,True,True,True,0.0,0.0,"{""10"":0.0,""12"":0.0,""3"":0.0,""4"":0.0,""5"":0.0,""6"":0.0,""8"":0.0}","{""10"":0.0,""12"":0.0,""3"":0.0,""4"":0.0,""5"":0.0,""6"":0.0,""8"":0.0}"
1dbc920edffba9363b404b4e,joint_gaussian_regularized_cluster,0.75,0.0,partition,discovery,confirmation,0.0,0.0,1.0,,,True,True,True,True,True,0.0,0.0,"{""10"":0.0,""12"":0.0,""3"":0.0,""4"":0.0,""5"":0.0,""6"":0.0,""8"":0.0}","{""10"":0.0,""12"":0.0,""3"":0.0,""4"":0.0,""5"":0.0,""6"":0.0,""8"":0.0}"
1dbc920edffba9363b404b4e,joint_gaussian_regularized_cluster,1.0,0.0,partition,discovery,confirmation,0.0,0.0,1.0,,,True,True,True,True,True,0.0,0.0,"{""10"":0.0,""12"":0.0,""3"":0.0,""4"":0.0,""5"":0.0,""6"":0.0,""8"":0.0}","{""10"":0.0,""12"":0.0,""3"":0.0,""4"":0.0,""5"":0.0,""6"":0.0,""8"":0.0}"
1dbc920edffba9363b404b4e,joint_gaussian_regularized_cluster,1.5,0.0,partition,discovery,confirmation,0.0,0.0,1.0,,,True,True,True,True,True,0.0,0.0,"{""10"":0.0,""12"":0.0,""3"":0.0,""4"":0.0,""5"":0.0,""6"":0.0,""8"":0.0}","{""10"":0.0,""12"":0.0,""3"":0.0,""4"":0.0,""5"":0.0,""6"":0.0,""8"":0.0}"
1dbc920edffba9363b404b4e,joint_gaussian_regularized_cluster,2.0,0.0,partition,discovery,confirmation,0.0,0.0,1.0,,,True,True,True,True,True,0.0,0.0,"{""10"":0.0,""12"":0.0,""3"":0.0,""4"":0.0,""5"":0.0,""6"":0.0,""8"":0.0}","{""10"":0.0,""12"":0.0,""3"":0.0,""4"":0.0,""5"":0.0,""6"":0.0,""8"":0.0}"
1dbc920edffba9363b404b4e,joint_gaussian_regularized_cluster,0.25,0.25,partition,discovery,confirmation,0.0,0.0,1.0,,,True,True,True,True,True,0.0,0.0,"{""10"":0.0,""12"":0.0,""3"":0.0,""4"":0.0,""5"":0.0,""6"":0.0,""8"":0.0}","{""10"":0.0,""12"":0.0,""3"":0.0,""4"":0.0,""5"":0.0,""6"":0.0,""8"":0.0}"
1dbc920edffba9363b404b4e,joint_gaussian_regularized_cluster,0.5,0.25,partition,discovery,confirmation,0.0,0.0,1.0,,,True,True,True,True,True,0.0,0.0,"{""10"":0.0,""12"":0.0,""3"":0.0,""4"":0.0,""5"":0.0,""6"":0.0,""8"":0.0}","{""10"":0.0,""12"":0.0,""3"":0.0,""4"":0.0,""5"":0.0,""6"":0.0,""8"":0.0}"
1dbc920edffba9363b404b4e,joint_gaussian_regularized_cluster,0.75,0.25,partition,discovery,confirmation,0.0,0.0,1.0,,,True,True,True,True,True,0.0,0.0,"{""10"":0.0,""12"":0.0,""3"":0.0,""4"":0.0,""5"":0.0,""6"":0.0,""8"":0.0}","{""10"":0.0,""12"":0.0,""3"":0.0,""4"":0.0,""5"":0.0,""6"":0.0,""8"":0.0}"
1dbc920edffba9363b404b4e,joint_gaussian_regularized_cluster,1.0,0.25,partition,discovery,confirmation,0.0,0.0,1.0,,,True,True,True,True,True,0.0,0.0,"{""10"":0.0,""12"":0.0,""3"":0.0,""4"":0.0,""5"":0.0,""6"":0.0,""8"":0.0}","{""10"":0.0,""12"":0.0,""3"":0.0,""4"":0.0,""5"":0.0,""6"":0.0,""8"":0.0}"
1dbc920edffba9363b404b4e,joint_gaussian_regularized_cluster,1.5,0.25,partition,discovery,confirmation,0.0,0.0,1.0,,,True,True,True,True,True,0.0,0.0,"{""10"":0.0,""12"":0.0,""3"":0.0,""4"":0.0,""5"":0.0,""6"":0.0,""8"":0.0}","{""10"":0.0,""12"":0.0,""3"":0.0,""4"":0.0,""5"":0.0,""6"":0.0,""8"":0.0}"
1dbc920edffba9363b404b4e,joint_gaussian_regularized_cluster,2.0,0.25,partition,discovery,confirmation,0.0,0.0,1.0,,,True,True,True,True,True,0.0,0.0,"{""10"":0.0,""12"":0.0,""3"":0.0,""4"":0.0,""5"":0.0,""6"":0.0,""8"":0.0}","{""10"":0.0,""12"":0.0,""3"":0.0,""4"":0.0,""5"":0.0,""6"":0.0,""8"":0.0}"
1dbc920edffba9363b404b4e,joint_gaussian_regularized_cluster,0.25,0.5,partition,discovery,confirmation,0.0,0.0,1.0,,,True,True,True,True,True,0.0,0.0,"{""10"":0.0,""12"":0.0,""3"":0.0,""4"":0.0,""5"":0.0,""6"":0.0,""8"":0.0}","{""10"":0.0,""12"":0.0,""3"":0.0,""4"":0.0,""5"":0.0,""6"":0.0,""8"":0.0}"
1dbc920edffba9363b404b4e,joint_gaussian_regularized_cluster,0.5,0.5,partition,discovery,confirmation,0.0,0.0,1.0,,,True,True,True,True,True,0.0,0.0,"{""10"":0.0,""12"":0.0,""3"":0.0,""4"":0.0,""5"":0.0,""6"":0.0,""8"":0.0}","{""10"":0.0,""12"":0.0,""3"":0.0,""4"":0.0,""5"":0.0,""6"":0.0,""8"":0.0}"
1dbc920edffba9363b404b4e,joint_gaussian_regularized_cluster,0.75,0.5,partition,discovery,confirmation,0.0,0.0,1.0,,,True,True,True,True,True,0.0,0.0,"{""10"":0.0,""12"":0.0,""3"":0.0,""4"":0.0,""5"":0.0,""6"":0.0,""8"":0.0}","{""10"":0.0,""12"":0.0,""3"":0.0,""4"":0.0,""5"":0.0,""6"":0.0,""8"":0.0}"
1dbc920edffba9363b404b4e,joint_gaussian_regularized_cluster,1.0,0.5,partition,discovery,confirmation,0.0,0.0,1.0,,,True,True,True,True,True,0.0,0.0,"{""10"":0.0,""12"":0.0,""3"":0.0,""4"":0.0,""5"":0.0,""6"":0.0,""8"":0.0}","{""10"":0.0,""12"":0.0,""3"":0.0,""4"":0.0,""5"":0.0,""6"":0.0,""8"":0.0}"
1dbc920edffba9363b404b4e,joint_gaussian_regularized_cluster,1.5,0.5,partition,discovery,confirmation,0.0,0.0,1.0,,,True,True,True,True,True,0.0,0.0,"{""10"":0.0,""12"":0.0,""3"":0.0,""4"":0.0,""5"":0.0,""6"":0.0,""8"":0.0}","{""10"":0.0,""12"":0.0,""3"":0.0,""4"":0.0,""5"":0.0,""6"":0.0,""8"":0.0}"
1dbc920edffba9363b404b4e,joint_gaussian_regularized_cluster,2.0,0.5,partition,discovery,confirmation,0.0,0.0,1.0,,,True,True,True,True,True,0.0,0.0,"{""10"":0.0,""12"":0.0,""3"":0.0,""4"":0.0,""5"":0.0,""6"":0.0,""8"":0.0}","{""10"":0.0,""12"":0.0,""3"":0.0,""4"":0.0,""5"":0.0,""6"":0.0,""8"":0.0}"
1dbc920edffba9363b404b4e,joint_gaussian_regularized_cluster,0.25,1.0,partition,discovery,confirmation,0.0,0.0,1.0,,,True,True,True,True,True,0.0,0.0,"{""10"":0.0,""12"":0.0,""3"":0.0,""4"":0.0,""5"":0.0,""6"":0.0,""8"":0.0}","{""10"":0.0,""12"":0.0,""3"":0.0,""4"":0.0,""5"":0.0,""6"":0.0,""8"":0.0}"
1dbc920edffba9363b404b4e,joint_gaussian_regularized_cluster,0.5,1.0,partition,discovery,confirmation,0.0,0.0,1.0,,,True,True,True,True,True,0.0,0.0,"{""10"":0.0,""12"":0.0,""3"":0.0,""4"":0.0,""5"":0.0,""6"":0.0,""8"":0.0}","{""10"":0.0,""12"":0.0,""3"":0.0,""4"":0.0,""5"":0.0,""6"":0.0,""8"":0.0}"
1dbc920edffba9363b404b4e,joint_gaussian_regularized_cluster,0.75,1.0,partition,discovery,confirmation,0.0,0.0,1.0,,,True,True,True,True,True,0.0,0.0,"{""10"":0.0,""12"":0.0,""3"":0.0,""4"":0.0,""5"":0.0,""6"":0.0,""8"":0.0}","{""10"":0.0,""12"":0.0,""3"":0.0,""4"":0.0,""5"":0.0,""6"":0.0,""8"":0.0}"
1dbc920edffba9363b404b4e,joint_gaussian_regularized_cluster,1.0,1.0,partition,discovery,confirmation,0.0,0.0,1.0,,,True,True,True,True,True,0.0,0.0,"{""10"":0.0,""12"":0.0,""3"":0.0,""4"":0.0,""5"":0.0,""6"":0.0,""8"":0.0}","{""10"":0.0,""12"":0.0,""3"":0.0,""4"":0.0,""5"":0.0,""6"":0.0,""8"":0.0}"
1dbc920edffba9363b404b4e,joint_gaussian_regularized_cluster,1.5,1.0,partition,discovery,confirmation,0.0,0.0,1.0,,,True,True,True,True,True,0.0,0.0,"{""10"":0.0,""12"":0.0,""3"":0.0,""4"":0.0,""5"":0.0,""6"":0.0,""8"":0.0}","{""10"":0.0,""12"":0.0,""3"":0.0,""4"":0.0,""5"":0.0,""6"":0.0,""8"":0.0}"
1dbc920edffba9363b404b4e,joint_gaussian_regularized_cluster,2.0,1.0,partition,discovery,confirmation,0.0,0.0,1.0,,,True,True,True,True,True,0.0,0.0,"{""10"":0.0,""12"":0.0,""3"":0.0,""4"":0.0,""5"":0.0,""6"":0.0,""8"":0.0}","{""10"":0.0,""12"":0.0,""3"":0.0,""4"":0.0,""5"":0.0,""6"":0.0,""8"":0.0}"
bfa569fbae807b7f50c3389f,joint_gaussian_regularized_cluster,0.0,0.0,partition,discovery,confirmation,0.0,0.0,1.0,,,True,True,True,True,True,0.0,0.0,"{""10"":0.0,""12"":0.0,""3"":0.0,""4"":0.0,""5"":0.0,""6"":0.0,""8"":0.0}","{""10"":0.0,""12"":0.0,""3"":0.0,""4"":0.0,""5"":0.0,""6"":0.0,""8"":0.0}"
bfa569fbae807b7f50c3389f,joint_gaussian_regularized_cluster,0.25,0.0,partition,discovery,confirmation,0.025714285714285714,0.103,,,5.0,False,False,True,True,True,0.0,0.103,"{""10"":0.0,""12"":0.0,""3"":0.0,""4"":0.0,""5"":0.0,""6"":0.0,""8"":0.0}","{""10"":0.056,""12"":0.103,""3"":0.0,""4"":0.0,""5"":0.001,""6"":0.003,""8"":0.017}"
bfa569fbae807b7f50c3389f,joint_gaussian_regularized_cluster,0.5,0.0,partition,discovery,confirmation,0.07142857142857142,0.243,,,5.0,False,False,True,True,True,0.0,0.243,"{""10"":0.0,""12"":0.0,""3"":0.0,""4"":0.0,""5"":0.0,""6"":0.0,""8"":0.0}","{""10"":0.156,""12"":0.243,""3"":0.0,""4"":0.0,""5"":0.008,""6"":0.018,""8"":0.075}"
bfa569fbae807b7f50c3389f,joint_gaussian_regularized_cluster,0.75,0.0,partition,discovery,confirmation,0.09485714285714285,0.319,,,4.0,False,False,True,True,True,0.0,0.319,"{""10"":0.0,""12"":0.0,""3"":0.0,""4"":0.0,""5"":0.0,""6"":0.0,""8"":0.0}","{""10"":0.204,""12"":0.319,""3"":0.0,""4"":0.005,""5"":0.012,""6"":0.034,""8"":0.09}"
bfa569fbae807b7f50c3389f,joint_gaussian_regularized_cluster,1.0,0.0,partition,discovery,confirmation,0.09628571428571428,0.327,,,4.0,False,False,True,True,True,0.0,0.327,"{""10"":0.0,""12"":0.0,""3"":0.0,""4"":0.0,""5"":0.0,""6"":0.0,""8"":0.0}","{""10"":0.192,""12"":0.327,""3"":0.0,""4"":0.002,""5"":0.012,""6"":0.034,""8"":0.107}"
bfa569fbae807b7f50c3389f,joint_gaussian_regularized_cluster,1.5,0.0,partition,discovery,confirmation,0.10757142857142857,0.368,,,4.0,False,False,True,True,True,0.0,0.368,"{""10"":0.0,""12"":0.0,""3"":0.0,""4"":0.0,""5"":0.0,""6"":0.0,""8"":0.0}","{""10"":0.229,""12"":0.368,""3"":0.0,""4"":0.003,""5"":0.017,""6"":0.034,""8"":0.102}"
bfa569fbae807b7f50c3389f,joint_gaussian_regularized_cluster,2.0,0.0,partition,discovery,confirmation,0.105,0.345,,,4.0,False,False,True,True,True,0.0,0.345,"{""10"":0.0,""12"":0.0,""3"":0.0,""4"":0.0,""5"":0.0,""6"":0.0,""8"":0.0}","{""10"":0.218,""12"":0.345,""3"":0.0,""4"":0.004,""5"":0.014,""6"":0.038,""8"":0.116}"
bfa569fbae807b7f50c3389f,joint_gaussian_regularized_cluster,0.25,0.25,partition,discovery,confirmation,0.020857142857142855,0.077,,,5.0,False,False,True,True,True,0.0,0.077,"{""10"":0.0,""12"":0.0,""3"":0.0,""4"":0.0,""5"":0.0,""6"":0.0,""8"":0.0}","{""10"":0.043,""12"":0.077,""3"":0.0,""4"":0.0,""5"":0.001,""6"":0.003,""8"":0.022}"
bfa569fbae807b7f50c3389f,joint_gaussian_regularized_cluster,0.5,0.25,partition,discovery,confirmation,0.06542857142857143,0.226,,,4.0,False,False,True,True,True,0.0,0.226,"{""10"":0.0,""12"":0.0,""3"":0.0,""4"":0.0,""5"":0.0,""6"":0.0,""8"":0.0}","{""10"":0.14,""12"":0.226,""3"":0.0,""4"":0.003,""5"":0.01,""6"":0.017,""8"":0.062}"
bfa569fbae807b7f50c3389f,joint_gaussian_regularized_cluster,0.75,0.25,partition,discovery,confirmation,0.07514285714285715,0.265,,,5.0,False,False,True,True,True,0.0,0.265,"{""10"":0.0,""12"":0.0,""3"":0.0,""4"":0.0,""5"":0.0,""6"":0.0,""8"":0.0}","{""10"":0.152,""12"":0.265,""3"":0.0,""4"":0.0,""5"":0.006,""6"":0.023,""8"":0.08}"
bfa569fbae807b7f50c3389f,joint_gaussian_regularized_cluster,1.0,0.25,partition,discovery,confirmation,0.10142857142857142,0.323,,,4.0,False,False,True,True,True,0.0,0.323,"{""10"":0.0,""12"":0.0,""3"":0.0,""4"":0.0,""5"":0.0,""6"":0.0,""8"":0.0}","{""10"":0.213,""12"":0.323,""3"":0.0,""4"":0.001,""5"":0.017,""6"":0.038,""8"":0.118}"
bfa569fbae807b7f50c3389f,joint_gaussian_regularized_cluster,1.5,0.25,partition,discovery,confirmation,0.10271428571428573,0.343,,,4.0,False,False,True,True,True,0.0,0.343,"{""10"":0.0,""12"":0.0,""3"":0.0,""4"":0.0,""5"":0.0,""6"":0.0,""8"":0.0}","{""10"":0.201,""12"":0.343,""3"":0.0,""4"":0.006,""5"":0.019,""6"":0.038,""8"":0.112}"
bfa569fbae807b7f50c3389f,joint_gaussian_regularized_cluster,2.0,0.25,partition,discovery,confirmation,0.11,0.356,,,4.0,False,False,True,True,True,0.0,0.356,"{""10"":0.0,""12"":0.0,""3"":0.0,""4"":0.0,""5"":0.0,""6"":0.0,""8"":0.0}","{""10"":0.229,""12"":0.356,""3"":0.0,""4"":0.007,""5"":0.021,""6"":0.033,""8"":0.124}"
bfa569fbae807b7f50c3389f,joint_gaussian_regularized_cluster,0.25,0.5,partition,discovery,confirmation,0.021857142857142856,0.093,,,5.0,False,False,True,True,True,0.0,0.093,"{""10"":0.0,""12"":0.0,""3"":0.0,""4"":0.0,""5"":0.0,""6"":0.0,""8"":0.0}","{""10"":0.038,""12"":0.093,""3"":0.0,""4"":0.0,""5"":0.002,""6"":0.007,""8"":0.013}"
bfa569fbae807b7f50c3389f,joint_gaussian_regularized_cluster,0.5,0.5,partition,discovery,confirmation,0.06557142857142857,0.234,,,4.0,False,False,True,True,True,0.0,0.234,"{""10"":0.0,""12"":0.0,""3"":0.0,""4"":0.0,""5"":0.0,""6"":0.0,""8"":0.0}","{""10"":0.134,""12"":0.234,""3"":0.0,""4"":0.001,""5"":0.005,""6"":0.025,""8"":0.06}"
bfa569fbae807b7f50c3389f,joint_gaussian_regularized_cluster,0.75,0.5,partition,discovery,confirmation,0.08428571428571428,0.301,,,4.0,False,False,True,True,True,0.0,0.301,"{""10"":0.0,""12"":0.0,""3"":0.0,""4"":0.0,""5"":0.0,""6"":0.0,""8"":0.0}","{""10"":0.175,""12"":0.301,""3"":0.0,""4"":0.002,""5"":0.007,""6"":0.018,""8"":0.087}"
bfa569fbae807b7f50c3389f,joint_gaussian_regularized_cluster,1.0,0.5,partition,discovery,confirmation,0.10042857142857144,0.34,,,4.0,False,False,True,True,True,0.0,0.34,"{""10"":0.0,""12"":0.0,""3"":0.0,""4"":0.0,""5"":0.0,""6"":0.0,""8"":0.0}","{""10"":0.21,""12"":0.34,""3"":0.0,""4"":0.001,""5"":0.01,""6"":0.036,""8"":0.106}"
bfa569fbae807b7f50c3389f,joint_gaussian_regularized_cluster,1.5,0.5,partition,discovery,confirmation,0.103,0.344,,,4.0,False,False,True,True,True,0.0,0.344,"{""10"":0.0,""12"":0.0,""3"":0.0,""4"":0.0,""5"":0.0,""6"":0.0,""8"":0.0}","{""10"":0.215,""12"":0.344,""3"":0.0,""4"":0.004,""5"":0.014,""6"":0.04,""8"":0.104}"
bfa569fbae807b7f50c3389f,joint_gaussian_regularized_cluster,2.0,0.5,partition,discovery,confirmation,0.09557142857142857,0.34,,,5.0,False,False,True,True,True,0.0,0.34,"{""10"":0.0,""12"":0.0,""3"":0.0,""4"":0.0,""5"":0.0,""6"":0.0,""8"":0.0}","{""10"":0.196,""12"":0.34,""3"":0.0,""4"":0.0,""5"":0.008,""6"":0.031,""8"":0.094}"
bfa569fbae807b7f50c3389f,joint_gaussian_regularized_cluster,0.25,1.0,partition,discovery,confirmation,0.011142857142857144,0.035,,,5.0,False,False,True,True,True,0.0,0.035,"{""10"":0.0,""12"":0.0,""3"":0.0,""4"":0.0,""5"":0.0,""6"":0.0,""8"":0.0}","{""10"":0.027,""12"":0.035,""3"":0.0,""4"":0.0,""5"":0.001,""6"":0.003,""8"":0.012}"
bfa569fbae807b7f50c3389f,joint_gaussian_regularized_cluster,0.5,1.0,partition,discovery,confirmation,0.023571428571428573,0.07,,,4.0,False,False,True,True,True,0.0,0.07,"{""10"":0.0,""12"":0.0,""3"":0.0,""4"":0.0,""5"":0.0,""6"":0.0,""8"":0.0}","{""10"":0.054,""12"":0.07,""3"":0.0,""4"":0.001,""5"":0.005,""6"":0.009,""8"":0.026}"
bfa569fbae807b7f50c3389f,joint_gaussian_regularized_cluster,0.75,1.0,partition,discovery,confirmation,0.029142857142857144,0.097,,,4.0,False,False,True,True,True,0.0,0.097,"{""10"":0.0,""12"":0.0,""3"":0.0,""4"":0.0,""5"":0.0,""6"":0.0,""8"":0.0}","{""10"":0.052,""12"":0.097,""3"":0.0,""4"":0.002,""5"":0.006,""6"":0.01,""8"":0.037}"
bfa569fbae807b7f50c3389f,joint_gaussian_regularized_cluster,1.0,1.0,partition,discovery,confirmation,0.031142857142857142,0.088,,,4.0,False,False,True,True,True,0.0,0.088,"{""10"":0.0,""12"":0.0,""3"":0.0,""4"":0.0,""5"":0.0,""6"":0.0,""8"":0.0}","{""10"":0.068,""12"":0.088,""3"":0.0,""4"":0.002,""5"":0.006,""6"":0.015,""8"":0.039}"
bfa569fbae807b7f50c3389f,joint_gaussian_regularized_cluster,1.5,1.0,partition,discovery,confirmation,0.023142857142857142,0.068,,,5.0,False,False,True,True,True,0.0,0.068,"{""10"":0.0,""12"":0.0,""3"":0.0,""4"":0.0,""5"":0.0,""6"":0.0,""8"":0.0}","{""10"":0.047,""12"":0.068,""3"":0.0,""4"":0.0,""5"":0.007,""6"":0.01,""8"":0.03}"
bfa569fbae807b7f50c3389f,joint_gaussian_regularized_cluster,2.0,1.0,partition,discovery,confirmation,0.029428571428571432,0.082,,,5.0,False,False,True,True,True,0.0,0.082,"{""10"":0.0,""12"":0.0,""3"":0.0,""4"":0.0,""5"":0.0,""6"":0.0,""8"":0.0}","{""10"":0.069,""12"":0.082,""3"":0.0,""4"":0.0,""5"":0.005,""6"":0.013,""8"":0.037}"
d10b3aec4edc47fefb2bd92f,joint_gaussian_regularized_cluster,0.0,0.0,partition,discovery,confirmation,0.0,0.0,1.0,,,True,True,True,True,True,0.0,0.0,"{""10"":0.0,""12"":0.0,""3"":0.0,""4"":0.0,""5"":0.0,""6"":0.0,""8"":0.0}","{""10"":0.0,""12"":0.0,""3"":0.0,""4"":0.0,""5"":0.0,""6"":0.0,""8"":0.0}"
d10b3aec4edc47fefb2bd92f,joint_gaussian_regularized_cluster,0.25,0.0,partition,discovery,confirmation,0.07642857142857143,0.254,,,4.0,False,False,True,True,True,0.0,0.254,"{""10"":0.0,""12"":0.0,""3"":0.0,""4"":0.0,""5"":0.0,""6"":0.0,""8"":0.0}","{""10"":0.161,""12"":0.254,""3"":0.0,""4"":0.001,""5"":0.008,""6"":0.028,""8"":0.083}"
d10b3aec4edc47fefb2bd92f,joint_gaussian_regularized_cluster,0.5,0.0,partition,discovery,confirmation,0.09242857142857143,0.303,,,4.0,False,False,True,True,True,0.0,0.303,"{""10"":0.0,""12"":0.0,""3"":0.0,""4"":0.0,""5"":0.0,""6"":0.0,""8"":0.0}","{""10"":0.183,""12"":0.303,""3"":0.0,""4"":0.004,""5"":0.013,""6"":0.035,""8"":0.109}"
d10b3aec4edc47fefb2bd92f,joint_gaussian_regularized_cluster,0.75,0.0,partition,discovery,confirmation,0.091,0.3,,,4.0,False,False,True,True,True,0.0,0.3,"{""10"":0.0,""12"":0.0,""3"":0.0,""4"":0.0,""5"":0.0,""6"":0.0,""8"":0.0}","{""10"":0.193,""12"":0.3,""3"":0.0,""4"":0.005,""5"":0.011,""6"":0.028,""8"":0.1}"
d10b3aec4edc47fefb2bd92f,joint_gaussian_regularized_cluster,1.0,0.0,partition,discovery,confirmation,0.10542857142857143,0.351,,,5.0,False,False,True,True,True,0.0,0.351,"{""10"":0.0,""12"":0.0,""3"":0.0,""4"":0.0,""5"":0.0,""6"":0.0,""8"":0.0}","{""10"":0.221,""12"":0.351,""3"":0.0,""4"":0.0,""5"":0.013,""6"":0.042,""8"":0.111}"
d10b3aec4edc47fefb2bd92f,joint_gaussian_regularized_cluster,1.5,0.0,partition,discovery,confirmation,0.11042857142857142,0.35,,,4.0,False,False,True,True,True,0.0,0.35,"{""10"":0.0,""12"":0.0,""3"":0.0,""4"":0.0,""5"":0.0,""6"":0.0,""8"":0.0}","{""10"":0.244,""12"":0.35,""3"":0.0,""4"":0.005,""5"":0.012,""6"":0.043,""8"":0.119}"
d10b3aec4edc47fefb2bd92f,joint_gaussian_regularized_cluster,2.0,0.0,partition,discovery,confirmation,0.10442857142857143,0.346,,,4.0,False,False,True,True,True,0.0,0.346,"{""10"":0.0,""12"":0.0,""3"":0.0,""4"":0.0,""5"":0.0,""6"":0.0,""8"":0.0}","{""10"":0.225,""12"":0.346,""3"":0.0,""4"":0.002,""5"":0.012,""6"":0.035,""8"":0.111}"
d10b3aec4edc47fefb2bd92f,joint_gaussian_regularized_cluster,0.25,0.25,partition,discovery,confirmation,0.07371428571428572,0.244,,,4.0,False,False,True,True,True,0.0,0.244,"{""10"":0.0,""12"":0.0,""3"":0.0,""4"":0.0,""5"":0.0,""6"":0.0,""8"":0.0}","{""10"":0.155,""12"":0.244,""3"":0.0,""4"":0.002,""5"":0.01,""6"":0.023,""8"":0.082}"
d10b3aec4edc47fefb2bd92f,joint_gaussian_regularized_cluster,0.5,0.25,partition,discovery,confirmation,0.09442857142857143,0.323,,,4.0,False,False,True,True,True,0.0,0.323,"{""10"":0.0,""12"":0.0,""3"":0.0,""4"":0.0,""5"":0.0,""6"":0.0,""8"":0.0}","{""10"":0.204,""12"":0.323,""3"":0.0,""4"":0.002,""5"":0.011,""6"":0.027,""8"":0.094}"
d10b3aec4edc47fefb2bd92f,joint_gaussian_regularized_cluster,0.75,0.25,partition,discovery,confirmation,0.10585714285714286,0.345,,,4.0,False,False,True,True,True,0.0,0.345,"{""10"":0.0,""12"":0.0,""3"":0.0,""4"":0.0,""5"":0.0,""6"":0.0,""8"":0.0}","{""10"":0.22,""12"":0.345,""3"":0.0,""4"":0.005,""5"":0.017,""6"":0.044,""8"":0.11}"
d10b3aec4edc47fefb2bd92f,joint_gaussian_regularized_cluster,1.0,0.25,partition,discovery,confirmation,0.10528571428571429,0.359,,,4.0,False,False,True,True,True,0.0,0.359,"{""10"":0.0,""12"":0.0,""3"":0.0,""4"":0.0,""5"":0.0,""6"":0.0,""8"":0.0}","{""10"":0.212,""12"":0.359,""3"":0.0,""4"":0.005,""5"":0.013,""6"":0.034,""8"":0.114}"
d10b3aec4edc47fefb2bd92f,joint_gaussian_regularized_cluster,1.5,0.25,partition,discovery,confirmation,0.10914285714285714,0.356,,,4.0,False,False,True,True,True,0.0,0.356,"{""10"":0.0,""12"":0.0,""3"":0.0,""4"":0.0,""5"":0.0,""6"":0.0,""8"":0.0}","{""10"":0.232,""12"":0.356,""3"":0.0,""4"":0.002,""5"":0.016,""6"":0.042,""8"":0.116}"
d10b3aec4edc47fefb2bd92f,joint_gaussian_regularized_cluster,2.0,0.25,partition,discovery,confirmation,0.10114285714285713,0.342,,,4.0,False,False,True,True,True,0.0,0.342,"{""10"":0.0,""12"":0.0,""3"":0.0,""4"":0.0,""5"":0.0,""6"":0.0,""8"":0.0}","{""10"":0.204,""12"":0.342,""3"":0.0,""4"":0.006,""5"":0.016,""6"":0.04,""8"":0.1}"
d10b3aec4edc47fefb2bd92f,joint_gaussian_regularized_cluster,0.25,0.5,partition,discovery,confirmation,0.060428571428571436,0.215,,,5.0,False,False,True,True,True,0.0,0.215,"{""10"":0.0,""12"":0.0,""3"":0.0,""4"":0.0,""5"":0.0,""6"":0.0,""8"":0.0}","{""10"":0.13,""12"":0.215,""3"":0.0,""4"":0.0,""5"":0.004,""6"":0.014,""8"":0.06}"
d10b3aec4edc47fefb2bd92f,joint_gaussian_regularized_cluster,0.5,0.5,partition,discovery,confirmation,0.09871428571428573,0.337,,,4.0,False,False,True,True,True,0.0,0.337,"{""10"":0.0,""12"":0.0,""3"":0.0,""4"":0.0,""5"":0.0,""6"":0.0,""8"":0.0}","{""10"":0.217,""12"":0.337,""3"":0.0,""4"":0.004,""5"":0.012,""6"":0.029,""8"":0.092}"
d10b3aec4edc47fefb2bd92f,joint_gaussian_regularized_cluster,0.75,0.5,partition,discovery,confirmation,0.10842857142857143,0.355,,,4.0,False,False,True,True,True,0.0,0.355,"{""10"":0.0,""12"":0.0,""3"":0.0,""4"":0.0,""5"":0.0,""6"":0.0,""8"":0.0}","{""10"":0.226,""12"":0.355,""3"":0.0,""4"":0.003,""5"":0.02,""6"":0.037,""8"":0.118}"
d10b3aec4edc47fefb2bd92f,joint_gaussian_regularized_cluster,1.0,0.5,partition,discovery,confirmation,0.10628571428571429,0.365,,,4.0,False,False,True,True,True,0.0,0.365,"{""10"":0.0,""12"":0.0,""3"":0.0,""4"":0.0,""5"":0.0,""6"":0.0,""8"":0.0}","{""10"":0.228,""12"":0.365,""3"":0.0,""4"":0.001,""5"":0.011,""6"":0.031,""8"":0.108}"
d10b3aec4edc47fefb2bd92f,joint_gaussian_regularized_cluster,1.5,0.5,partition,discovery,confirmation,0.09871428571428573,0.333,,,4.0,False,False,True,True,True,0.0,0.333,"{""10"":0.0,""12"":0.0,""3"":0.0,""4"":0.0,""5"":0.0,""6"":0.0,""8"":0.0}","{""10"":0.214,""12"":0.333,""3"":0.0,""4"":0.001,""5"":0.006,""6"":0.028,""8"":0.109}"
d10b3aec4edc47fefb2bd92f,joint_gaussian_regularized_cluster,2.0,0.5,partition,discovery,confirmation,0.09557142857142857,0.317,,,4.0,False,False,True,True,True,0.0,0.317,"{""10"":0.0,""12"":0.0,""3"":0.0,""4"":0.0,""5"":0.0,""6"":0.0,""8"":0.0}","{""10"":0.213,""12"":0.317,""3"":0.0,""4"":0.005,""5"":0.01,""6"":0.027,""8"":0.097}"
d10b3aec4edc47fefb2bd92f,joint_gaussian_regularized_cluster,0.25,1.0,partition,discovery,confirmation,0.011857142857142858,0.035,,,4.0,False,False,True,True,True,0.0,0.035,"{""10"":0.0,""12"":0.0,""3"":0.0,""4"":0.0,""5"":0.0,""6"":0.0,""8"":0.0}","{""10"":0.023,""12"":0.035,""3"":0.0,""4"":0.001,""5"":0.0,""6"":0.007,""8"":0.017}"
d10b3aec4edc47fefb2bd92f,joint_gaussian_regularized_cluster,0.5,1.0,partition,discovery,confirmation,0.02085714285714286,0.063,,,5.0,False,False,True,True,True,0.0,0.063,"{""10"":0.0,""12"":0.0,""3"":0.0,""4"":0.0,""5"":0.0,""6"":0.0,""8"":0.0}","{""10"":0.049,""12"":0.063,""3"":0.0,""4"":0.0,""5"":0.002,""6"":0.008,""8"":0.024}"
d10b3aec4edc47fefb2bd92f,joint_gaussian_regularized_cluster,0.75,1.0,partition,discovery,confirmation,0.022571428571428572,0.056,,,5.0,False,False,True,True,True,0.0,0.056,"{""10"":0.0,""12"":0.0,""3"":0.0,""4"":0.0,""5"":0.0,""6"":0.0,""8"":0.0}","{""10"":0.048,""12"":0.056,""3"":0.0,""4"":0.0,""5"":0.008,""6"":0.015,""8"":0.031}"
d10b3aec4edc47fefb2bd92f,joint_gaussian_regularized_cluster,1.0,1.0,partition,discovery,confirmation,0.019999999999999997,0.054,,,5.0,False,False,True,True,True,0.0,0.054,"{""10"":0.0,""12"":0.0,""3"":0.0,""4"":0.0,""5"":0.0,""6"":0.0,""8"":0.0}","{""10"":0.045,""12"":0.054,""3"":0.0,""4"":0.0,""5"":0.006,""6"":0.008,""8"":0.027}"
d10b3aec4edc47fefb2bd92f,joint_gaussian_regularized_cluster,1.5,1.0,partition,discovery,confirmation,0.024714285714285713,0.08,,,6.0,False,False,True,True,True,0.0,0.08,"{""10"":0.0,""12"":0.0,""3"":0.0,""4"":0.0,""5"":0.0,""6"":0.0,""8"":0.0}","{""10"":0.056,""12"":0.08,""3"":0.0,""4"":0.0,""5"":0.0,""6"":0.008,""8"":0.029}"
d10b3aec4edc47fefb2bd92f,joint_gaussian_regularized_cluster,2.0,1.0,partition,discovery,confirmation,0.01742857142857143,0.05,,,4.0,False,False,True,True,True,0.0,0.05,"{""10"":0.0,""12"":0.0,""3"":0.0,""4"":0.0,""5"":0.0,""6"":0.0,""8"":0.0}","{""10"":0.036,""12"":0.05,""3"":0.0,""4"":0.002,""5"":0.005,""6"":0.009,""8"":0.02}"
fe17c18b39eb86c6e9f982bd,joint_gaussian_regularized_cluster,0.0,0.0,partition,discovery,confirmation,0.0,0.0,1.0,,,True,True,True,True,True,0.0,0.0,"{""10"":0.0,""12"":0.0,""3"":0.0,""4"":0.0,""5"":0.0,""6"":0.0,""8"":0.0}","{""10"":0.0,""12"":0.0,""3"":0.0,""4"":0.0,""5"":0.0,""6"":0.0,""8"":0.0}"
fe17c18b39eb86c6e9f982bd,joint_gaussian_regularized_cluster,0.25,0.0,partition,discovery,confirmation,0.013999999999999986,0.03699999999999998,0.9992275314797915,4.0,4.0,True,True,True,True,True,0.578,0.549,"{""10"":0.426,""12"":0.578,""3"":0.0,""4"":0.007,""5"":0.035,""6"":0.071,""8"":0.24}","{""10"":0.389,""12"":0.549,""3"":0.0,""4"":0.015,""5"":0.042,""6"":0.084,""8"":0.236}"
fe17c18b39eb86c6e9f982bd,joint_gaussian_regularized_cluster,0.5,0.0,partition,discovery,confirmation,0.018571428571428565,0.038000000000000034,0.9993807833470539,4.0,4.0,True,True,True,True,True,0.923,0.916,"{""10"":0.822,""12"":0.923,""3"":0.0,""4"":0.061,""5"":0.186,""6"":0.342,""8"":0.626}","{""10"":0.802,""12"":0.916,""3"":0.0,""4"":0.05,""5"":0.16,""6"":0.314,""8"":0.588}"
fe17c18b39eb86c6e9f982bd,joint_gaussian_regularized_cluster,0.75,0.0,partition,discovery,confirmation,0.011285714285714276,0.027999999999999914,0.9996259136424474,4.0,4.0,True,True,True,True,True,0.984,0.986,"{""10"":0.959,""12"":0.984,""3"":0.0,""4"":0.147,""5"":0.348,""6"":0.555,""8"":0.84}","{""10"":0.938,""12"":0.986,""3"":0.0,""4"":0.132,""5"":0.347,""6"":0.543,""8"":0.812}"
fe17c18b39eb86c6e9f982bd,joint_gaussian_regularized_cluster,1.0,0.0,partition,discovery,confirmation,0.01685714285714286,0.04999999999999999,0.9990341559861518,4.0,4.0,True,True,True,True,True,0.997,0.995,"{""10"":0.983,""12"":0.997,""3"":0.0,""4"":0.205,""5"":0.477,""6"":0.687,""8"":0.916}","{""10"":0.973,""12"":0.995,""3"":0.0,""4"":0.184,""5"":0.427,""6"":0.659,""8"":0.909}"
fe17c18b39eb86c6e9f982bd,joint_gaussian_regularized_cluster,1.5,0.0,partition,discovery,confirmation,0.01171428571428572,0.036000000000000004,0.9993816586618102,4.0,4.0,True,True,True,True,True,1.0,0.999,"{""10"":0.994,""12"":1.0,""3"":0.0,""4"":0.261,""5"":0.553,""6"":0.771,""8"":0.957}","{""10"":0.991,""12"":0.999,""3"":0.0,""4"":0.225,""5"":0.528,""6"":0.774,""8"":0.943}"
fe17c18b39eb86c6e9f982bd,joint_gaussian_regularized_cluster,2.0,0.0,partition,discovery,confirmation,0.008000000000000007,0.029000000000000026,0.9995664316261459,4.0,4.0,True,True,True,True,True,1.0,1.0,"{""10"":0.993,""12"":1.0,""3"":0.0,""4"":0.291,""5"":0.591,""6"":0.824,""8"":0.971}","{""10"":0.997,""12"":1.0,""3"":0.0,""4"":0.304,""5"":0.62,""6"":0.817,""8"":0.974}"
fe17c18b39eb86c6e9f982bd,joint_gaussian_regularized_cluster,0.25,0.25,partition,discovery,confirmation,0.0029999999999999823,0.007999999999999896,0.9998863225272829,4.0,4.0,True,True,True,True,True,0.57,0.562,"{""10"":0.42,""12"":0.57,""3"":0.0,""4"":0.007,""5"":0.034,""6"":0.079,""8"":0.237}","{""10"":0.421,""12"":0.562,""3"":0.0,""4"":0.009,""5"":0.034,""6"":0.082,""8"":0.23}"
fe17c18b39eb86c6e9f982bd,joint_gaussian_regularized_cluster,0.5,0.25,partition,discovery,confirmation,0.019714285714285715,0.03799999999999992,0.9995204397864162,4.0,4.0,True,True,True,True,False,0.933,0.898,"{""10"":0.846,""12"":0.933,""3"":0.0,""4"":0.071,""5"":0.18,""6"":0.339,""8"":0.642}","{""10"":0.808,""12"":0.898,""3"":0.0,""4"":0.061,""5"":0.196,""6"":0.336,""8"":0.606}"
fe17c18b39eb86c6e9f982bd,joint_gaussian_regularized_cluster,0.75,0.25,partition,discovery,confirmation,0.014714285714285699,0.03699999999999992,0.9994477563913781,4.0,4.0,True,True,True,True,True,0.985,0.977,"{""10"":0.95,""12"":0.985,""3"":0.0,""4"":0.141,""5"":0.363,""6"":0.571,""8"":0.846}","{""10"":0.939,""12"":0.977,""3"":0.0,""4"":0.132,""5"":0.334,""6"":0.534,""8"":0.837}"
fe17c18b39eb86c6e9f982bd,joint_gaussian_regularized_cluster,1.0,0.25,partition,discovery,confirmation,0.018285714285714273,0.05499999999999999,0.9981225691146375,4.0,4.0,True,True,True,True,False,0.998,0.996,"{""10"":0.979,""12"":0.998,""3"":0.0,""4"":0.204,""5"":0.479,""6"":0.697,""8"":0.902}","{""10"":0.977,""12"":0.996,""3"":0.0,""4"":0.191,""5"":0.424,""6"":0.645,""8"":0.898}"
fe17c18b39eb86c6e9f982bd,joint_gaussian_regularized_cluster,1.5,0.25,partition,discovery,confirmation,0.009285714285714277,0.028999999999999915,0.9996930319808635,4.0,4.0,True,True,True,True,True,0.999,0.996,"{""10"":0.992,""12"":0.999,""3"":0.0,""4"":0.279,""5"":0.573,""6"":0.786,""8"":0.958}","{""10"":0.988,""12"":0.996,""3"":0.0,""4"":0.273,""5"":0.544,""6"":0.773,""8"":0.948}"
fe17c18b39eb86c6e9f982bd,joint_gaussian_regularized_cluster,2.0,0.25,partition,discovery,confirmation,0.010999999999999994,0.03400000000000003,0.999475467274948,4.0,4.0,True,True,True,True,True,0.999,0.999,"{""10"":0.998,""12"":0.999,""3"":0.0,""4"":0.314,""5"":0.642,""6"":0.828,""8"":0.968}","{""10"":0.994,""12"":0.999,""3"":0.0,""4"":0.298,""5"":0.608,""6"":0.809,""8"":0.964}"
fe17c18b39eb86c6e9f982bd,joint_gaussian_regularized_cluster,0.25,0.5,partition,discovery,confirmation,0.010142857142857148,0.02300000000000002,0.9989170946244623,4.0,4.0,True,True,False,True,True,0.509,0.486,"{""10"":0.382,""12"":0.509,""3"":0.0,""4"":0.011,""5"":0.032,""6"":0.078,""8"":0.209}","{""10"":0.368,""12"":0.486,""3"":0.0,""4"":0.01,""5"":0.039,""6"":0.093,""8"":0.22}"
fe17c18b39eb86c6e9f982bd,joint_gaussian_regularized_cluster,0.5,0.5,partition,discovery,confirmation,0.010857142857142859,0.02699999999999997,0.9992205701123098,4.0,4.0,True,True,True,True,True,0.824,0.822,"{""10"":0.748,""12"":0.824,""3"":0.0,""4"":0.056,""5"":0.19,""6"":0.362,""8"":0.609}","{""10"":0.741,""12"":0.822,""3"":0.0,""4"":0.063,""5"":0.202,""6"":0.335,""8"":0.588}"
fe17c18b39eb86c6e9f982bd,joint_gaussian_regularized_cluster,0.75,0.5,partition,discovery,confirmation,0.0038571428571428606,0.016000000000000014,0.9998795520469814,4.0,4.0,True,True,True,True,True,0.91,0.904,"{""10"":0.859,""12"":0.91,""3"":0.0,""4"":0.129,""5"":0.338,""6"":0.52,""8"":0.766}","{""10"":0.859,""12"":0.904,""3"":0.0,""4"":0.126,""5"":0.34,""6"":0.52,""8"":0.75}"
fe17c18b39eb86c6e9f982bd,joint_gaussian_regularized_cluster,1.0,0.5,partition,discovery,confirmation,0.016142857142857157,0.04500000000000004,0.9992149207750605,4.0,4.0,True,True,True,True,True,0.955,0.944,"{""10"":0.921,""12"":0.955,""3"":0.0,""4"":0.178,""5"":0.431,""6"":0.653,""8"":0.85}","{""10"":0.909,""12"":0.944,""3"":0.0,""4"":0.186,""5"":0.415,""6"":0.608,""8"":0.829}"
fe17c18b39eb86c6e9f982bd,joint_gaussian_regularized_cluster,1.5,0.5,partition,discovery,confirmation,0.01185714285714286,0.030999999999999972,0.9993078371532798,4.0,4.0,True,True,True,True,True,0.971,0.967,"{""10"":0.956,""12"":0.971,""3"":0.0,""4"":0.283,""5"":0.562,""6"":0.744,""8"":0.903}","{""10"":0.955,""12"":0.967,""3"":0.0,""4"":0.252,""5"":0.533,""6"":0.735,""8"":0.912}"
fe17c18b39eb86c6e9f982bd,joint_gaussian_regularized_cluster,2.0,0.5,partition,discovery,confirmation,0.009857142857142842,0.03199999999999992,0.9995317757285567,4.0,4.0,True,True,True,True,True,0.977,0.979,"{""10"":0.964,""12"":0.977,""3"":0.0,""4"":0.293,""5"":0.577,""6"":0.75,""8"":0.922}","{""10"":0.958,""12"":0.979,""3"":0.0,""4"":0.28,""5"":0.545,""6"":0.737,""8"":0.919}"
fe17c18b39eb86c6e9f982bd,joint_gaussian_regularized_cluster,0.25,1.0,partition,discovery,confirmation,0.0035714285714285687,0.00899999999999998,0.9989248141203747,4.0,4.0,True,True,True,True,True,0.242,0.245,"{""10"":0.23,""12"":0.242,""3"":0.0,""4"":0.008,""5"":0.039,""6"":0.077,""8"":0.174}","{""10"":0.23,""12"":0.245,""3"":0.0,""4"":0.013,""5"":0.044,""6"":0.074,""8"":0.165}"
fe17c18b39eb86c6e9f982bd,joint_gaussian_regularized_cluster,0.5,1.0,partition,discovery,confirmation,0.01742857142857143,0.037000000000000005,0.9936185282268094,4.0,4.0,True,True,True,True,True,0.318,0.298,"{""10"":0.318,""12"":0.318,""3"":0.0,""4"":0.049,""5"":0.138,""6"":0.218,""8"":0.296}","{""10"":0.318,""12"":0.298,""3"":0.0,""4"":0.04,""5"":0.105,""6"":0.181,""8"":0.273}"
fe17c18b39eb86c6e9f982bd,joint_gaussian_regularized_cluster,0.75,1.0,partition,discovery,confirmation,0.024857142857142862,0.04299999999999998,0.9971828146906752,4.0,4.0,True,True,True,True,True,0.34,0.304,"{""10"":0.338,""12"":0.34,""3"":0.0,""4"":0.09,""5"":0.194,""6"":0.278,""8"":0.35}","{""10"":0.32,""12"":0.304,""3"":0.0,""4"":0.066,""5"":0.164,""6"":0.255,""8"":0.307}"
fe17c18b39eb86c6e9f982bd,joint_gaussian_regularized_cluster,1.0,1.0,partition,discovery,confirmation,0.0067142857142857,0.022999999999999965,0.9974600978938672,4.0,4.0,True,True,True,True,True,0.331,0.331,"{""10"":0.337,""12"":0.331,""3"":0.0,""4"":0.11,""5"":0.197,""6"":0.268,""8"":0.341}","{""10"":0.344,""12"":0.331,""3"":0.0,""4"":0.11,""5"":0.21,""6"":0.291,""8"":0.337}"
fe17c18b39eb86c6e9f982bd,joint_gaussian_regularized_cluster,1.5,1.0,partition,discovery,confirmation,0.012714285714285704,0.022999999999999965,0.9947973127577681,4.0,4.0,True,True,True,True,True,0.298,0.308,"{""10"":0.318,""12"":0.298,""3"":0.0,""4"":0.114,""5"":0.219,""6"":0.284,""8"":0.321}","{""10"":0.333,""12"":0.308,""3"":0.0,""4"":0.093,""5"":0.203,""6"":0.28,""8"":0.344}"
fe17c18b39eb86c6e9f982bd,joint_gaussian_regularized_cluster,2.0,1.0,partition,discovery,confirmation,0.011285714285714288,0.027000000000000024,0.9911820015475434,4.0,4.0,True,True,True,True,True,0.272,0.278,"{""10"":0.298,""12"":0.272,""3"":0.0,""4"":0.113,""5"":0.21,""6"":0.263,""8"":0.315}","{""10"":0.274,""12"":0.278,""3"":0.0,""4"":0.107,""5"":0.211,""6"":0.278,""8"":0.288}"
03ef63db7584762143dc3914,joint_wild_cluster_rademacher,0.0,0.0,partition,discovery,confirmation,0.0,0.0,1.0,,,True,True,True,True,True,0.0,0.0,"{""10"":0.0,""12"":0.0,""3"":0.0,""4"":0.0,""5"":0.0,""6"":0.0,""8"":0.0}","{""10"":0.0,""12"":0.0,""3"":0.0,""4"":0.0,""5"":0.0,""6"":0.0,""8"":0.0}"
03ef63db7584762143dc3914,joint_wild_cluster_rademacher,0.25,0.0,partition,discovery,confirmation,0.16957142857142854,0.31199999999999994,0.9767248750798305,4.0,4.0,True,True,False,False,True,0.89,0.677,"{""10"":0.832,""12"":0.89,""3"":0.0,""4"":0.067,""5"":0.198,""6"":0.36,""8"":0.641}","{""10"":0.52,""12"":0.677,""3"":0.0,""4"":0.026,""5"":0.078,""6"":0.158,""8"":0.342}"
03ef63db7584762143dc3914,joint_wild_cluster_rademacher,0.5,0.0,partition,discovery,confirmation,0.227,0.4169999999999999,0.9231569801972157,4.0,4.0,True,True,False,False,False,0.994,0.895,"{""10"":0.976,""12"":0.994,""3"":0.0,""4"":0.216,""5"":0.488,""6"":0.694,""8"":0.923}","{""10"":0.776,""12"":0.895,""3"":0.0,""4"":0.041,""5"":0.143,""6"":0.277,""8"":0.57}"
03ef63db7584762143dc3914,joint_wild_cluster_rademacher,0.75,0.0,partition,discovery,confirmation,0.23228571428571426,0.42200000000000004,0.9173592631678015,4.0,4.0,True,True,False,False,False,0.999,0.905,"{""10"":0.985,""12"":0.999,""3"":0.0,""4"":0.263,""5"":0.563,""6"":0.773,""8"":0.954}","{""10"":0.802,""12"":0.905,""3"":0.0,""4"":0.058,""5"":0.184,""6"":0.351,""8"":0.611}"
03ef63db7584762143dc3914,joint_wild_cluster_rademacher,1.0,0.0,partition,discovery,confirmation,0.2614285714285714,0.49699999999999994,0.8785089495435162,4.0,4.0,True,True,False,False,False,0.998,0.917,"{""10"":0.994,""12"":0.998,""3"":0.0,""4"":0.317,""5"":0.627,""6"":0.815,""8"":0.968}","{""10"":0.808,""12"":0.917,""3"":0.0,""4"":0.06,""5"":0.162,""6"":0.318,""8"":0.624}"
03ef63db7584762143dc3914,joint_wild_cluster_rademacher,1.5,0.0,partition,discovery,confirmation,0.25757142857142856,0.5129999999999999,0.8713327782313562,4.0,4.0,True,True,False,False,False,0.999,0.927,"{""10"":0.996,""12"":0.999,""3"":0.0,""4"":0.304,""5"":0.644,""6"":0.839,""8"":0.974}","{""10"":0.835,""12"":0.927,""3"":0.0,""4"":0.065,""5"":0.18,""6"":0.326,""8"":0.62}"
03ef63db7584762143dc3914,joint_wild_cluster_rademacher,2.0,0.0,partition,discovery,confirmation,0.26485714285714285,0.5069999999999999,0.8720709091873136,4.0,4.0,True,True,False,False,False,0.998,0.922,"{""10"":0.99,""12"":0.998,""3"":0.0,""4"":0.31,""5"":0.647,""6"":0.838,""8"":0.974}","{""10"":0.813,""12"":0.922,""3"":0.0,""4"":0.045,""5"":0.172,""6"":0.331,""8"":0.62}"
03ef63db7584762143dc3914,joint_wild_cluster_rademacher,0.25,0.25,partition,discovery,confirmation,0.17114285714285712,0.322,0.9624184053386561,4.0,4.0,True,True,False,False,True,0.859,0.682,"{""10"":0.797,""12"":0.859,""3"":0.0,""4"":0.073,""5"":0.229,""6"":0.372,""8"":0.646}","{""10"":0.54,""12"":0.682,""3"":0.0,""4"":0.022,""5"":0.073,""6"":0.137,""8"":0.324}"
03ef63db7584762143dc3914,joint_wild_cluster_rademacher,0.5,0.25,partition,discovery,confirmation,0.215,0.40199999999999997,0.9262387472301522,4.0,4.0,True,True,False,False,False,0.988,0.902,"{""10"":0.965,""12"":0.988,""3"":0.0,""4"":0.213,""5"":0.481,""6"":0.69,""8"":0.921}","{""10"":0.785,""12"":0.902,""3"":0.0,""4"":0.047,""5"":0.146,""6"":0.288,""8"":0.585}"
03ef63db7584762143dc3914,joint_wild_cluster_rademacher,0.75,0.25,partition,discovery,confirmation,0.228,0.447,0.9099515344949256,4.0,4.0,True,True,False,False,False,0.998,0.922,"{""10"":0.992,""12"":0.998,""3"":0.0,""4"":0.245,""5"":0.547,""6"":0.766,""8"":0.955}","{""10"":0.815,""12"":0.922,""3"":0.0,""4"":0.066,""5"":0.182,""6"":0.319,""8"":0.603}"
03ef63db7584762143dc3914,joint_wild_cluster_rademacher,1.0,0.25,partition,discovery,confirmation,0.2238571428571429,0.44200000000000006,0.9128873902704708,4.0,4.0,True,True,False,False,False,1.0,0.924,"{""10"":0.995,""12"":1.0,""3"":0.0,""4"":0.269,""5"":0.573,""6"":0.796,""8"":0.96}","{""10"":0.833,""12"":0.924,""3"":0.0,""4"":0.078,""5"":0.212,""6"":0.354,""8"":0.625}"
03ef63db7584762143dc3914,joint_wild_cluster_rademacher,1.5,0.25,partition,discovery,confirmation,0.23842857142857143,0.469,0.8966022435339319,4.0,4.0,True,True,False,False,False,0.998,0.933,"{""10"":0.993,""12"":0.998,""3"":0.0,""4"":0.3,""5"":0.598,""6"":0.82,""8"":0.965}","{""10"":0.827,""12"":0.933,""3"":0.0,""4"":0.071,""5"":0.204,""6"":0.351,""8"":0.619}"
03ef63db7584762143dc3914,joint_wild_cluster_rademacher,2.0,0.25,partition,discovery,confirmation,0.2584285714285714,0.5009999999999999,0.8791685356687664,4.0,4.0,True,True,False,False,False,0.999,0.925,"{""10"":0.997,""12"":0.999,""3"":0.0,""4"":0.324,""5"":0.634,""6"":0.823,""8"":0.971}","{""10"":0.816,""12"":0.925,""3"":0.0,""4"":0.069,""5"":0.195,""6"":0.322,""8"":0.612}"
03ef63db7584762143dc3914,joint_wild_cluster_rademacher,0.25,0.5,partition,discovery,confirmation,0.13528571428571426,0.263,0.9666927583421661,4.0,4.0,True,True,False,True,True,0.7,0.552,"{""10"":0.623,""12"":0.7,""3"":0.0,""4"":0.066,""5"":0.175,""6"":0.309,""8"":0.532}","{""10"":0.427,""12"":0.552,""3"":0.0,""4"":0.019,""5"":0.057,""6"":0.134,""8"":0.269}"
03ef63db7584762143dc3914,joint_wild_cluster_rademacher,0.5,0.5,partition,discovery,confirmation,0.2151428571428571,0.351,0.9407159587684712,4.0,4.0,True,True,False,False,False,0.919,0.761,"{""10"":0.891,""12"":0.919,""3"":0.0,""4"":0.178,""5"":0.444,""6"":0.601,""8"":0.812}","{""10"":0.672,""12"":0.761,""3"":0.0,""4"":0.036,""5"":0.128,""6"":0.25,""8"":0.492}"
03ef63db7584762143dc3914,joint_wild_cluster_rademacher,0.75,0.5,partition,discovery,confirmation,0.22842857142857145,0.43599999999999994,0.9043105983414592,4.0,4.0,True,True,False,False,False,0.949,0.863,"{""10"":0.928,""12"":0.949,""3"":0.0,""4"":0.253,""5"":0.527,""6"":0.712,""8"":0.874}","{""10"":0.753,""12"":0.863,""3"":0.0,""4"":0.038,""5"":0.141,""6"":0.276,""8"":0.573}"
03ef63db7584762143dc3914,joint_wild_cluster_rademacher,1.0,0.5,partition,discovery,confirmation,0.23442857142857143,0.459,0.9000403994572964,4.0,4.0,True,True,False,False,False,0.977,0.902,"{""10"":0.965,""12"":0.977,""3"":0.0,""4"":0.273,""5"":0.549,""6"":0.772,""8"":0.927}","{""10"":0.785,""12"":0.902,""3"":0.0,""4"":0.066,""5"":0.17,""6"":0.313,""8"":0.586}"
03ef63db7584762143dc3914,joint_wild_cluster_rademacher,1.5,0.5,partition,discovery,confirmation,0.24114285714285716,0.48700000000000004,0.8784813325166868,4.0,4.0,True,True,False,False,False,0.983,0.919,"{""10"":0.971,""12"":0.983,""3"":0.0,""4"":0.278,""5"":0.623,""6"":0.806,""8"":0.944}","{""10"":0.814,""12"":0.919,""3"":0.0,""4"":0.069,""5"":0.173,""6"":0.319,""8"":0.623}"
03ef63db7584762143dc3914,joint_wild_cluster_rademacher,2.0,0.5,partition,discovery,confirmation,0.24685714285714289,0.48399999999999993,0.8832141750728688,4.0,4.0,True,True,False,False,False,0.991,0.922,"{""10"":0.984,""12"":0.991,""3"":0.0,""4"":0.303,""5"":0.62,""6"":0.819,""8"":0.949}","{""10"":0.816,""12"":0.922,""3"":0.0,""4"":0.065,""5"":0.173,""6"":0.335,""8"":0.627}"
03ef63db7584762143dc3914,joint_wild_cluster_rademacher,0.25,1.0,partition,discovery,confirmation,0.03471428571428572,0.068,0.9585310209009921,4.0,4.0,True,True,True,True,True,0.212,0.206,"{""10"":0.214,""12"":0.212,""3"":0.0,""4"":0.05,""5"":0.079,""6"":0.134,""8"":0.195}","{""10"":0.18,""12"":0.206,""3"":0.0,""4"":0.011,""5"":0.036,""6"":0.081,""8"":0.127}"
03ef63db7584762143dc3914,joint_wild_cluster_rademacher,0.5,1.0,partition,discovery,confirmation,0.047999999999999994,0.103,0.9290384305936928,4.0,4.0,True,True,True,True,True,0.242,0.23,"{""10"":0.254,""12"":0.242,""3"":0.0,""4"":0.066,""5"":0.145,""6"":0.215,""8"":0.257}","{""10"":0.224,""12"":0.23,""3"":0.0,""4"":0.023,""5"":0.061,""6"":0.112,""8"":0.193}"
03ef63db7584762143dc3914,joint_wild_cluster_rademacher,0.75,1.0,partition,discovery,confirmation,0.06828571428571427,0.14300000000000002,0.8693787050421066,4.0,4.0,True,True,True,True,True,0.273,0.261,"{""10"":0.294,""12"":0.273,""3"":0.0,""4"":0.101,""5"":0.206,""6"":0.269,""8"":0.292}","{""10"":0.264,""12"":0.261,""3"":0.0,""4"":0.024,""5"":0.07,""6"":0.126,""8"":0.212}"
03ef63db7584762143dc3914,joint_wild_cluster_rademacher,1.0,1.0,partition,discovery,confirmation,0.06585714285714286,0.14400000000000002,0.868108624839534,4.0,4.0,True,True,True,True,True,0.272,0.27,"{""10"":0.278,""12"":0.272,""3"":0.0,""4"":0.099,""5"":0.194,""6"":0.247,""8"":0.287}","{""10"":0.241,""12"":0.27,""3"":0.0,""4"":0.021,""5"":0.05,""6"":0.121,""8"":0.213}"
03ef63db7584762143dc3914,joint_wild_cluster_rademacher,1.5,1.0,partition,discovery,confirmation,0.07257142857142858,0.15600000000000003,0.8420114320318135,4.0,4.0,True,True,True,True,True,0.283,0.267,"{""10"":0.28,""12"":0.283,""3"":0.0,""4"":0.096,""5"":0.214,""6"":0.262,""8"":0.288}","{""10"":0.253,""12"":0.267,""3"":0.0,""4"":0.021,""5"":0.065,""6"":0.106,""8"":0.203}"
03ef63db7584762143dc3914,joint_wild_cluster_rademacher,2.0,1.0,partition,discovery,confirmation,0.06671428571428573,0.138,0.8003185766634022,4.0,4.0,True,True,True,True,True,0.213,0.242,"{""10"":0.255,""12"":0.213,""3"":0.0,""4"":0.1,""5"":0.194,""6"":0.259,""8"":0.258}","{""10"":0.225,""12"":0.242,""3"":0.0,""4"":0.017,""5"":0.067,""6"":0.121,""8"":0.198}"
1cce3e5fe7c50070e58676c9,joint_wild_cluster_rademacher,0.0,0.0,partition,discovery,confirmation,0.0,0.0,1.0,,,True,True,True,True,True,0.0,0.0,"{""10"":0.0,""12"":0.0,""3"":0.0,""4"":0.0,""5"":0.0,""6"":0.0,""8"":0.0}","{""10"":0.0,""12"":0.0,""3"":0.0,""4"":0.0,""5"":0.0,""6"":0.0,""8"":0.0}"
1cce3e5fe7c50070e58676c9,joint_wild_cluster_rademacher,0.25,0.0,partition,discovery,confirmation,0.030714285714285715,0.125,,4.0,,False,False,True,True,True,0.125,0.0,"{""10"":0.06,""12"":0.125,""3"":0.0,""4"":0.001,""5"":0.002,""6"":0.005,""8"":0.022}","{""10"":0.0,""12"":0.0,""3"":0.0,""4"":0.0,""5"":0.0,""6"":0.0,""8"":0.0}"
1cce3e5fe7c50070e58676c9,joint_wild_cluster_rademacher,0.5,0.0,partition,discovery,confirmation,0.08128571428571428,0.275,,4.0,,False,False,True,True,True,0.275,0.0,"{""10"":0.156,""12"":0.275,""3"":0.0,""4"":0.004,""5"":0.012,""6"":0.036,""8"":0.086}","{""10"":0.0,""12"":0.0,""3"":0.0,""4"":0.0,""5"":0.0,""6"":0.0,""8"":0.0}"
1cce3e5fe7c50070e58676c9,joint_wild_cluster_rademacher,0.75,0.0,partition,discovery,confirmation,0.09799999999999999,0.322,,4.0,,False,False,True,True,True,0.322,0.0,"{""10"":0.215,""12"":0.322,""3"":0.0,""4"":0.002,""5"":0.011,""6"":0.034,""8"":0.102}","{""10"":0.0,""12"":0.0,""3"":0.0,""4"":0.0,""5"":0.0,""6"":0.0,""8"":0.0}"
1cce3e5fe7c50070e58676c9,joint_wild_cluster_rademacher,1.0,0.0,partition,discovery,confirmation,0.09771428571428571,0.329,,4.0,,False,False,True,True,True,0.329,0.0,"{""10"":0.205,""12"":0.329,""3"":0.0,""4"":0.005,""5"":0.013,""6"":0.03,""8"":0.102}","{""10"":0.0,""12"":0.0,""3"":0.0,""4"":0.0,""5"":0.0,""6"":0.0,""8"":0.0}"
1cce3e5fe7c50070e58676c9,joint_wild_cluster_rademacher,1.5,0.0,partition,discovery,confirmation,0.1127142857142857,0.356,,4.0,,False,False,True,True,True,0.356,0.0,"{""10"":0.243,""12"":0.356,""3"":0.0,""4"":0.002,""5"":0.014,""6"":0.043,""8"":0.131}","{""10"":0.0,""12"":0.0,""3"":0.0,""4"":0.0,""5"":0.0,""6"":0.0,""8"":0.0}"
1cce3e5fe7c50070e58676c9,joint_wild_cluster_rademacher,2.0,0.0,partition,discovery,confirmation,0.10771428571428572,0.357,,4.0,,False,False,True,True,True,0.357,0.0,"{""10"":0.234,""12"":0.357,""3"":0.0,""4"":0.005,""5"":0.014,""6"":0.032,""8"":0.112}","{""10"":0.0,""12"":0.0,""3"":0.0,""4"":0.0,""5"":0.0,""6"":0.0,""8"":0.0}"
1cce3e5fe7c50070e58676c9,joint_wild_cluster_rademacher,0.25,0.25,partition,discovery,confirmation,0.036,0.133,,5.0,,False,False,True,True,True,0.133,0.0,"{""10"":0.071,""12"":0.133,""3"":0.0,""4"":0.0,""5"":0.003,""6"":0.009,""8"":0.036}","{""10"":0.0,""12"":0.0,""3"":0.0,""4"":0.0,""5"":0.0,""6"":0.0,""8"":0.0}"
1cce3e5fe7c50070e58676c9,joint_wild_cluster_rademacher,0.5,0.25,partition,discovery,confirmation,0.077,0.27,,4.0,,False,False,True,True,True,0.27,0.0,"{""10"":0.153,""12"":0.27,""3"":0.0,""4"":0.004,""5"":0.013,""6"":0.025,""8"":0.074}","{""10"":0.0,""12"":0.0,""3"":0.0,""4"":0.0,""5"":0.0,""6"":0.0,""8"":0.0}"
1cce3e5fe7c50070e58676c9,joint_wild_cluster_rademacher,0.75,0.25,partition,discovery,confirmation,0.09328571428571429,0.316,,4.0,,False,False,True,True,True,0.316,0.0,"{""10"":0.201,""12"":0.316,""3"":0.0,""4"":0.003,""5"":0.008,""6"":0.029,""8"":0.096}","{""10"":0.0,""12"":0.0,""3"":0.0,""4"":0.0,""5"":0.0,""6"":0.0,""8"":0.0}"
1cce3e5fe7c50070e58676c9,joint_wild_cluster_rademacher,1.0,0.25,partition,discovery,confirmation,0.10414285714285716,0.342,,4.0,,False,False,True,True,True,0.342,0.0,"{""10"":0.228,""12"":0.342,""3"":0.0,""4"":0.003,""5"":0.011,""6"":0.032,""8"":0.113}","{""10"":0.0,""12"":0.0,""3"":0.0,""4"":0.0,""5"":0.0,""6"":0.0,""8"":0.0}"
1cce3e5fe7c50070e58676c9,joint_wild_cluster_rademacher,1.5,0.25,partition,discovery,confirmation,0.10414285714285713,0.352,,4.0,,False,False,True,True,True,0.352,0.0,"{""10"":0.216,""12"":0.352,""3"":0.0,""4"":0.004,""5"":0.016,""6"":0.034,""8"":0.107}","{""10"":0.0,""12"":0.0,""3"":0.0,""4"":0.0,""5"":0.0,""6"":0.0,""8"":0.0}"
1cce3e5fe7c50070e58676c9,joint_wild_cluster_rademacher,2.0,0.25,partition,discovery,confirmation,0.10185714285714285,0.352,,4.0,,False,False,True,True,True,0.352,0.0,"{""10"":0.221,""12"":0.352,""3"":0.0,""4"":0.004,""5"":0.012,""6"":0.028,""8"":0.096}","{""10"":0.0,""12"":0.0,""3"":0.0,""4"":0.0,""5"":0.0,""6"":0.0,""8"":0.0}"
1cce3e5fe7c50070e58676c9,joint_wild_cluster_rademacher,0.25,0.5,partition,discovery,confirmation,0.03214285714285715,0.112,,4.0,,False,False,True,True,True,0.112,0.0,"{""10"":0.066,""12"":0.112,""3"":0.0,""4"":0.001,""5"":0.008,""6"":0.01,""8"":0.028}","{""10"":0.0,""12"":0.0,""3"":0.0,""4"":0.0,""5"":0.0,""6"":0.0,""8"":0.0}"
1cce3e5fe7c50070e58676c9,joint_wild_cluster_rademacher,0.5,0.5,partition,discovery,confirmation,0.071,0.257,,4.0,,False,False,True,True,True,0.257,0.0,"{""10"":0.138,""12"":0.257,""3"":0.0,""4"":0.004,""5"":0.008,""6"":0.022,""8"":0.068}","{""10"":0.0,""12"":0.0,""3"":0.0,""4"":0.0,""5"":0.0,""6"":0.0,""8"":0.0}"
1cce3e5fe7c50070e58676c9,joint_wild_cluster_rademacher,0.75,0.5,partition,discovery,confirmation,0.08457142857142856,0.294,,4.0,,False,False,True,True,True,0.294,0.0,"{""10"":0.184,""12"":0.294,""3"":0.0,""4"":0.002,""5"":0.012,""6"":0.02,""8"":0.08}","{""10"":0.0,""12"":0.0,""3"":0.0,""4"":0.0,""5"":0.0,""6"":0.0,""8"":0.0}"
1cce3e5fe7c50070e58676c9,joint_wild_cluster_rademacher,1.0,0.5,partition,discovery,confirmation,0.10242857142857144,0.338,,4.0,,False,False,True,True,True,0.338,0.0,"{""10"":0.199,""12"":0.338,""3"":0.0,""4"":0.004,""5"":0.019,""6"":0.041,""8"":0.116}","{""10"":0.0,""12"":0.0,""3"":0.0,""4"":0.0,""5"":0.0,""6"":0.0,""8"":0.0}"
1cce3e5fe7c50070e58676c9,joint_wild_cluster_rademacher,1.5,0.5,partition,discovery,confirmation,0.09599999999999999,0.326,,4.0,,False,False,True,True,True,0.326,0.0,"{""10"":0.208,""12"":0.326,""3"":0.0,""4"":0.003,""5"":0.01,""6"":0.031,""8"":0.094}","{""10"":0.0,""12"":0.0,""3"":0.0,""4"":0.0,""5"":0.0,""6"":0.0,""8"":0.0}"
1cce3e5fe7c50070e58676c9,joint_wild_cluster_rademacher,2.0,0.5,partition,discovery,confirmation,0.10714285714285714,0.359,,4.0,,False,False,True,True,True,0.359,0.0,"{""10"":0.237,""12"":0.359,""3"":0.0,""4"":0.003,""5"":0.009,""6"":0.031,""8"":0.111}","{""10"":0.0,""12"":0.0,""3"":0.0,""4"":0.0,""5"":0.0,""6"":0.0,""8"":0.0}"
1cce3e5fe7c50070e58676c9,joint_wild_cluster_rademacher,0.25,1.0,partition,discovery,confirmation,0.013857142857142858,0.045,,4.0,,False,False,True,True,True,0.045,0.0,"{""10"":0.024,""12"":0.045,""3"":0.0,""4"":0.002,""5"":0.004,""6"":0.006,""8"":0.016}","{""10"":0.0,""12"":0.0,""3"":0.0,""4"":0.0,""5"":0.0,""6"":0.0,""8"":0.0}"
1cce3e5fe7c50070e58676c9,joint_wild_cluster_rademacher,0.5,1.0,partition,discovery,confirmation,0.027571428571428573,0.094,,4.0,,False,False,True,True,True,0.094,0.0,"{""10"":0.058,""12"":0.094,""3"":0.0,""4"":0.001,""5"":0.004,""6"":0.007,""8"":0.029}","{""10"":0.0,""12"":0.0,""3"":0.0,""4"":0.0,""5"":0.0,""6"":0.0,""8"":0.0}"
1cce3e5fe7c50070e58676c9,joint_wild_cluster_rademacher,0.75,1.0,partition,discovery,confirmation,0.033428571428571426,0.108,,5.0,,False,False,True,True,True,0.108,0.0,"{""10"":0.066,""12"":0.108,""3"":0.0,""4"":0.0,""5"":0.006,""6"":0.012,""8"":0.042}","{""10"":0.0,""12"":0.0,""3"":0.0,""4"":0.0,""5"":0.0,""6"":0.0,""8"":0.0}"
1cce3e5fe7c50070e58676c9,joint_wild_cluster_rademacher,1.0,1.0,partition,discovery,confirmation,0.031285714285714285,0.097,,4.0,,False,False,True,True,True,0.097,0.0,"{""10"":0.067,""12"":0.097,""3"":0.0,""4"":0.001,""5"":0.004,""6"":0.014,""8"":0.036}","{""10"":0.0,""12"":0.0,""3"":0.0,""4"":0.0,""5"":0.0,""6"":0.0,""8"":0.0}"
1cce3e5fe7c50070e58676c9,joint_wild_cluster_rademacher,1.5,1.0,partition,discovery,confirmation,0.02842857142857143,0.094,,4.0,,False,False,True,True,True,0.094,0.0,"{""10"":0.057,""12"":0.094,""3"":0.0,""4"":0.001,""5"":0.004,""6"":0.011,""8"":0.032}","{""10"":0.0,""12"":0.0,""3"":0.0,""4"":0.0,""5"":0.0,""6"":0.0,""8"":0.0}"
1cce3e5fe7c50070e58676c9,joint_wild_cluster_rademacher,2.0,1.0,partition,discovery,confirmation,0.027285714285714285,0.087,,5.0,,False,False,True,True,True,0.087,0.0,"{""10"":0.059,""12"":0.087,""3"":0.0,""4"":0.0,""5"":0.002,""6"":0.01,""8"":0.033}","{""10"":0.0,""12"":0.0,""3"":0.0,""4"":0.0,""5"":0.0,""6"":0.0,""8"":0.0}"
1dbc920edffba9363b404b4e,joint_wild_cluster_rademacher,0.0,0.0,partition,discovery,confirmation,0.0,0.0,1.0,,,True,True,True,True,True,0.0,0.0,"{""10"":0.0,""12"":0.0,""3"":0.0,""4"":0.0,""5"":0.0,""6"":0.0,""8"":0.0}","{""10"":0.0,""12"":0.0,""3"":0.0,""4"":0.0,""5"":0.0,""6"":0.0,""8"":0.0}"
1dbc920edffba9363b404b4e,joint_wild_cluster_rademacher,0.25,0.0,partition,discovery,confirmation,0.0,0.0,1.0,,,True,True,True,True,True,0.0,0.0,"{""10"":0.0,""12"":0.0,""3"":0.0,""4"":0.0,""5"":0.0,""6"":0.0,""8"":0.0}","{""10"":0.0,""12"":0.0,""3"":0.0,""4"":0.0,""5"":0.0,""6"":0.0,""8"":0.0}"
1dbc920edffba9363b404b4e,joint_wild_cluster_rademacher,0.5,0.0,partition,discovery,confirmation,0.0,0.0,1.0,,,True,True,True,True,True,0.0,0.0,"{""10"":0.0,""12"":0.0,""3"":0.0,""4"":0.0,""5"":0.0,""6"":0.0,""8"":0.0}","{""10"":0.0,""12"":0.0,""3"":0.0,""4"":0.0,""5"":0.0,""6"":0.0,""8"":0.0}"
1dbc920edffba9363b404b4e,joint_wild_cluster_rademacher,0.75,0.0,partition,discovery,confirmation,0.0,0.0,1.0,,,True,True,True,True,True,0.0,0.0,"{""10"":0.0,""12"":0.0,""3"":0.0,""4"":0.0,""5"":0.0,""6"":0.0,""8"":0.0}","{""10"":0.0,""12"":0.0,""3"":0.0,""4"":0.0,""5"":0.0,""6"":0.0,""8"":0.0}"
1dbc920edffba9363b404b4e,joint_wild_cluster_rademacher,1.0,0.0,partition,discovery,confirmation,0.0,0.0,1.0,,,True,True,True,True,True,0.0,0.0,"{""10"":0.0,""12"":0.0,""3"":0.0,""4"":0.0,""5"":0.0,""6"":0.0,""8"":0.0}","{""10"":0.0,""12"":0.0,""3"":0.0,""4"":0.0,""5"":0.0,""6"":0.0,""8"":0.0}"
1dbc920edffba9363b404b4e,joint_wild_cluster_rademacher,1.5,0.0,partition,discovery,confirmation,0.0,0.0,1.0,,,True,True,True,True,True,0.0,0.0,"{""10"":0.0,""12"":0.0,""3"":0.0,""4"":0.0,""5"":0.0,""6"":0.0,""8"":0.0}","{""10"":0.0,""12"":0.0,""3"":0.0,""4"":0.0,""5"":0.0,""6"":0.0,""8"":0.0}"
1dbc920edffba9363b404b4e,joint_wild_cluster_rademacher,2.0,0.0,partition,discovery,confirmation,0.0,0.0,1.0,,,True,True,True,True,True,0.0,0.0,"{""10"":0.0,""12"":0.0,""3"":0.0,""4"":0.0,""5"":0.0,""6"":0.0,""8"":0.0}","{""10"":0.0,""12"":0.0,""3"":0.0,""4"":0.0,""5"":0.0,""6"":0.0,""8"":0.0}"
1dbc920edffba9363b404b4e,joint_wild_cluster_rademacher,0.25,0.25,partition,discovery,confirmation,0.0,0.0,1.0,,,True,True,True,True,True,0.0,0.0,"{""10"":0.0,""12"":0.0,""3"":0.0,""4"":0.0,""5"":0.0,""6"":0.0,""8"":0.0}","{""10"":0.0,""12"":0.0,""3"":0.0,""4"":0.0,""5"":0.0,""6"":0.0,""8"":0.0}"
1dbc920edffba9363b404b4e,joint_wild_cluster_rademacher,0.5,0.25,partition,discovery,confirmation,0.0,0.0,1.0,,,True,True,True,True,True,0.0,0.0,"{""10"":0.0,""12"":0.0,""3"":0.0,""4"":0.0,""5"":0.0,""6"":0.0,""8"":0.0}","{""10"":0.0,""12"":0.0,""3"":0.0,""4"":0.0,""5"":0.0,""6"":0.0,""8"":0.0}"
1dbc920edffba9363b404b4e,joint_wild_cluster_rademacher,0.75,0.25,partition,discovery,confirmation,0.0,0.0,1.0,,,True,True,True,True,True,0.0,0.0,"{""10"":0.0,""12"":0.0,""3"":0.0,""4"":0.0,""5"":0.0,""6"":0.0,""8"":0.0}","{""10"":0.0,""12"":0.0,""3"":0.0,""4"":0.0,""5"":0.0,""6"":0.0,""8"":0.0}"
1dbc920edffba9363b404b4e,joint_wild_cluster_rademacher,1.0,0.25,partition,discovery,confirmation,0.0,0.0,1.0,,,True,True,True,True,True,0.0,0.0,"{""10"":0.0,""12"":0.0,""3"":0.0,""4"":0.0,""5"":0.0,""6"":0.0,""8"":0.0}","{""10"":0.0,""12"":0.0,""3"":0.0,""4"":0.0,""5"":0.0,""6"":0.0,""8"":0.0}"
1dbc920edffba9363b404b4e,joint_wild_cluster_rademacher,1.5,0.25,partition,discovery,confirmation,0.0,0.0,1.0,,,True,True,True,True,True,0.0,0.0,"{""10"":0.0,""12"":0.0,""3"":0.0,""4"":0.0,""5"":0.0,""6"":0.0,""8"":0.0}","{""10"":0.0,""12"":0.0,""3"":0.0,""4"":0.0,""5"":0.0,""6"":0.0,""8"":0.0}"
1dbc920edffba9363b404b4e,joint_wild_cluster_rademacher,2.0,0.25,partition,discovery,confirmation,0.0,0.0,1.0,,,True,True,True,True,True,0.0,0.0,"{""10"":0.0,""12"":0.0,""3"":0.0,""4"":0.0,""5"":0.0,""6"":0.0,""8"":0.0}","{""10"":0.0,""12"":0.0,""3"":0.0,""4"":0.0,""5"":0.0,""6"":0.0,""8"":0.0}"
1dbc920edffba9363b404b4e,joint_wild_cluster_rademacher,0.25,0.5,partition,discovery,confirmation,0.0,0.0,1.0,,,True,True,True,True,True,0.0,0.0,"{""10"":0.0,""12"":0.0,""3"":0.0,""4"":0.0,""5"":0.0,""6"":0.0,""8"":0.0}","{""10"":0.0,""12"":0.0,""3"":0.0,""4"":0.0,""5"":0.0,""6"":0.0,""8"":0.0}"
1dbc920edffba9363b404b4e,joint_wild_cluster_rademacher,0.5,0.5,partition,discovery,confirmation,0.0,0.0,1.0,,,True,True,True,True,True,0.0,0.0,"{""10"":0.0,""12"":0.0,""3"":0.0,""4"":0.0,""5"":0.0,""6"":0.0,""8"":0.0}","{""10"":0.0,""12"":0.0,""3"":0.0,""4"":0.0,""5"":0.0,""6"":0.0,""8"":0.0}"
1dbc920edffba9363b404b4e,joint_wild_cluster_rademacher,0.75,0.5,partition,discovery,confirmation,0.0,0.0,1.0,,,True,True,True,True,True,0.0,0.0,"{""10"":0.0,""12"":0.0,""3"":0.0,""4"":0.0,""5"":0.0,""6"":0.0,""8"":0.0}","{""10"":0.0,""12"":0.0,""3"":0.0,""4"":0.0,""5"":0.0,""6"":0.0,""8"":0.0}"
1dbc920edffba9363b404b4e,joint_wild_cluster_rademacher,1.0,0.5,partition,discovery,confirmation,0.0,0.0,1.0,,,True,True,True,True,True,0.0,0.0,"{""10"":0.0,""12"":0.0,""3"":0.0,""4"":0.0,""5"":0.0,""6"":0.0,""8"":0.0}","{""10"":0.0,""12"":0.0,""3"":0.0,""4"":0.0,""5"":0.0,""6"":0.0,""8"":0.0}"
1dbc920edffba9363b404b4e,joint_wild_cluster_rademacher,1.5,0.5,partition,discovery,confirmation,0.0,0.0,1.0,,,True,True,True,True,True,0.0,0.0,"{""10"":0.0,""12"":0.0,""3"":0.0,""4"":0.0,""5"":0.0,""6"":0.0,""8"":0.0}","{""10"":0.0,""12"":0.0,""3"":0.0,""4"":0.0,""5"":0.0,""6"":0.0,""8"":0.0}"
1dbc920edffba9363b404b4e,joint_wild_cluster_rademacher,2.0,0.5,partition,discovery,confirmation,0.0,0.0,1.0,,,True,True,True,True,True,0.0,0.0,"{""10"":0.0,""12"":0.0,""3"":0.0,""4"":0.0,""5"":0.0,""6"":0.0,""8"":0.0}","{""10"":0.0,""12"":0.0,""3"":0.0,""4"":0.0,""5"":0.0,""6"":0.0,""8"":0.0}"
1dbc920edffba9363b404b4e,joint_wild_cluster_rademacher,0.25,1.0,partition,discovery,confirmation,0.0,0.0,1.0,,,True,True,True,True,True,0.0,0.0,"{""10"":0.0,""12"":0.0,""3"":0.0,""4"":0.0,""5"":0.0,""6"":0.0,""8"":0.0}","{""10"":0.0,""12"":0.0,""3"":0.0,""4"":0.0,""5"":0.0,""6"":0.0,""8"":0.0}"
1dbc920edffba9363b404b4e,joint_wild_cluster_rademacher,0.5,1.0,partition,discovery,confirmation,0.0,0.0,1.0,,,True,True,True,True,True,0.0,0.0,"{""10"":0.0,""12"":0.0,""3"":0.0,""4"":0.0,""5"":0.0,""6"":0.0,""8"":0.0}","{""10"":0.0,""12"":0.0,""3"":0.0,""4"":0.0,""5"":0.0,""6"":0.0,""8"":0.0}"
1dbc920edffba9363b404b4e,joint_wild_cluster_rademacher,0.75,1.0,partition,discovery,confirmation,0.0,0.0,1.0,,,True,True,True,True,True,0.0,0.0,"{""10"":0.0,""12"":0.0,""3"":0.0,""4"":0.0,""5"":0.0,""6"":0.0,""8"":0.0}","{""10"":0.0,""12"":0.0,""3"":0.0,""4"":0.0,""5"":0.0,""6"":0.0,""8"":0.0}"
1dbc920edffba9363b404b4e,joint_wild_cluster_rademacher,1.0,1.0,partition,discovery,confirmation,0.0,0.0,1.0,,,True,True,True,True,True,0.0,0.0,"{""10"":0.0,""12"":0.0,""3"":0.0,""4"":0.0,""5"":0.0,""6"":0.0,""8"":0.0}","{""10"":0.0,""12"":0.0,""3"":0.0,""4"":0.0,""5"":0.0,""6"":0.0,""8"":0.0}"
1dbc920edffba9363b404b4e,joint_wild_cluster_rademacher,1.5,1.0,partition,discovery,confirmation,0.0,0.0,1.0,,,True,True,True,True,True,0.0,0.0,"{""10"":0.0,""12"":0.0,""3"":0.0,""4"":0.0,""5"":0.0,""6"":0.0,""8"":0.0}","{""10"":0.0,""12"":0.0,""3"":0.0,""4"":0.0,""5"":0.0,""6"":0.0,""8"":0.0}"
1dbc920edffba9363b404b4e,joint_wild_cluster_rademacher,2.0,1.0,partition,discovery,confirmation,0.0,0.0,1.0,,,True,True,True,True,True,0.0,0.0,"{""10"":0.0,""12"":0.0,""3"":0.0,""4"":0.0,""5"":0.0,""6"":0.0,""8"":0.0}","{""10"":0.0,""12"":0.0,""3"":0.0,""4"":0.0,""5"":0.0,""6"":0.0,""8"":0.0}"
bfa569fbae807b7f50c3389f,joint_wild_cluster_rademacher,0.0,0.0,partition,discovery,confirmation,0.0,0.0,1.0,,,True,True,True,True,True,0.0,0.0,"{""10"":0.0,""12"":0.0,""3"":0.0,""4"":0.0,""5"":0.0,""6"":0.0,""8"":0.0}","{""10"":0.0,""12"":0.0,""3"":0.0,""4"":0.0,""5"":0.0,""6"":0.0,""8"":0.0}"
bfa569fbae807b7f50c3389f,joint_wild_cluster_rademacher,0.25,0.0,partition,discovery,confirmation,0.028571428571428574,0.099,,,5.0,False,False,True,True,True,0.0,0.099,"{""10"":0.0,""12"":0.0,""3"":0.0,""4"":0.0,""5"":0.0,""6"":0.0,""8"":0.0}","{""10"":0.061,""12"":0.099,""3"":0.0,""4"":0.0,""5"":0.003,""6"":0.012,""8"":0.025}"
bfa569fbae807b7f50c3389f,joint_wild_cluster_rademacher,0.5,0.0,partition,discovery,confirmation,0.06300000000000001,0.232,,,4.0,False,False,True,True,True,0.0,0.232,"{""10"":0.0,""12"":0.0,""3"":0.0,""4"":0.0,""5"":0.0,""6"":0.0,""8"":0.0}","{""10"":0.129,""12"":0.232,""3"":0.0,""4"":0.001,""5"":0.004,""6"":0.01,""8"":0.065}"
bfa569fbae807b7f50c3389f,joint_wild_cluster_rademacher,0.75,0.0,partition,discovery,confirmation,0.092,0.318,,,4.0,False,False,True,True,True,0.0,0.318,"{""10"":0.0,""12"":0.0,""3"":0.0,""4"":0.0,""5"":0.0,""6"":0.0,""8"":0.0}","{""10"":0.193,""12"":0.318,""3"":0.0,""4"":0.004,""5"":0.011,""6"":0.03,""8"":0.088}"
bfa569fbae807b7f50c3389f,joint_wild_cluster_rademacher,1.0,0.0,partition,discovery,confirmation,0.10342857142857143,0.345,,,4.0,False,False,True,True,True,0.0,0.345,"{""10"":0.0,""12"":0.0,""3"":0.0,""4"":0.0,""5"":0.0,""6"":0.0,""8"":0.0}","{""10"":0.21,""12"":0.345,""3"":0.0,""4"":0.002,""5"":0.013,""6"":0.036,""8"":0.118}"
bfa569fbae807b7f50c3389f,joint_wild_cluster_rademacher,1.5,0.0,partition,discovery,confirmation,0.10542857142857143,0.353,,,4.0,False,False,True,True,True,0.0,0.353,"{""10"":0.0,""12"":0.0,""3"":0.0,""4"":0.0,""5"":0.0,""6"":0.0,""8"":0.0}","{""10"":0.224,""12"":0.353,""3"":0.0,""4"":0.004,""5"":0.013,""6"":0.042,""8"":0.102}"
bfa569fbae807b7f50c3389f,joint_wild_cluster_rademacher,2.0,0.0,partition,discovery,confirmation,0.10614285714285714,0.344,,,4.0,False,False,True,True,True,0.0,0.344,"{""10"":0.0,""12"":0.0,""3"":0.0,""4"":0.0,""5"":0.0,""6"":0.0,""8"":0.0}","{""10"":0.224,""12"":0.344,""3"":0.0,""4"":0.005,""5"":0.023,""6"":0.037,""8"":0.11}"
bfa569fbae807b7f50c3389f,joint_wild_cluster_rademacher,0.25,0.25,partition,discovery,confirmation,0.021285714285714286,0.089,,,5.0,False,False,True,True,True,0.0,0.089,"{""10"":0.0,""12"":0.0,""3"":0.0,""4"":0.0,""5"":0.0,""6"":0.0,""8"":0.0}","{""10"":0.038,""12"":0.089,""3"":0.0,""4"":0.0,""5"":0.001,""6"":0.004,""8"":0.017}"
bfa569fbae807b7f50c3389f,joint_wild_cluster_rademacher,0.5,0.25,partition,discovery,confirmation,0.06657142857142857,0.239,,,4.0,False,False,True,True,True,0.0,0.239,"{""10"":0.0,""12"":0.0,""3"":0.0,""4"":0.0,""5"":0.0,""6"":0.0,""8"":0.0}","{""10"":0.137,""12"":0.239,""3"":0.0,""4"":0.001,""5"":0.006,""6"":0.022,""8"":0.061}"
bfa569fbae807b7f50c3389f,joint_wild_cluster_rademacher,0.75,0.25,partition,discovery,confirmation,0.09442857142857143,0.317,,,4.0,False,False,True,True,True,0.0,0.317,"{""10"":0.0,""12"":0.0,""3"":0.0,""4"":0.0,""5"":0.0,""6"":0.0,""8"":0.0}","{""10"":0.202,""12"":0.317,""3"":0.0,""4"":0.004,""5"":0.011,""6"":0.031,""8"":0.096}"
bfa569fbae807b7f50c3389f,joint_wild_cluster_rademacher,1.0,0.25,partition,discovery,confirmation,0.10457142857142857,0.316,,,4.0,False,False,True,True,True,0.0,0.316,"{""10"":0.0,""12"":0.0,""3"":0.0,""4"":0.0,""5"":0.0,""6"":0.0,""8"":0.0}","{""10"":0.228,""12"":0.316,""3"":0.0,""4"":0.006,""5"":0.014,""6"":0.038,""8"":0.13}"
bfa569fbae807b7f50c3389f,joint_wild_cluster_rademacher,1.5,0.25,partition,discovery,confirmation,0.09671428571428572,0.329,,,4.0,False,False,True,True,True,0.0,0.329,"{""10"":0.0,""12"":0.0,""3"":0.0,""4"":0.0,""5"":0.0,""6"":0.0,""8"":0.0}","{""10"":0.215,""12"":0.329,""3"":0.0,""4"":0.002,""5"":0.01,""6"":0.026,""8"":0.095}"
bfa569fbae807b7f50c3389f,joint_wild_cluster_rademacher,2.0,0.25,partition,discovery,confirmation,0.10585714285714286,0.362,,,4.0,False,False,True,True,True,0.0,0.362,"{""10"":0.0,""12"":0.0,""3"":0.0,""4"":0.0,""5"":0.0,""6"":0.0,""8"":0.0}","{""10"":0.221,""12"":0.362,""3"":0.0,""4"":0.001,""5"":0.012,""6"":0.037,""8"":0.108}"
bfa569fbae807b7f50c3389f,joint_wild_cluster_rademacher,0.25,0.5,partition,discovery,confirmation,0.028571428571428574,0.105,,,5.0,False,False,True,True,True,0.0,0.105,"{""10"":0.0,""12"":0.0,""3"":0.0,""4"":0.0,""5"":0.0,""6"":0.0,""8"":0.0}","{""10"":0.055,""12"":0.105,""3"":0.0,""4"":0.0,""5"":0.004,""6"":0.006,""8"":0.03}"
bfa569fbae807b7f50c3389f,joint_wild_cluster_rademacher,0.5,0.5,partition,discovery,confirmation,0.06699999999999999,0.238,,,4.0,False,False,True,True,True,0.0,0.238,"{""10"":0.0,""12"":0.0,""3"":0.0,""4"":0.0,""5"":0.0,""6"":0.0,""8"":0.0}","{""10"":0.149,""12"":0.238,""3"":0.0,""4"":0.002,""5"":0.005,""6"":0.016,""8"":0.059}"
bfa569fbae807b7f50c3389f,joint_wild_cluster_rademacher,0.75,0.5,partition,discovery,confirmation,0.095,0.316,,,4.0,False,False,True,True,True,0.0,0.316,"{""10"":0.0,""12"":0.0,""3"":0.0,""4"":0.0,""5"":0.0,""6"":0.0,""8"":0.0}","{""10"":0.195,""12"":0.316,""3"":0.0,""4"":0.005,""5"":0.019,""6"":0.031,""8"":0.099}"
bfa569fbae807b7f50c3389f,joint_wild_cluster_rademacher,1.0,0.5,partition,discovery,confirmation,0.09185714285714286,0.316,,,4.0,False,False,True,True,True,0.0,0.316,"{""10"":0.0,""12"":0.0,""3"":0.0,""4"":0.0,""5"":0.0,""6"":0.0,""8"":0.0}","{""10"":0.189,""12"":0.316,""3"":0.0,""4"":0.007,""5"":0.015,""6"":0.029,""8"":0.087}"
bfa569fbae807b7f50c3389f,joint_wild_cluster_rademacher,1.5,0.5,partition,discovery,confirmation,0.10228571428571429,0.354,,,4.0,False,False,True,True,True,0.0,0.354,"{""10"":0.0,""12"":0.0,""3"":0.0,""4"":0.0,""5"":0.0,""6"":0.0,""8"":0.0}","{""10"":0.208,""12"":0.354,""3"":0.0,""4"":0.002,""5"":0.009,""6"":0.031,""8"":0.112}"
bfa569fbae807b7f50c3389f,joint_wild_cluster_rademacher,2.0,0.5,partition,discovery,confirmation,0.105,0.351,,,4.0,False,False,True,True,True,0.0,0.351,"{""10"":0.0,""12"":0.0,""3"":0.0,""4"":0.0,""5"":0.0,""6"":0.0,""8"":0.0}","{""10"":0.218,""12"":0.351,""3"":0.0,""4"":0.003,""5"":0.013,""6"":0.035,""8"":0.115}"
bfa569fbae807b7f50c3389f,joint_wild_cluster_rademacher,0.25,1.0,partition,discovery,confirmation,0.011428571428571427,0.038,,,5.0,False,False,True,True,True,0.0,0.038,"{""10"":0.0,""12"":0.0,""3"":0.0,""4"":0.0,""5"":0.0,""6"":0.0,""8"":0.0}","{""10"":0.022,""12"":0.038,""3"":0.0,""4"":0.0,""5"":0.001,""6"":0.006,""8"":0.013}"
bfa569fbae807b7f50c3389f,joint_wild_cluster_rademacher,0.5,1.0,partition,discovery,confirmation,0.02314285714285714,0.077,,,5.0,False,False,True,True,True,0.0,0.077,"{""10"":0.0,""12"":0.0,""3"":0.0,""4"":0.0,""5"":0.0,""6"":0.0,""8"":0.0}","{""10"":0.049,""12"":0.077,""3"":0.0,""4"":0.0,""5"":0.002,""6"":0.008,""8"":0.026}"
bfa569fbae807b7f50c3389f,joint_wild_cluster_rademacher,0.75,1.0,partition,discovery,confirmation,0.027142857142857142,0.084,,,4.0,False,False,True,True,True,0.0,0.084,"{""10"":0.0,""12"":0.0,""3"":0.0,""4"":0.0,""5"":0.0,""6"":0.0,""8"":0.0}","{""10"":0.058,""12"":0.084,""3"":0.0,""4"":0.001,""5"":0.003,""6"":0.014,""8"":0.03}"
bfa569fbae807b7f50c3389f,joint_wild_cluster_rademacher,1.0,1.0,partition,discovery,confirmation,0.029571428571428575,0.094,,,4.0,False,False,True,True,True,0.0,0.094,"{""10"":0.0,""12"":0.0,""3"":0.0,""4"":0.0,""5"":0.0,""6"":0.0,""8"":0.0}","{""10"":0.056,""12"":0.094,""3"":0.0,""4"":0.004,""5"":0.005,""6"":0.013,""8"":0.035}"
bfa569fbae807b7f50c3389f,joint_wild_cluster_rademacher,1.5,1.0,partition,discovery,confirmation,0.029142857142857144,0.091,,,4.0,False,False,True,True,True,0.0,0.091,"{""10"":0.0,""12"":0.0,""3"":0.0,""4"":0.0,""5"":0.0,""6"":0.0,""8"":0.0}","{""10"":0.068,""12"":0.091,""3"":0.0,""4"":0.001,""5"":0.002,""6"":0.009,""8"":0.033}"
bfa569fbae807b7f50c3389f,joint_wild_cluster_rademacher,2.0,1.0,partition,discovery,confirmation,0.028142857142857143,0.08,,,4.0,False,False,True,True,True,0.0,0.08,"{""10"":0.0,""12"":0.0,""3"":0.0,""4"":0.0,""5"":0.0,""6"":0.0,""8"":0.0}","{""10"":0.065,""12"":0.08,""3"":0.0,""4"":0.002,""5"":0.006,""6"":0.012,""8"":0.032}"
d10b3aec4edc47fefb2bd92f,joint_wild_cluster_rademacher,0.0,0.0,partition,discovery,confirmation,0.0,0.0,1.0,,,True,True,True,True,True,0.0,0.0,"{""10"":0.0,""12"":0.0,""3"":0.0,""4"":0.0,""5"":0.0,""6"":0.0,""8"":0.0}","{""10"":0.0,""12"":0.0,""3"":0.0,""4"":0.0,""5"":0.0,""6"":0.0,""8"":0.0}"
d10b3aec4edc47fefb2bd92f,joint_wild_cluster_rademacher,0.25,0.0,partition,discovery,confirmation,0.07785714285714286,0.27,,,4.0,False,False,True,True,True,0.0,0.27,"{""10"":0.0,""12"":0.0,""3"":0.0,""4"":0.0,""5"":0.0,""6"":0.0,""8"":0.0}","{""10"":0.173,""12"":0.27,""3"":0.0,""4"":0.002,""5"":0.01,""6"":0.021,""8"":0.069}"
d10b3aec4edc47fefb2bd92f,joint_wild_cluster_rademacher,0.5,0.0,partition,discovery,confirmation,0.10057142857142856,0.337,,,4.0,False,False,True,True,True,0.0,0.337,"{""10"":0.0,""12"":0.0,""3"":0.0,""4"":0.0,""5"":0.0,""6"":0.0,""8"":0.0}","{""10"":0.201,""12"":0.337,""3"":0.0,""4"":0.003,""5"":0.017,""6"":0.037,""8"":0.109}"
d10b3aec4edc47fefb2bd92f,joint_wild_cluster_rademacher,0.75,0.0,partition,discovery,confirmation,0.109,0.35,,,4.0,False,False,True,True,True,0.0,0.35,"{""10"":0.0,""12"":0.0,""3"":0.0,""4"":0.0,""5"":0.0,""6"":0.0,""8"":0.0}","{""10"":0.218,""12"":0.35,""3"":0.0,""4"":0.002,""5"":0.02,""6"":0.055,""8"":0.118}"
d10b3aec4edc47fefb2bd92f,joint_wild_cluster_rademacher,1.0,0.0,partition,discovery,confirmation,0.10914285714285714,0.366,,,4.0,False,False,True,True,True,0.0,0.366,"{""10"":0.0,""12"":0.0,""3"":0.0,""4"":0.0,""5"":0.0,""6"":0.0,""8"":0.0}","{""10"":0.229,""12"":0.366,""3"":0.0,""4"":0.001,""5"":0.016,""6"":0.039,""8"":0.113}"
d10b3aec4edc47fefb2bd92f,joint_wild_cluster_rademacher,1.5,0.0,partition,discovery,confirmation,0.10871428571428572,0.357,,,4.0,False,False,True,True,True,0.0,0.357,"{""10"":0.0,""12"":0.0,""3"":0.0,""4"":0.0,""5"":0.0,""6"":0.0,""8"":0.0}","{""10"":0.24,""12"":0.357,""3"":0.0,""4"":0.002,""5"":0.011,""6"":0.036,""8"":0.115}"
d10b3aec4edc47fefb2bd92f,joint_wild_cluster_rademacher,2.0,0.0,partition,discovery,confirmation,0.10742857142857143,0.366,,,4.0,False,False,True,True,True,0.0,0.366,"{""10"":0.0,""12"":0.0,""3"":0.0,""4"":0.0,""5"":0.0,""6"":0.0,""8"":0.0}","{""10"":0.219,""12"":0.366,""3"":0.0,""4"":0.003,""5"":0.014,""6"":0.038,""8"":0.112}"
d10b3aec4edc47fefb2bd92f,joint_wild_cluster_rademacher,0.25,0.25,partition,discovery,confirmation,0.07485714285714286,0.26,,,4.0,False,False,True,True,True,0.0,0.26,"{""10"":0.0,""12"":0.0,""3"":0.0,""4"":0.0,""5"":0.0,""6"":0.0,""8"":0.0}","{""10"":0.158,""12"":0.26,""3"":0.0,""4"":0.002,""5"":0.006,""6"":0.024,""8"":0.074}"
d10b3aec4edc47fefb2bd92f,joint_wild_cluster_rademacher,0.5,0.25,partition,discovery,confirmation,0.1032857142857143,0.342,,,4.0,False,False,True,True,True,0.0,0.342,"{""10"":0.0,""12"":0.0,""3"":0.0,""4"":0.0,""5"":0.0,""6"":0.0,""8"":0.0}","{""10"":0.227,""12"":0.342,""3"":0.0,""4"":0.002,""5"":0.018,""6"":0.038,""8"":0.096}"
d10b3aec4edc47fefb2bd92f,joint_wild_cluster_rademacher,0.75,0.25,partition,discovery,confirmation,0.10714285714285714,0.35,,,4.0,False,False,True,True,True,0.0,0.35,"{""10"":0.0,""12"":0.0,""3"":0.0,""4"":0.0,""5"":0.0,""6"":0.0,""8"":0.0}","{""10"":0.226,""12"":0.35,""3"":0.0,""4"":0.006,""5"":0.02,""6"":0.043,""8"":0.105}"
d10b3aec4edc47fefb2bd92f,joint_wild_cluster_rademacher,1.0,0.25,partition,discovery,confirmation,0.10571428571428572,0.347,,,4.0,False,False,True,True,True,0.0,0.347,"{""10"":0.0,""12"":0.0,""3"":0.0,""4"":0.0,""5"":0.0,""6"":0.0,""8"":0.0}","{""10"":0.212,""12"":0.347,""3"":0.0,""4"":0.001,""5"":0.019,""6"":0.044,""8"":0.117}"
d10b3aec4edc47fefb2bd92f,joint_wild_cluster_rademacher,1.5,0.25,partition,discovery,confirmation,0.11157142857142857,0.369,,,4.0,False,False,True,True,True,0.0,0.369,"{""10"":0.0,""12"":0.0,""3"":0.0,""4"":0.0,""5"":0.0,""6"":0.0,""8"":0.0}","{""10"":0.243,""12"":0.369,""3"":0.0,""4"":0.003,""5"":0.013,""6"":0.038,""8"":0.115}"
d10b3aec4edc47fefb2bd92f,joint_wild_cluster_rademacher,2.0,0.25,partition,discovery,confirmation,0.10285714285714286,0.329,,,4.0,False,False,True,True,True,0.0,0.329,"{""10"":0.0,""12"":0.0,""3"":0.0,""4"":0.0,""5"":0.0,""6"":0.0,""8"":0.0}","{""10"":0.217,""12"":0.329,""3"":0.0,""4"":0.005,""5"":0.019,""6"":0.045,""8"":0.105}"
d10b3aec4edc47fefb2bd92f,joint_wild_cluster_rademacher,0.25,0.5,partition,discovery,confirmation,0.06499999999999999,0.215,,,4.0,False,False,True,True,True,0.0,0.215,"{""10"":0.0,""12"":0.0,""3"":0.0,""4"":0.0,""5"":0.0,""6"":0.0,""8"":0.0}","{""10"":0.13,""12"":0.215,""3"":0.0,""4"":0.004,""5"":0.01,""6"":0.03,""8"":0.066}"
d10b3aec4edc47fefb2bd92f,joint_wild_cluster_rademacher,0.5,0.5,partition,discovery,confirmation,0.10214285714285716,0.324,,,4.0,False,False,True,True,True,0.0,0.324,"{""10"":0.0,""12"":0.0,""3"":0.0,""4"":0.0,""5"":0.0,""6"":0.0,""8"":0.0}","{""10"":0.226,""12"":0.324,""3"":0.0,""4"":0.005,""5"":0.011,""6"":0.038,""8"":0.111}"
d10b3aec4edc47fefb2bd92f,joint_wild_cluster_rademacher,0.75,0.5,partition,discovery,confirmation,0.10428571428571429,0.336,,,4.0,False,False,True,True,True,0.0,0.336,"{""10"":0.0,""12"":0.0,""3"":0.0,""4"":0.0,""5"":0.0,""6"":0.0,""8"":0.0}","{""10"":0.218,""12"":0.336,""3"":0.0,""4"":0.006,""5"":0.024,""6"":0.041,""8"":0.105}"
d10b3aec4edc47fefb2bd92f,joint_wild_cluster_rademacher,1.0,0.5,partition,discovery,confirmation,0.111,0.373,,,4.0,False,False,True,True,True,0.0,0.373,"{""10"":0.0,""12"":0.0,""3"":0.0,""4"":0.0,""5"":0.0,""6"":0.0,""8"":0.0}","{""10"":0.236,""12"":0.373,""3"":0.0,""4"":0.001,""5"":0.012,""6"":0.039,""8"":0.116}"
d10b3aec4edc47fefb2bd92f,joint_wild_cluster_rademacher,1.5,0.5,partition,discovery,confirmation,0.10042857142857144,0.332,,,4.0,False,False,True,True,True,0.0,0.332,"{""10"":0.0,""12"":0.0,""3"":0.0,""4"":0.0,""5"":0.0,""6"":0.0,""8"":0.0}","{""10"":0.211,""12"":0.332,""3"":0.0,""4"":0.005,""5"":0.015,""6"":0.031,""8"":0.109}"
d10b3aec4edc47fefb2bd92f,joint_wild_cluster_rademacher,2.0,0.5,partition,discovery,confirmation,0.10642857142857144,0.336,,,4.0,False,False,True,True,True,0.0,0.336,"{""10"":0.0,""12"":0.0,""3"":0.0,""4"":0.0,""5"":0.0,""6"":0.0,""8"":0.0}","{""10"":0.222,""12"":0.336,""3"":0.0,""4"":0.004,""5"":0.017,""6"":0.042,""8"":0.124}"
d10b3aec4edc47fefb2bd92f,joint_wild_cluster_rademacher,0.25,1.0,partition,discovery,confirmation,0.015714285714285715,0.048,,,4.0,False,False,True,True,True,0.0,0.048,"{""10"":0.0,""12"":0.0,""3"":0.0,""4"":0.0,""5"":0.0,""6"":0.0,""8"":0.0}","{""10"":0.031,""12"":0.048,""3"":0.0,""4"":0.001,""5"":0.003,""6"":0.006,""8"":0.021}"
d10b3aec4edc47fefb2bd92f,joint_wild_cluster_rademacher,0.5,1.0,partition,discovery,confirmation,0.019857142857142858,0.059,,,4.0,False,False,True,True,True,0.0,0.059,"{""10"":0.0,""12"":0.0,""3"":0.0,""4"":0.0,""5"":0.0,""6"":0.0,""8"":0.0}","{""10"":0.042,""12"":0.059,""3"":0.0,""4"":0.001,""5"":0.006,""6"":0.012,""8"":0.019}"
d10b3aec4edc47fefb2bd92f,joint_wild_cluster_rademacher,0.75,1.0,partition,discovery,confirmation,0.02014285714285714,0.056,,,4.0,False,False,True,True,True,0.0,0.056,"{""10"":0.0,""12"":0.0,""3"":0.0,""4"":0.0,""5"":0.0,""6"":0.0,""8"":0.0}","{""10"":0.044,""12"":0.056,""3"":0.0,""4"":0.002,""5"":0.005,""6"":0.009,""8"":0.025}"
d10b3aec4edc47fefb2bd92f,joint_wild_cluster_rademacher,1.0,1.0,partition,discovery,confirmation,0.02142857142857143,0.071,,,5.0,False,False,True,True,True,0.0,0.071,"{""10"":0.0,""12"":0.0,""3"":0.0,""4"":0.0,""5"":0.0,""6"":0.0,""8"":0.0}","{""10"":0.039,""12"":0.071,""3"":0.0,""4"":0.0,""5"":0.004,""6"":0.01,""8"":0.026}"
d10b3aec4edc47fefb2bd92f,joint_wild_cluster_rademacher,1.5,1.0,partition,discovery,confirmation,0.023714285714285712,0.077,,,5.0,False,False,True,True,True,0.0,0.077,"{""10"":0.0,""12"":0.0,""3"":0.0,""4"":0.0,""5"":0.0,""6"":0.0,""8"":0.0}","{""10"":0.049,""12"":0.077,""3"":0.0,""4"":0.0,""5"":0.004,""6"":0.013,""8"":0.023}"
d10b3aec4edc47fefb2bd92f,joint_wild_cluster_rademacher,2.0,1.0,partition,discovery,confirmation,0.016999999999999998,0.053,,,4.0,False,False,True,True,True,0.0,0.053,"{""10"":0.0,""12"":0.0,""3"":0.0,""4"":0.0,""5"":0.0,""6"":0.0,""8"":0.0}","{""10"":0.037,""12"":0.053,""3"":0.0,""4"":0.002,""5"":0.003,""6"":0.007,""8"":0.017}"
fe17c18b39eb86c6e9f982bd,joint_wild_cluster_rademacher,0.0,0.0,partition,discovery,confirmation,0.0,0.0,1.0,,,True,True,True,True,True,0.0,0.0,"{""10"":0.0,""12"":0.0,""3"":0.0,""4"":0.0,""5"":0.0,""6"":0.0,""8"":0.0}","{""10"":0.0,""12"":0.0,""3"":0.0,""4"":0.0,""5"":0.0,""6"":0.0,""8"":0.0}"
fe17c18b39eb86c6e9f982bd,joint_wild_cluster_rademacher,0.25,0.0,partition,discovery,confirmation,0.011000000000000001,0.031,0.9987830658556898,4.0,4.0,True,True,True,True,True,0.577,0.564,"{""10"":0.404,""12"":0.577,""3"":0.0,""4"":0.008,""5"":0.04,""6"":0.103,""8"":0.249}","{""10"":0.4,""12"":0.564,""3"":0.0,""4"":0.009,""5"":0.03,""6"":0.085,""8"":0.218}"
fe17c18b39eb86c6e9f982bd,joint_wild_cluster_rademacher,0.5,0.0,partition,discovery,confirmation,0.017714285714285693,0.040999999999999925,0.9995605344850378,4.0,4.0,True,True,True,True,True,0.949,0.908,"{""10"":0.84,""12"":0.949,""3"":0.0,""4"":0.071,""5"":0.192,""6"":0.348,""8"":0.64}","{""10"":0.808,""12"":0.908,""3"":0.0,""4"":0.068,""5"":0.207,""6"":0.357,""8"":0.616}"
fe17c18b39eb86c6e9f982bd,joint_wild_cluster_rademacher,0.75,0.0,partition,discovery,confirmation,0.02057142857142855,0.040999999999999925,0.9990848725594953,4.0,4.0,True,True,True,False,True,0.987,0.986,"{""10"":0.957,""12"":0.987,""3"":0.0,""4"":0.137,""5"":0.359,""6"":0.572,""8"":0.839}","{""10"":0.942,""12"":0.986,""3"":0.0,""4"":0.121,""5"":0.328,""6"":0.531,""8"":0.799}"
fe17c18b39eb86c6e9f982bd,joint_wild_cluster_rademacher,1.0,0.0,partition,discovery,confirmation,0.01885714285714285,0.04399999999999993,0.9991994657673507,4.0,4.0,True,True,True,True,False,0.997,0.993,"{""10"":0.988,""12"":0.997,""3"":0.0,""4"":0.199,""5"":0.476,""6"":0.69,""8"":0.927}","{""10"":0.969,""12"":0.993,""3"":0.0,""4"":0.197,""5"":0.45,""6"":0.646,""8"":0.89}"
fe17c18b39eb86c6e9f982bd,joint_wild_cluster_rademacher,1.5,0.0,partition,discovery,confirmation,0.00671428571428572,0.020000000000000018,0.999809937416141,4.0,4.0,True,True,True,True,True,0.999,0.998,"{""10"":0.991,""12"":0.999,""3"":0.0,""4"":0.272,""5"":0.571,""6"":0.785,""8"":0.964}","{""10"":0.991,""12"":0.998,""3"":0.0,""4"":0.258,""5"":0.565,""6"":0.779,""8"":0.944}"
fe17c18b39eb86c6e9f982bd,joint_wild_cluster_rademacher,2.0,0.0,partition,discovery,confirmation,0.007571428571428578,0.026000000000000023,0.999530697381429,4.0,4.0,True,True,True,True,True,1.0,1.0,"{""10"":0.998,""12"":1.0,""3"":0.0,""4"":0.315,""5"":0.61,""6"":0.827,""8"":0.963}","{""10"":0.998,""12"":1.0,""3"":0.0,""4"":0.289,""5"":0.625,""6"":0.825,""8"":0.973}"
fe17c18b39eb86c6e9f982bd,joint_wild_cluster_rademacher,0.25,0.25,partition,discovery,confirmation,0.024999999999999994,0.07499999999999996,0.9997589380417008,4.0,4.0,True,True,True,True,True,0.61,0.535,"{""10"":0.442,""12"":0.61,""3"":0.0,""4"":0.013,""5"":0.044,""6"":0.109,""8"":0.262}","{""10"":0.399,""12"":0.535,""3"":0.0,""4"":0.009,""5"":0.036,""6"":0.091,""8"":0.235}"
fe17c18b39eb86c6e9f982bd,joint_wild_cluster_rademacher,0.5,0.25,partition,discovery,confirmation,0.013714285714285698,0.036000000000000004,0.9994354575232158,4.0,4.0,True,True,True,True,True,0.92,0.909,"{""10"":0.829,""12"":0.92,""3"":0.0,""4"":0.063,""5"":0.212,""6"":0.354,""8"":0.647}","{""10"":0.805,""12"":0.909,""3"":0.0,""4"":0.056,""5"":0.176,""6"":0.34,""8"":0.643}"
fe17c18b39eb86c6e9f982bd,joint_wild_cluster_rademacher,0.75,0.25,partition,discovery,confirmation,0.024428571428571393,0.05999999999999994,0.9983000536487747,4.0,4.0,True,True,True,False,True,0.985,0.982,"{""10"":0.95,""12"":0.985,""3"":0.0,""4"":0.133,""5"":0.349,""6"":0.569,""8"":0.839}","{""10"":0.936,""12"":0.982,""3"":0.0,""4"":0.123,""5"":0.309,""6"":0.509,""8"":0.795}"
fe17c18b39eb86c6e9f982bd,joint_wild_cluster_rademacher,1.0,0.25,partition,discovery,confirmation,0.023714285714285712,0.05099999999999999,0.9982162563885094,4.0,4.0,True,True,True,True,True,0.996,0.993,"{""10"":0.976,""12"":0.996,""3"":0.0,""4"":0.207,""5"":0.463,""6"":0.694,""8"":0.911}","{""10"":0.98,""12"":0.993,""3"":0.0,""4"":0.156,""5"":0.417,""6"":0.643,""8"":0.9}"
fe17c18b39eb86c6e9f982bd,joint_wild_cluster_rademacher,1.5,0.25,partition,discovery,confirmation,0.011142857142857137,0.027000000000000024,0.999453634896076,4.0,4.0,True,True,True,True,True,1.0,0.997,"{""10"":0.994,""12"":1.0,""3"":0.0,""4"":0.254,""5"":0.552,""6"":0.788,""8"":0.963}","{""10"":0.991,""12"":0.997,""3"":0.0,""4"":0.281,""5"":0.573,""6"":0.777,""8"":0.95}"
fe17c18b39eb86c6e9f982bd,joint_wild_cluster_rademacher,2.0,0.25,partition,discovery,confirmation,0.006571428571428577,0.027000000000000024,0.9996817071360565,4.0,4.0,True,True,True,False,True,0.999,1.0,"{""10"":0.996,""12"":0.999,""3"":0.0,""4"":0.299,""5"":0.621,""6"":0.803,""8"":0.965}","{""10"":0.997,""12"":1.0,""3"":0.0,""4"":0.29,""5"":0.594,""6"":0.797,""8"":0.963}"
fe17c18b39eb86c6e9f982bd,joint_wild_cluster_rademacher,0.25,0.5,partition,discovery,confirmation,0.01285714285714286,0.03,0.9979515272352737,4.0,4.0,True,True,True,True,True,0.49,0.489,"{""10"":0.381,""12"":0.49,""3"":0.0,""4"":0.013,""5"":0.047,""6"":0.093,""8"":0.244}","{""10"":0.36,""12"":0.489,""3"":0.0,""4"":0.011,""5"":0.036,""6"":0.068,""8"":0.214}"
fe17c18b39eb86c6e9f982bd,joint_wild_cluster_rademacher,0.5,0.5,partition,discovery,confirmation,0.01342857142857142,0.03,0.9991949059643879,4.0,4.0,True,True,True,True,True,0.811,0.835,"{""10"":0.735,""12"":0.811,""3"":0.0,""4"":0.058,""5"":0.188,""6"":0.332,""8"":0.586}","{""10"":0.747,""12"":0.835,""3"":0.0,""4"":0.051,""5"":0.158,""6"":0.32,""8"":0.577}"
fe17c18b39eb86c6e9f982bd,joint_wild_cluster_rademacher,0.75,0.5,partition,discovery,confirmation,0.00914285714285715,0.020000000000000018,0.9997571798761192,4.0,4.0,True,True,True,True,True,0.906,0.904,"{""10"":0.867,""12"":0.906,""3"":0.0,""4"":0.125,""5"":0.335,""6"":0.525,""8"":0.75}","{""10"":0.852,""12"":0.904,""3"":0.0,""4"":0.125,""5"":0.315,""6"":0.509,""8"":0.739}"
fe17c18b39eb86c6e9f982bd,joint_wild_cluster_rademacher,1.0,0.5,partition,discovery,confirmation,0.030428571428571416,0.07000000000000006,0.9983389631180354,4.0,4.0,True,True,True,True,False,0.943,0.917,"{""10"":0.912,""12"":0.943,""3"":0.0,""4"":0.178,""5"":0.446,""6"":0.639,""8"":0.851}","{""10"":0.884,""12"":0.917,""3"":0.0,""4"":0.176,""5"":0.401,""6"":0.569,""8"":0.809}"
fe17c18b39eb86c6e9f982bd,joint_wild_cluster_rademacher,1.5,0.5,partition,discovery,confirmation,0.007428571428571435,0.019000000000000017,0.9996463856011751,4.0,4.0,True,True,True,True,True,0.968,0.97,"{""10"":0.955,""12"":0.968,""3"":0.0,""4"":0.241,""5"":0.521,""6"":0.712,""8"":0.899}","{""10"":0.942,""12"":0.97,""3"":0.0,""4"":0.253,""5"":0.522,""6"":0.731,""8"":0.894}"
fe17c18b39eb86c6e9f982bd,joint_wild_cluster_rademacher,2.0,0.5,partition,discovery,confirmation,0.010999999999999994,0.027999999999999914,0.9994213312869451,4.0,4.0,True,True,True,True,True,0.98,0.981,"{""10"":0.964,""12"":0.98,""3"":0.0,""4"":0.28,""5"":0.583,""6"":0.771,""8"":0.929}","{""10"":0.969,""12"":0.981,""3"":0.0,""4"":0.255,""5"":0.555,""6"":0.769,""8"":0.913}"
fe17c18b39eb86c6e9f982bd,joint_wild_cluster_rademacher,0.25,1.0,partition,discovery,confirmation,0.006285714285714288,0.01899999999999999,0.9967607858980229,4.0,4.0,True,True,True,True,True,0.253,0.234,"{""10"":0.221,""12"":0.253,""3"":0.0,""4"":0.013,""5"":0.037,""6"":0.077,""8"":0.161}","{""10"":0.217,""12"":0.234,""3"":0.0,""4"":0.01,""5"":0.041,""6"":0.073,""8"":0.171}"
fe17c18b39eb86c6e9f982bd,joint_wild_cluster_rademacher,0.5,1.0,partition,discovery,confirmation,0.019285714285714295,0.03200000000000003,0.9976212948167966,4.0,4.0,True,True,True,True,True,0.311,0.294,"{""10"":0.328,""12"":0.311,""3"":0.0,""4"":0.065,""5"":0.161,""6"":0.222,""8"":0.309}","{""10"":0.296,""12"":0.294,""3"":0.0,""4"":0.04,""5"":0.136,""6"":0.204,""8"":0.291}"
fe17c18b39eb86c6e9f982bd,joint_wild_cluster_rademacher,0.75,1.0,partition,discovery,confirmation,0.017000000000000008,0.033,0.9912157365213088,4.0,4.0,True,True,True,True,True,0.297,0.323,"{""10"":0.311,""12"":0.297,""3"":0.0,""4"":0.088,""5"":0.209,""6"":0.268,""8"":0.329}","{""10"":0.334,""12"":0.323,""3"":0.0,""4"":0.07,""5"":0.176,""6"":0.276,""8"":0.34}"
fe17c18b39eb86c6e9f982bd,joint_wild_cluster_rademacher,1.0,1.0,partition,discovery,confirmation,0.014714285714285716,0.027000000000000024,0.989137616900864,4.0,4.0,True,True,True,True,True,0.286,0.313,"{""10"":0.295,""12"":0.286,""3"":0.0,""4"":0.104,""5"":0.221,""6"":0.297,""8"":0.315}","{""10"":0.321,""12"":0.313,""3"":0.0,""4"":0.105,""5"":0.2,""6"":0.279,""8"":0.325}"
fe17c18b39eb86c6e9f982bd,joint_wild_cluster_rademacher,1.5,1.0,partition,discovery,confirmation,0.019000000000000013,0.04400000000000004,0.9978886820043599,4.0,4.0,True,True,True,True,True,0.334,0.29,"{""10"":0.342,""12"":0.334,""3"":0.0,""4"":0.113,""5"":0.214,""6"":0.298,""8"":0.338}","{""10"":0.316,""12"":0.29,""3"":0.0,""4"":0.104,""5"":0.201,""6"":0.282,""8"":0.313}"
fe17c18b39eb86c6e9f982bd,joint_wild_cluster_rademacher,2.0,1.0,partition,discovery,confirmation,0.011857142857142861,0.02300000000000002,0.994422887585116,4.0,4.0,True,True,True,True,True,0.31,0.29,"{""10"":0.315,""12"":0.31,""3"":0.0,""4"":0.108,""5"":0.239,""6"":0.307,""8"":0.329}","{""10"":0.308,""12"":0.29,""3"":0.0,""4"":0.127,""5"":0.232,""6"":0.284,""8"":0.336}"
